"version","doi","id_var","Typ","Nachname","Vorname","Gender","Geburtsjahr","Partei","Region","Funktion","TikTok","TikTok_Link","Instagram","Facebook","TikTok_Follower","TikTok_Alter","TikTok_Videos","TikTok_Likes","TikTok_Bio","V1_Link","V1_Views","V1_Likes","V1_Kommentare","V1_Shares","V1_Setting","V1_Selfie","V1_Kleidung","V1_Call","V1_Musik","V1_Familie","V1_Partei","V1_Trend","V2_Link","V2_Views","V2_Likes","V2_Kommentare","V2_Shares","V2_Setting","V2_Selfie","V2_Kleidung","V2_Call","V2_Musik","V2_Familie","V2_Partei","V2_Trend","V3_Link","V3_Views","V3_Likes","V3_Kommentare","V3_Shares","V3_Setting","V3_Selfie","V3_Kleidung","V3_Call","V3_Musik","V3_Familie","V3_Partei","V3_Trend","V4_Link","V4_Views","V4_Likes","V4_Kommentare","V4_Shares","V4_Setting","V4_Selfie","V4_Kleidung","V4_Call","V4_Musik","V4_Familie","V4_Partei","V4_Trend","V5_Link","V5_Views","V5_Likes","V5_Kommentare","V5_Shares","V5_Setting","V5_Selfie","V5_Kleidung","V5_Call","V5_Musik","V5_Familie","V5_Partei","V5_Trend","V6_Link","V6_Views","V6_Likes","V6_Kommentare","V6_Shares","V6_Setting","V6_Selfie","V6_Kleidung","V6_Call","V6_Musik","V6_Familie","V6_Partei","V6_Trend","V7_Link","V7_Views","V7_Likes","V7_Kommentare","V7_Shares","V7_Setting","V7_Selfie","V7_Kleidung","V7_Call","V7_Musik","V7_Familie","V7_Partei","V7_Trend","V8_Link","V8_Views","V8_Likes","V8_Kommentare","V8_Shares","V8_Setting","V8_Selfie","V8_Kleidung","V8_Call","V8_Musik","V8_Familie","V8_Partei","V8_Trend","V9_Link","V9_Views","V9_Likes","V9_Kommentare","V9_Shares","V9_Setting","V9_Selfie","V9_Kleidung","V9_Call","V9_Musik","V9_Familie","V9_Partei","V9_Trend","V10_Link","V10_Views","V10_Likes","V10_Kommentare","V10_Shares","V10_Setting","V10_Selfie","V10_Kleidung","V10_Call","V10_Musik","V10_Familie","V10_Partei","V10_Trend"
"1.0 (2026-03-05)","doi:10.11587/BA1ORN","001","Person","Abrahamczik","Nina","weiblich",1982,"SPÖ","Wien","Landtag","nein",NA,"ja","ja",NA,NA,NA,NA,NA,NA,NA,NA,NA,NA,NA,NA,NA,NA,NA,NA,NA,NA,NA,NA,NA,NA,NA,NA,NA,NA,NA,NA,NA,NA,NA,NA,NA,NA,NA,NA,NA,NA,NA,NA,NA,NA,NA,NA,NA,NA,NA,NA,NA,NA,NA,NA,NA,NA,NA,NA,NA,NA,NA,NA,NA,NA,NA,NA,NA,NA,NA,NA,NA,NA,NA,NA,NA,NA,NA,NA,NA,NA,NA,NA,NA,NA,NA,NA,NA,NA,NA,NA,NA,NA,NA,NA,NA,NA,NA,NA,NA,NA,NA,NA,NA,NA,NA,NA,NA,NA,NA,NA,NA,NA,NA,NA,NA,NA,NA,NA,NA,NA,NA,NA,NA,NA,NA,NA,NA,NA,NA,NA,NA,NA,NA,NA,NA,NA,NA
"1.0 (2026-03-05)","doi:10.11587/BA1ORN","002","Person","Abwerzger","Markus","männlich",1975,"FPÖ","Tirol","Landtag","ja","https://www.tiktok.com/@markusabwerzger","ja","ja",8804,1596,123,90100,"FPÖ-Landesparteiobmann & Klubobmann in Tirol","https://www.tiktok.com/@markusabwerzger/video/7302748489606286625",290800,17700,662,4107,"Arbeit","nein","formal","nein","ja","nein","erkennbar","nein","https://www.tiktok.com/@markusabwerzger/video/7426628014219267360",107100,5939,650,909,"Arbeit","nein","leger","nein","nein","nein","erkennbar","nein","https://www.tiktok.com/@markusabwerzger/video/7348044338405887264",116900,5541,5,649,"Arbeit","nein","formal","nein","nein","nein","erkennbar","nein","https://www.tiktok.com/@markusabwerzger/video/7244578841853791514",54800,4072,140,814,"Arbeit","nein","formal","nein","ja","nein","erkennbar","nein","https://www.tiktok.com/@markusabwerzger/video/7427044677225811232",67500,3143,237,206,"Arbeit","nein","formal","nein","nein","nein","erkennbar","nein","https://www.tiktok.com/@markusabwerzger/video/7283942803804081440",45400,2318,171,253,"Arbeit","nein","formal","nein","ja","nein","erkennbar","nein","https://www.tiktok.com/@markusabwerzger/video/7244888496203255066",41600,2033,107,171,"Privat","nein","formal","nein","ja","nein","erkennbar","nein","https://www.tiktok.com/@markusabwerzger/video/7420493310646586656",24800,1925,373,163,"Arbeit","nein","leger","nein","nein","nein","erkennbar","nein","https://www.tiktok.com/@markusabwerzger/video/7301287624130432288",33900,1855,68,129,"Arbeit","nein","formal","nein","ja","nein","erkennbar","nein","https://www.tiktok.com/@markusabwerzger/video/7428976080771452193",21200,1585,152,107,"Arbeit","nein","leger","nein","nein","nein","erkennbar","nein"
"1.0 (2026-03-05)","doi:10.11587/BA1ORN","003","Person","Achhorner","Evelyn","weiblich",1965,"FPÖ","Tirol","Landtag","nein",NA,"nein","ja",NA,NA,NA,NA,NA,NA,NA,NA,NA,NA,NA,NA,NA,NA,NA,NA,NA,NA,NA,NA,NA,NA,NA,NA,NA,NA,NA,NA,NA,NA,NA,NA,NA,NA,NA,NA,NA,NA,NA,NA,NA,NA,NA,NA,NA,NA,NA,NA,NA,NA,NA,NA,NA,NA,NA,NA,NA,NA,NA,NA,NA,NA,NA,NA,NA,NA,NA,NA,NA,NA,NA,NA,NA,NA,NA,NA,NA,NA,NA,NA,NA,NA,NA,NA,NA,NA,NA,NA,NA,NA,NA,NA,NA,NA,NA,NA,NA,NA,NA,NA,NA,NA,NA,NA,NA,NA,NA,NA,NA,NA,NA,NA,NA,NA,NA,NA,NA,NA,NA,NA,NA,NA,NA,NA,NA,NA,NA,NA,NA,NA,NA,NA,NA,NA,NA
"1.0 (2026-03-05)","doi:10.11587/BA1ORN","004","Person","Achleitner","Markus","männlich",1969,"ÖVP","Oberösterreich","Landesregierung","nein",NA,"ja","ja",NA,NA,NA,NA,NA,NA,NA,NA,NA,NA,NA,NA,NA,NA,NA,NA,NA,NA,NA,NA,NA,NA,NA,NA,NA,NA,NA,NA,NA,NA,NA,NA,NA,NA,NA,NA,NA,NA,NA,NA,NA,NA,NA,NA,NA,NA,NA,NA,NA,NA,NA,NA,NA,NA,NA,NA,NA,NA,NA,NA,NA,NA,NA,NA,NA,NA,NA,NA,NA,NA,NA,NA,NA,NA,NA,NA,NA,NA,NA,NA,NA,NA,NA,NA,NA,NA,NA,NA,NA,NA,NA,NA,NA,NA,NA,NA,NA,NA,NA,NA,NA,NA,NA,NA,NA,NA,NA,NA,NA,NA,NA,NA,NA,NA,NA,NA,NA,NA,NA,NA,NA,NA,NA,NA,NA,NA,NA,NA,NA,NA,NA,NA,NA,NA,NA
"1.0 (2026-03-05)","doi:10.11587/BA1ORN","005","Person","Ackerl","Alexander","männlich",1991,"SPÖ","Wien","Landtag","ja","https://www.tiktok.com/@alexander.ackerl","ja","ja",773,732,28,2626,NA,"https://www.tiktok.com/@alexander.ackerl/video/7476363318878391574",6630,406,70,15,"Privat","nein","leger","ja","nein","nein","erkennbar","nein","https://www.tiktok.com/@alexander.ackerl/video/7495448450482507031",5550,246,25,17,"Privat","nein","leger","nein","nein","nein","erkennbar","nein","https://www.tiktok.com/@alexander.ackerl/video/7455686067375607062",5590,216,43,40,"Privat","nein","leger","nein","nein","nein","erkennbar","nein","https://www.tiktok.com/@alexander.ackerl/video/7464186013011758358",2820,185,14,6,"Privat","nein","leger","nein","nein","nein","erkennbar","nein","https://www.tiktok.com/@alexander.ackerl/video/7470098112896388374",4182,168,5,30,"Privat","nein","leger","nein","nein","nein","erkennbar","nein","https://www.tiktok.com/@alexander.ackerl/video/7477476764189609238",2605,144,34,13,"Privat","nein","leger","nein","nein","nein","erkennbar","nein","https://www.tiktok.com/@alexander.ackerl/video/7497140982870330646",1800,133,23,5,"Privat","nein","leger","nein","nein","nein","erkennbar","nein","https://www.tiktok.com/@alexander.ackerl/video/7456773611588799766",4490,108,17,7,"Privat","nein","leger","nein","nein","nein","erkennbar","nein","https://www.tiktok.com/@alexander.ackerl/video/7488615174044241174",2100,105,30,3,"Privat","nein","leger","nein","nein","nein","erkennbar","nein","https://www.tiktok.com/@alexander.ackerl/video/7458690622397025559",5260,93,27,23,"Arbeit","nein","formal","nein","nein","nein","erkennbar","nein"
"1.0 (2026-03-05)","doi:10.11587/BA1ORN","006","Person","Ahrer","Helga","weiblich",1967,"SPÖ","Steiermark","Landtag","nein",NA,"nein","nein",NA,NA,NA,NA,NA,NA,NA,NA,NA,NA,NA,NA,NA,NA,NA,NA,NA,NA,NA,NA,NA,NA,NA,NA,NA,NA,NA,NA,NA,NA,NA,NA,NA,NA,NA,NA,NA,NA,NA,NA,NA,NA,NA,NA,NA,NA,NA,NA,NA,NA,NA,NA,NA,NA,NA,NA,NA,NA,NA,NA,NA,NA,NA,NA,NA,NA,NA,NA,NA,NA,NA,NA,NA,NA,NA,NA,NA,NA,NA,NA,NA,NA,NA,NA,NA,NA,NA,NA,NA,NA,NA,NA,NA,NA,NA,NA,NA,NA,NA,NA,NA,NA,NA,NA,NA,NA,NA,NA,NA,NA,NA,NA,NA,NA,NA,NA,NA,NA,NA,NA,NA,NA,NA,NA,NA,NA,NA,NA,NA,NA,NA,NA,NA,NA,NA
"1.0 (2026-03-05)","doi:10.11587/BA1ORN","007","Person","Aigner","Joachim","männlich",1976,"MFG","Oberösterreich","Landtag","ja","https://www.tiktok.com/@joachimaigner27","ja","ja",7877,1119,296,125100,"Unternehmer https://joachimaigner.at/","https://www.tiktok.com/@joachimaigner27/video/7270560377858002208",1800000,99700,1292,20000,"Arbeit","nein","formal","nein","ja","nein","erkennbar","nein","https://www.tiktok.com/@joachimaigner27/video/7489504629567360278",67600,1466,109,414,"Privat","nein","leger","nein","ja","nein","erkennbar","nein","https://www.tiktok.com/@joachimaigner27/video/7275594861322063136",14100,1213,90,201,"Arbeit","nein","formal","nein","ja","nein","erkennbar","nein","https://www.tiktok.com/@joachimaigner27/video/7519444574276750614",32000,1041,44,204,"Arbeit","nein","formal","nein","ja","nein","erkennbar","nein","https://www.tiktok.com/@joachimaigner27/video/7244191289405721882",9448,887,38,146,"Arbeit","nein","formal","nein",NA,"nein","erkennbar","nein","https://www.tiktok.com/@joachimaigner27/video/7355726430233218337",18400,703,42,100,"Privat","ja","formal","ja","nein","nein","erkennbar","nein","https://www.tiktok.com/@joachimaigner27/video/7388840280188865824",15600,619,48,117,"Arbeit","nein","formal","nein","ja","nein","erkennbar","nein","https://www.tiktok.com/@joachimaigner27/video/7247185281068174618",19500,554,19,22,"Arbeit","nein","formal","nein","ja","nein","nicht erkennbar","nein","https://www.tiktok.com/@joachimaigner27/video/7310691132093107489",7776,497,29,114,"Arbeit","nein","formal","nein","ja","nein","erkennbar","nein","https://www.tiktok.com/@joachimaigner27/video/7273162928801484064",7595,478,7,45,"Arbeit","nein","formal","nein","ja","nein","erkennbar","nein"
"1.0 (2026-03-05)","doi:10.11587/BA1ORN","008","Person","Akcay","Safak","weiblich",1974,"SPÖ","Wien","Landtag","nein",NA,"ja","ja",NA,NA,NA,NA,NA,NA,NA,NA,NA,NA,NA,NA,NA,NA,NA,NA,NA,NA,NA,NA,NA,NA,NA,NA,NA,NA,NA,NA,NA,NA,NA,NA,NA,NA,NA,NA,NA,NA,NA,NA,NA,NA,NA,NA,NA,NA,NA,NA,NA,NA,NA,NA,NA,NA,NA,NA,NA,NA,NA,NA,NA,NA,NA,NA,NA,NA,NA,NA,NA,NA,NA,NA,NA,NA,NA,NA,NA,NA,NA,NA,NA,NA,NA,NA,NA,NA,NA,NA,NA,NA,NA,NA,NA,NA,NA,NA,NA,NA,NA,NA,NA,NA,NA,NA,NA,NA,NA,NA,NA,NA,NA,NA,NA,NA,NA,NA,NA,NA,NA,NA,NA,NA,NA,NA,NA,NA,NA,NA,NA,NA,NA,NA,NA,NA,NA
"1.0 (2026-03-05)","doi:10.11587/BA1ORN","009","Person","Al-Rawi","Omar","männlich",1961,"SPÖ","Wien","Landtag","nein",NA,"ja","ja",NA,NA,NA,NA,NA,NA,NA,NA,NA,NA,NA,NA,NA,NA,NA,NA,NA,NA,NA,NA,NA,NA,NA,NA,NA,NA,NA,NA,NA,NA,NA,NA,NA,NA,NA,NA,NA,NA,NA,NA,NA,NA,NA,NA,NA,NA,NA,NA,NA,NA,NA,NA,NA,NA,NA,NA,NA,NA,NA,NA,NA,NA,NA,NA,NA,NA,NA,NA,NA,NA,NA,NA,NA,NA,NA,NA,NA,NA,NA,NA,NA,NA,NA,NA,NA,NA,NA,NA,NA,NA,NA,NA,NA,NA,NA,NA,NA,NA,NA,NA,NA,NA,NA,NA,NA,NA,NA,NA,NA,NA,NA,NA,NA,NA,NA,NA,NA,NA,NA,NA,NA,NA,NA,NA,NA,NA,NA,NA,NA,NA,NA,NA,NA,NA,NA
"1.0 (2026-03-05)","doi:10.11587/BA1ORN","010","Person","Aldali","Lisa","weiblich",1989,"NEOS","Österreich","Nationalrat","nein",NA,"nein","nein",NA,NA,NA,NA,NA,NA,NA,NA,NA,NA,NA,NA,NA,NA,NA,NA,NA,NA,NA,NA,NA,NA,NA,NA,NA,NA,NA,NA,NA,NA,NA,NA,NA,NA,NA,NA,NA,NA,NA,NA,NA,NA,NA,NA,NA,NA,NA,NA,NA,NA,NA,NA,NA,NA,NA,NA,NA,NA,NA,NA,NA,NA,NA,NA,NA,NA,NA,NA,NA,NA,NA,NA,NA,NA,NA,NA,NA,NA,NA,NA,NA,NA,NA,NA,NA,NA,NA,NA,NA,NA,NA,NA,NA,NA,NA,NA,NA,NA,NA,NA,NA,NA,NA,NA,NA,NA,NA,NA,NA,NA,NA,NA,NA,NA,NA,NA,NA,NA,NA,NA,NA,NA,NA,NA,NA,NA,NA,NA,NA,NA,NA,NA,NA,NA,NA
"1.0 (2026-03-05)","doi:10.11587/BA1ORN","011","Person","Allgäuer","Daniel","männlich",1964,"FPÖ","Vorarlberg","Landesregierung","nein",NA,"ja","ja",NA,NA,NA,NA,NA,NA,NA,NA,NA,NA,NA,NA,NA,NA,NA,NA,NA,NA,NA,NA,NA,NA,NA,NA,NA,NA,NA,NA,NA,NA,NA,NA,NA,NA,NA,NA,NA,NA,NA,NA,NA,NA,NA,NA,NA,NA,NA,NA,NA,NA,NA,NA,NA,NA,NA,NA,NA,NA,NA,NA,NA,NA,NA,NA,NA,NA,NA,NA,NA,NA,NA,NA,NA,NA,NA,NA,NA,NA,NA,NA,NA,NA,NA,NA,NA,NA,NA,NA,NA,NA,NA,NA,NA,NA,NA,NA,NA,NA,NA,NA,NA,NA,NA,NA,NA,NA,NA,NA,NA,NA,NA,NA,NA,NA,NA,NA,NA,NA,NA,NA,NA,NA,NA,NA,NA,NA,NA,NA,NA,NA,NA,NA,NA,NA,NA
"1.0 (2026-03-05)","doi:10.11587/BA1ORN","012","Person","Amesbauer","Hannes","männlich",1981,"FPÖ","Steiermark","Landesregierung","nein",NA,"ja","ja",NA,NA,NA,NA,NA,NA,NA,NA,NA,NA,NA,NA,NA,NA,NA,NA,NA,NA,NA,NA,NA,NA,NA,NA,NA,NA,NA,NA,NA,NA,NA,NA,NA,NA,NA,NA,NA,NA,NA,NA,NA,NA,NA,NA,NA,NA,NA,NA,NA,NA,NA,NA,NA,NA,NA,NA,NA,NA,NA,NA,NA,NA,NA,NA,NA,NA,NA,NA,NA,NA,NA,NA,NA,NA,NA,NA,NA,NA,NA,NA,NA,NA,NA,NA,NA,NA,NA,NA,NA,NA,NA,NA,NA,NA,NA,NA,NA,NA,NA,NA,NA,NA,NA,NA,NA,NA,NA,NA,NA,NA,NA,NA,NA,NA,NA,NA,NA,NA,NA,NA,NA,NA,NA,NA,NA,NA,NA,NA,NA,NA,NA,NA,NA,NA,NA
"1.0 (2026-03-05)","doi:10.11587/BA1ORN","013","Person","Amhof","Nikolaus","männlich",1962,"FPÖ","Österreich","Bundesrat","nein",NA,"nein","nein",NA,NA,NA,NA,NA,NA,NA,NA,NA,NA,NA,NA,NA,NA,NA,NA,NA,NA,NA,NA,NA,NA,NA,NA,NA,NA,NA,NA,NA,NA,NA,NA,NA,NA,NA,NA,NA,NA,NA,NA,NA,NA,NA,NA,NA,NA,NA,NA,NA,NA,NA,NA,NA,NA,NA,NA,NA,NA,NA,NA,NA,NA,NA,NA,NA,NA,NA,NA,NA,NA,NA,NA,NA,NA,NA,NA,NA,NA,NA,NA,NA,NA,NA,NA,NA,NA,NA,NA,NA,NA,NA,NA,NA,NA,NA,NA,NA,NA,NA,NA,NA,NA,NA,NA,NA,NA,NA,NA,NA,NA,NA,NA,NA,NA,NA,NA,NA,NA,NA,NA,NA,NA,NA,NA,NA,NA,NA,NA,NA,NA,NA,NA,NA,NA,NA
"1.0 (2026-03-05)","doi:10.11587/BA1ORN","014","Person","Ammer","Reinhard","männlich",1976,"GRÜNE","Oberösterreich","Landtag","nein",NA,"ja","ja",NA,NA,NA,NA,NA,NA,NA,NA,NA,NA,NA,NA,NA,NA,NA,NA,NA,NA,NA,NA,NA,NA,NA,NA,NA,NA,NA,NA,NA,NA,NA,NA,NA,NA,NA,NA,NA,NA,NA,NA,NA,NA,NA,NA,NA,NA,NA,NA,NA,NA,NA,NA,NA,NA,NA,NA,NA,NA,NA,NA,NA,NA,NA,NA,NA,NA,NA,NA,NA,NA,NA,NA,NA,NA,NA,NA,NA,NA,NA,NA,NA,NA,NA,NA,NA,NA,NA,NA,NA,NA,NA,NA,NA,NA,NA,NA,NA,NA,NA,NA,NA,NA,NA,NA,NA,NA,NA,NA,NA,NA,NA,NA,NA,NA,NA,NA,NA,NA,NA,NA,NA,NA,NA,NA,NA,NA,NA,NA,NA,NA,NA,NA,NA,NA,NA
"1.0 (2026-03-05)","doi:10.11587/BA1ORN","015","Person","Amon","Werner","männlich",1969,"ÖVP","Steiermark","Landtag","nein",NA,"ja","nein",NA,NA,NA,NA,NA,NA,NA,NA,NA,NA,NA,NA,NA,NA,NA,NA,NA,NA,NA,NA,NA,NA,NA,NA,NA,NA,NA,NA,NA,NA,NA,NA,NA,NA,NA,NA,NA,NA,NA,NA,NA,NA,NA,NA,NA,NA,NA,NA,NA,NA,NA,NA,NA,NA,NA,NA,NA,NA,NA,NA,NA,NA,NA,NA,NA,NA,NA,NA,NA,NA,NA,NA,NA,NA,NA,NA,NA,NA,NA,NA,NA,NA,NA,NA,NA,NA,NA,NA,NA,NA,NA,NA,NA,NA,NA,NA,NA,NA,NA,NA,NA,NA,NA,NA,NA,NA,NA,NA,NA,NA,NA,NA,NA,NA,NA,NA,NA,NA,NA,NA,NA,NA,NA,NA,NA,NA,NA,NA,NA,NA,NA,NA,NA,NA,NA
"1.0 (2026-03-05)","doi:10.11587/BA1ORN","016","Person","Anderle","Patricia","weiblich",1970,"SPÖ","Wien","Landtag","nein",NA,"ja","ja",NA,NA,NA,NA,NA,NA,NA,NA,NA,NA,NA,NA,NA,NA,NA,NA,NA,NA,NA,NA,NA,NA,NA,NA,NA,NA,NA,NA,NA,NA,NA,NA,NA,NA,NA,NA,NA,NA,NA,NA,NA,NA,NA,NA,NA,NA,NA,NA,NA,NA,NA,NA,NA,NA,NA,NA,NA,NA,NA,NA,NA,NA,NA,NA,NA,NA,NA,NA,NA,NA,NA,NA,NA,NA,NA,NA,NA,NA,NA,NA,NA,NA,NA,NA,NA,NA,NA,NA,NA,NA,NA,NA,NA,NA,NA,NA,NA,NA,NA,NA,NA,NA,NA,NA,NA,NA,NA,NA,NA,NA,NA,NA,NA,NA,NA,NA,NA,NA,NA,NA,NA,NA,NA,NA,NA,NA,NA,NA,NA,NA,NA,NA,NA,NA,NA
"1.0 (2026-03-05)","doi:10.11587/BA1ORN","017","Person","Angerer","Erwin","männlich",1964,"FPÖ","Kärnten","Landtag","ja","https://www.tiktok.com/@erwin_angerer","ja","ja",3110,1036,85,25100,"Landesparteiobmann der FPÖ Kärnten Bürgermeister der Gemeinde Mühldorf","https://www.tiktok.com/@erwin_angerer/video/7205934404735126789",47600,2869,132,465,"Arbeit","nein","formal","ja","ja","nein","erkennbar","nein","https://www.tiktok.com/@erwin_angerer/video/7327063475425971489",44900,2110,59,66,"Privat","ja","leger","ja","nein","nein","erkennbar","nein","https://www.tiktok.com/@erwin_angerer/video/7206328841126546693",22000,1571,66,211,"Arbeit","nein","formal","nein","ja","nein","erkennbar","nein","https://www.tiktok.com/@erwin_angerer/video/7206689169937091845",28900,1291,54,174,"Arbeit","nein","formal","nein","ja","nein","erkennbar","nein","https://www.tiktok.com/@erwin_angerer/video/7280463943968083232",22900,1255,55,143,"Arbeit","nein","formal","ja","nein","nein","erkennbar","nein","https://www.tiktok.com/@erwin_angerer/video/7204532986048449797",11100,887,51,61,"Arbeit","nein","formal","ja","ja","nein","erkennbar","nein","https://www.tiktok.com/@erwin_angerer/video/7359111912644283680",7435,696,84,28,"Arbeit","nein","formal","nein","nein","nein","erkennbar","nein","https://www.tiktok.com/@erwin_angerer/video/7302476803476557088",22700,676,25,58,"Arbeit","nein","formal","nein","nein","nein","erkennbar","nein","https://www.tiktok.com/@erwin_angerer/video/7336087400365444384",13600,675,25,26,"Privat","nein","leger","nein","nein","nein","erkennbar","nein","https://www.tiktok.com/@erwin_angerer/video/7204946194462805253",8369,643,33,60,"Arbeit","nein","formal","ja","ja","nein","erkennbar","nein"
"1.0 (2026-03-05)","doi:10.11587/BA1ORN","018","Person","Angerlehner","Margit","weiblich",1972,"ÖVP","Oberösterreich","Landtag","nein",NA,"ja","ja",NA,NA,NA,NA,NA,NA,NA,NA,NA,NA,NA,NA,NA,NA,NA,NA,NA,NA,NA,NA,NA,NA,NA,NA,NA,NA,NA,NA,NA,NA,NA,NA,NA,NA,NA,NA,NA,NA,NA,NA,NA,NA,NA,NA,NA,NA,NA,NA,NA,NA,NA,NA,NA,NA,NA,NA,NA,NA,NA,NA,NA,NA,NA,NA,NA,NA,NA,NA,NA,NA,NA,NA,NA,NA,NA,NA,NA,NA,NA,NA,NA,NA,NA,NA,NA,NA,NA,NA,NA,NA,NA,NA,NA,NA,NA,NA,NA,NA,NA,NA,NA,NA,NA,NA,NA,NA,NA,NA,NA,NA,NA,NA,NA,NA,NA,NA,NA,NA,NA,NA,NA,NA,NA,NA,NA,NA,NA,NA,NA,NA,NA,NA,NA,NA,NA
"1.0 (2026-03-05)","doi:10.11587/BA1ORN","019","Person","Antauer","Martin","männlich",1967,"FPÖ","Niederösterreich","Landesregierung","nein",NA,"ja","ja",NA,NA,NA,NA,NA,NA,NA,NA,NA,NA,NA,NA,NA,NA,NA,NA,NA,NA,NA,NA,NA,NA,NA,NA,NA,NA,NA,NA,NA,NA,NA,NA,NA,NA,NA,NA,NA,NA,NA,NA,NA,NA,NA,NA,NA,NA,NA,NA,NA,NA,NA,NA,NA,NA,NA,NA,NA,NA,NA,NA,NA,NA,NA,NA,NA,NA,NA,NA,NA,NA,NA,NA,NA,NA,NA,NA,NA,NA,NA,NA,NA,NA,NA,NA,NA,NA,NA,NA,NA,NA,NA,NA,NA,NA,NA,NA,NA,NA,NA,NA,NA,NA,NA,NA,NA,NA,NA,NA,NA,NA,NA,NA,NA,NA,NA,NA,NA,NA,NA,NA,NA,NA,NA,NA,NA,NA,NA,NA,NA,NA,NA,NA,NA,NA,NA
"1.0 (2026-03-05)","doi:10.11587/BA1ORN","020","Person","Antlinger","Thomas","männlich",1994,"SPÖ","Oberösterreich","Landtag","ja","https://www.tiktok.com/@thantlinger","ja","ja",395,1076,15,3478,"SPÖ Landtagsabgeordneter in Oberösterreich ️ Stadtrat in Grieskirchen","https://www.tiktok.com/@thantlinger/video/7224413563345980698",7878,1290,0,8,NA,NA,NA,"nein","nein","nein","nicht erkennbar","ja","https://www.tiktok.com/@thantlinger/video/7208581284744989958",13200,582,0,160,"Arbeit","ja","formal","ja","ja","nein","nicht erkennbar","nein","https://www.tiktok.com/@thantlinger/video/7219303877890411802",9330,518,12,42,"Privat","nein","formal","nein","ja","nein","erkennbar","nein","https://www.tiktok.com/@thantlinger/video/7232046883533802778",4602,428,1,23,"Arbeit","nein","formal","nein","nein","nein","nicht erkennbar","nein","https://www.tiktok.com/@thantlinger/video/7385669077240450337",3837,152,1,8,"Privat","ja","leger","nein","ja","nein","nicht erkennbar","ja","https://www.tiktok.com/@thantlinger/video/7378465431591374113",4926,132,78,14,NA,NA,NA,"nein","ja","nein","erkennbar","ja","https://www.tiktok.com/@thantlinger/photo/7460566941246410006",8905,120,0,2,NA,NA,NA,NA,"ja","nein","nicht erkennbar","nein","https://www.tiktok.com/@thantlinger/video/7213056260797779205",1209,95,3,1,NA,NA,NA,"nein","ja","nein","nicht erkennbar","ja","https://www.tiktok.com/@thantlinger/video/7195205218403978502",1985,57,1,1,NA,NA,NA,"nein","ja","nein","nicht erkennbar","ja","https://www.tiktok.com/@thantlinger/video/7176330515174182149",951,23,2,8,"Arbeit","nein","formal","nein","ja","nein","nicht erkennbar","ja"
"1.0 (2026-03-05)","doi:10.11587/BA1ORN","021","Person","Appler","Christoph","männlich",1985,"ÖVP","Tirol","Landtag","nein",NA,"ja","ja",NA,NA,NA,NA,NA,NA,NA,NA,NA,NA,NA,NA,NA,NA,NA,NA,NA,NA,NA,NA,NA,NA,NA,NA,NA,NA,NA,NA,NA,NA,NA,NA,NA,NA,NA,NA,NA,NA,NA,NA,NA,NA,NA,NA,NA,NA,NA,NA,NA,NA,NA,NA,NA,NA,NA,NA,NA,NA,NA,NA,NA,NA,NA,NA,NA,NA,NA,NA,NA,NA,NA,NA,NA,NA,NA,NA,NA,NA,NA,NA,NA,NA,NA,NA,NA,NA,NA,NA,NA,NA,NA,NA,NA,NA,NA,NA,NA,NA,NA,NA,NA,NA,NA,NA,NA,NA,NA,NA,NA,NA,NA,NA,NA,NA,NA,NA,NA,NA,NA,NA,NA,NA,NA,NA,NA,NA,NA,NA,NA,NA,NA,NA,NA,NA,NA
"1.0 (2026-03-05)","doi:10.11587/BA1ORN","022","Person","Arapović","Selma","weiblich",1976,"NEOS","Wien","Landtag","ja","https://www.tiktok.com/@selma.arapovic","ja","ja",233,246,24,712,"Ganz ehrlich für Wien 🩷 Am . April NEOS wählen ️","https://www.tiktok.com/@selma.arapovic/video/7491292501131775254",3038,88,9,6,"Privat","nein","formal","nein","ja","nein","nicht erkennbar","nein","https://www.tiktok.com/@selma.arapovic/video/7482685614316473622",2039,50,1,8,"Arbeit","nein","leger","nein","ja","nein","erkennbar","ja","https://www.tiktok.com/@selma.arapovic/video/7510238810320538912",2811,48,56,0,"Arbeit","nein","formal","nein","ja","nein","erkennbar","nein","https://www.tiktok.com/@selma.arapovic/video/7496823851481943318",1803,45,6,0,"Arbeit","nein","formal","nein","nein","nein","erkennbar","nein","https://www.tiktok.com/@selma.arapovic/video/7491998696905772310",1095,42,6,2,"Arbeit","nein","formal","nein","nein","nein","erkennbar","nein","https://www.tiktok.com/@selma.arapovic/video/7493790305930480918",1346,37,0,0,"Arbeit","nein","formal","nein","nein","nein","erkennbar","nein","https://www.tiktok.com/@selma.arapovic/video/7497173492002032929",1444,35,15,0,"Arbeit","nein","leger","ja","ja","nein","erkennbar","nein","https://www.tiktok.com/@selma.arapovic/video/7495731564693687574",1178,32,2,2,"Privat","nein","formal","nein","ja","nein","erkennbar","nein","https://www.tiktok.com/@selma.arapovic/video/7550362706922999073",1001,25,1,1,"Privat","nein","formal","nein","ja","nein","nicht erkennbar","nein","https://www.tiktok.com/@selma.arapovic/video/7547739898166381856",1098,25,3,2,"Privat","nein","formal","nein","nein","nein","erkennbar","nein"
"1.0 (2026-03-05)","doi:10.11587/BA1ORN","023","Person","Arpa","Claudia","weiblich",1967,"SPÖ","Österreich","Bundesrat","ja","https://www.tiktok.com/@claudia.arpa","ja","ja",78,529,2,25,"Bundesrätin und Kärntner Spitzenkandidatin für die Europawahl am . Juni","https://www.tiktok.com/@claudia.arpa/video/7377993691237010721",728,14,1,0,"Privat","nein","formal","nein","nein","nein","erkennbar","ja","https://www.tiktok.com/@claudia.arpa/video/7377881178940001569",787,11,1,0,"Privat","nein","formal","ja","nein","nein","erkennbar","nein",NA,NA,NA,NA,NA,NA,NA,NA,NA,NA,NA,NA,NA,NA,NA,NA,NA,NA,NA,NA,NA,NA,NA,NA,NA,NA,NA,NA,NA,NA,NA,NA,NA,NA,NA,NA,NA,NA,NA,NA,NA,NA,NA,NA,NA,NA,NA,NA,NA,NA,NA,NA,NA,NA,NA,NA,NA,NA,NA,NA,NA,NA,NA,NA,NA,NA,NA,NA,NA,NA,NA,NA,NA,NA,NA,NA,NA,NA,NA,NA,NA,NA,NA,NA,NA,NA,NA,NA,NA,NA,NA,NA,NA,NA,NA,NA,NA,NA,NA,NA,NA,NA,NA,NA
"1.0 (2026-03-05)","doi:10.11587/BA1ORN","024","Person","Arsenovic","Johann","männlich",1968,"GRÜNE","Wien","Landtag","nein",NA,"ja","ja",NA,NA,NA,NA,NA,NA,NA,NA,NA,NA,NA,NA,NA,NA,NA,NA,NA,NA,NA,NA,NA,NA,NA,NA,NA,NA,NA,NA,NA,NA,NA,NA,NA,NA,NA,NA,NA,NA,NA,NA,NA,NA,NA,NA,NA,NA,NA,NA,NA,NA,NA,NA,NA,NA,NA,NA,NA,NA,NA,NA,NA,NA,NA,NA,NA,NA,NA,NA,NA,NA,NA,NA,NA,NA,NA,NA,NA,NA,NA,NA,NA,NA,NA,NA,NA,NA,NA,NA,NA,NA,NA,NA,NA,NA,NA,NA,NA,NA,NA,NA,NA,NA,NA,NA,NA,NA,NA,NA,NA,NA,NA,NA,NA,NA,NA,NA,NA,NA,NA,NA,NA,NA,NA,NA,NA,NA,NA,NA,NA,NA,NA,NA,NA,NA,NA
"1.0 (2026-03-05)","doi:10.11587/BA1ORN","025","Person","Arslan","Zeliha","weiblich",1975,"GRÜNE","Tirol","Landtag","nein",NA,"ja","ja",NA,NA,NA,NA,NA,NA,NA,NA,NA,NA,NA,NA,NA,NA,NA,NA,NA,NA,NA,NA,NA,NA,NA,NA,NA,NA,NA,NA,NA,NA,NA,NA,NA,NA,NA,NA,NA,NA,NA,NA,NA,NA,NA,NA,NA,NA,NA,NA,NA,NA,NA,NA,NA,NA,NA,NA,NA,NA,NA,NA,NA,NA,NA,NA,NA,NA,NA,NA,NA,NA,NA,NA,NA,NA,NA,NA,NA,NA,NA,NA,NA,NA,NA,NA,NA,NA,NA,NA,NA,NA,NA,NA,NA,NA,NA,NA,NA,NA,NA,NA,NA,NA,NA,NA,NA,NA,NA,NA,NA,NA,NA,NA,NA,NA,NA,NA,NA,NA,NA,NA,NA,NA,NA,NA,NA,NA,NA,NA,NA,NA,NA,NA,NA,NA,NA
"1.0 (2026-03-05)","doi:10.11587/BA1ORN","026","Person","Aschenbrenner","Bruno","männlich",1970,"ÖVP","Steiermark","Landtag","nein",NA,"ja","ja",NA,NA,NA,NA,NA,NA,NA,NA,NA,NA,NA,NA,NA,NA,NA,NA,NA,NA,NA,NA,NA,NA,NA,NA,NA,NA,NA,NA,NA,NA,NA,NA,NA,NA,NA,NA,NA,NA,NA,NA,NA,NA,NA,NA,NA,NA,NA,NA,NA,NA,NA,NA,NA,NA,NA,NA,NA,NA,NA,NA,NA,NA,NA,NA,NA,NA,NA,NA,NA,NA,NA,NA,NA,NA,NA,NA,NA,NA,NA,NA,NA,NA,NA,NA,NA,NA,NA,NA,NA,NA,NA,NA,NA,NA,NA,NA,NA,NA,NA,NA,NA,NA,NA,NA,NA,NA,NA,NA,NA,NA,NA,NA,NA,NA,NA,NA,NA,NA,NA,NA,NA,NA,NA,NA,NA,NA,NA,NA,NA,NA,NA,NA,NA,NA,NA
"1.0 (2026-03-05)","doi:10.11587/BA1ORN","027","Person","Aslan","Berivan","weiblich",1981,"GRÜNE","Wien","Landtag","nein",NA,"ja","ja",NA,NA,NA,NA,NA,NA,NA,NA,NA,NA,NA,NA,NA,NA,NA,NA,NA,NA,NA,NA,NA,NA,NA,NA,NA,NA,NA,NA,NA,NA,NA,NA,NA,NA,NA,NA,NA,NA,NA,NA,NA,NA,NA,NA,NA,NA,NA,NA,NA,NA,NA,NA,NA,NA,NA,NA,NA,NA,NA,NA,NA,NA,NA,NA,NA,NA,NA,NA,NA,NA,NA,NA,NA,NA,NA,NA,NA,NA,NA,NA,NA,NA,NA,NA,NA,NA,NA,NA,NA,NA,NA,NA,NA,NA,NA,NA,NA,NA,NA,NA,NA,NA,NA,NA,NA,NA,NA,NA,NA,NA,NA,NA,NA,NA,NA,NA,NA,NA,NA,NA,NA,NA,NA,NA,NA,NA,NA,NA,NA,NA,NA,NA,NA,NA,NA
"1.0 (2026-03-05)","doi:10.11587/BA1ORN","028","Person","Aspalter","Regina","weiblich",1974,"ÖVP","Oberösterreich","Landtag","nein",NA,"ja","ja",NA,NA,NA,NA,NA,NA,NA,NA,NA,NA,NA,NA,NA,NA,NA,NA,NA,NA,NA,NA,NA,NA,NA,NA,NA,NA,NA,NA,NA,NA,NA,NA,NA,NA,NA,NA,NA,NA,NA,NA,NA,NA,NA,NA,NA,NA,NA,NA,NA,NA,NA,NA,NA,NA,NA,NA,NA,NA,NA,NA,NA,NA,NA,NA,NA,NA,NA,NA,NA,NA,NA,NA,NA,NA,NA,NA,NA,NA,NA,NA,NA,NA,NA,NA,NA,NA,NA,NA,NA,NA,NA,NA,NA,NA,NA,NA,NA,NA,NA,NA,NA,NA,NA,NA,NA,NA,NA,NA,NA,NA,NA,NA,NA,NA,NA,NA,NA,NA,NA,NA,NA,NA,NA,NA,NA,NA,NA,NA,NA,NA,NA,NA,NA,NA,NA
"1.0 (2026-03-05)","doi:10.11587/BA1ORN","029","Person","Auer","Otto","männlich",1966,"ÖVP","Niederösterreich","Landtag","nein",NA,"nein","ja",NA,NA,NA,NA,NA,NA,NA,NA,NA,NA,NA,NA,NA,NA,NA,NA,NA,NA,NA,NA,NA,NA,NA,NA,NA,NA,NA,NA,NA,NA,NA,NA,NA,NA,NA,NA,NA,NA,NA,NA,NA,NA,NA,NA,NA,NA,NA,NA,NA,NA,NA,NA,NA,NA,NA,NA,NA,NA,NA,NA,NA,NA,NA,NA,NA,NA,NA,NA,NA,NA,NA,NA,NA,NA,NA,NA,NA,NA,NA,NA,NA,NA,NA,NA,NA,NA,NA,NA,NA,NA,NA,NA,NA,NA,NA,NA,NA,NA,NA,NA,NA,NA,NA,NA,NA,NA,NA,NA,NA,NA,NA,NA,NA,NA,NA,NA,NA,NA,NA,NA,NA,NA,NA,NA,NA,NA,NA,NA,NA,NA,NA,NA,NA,NA,NA
"1.0 (2026-03-05)","doi:10.11587/BA1ORN","030","Person","Auer","Wolfgang","männlich",1968,"ÖVP","Salzburg","Landtag","nein",NA,"nein","nein",NA,NA,NA,NA,NA,NA,NA,NA,NA,NA,NA,NA,NA,NA,NA,NA,NA,NA,NA,NA,NA,NA,NA,NA,NA,NA,NA,NA,NA,NA,NA,NA,NA,NA,NA,NA,NA,NA,NA,NA,NA,NA,NA,NA,NA,NA,NA,NA,NA,NA,NA,NA,NA,NA,NA,NA,NA,NA,NA,NA,NA,NA,NA,NA,NA,NA,NA,NA,NA,NA,NA,NA,NA,NA,NA,NA,NA,NA,NA,NA,NA,NA,NA,NA,NA,NA,NA,NA,NA,NA,NA,NA,NA,NA,NA,NA,NA,NA,NA,NA,NA,NA,NA,NA,NA,NA,NA,NA,NA,NA,NA,NA,NA,NA,NA,NA,NA,NA,NA,NA,NA,NA,NA,NA,NA,NA,NA,NA,NA,NA,NA,NA,NA,NA,NA
"1.0 (2026-03-05)","doi:10.11587/BA1ORN","031","Person","Auer","Manuela","weiblich",1965,"SPÖ","Vorarlberg","Landtag","nein",NA,"ja","ja",NA,NA,NA,NA,NA,NA,NA,NA,NA,NA,NA,NA,NA,NA,NA,NA,NA,NA,NA,NA,NA,NA,NA,NA,NA,NA,NA,NA,NA,NA,NA,NA,NA,NA,NA,NA,NA,NA,NA,NA,NA,NA,NA,NA,NA,NA,NA,NA,NA,NA,NA,NA,NA,NA,NA,NA,NA,NA,NA,NA,NA,NA,NA,NA,NA,NA,NA,NA,NA,NA,NA,NA,NA,NA,NA,NA,NA,NA,NA,NA,NA,NA,NA,NA,NA,NA,NA,NA,NA,NA,NA,NA,NA,NA,NA,NA,NA,NA,NA,NA,NA,NA,NA,NA,NA,NA,NA,NA,NA,NA,NA,NA,NA,NA,NA,NA,NA,NA,NA,NA,NA,NA,NA,NA,NA,NA,NA,NA,NA,NA,NA,NA,NA,NA,NA
"1.0 (2026-03-05)","doi:10.11587/BA1ORN","032","Person","Auer","Katrin","weiblich",1974,"SPÖ","Österreich","Nationalrat","ja","https://www.tiktok.com/@katrinauer_steyr","ja","ja",886,892,222,6237,"Abgeordnete zum Nationalrat Stadträtin der Stadt Steyr","https://www.tiktok.com/@katrinauer_steyr/video/7499520055483436310",38900,1485,45,118,"Privat","nein",NA,"nein","ja","nein","nicht erkennbar","nein","https://www.tiktok.com/@katrinauer_steyr/video/7500483715672329494",5786,278,7,28,"Privat","nein",NA,"nein","ja","nein","nicht erkennbar","nein","https://www.tiktok.com/@katrinauer_steyr/video/7517610017063701782",6818,247,10,14,"Privat","nein",NA,"nein","ja","nein","nicht erkennbar","nein","https://www.tiktok.com/@katrinauer_steyr/video/7524057924889611542",6999,107,6,22,"Privat","nein","formal","nein","ja","nein","erkennbar","nein","https://www.tiktok.com/@katrinauer_steyr/video/7506852530786241794",4099,86,5,5,"Arbeit","nein","formal","nein","nein","nein","nicht erkennbar","nein","https://www.tiktok.com/@katrinauer_steyr/video/7409047505142385953",2516,86,66,4,"Privat","nein",NA,"nein","nein","nein","erkennbar","nein","https://www.tiktok.com/@katrinauer_steyr/video/7558025842287283478",7547,81,70,12,"Privat","nein","formal","nein","ja","nein","nicht erkennbar","nein","https://www.tiktok.com/@katrinauer_steyr/video/7476075653285137686?is_from_webapp=1&sender_device=pc&web_id=7594539056813213186",2971,72,18,4,"Arbeit","nein","formal","nein","nein","nein","erkennbar","nein","https://www.tiktok.com/@katrinauer_steyr/video/7517198160893152534?is_from_webapp=1&sender_device=pc&web_id=7594539056813213186",5328,64,14,2,"Arbeit","nein","formal","nein","nein","nein","erkennbar","nein","https://www.tiktok.com/@katrinauer_steyr/video/7503250802610343190",1103,62,6,0,"Privat","nein","formal","nein","ja","nein","nicht erkennbar","nein"
"1.0 (2026-03-05)","doi:10.11587/BA1ORN","033","Person","Auer-Stüger","Stephan","männlich",1979,"SPÖ","Österreich","Bundesrat","ja","https://www.tiktok.com/@stephanauerstueger","ja","ja",422,1007,39,6242,"Bundesrat aus Wien LGBTIQ ️ Love my husband and our kids Klimaschützer Digitales und Analoges","https://www.tiktok.com/@stephanauerstueger/video/7214786458429754630",32800,4566,178,381,"Arbeit","nein","formal","nein","ja","nein","erkennbar","nein","https://www.tiktok.com/@stephanauerstueger/video/7214061659537706245",1105,190,0,0,"Privat","nein","leger","nein","ja","nein","nicht erkennbar","nein","https://www.tiktok.com/@stephanauerstueger/video/7564790341749050646",2069,163,1,0,"Arbeit","nein","formal","nein","nein","nein","nicht erkennbar","nein","https://www.tiktok.com/@stephanauerstueger/video/7435552755344837920",2527,139,2,2,"Arbeit","nein","formal","nein","nein","nein","nicht erkennbar","nein","https://www.tiktok.com/@stephanauerstueger/video/7416682804467060000",4312,130,3,23,"Arbeit","nein","formal","nein","nein","nein","nicht erkennbar","nein","https://www.tiktok.com/@stephanauerstueger/video/7528078301110275350",1512,83,6,14,"Arbeit","nein","formal","nein","nein","nein","erkennbar","nein","https://www.tiktok.com/@stephanauerstueger/video/7421877810915986721",8240,80,5,5,"Arbeit","nein","formal","nein","nein","nein","nicht erkennbar","nein","https://www.tiktok.com/@stephanauerstueger/video/7427405765582867744",2785,66,2,1,"Arbeit","nein","formal","nein","nein","nein","nicht erkennbar","nein","https://www.tiktok.com/@stephanauerstueger/video/7448592136485866774",2555,53,2,7,"Privat","nein","leger","ja","ja","nein","nicht erkennbar","nein","https://www.tiktok.com/@stephanauerstueger/video/7430760962388430113",2042,49,2,4,"Privat","nein","leger","ja","ja","nein","nicht erkennbar","nein"
"1.0 (2026-03-05)","doi:10.11587/BA1ORN","034","Person","Auinger-Oberzaucher","Gertraud","weiblich",1971,"NEOS","Österreich","Nationalrat","ja","https://www.tiktok.com/@gertiauingeroberzaucher","ja","ja",64,141,19,390,"Abgeordnete zum Österr. Nationalrat / Sprecherin Kultur, Familien und Kommunen","https://www.tiktok.com/@gertiauingeroberzaucher/video/7528384383925931286",1765,78,1,1,"Arbeit","nein","formal","nein","ja","nein","nicht erkennbar","ja","https://www.tiktok.com/@gertiauingeroberzaucher/video/7538117698585136406",1199,77,1,0,"Arbeit","nein","formal","nein","ja","nein","nicht erkennbar","ja","https://www.tiktok.com/@gertiauingeroberzaucher/video/7541346079233543446",970,52,0,1,"Privat","nein","formal","ja","nein","nein","nicht erkennbar","nein","https://www.tiktok.com/@gertiauingeroberzaucher/photo/7527967622730665238",558,37,1,0,NA,NA,NA,"nein","ja","nein","nicht erkennbar","ja","https://www.tiktok.com/@gertiauingeroberzaucher/video/7530978527093558550",721,25,1,0,"Privat","nein","leger","nein","ja","nein","nicht erkennbar","nein","https://www.tiktok.com/@gertiauingeroberzaucher/video/7537596234136030486",2039,18,0,0,"Privat","nein","leger","nein","nein","nein","nicht erkennbar","nein","https://www.tiktok.com/@gertiauingeroberzaucher/video/7527335306585017622",604,17,2,0,"Arbeit","nein","formal","nein","ja","nein","nicht erkennbar","nein","https://www.tiktok.com/@gertiauingeroberzaucher/video/7521648017452109078",332,14,0,0,"Arbeit","nein","formal","ja","ja","nein","nicht erkennbar","nein","https://www.tiktok.com/@gertiauingeroberzaucher/video/7539838416360459542",859,10,0,0,"Privat","nein","leger","nein","nein","nein","nicht erkennbar","nein","https://www.tiktok.com/@gertiauingeroberzaucher/video/7530169191773719830",303,10,0,0,"Privat","nein","leger","ja","nein","nein","nicht erkennbar","nein"
"1.0 (2026-03-05)","doi:10.11587/BA1ORN","035","Person","Babler","Andreas","männlich",1973,"SPÖ","Österreich","Bundesregierung","ja","https://www.tiktok.com/@andibabler","ja","ja",11000,1129,378,417300,"Vizekanzler Vorsitzender @spoe_at Österreich wieder auf Kurs bringen!","https://www.tiktok.com/@andibabler/video/7410456663162998049",719300,54700,502,7372,"Arbeit","nein","formal","nein","nein","nein","erkennbar","nein","https://www.tiktok.com/@andibabler/photo/7505818561986694422",654000,43700,178,503,"Arbeit","nein","formal","nein","ja","nein","nicht erkennbar","nein","https://www.tiktok.com/@andibabler/video/7437091868422294817",299500,35900,227,11100,"Privat","ja","formal","nein","nein","nein","erkennbar","ja","https://www.tiktok.com/@andibabler/video/7416851941516430624",212000,20900,276,2217,"Arbeit","nein","formal","ja","nein","nein","nicht erkennbar","nein","https://www.tiktok.com/@andibabler/video/7393762555136724257",239100,16800,141,2198,"Privat","nein","formal","nein","ja","ja","nicht erkennbar","ja","https://www.tiktok.com/@andibabler/photo/7506168178695736598",147300,9121,47,168,"Arbeit","ja","formal","nein","ja","nein","nicht erkennbar","nein","https://www.tiktok.com/@andibabler/video/7410810019127594273",165200,7932,79,1017,"Arbeit","nein","formal","nein","nein","nein","erkennbar","nein","https://www.tiktok.com/@andibabler/video/7564094053621501206",130700,7740,275,1840,"Arbeit","nein","formal","nein","nein","nein","nicht erkennbar","nein","https://www.tiktok.com/@andibabler/video/7506087918943948054",156500,6005,44,105,"Arbeit","nein","formal","nein","ja","nein","nicht erkennbar","nein","https://www.tiktok.com/@andibabler/video/7405945923567734049",210700,5326,71,234,"Arbeit","nein","formal","ja","nein","nein","nicht erkennbar","nein"
"1.0 (2026-03-05)","doi:10.11587/BA1ORN","036","Person","Bachmann","Gerhard","männlich",1973,"SPÖ","Burgenland","Landtag","nein",NA,"ja","ja",NA,NA,NA,NA,NA,NA,NA,NA,NA,NA,NA,NA,NA,NA,NA,NA,NA,NA,NA,NA,NA,NA,NA,NA,NA,NA,NA,NA,NA,NA,NA,NA,NA,NA,NA,NA,NA,NA,NA,NA,NA,NA,NA,NA,NA,NA,NA,NA,NA,NA,NA,NA,NA,NA,NA,NA,NA,NA,NA,NA,NA,NA,NA,NA,NA,NA,NA,NA,NA,NA,NA,NA,NA,NA,NA,NA,NA,NA,NA,NA,NA,NA,NA,NA,NA,NA,NA,NA,NA,NA,NA,NA,NA,NA,NA,NA,NA,NA,NA,NA,NA,NA,NA,NA,NA,NA,NA,NA,NA,NA,NA,NA,NA,NA,NA,NA,NA,NA,NA,NA,NA,NA,NA,NA,NA,NA,NA,NA,NA,NA,NA,NA,NA,NA,NA
"1.0 (2026-03-05)","doi:10.11587/BA1ORN","037","Person","Bakos","Dolores","weiblich",1993,"NEOS","Wien","Landtag","nein",NA,"ja","ja",NA,NA,NA,NA,NA,NA,NA,NA,NA,NA,NA,NA,NA,NA,NA,NA,NA,NA,NA,NA,NA,NA,NA,NA,NA,NA,NA,NA,NA,NA,NA,NA,NA,NA,NA,NA,NA,NA,NA,NA,NA,NA,NA,NA,NA,NA,NA,NA,NA,NA,NA,NA,NA,NA,NA,NA,NA,NA,NA,NA,NA,NA,NA,NA,NA,NA,NA,NA,NA,NA,NA,NA,NA,NA,NA,NA,NA,NA,NA,NA,NA,NA,NA,NA,NA,NA,NA,NA,NA,NA,NA,NA,NA,NA,NA,NA,NA,NA,NA,NA,NA,NA,NA,NA,NA,NA,NA,NA,NA,NA,NA,NA,NA,NA,NA,NA,NA,NA,NA,NA,NA,NA,NA,NA,NA,NA,NA,NA,NA,NA,NA,NA,NA,NA,NA
"1.0 (2026-03-05)","doi:10.11587/BA1ORN","038","Person","Bambouk","Jaafar","männlich",1998,"GRÜNE","Wien","Landtag","nein",NA,"ja","ja",NA,NA,NA,NA,NA,NA,NA,NA,NA,NA,NA,NA,NA,NA,NA,NA,NA,NA,NA,NA,NA,NA,NA,NA,NA,NA,NA,NA,NA,NA,NA,NA,NA,NA,NA,NA,NA,NA,NA,NA,NA,NA,NA,NA,NA,NA,NA,NA,NA,NA,NA,NA,NA,NA,NA,NA,NA,NA,NA,NA,NA,NA,NA,NA,NA,NA,NA,NA,NA,NA,NA,NA,NA,NA,NA,NA,NA,NA,NA,NA,NA,NA,NA,NA,NA,NA,NA,NA,NA,NA,NA,NA,NA,NA,NA,NA,NA,NA,NA,NA,NA,NA,NA,NA,NA,NA,NA,NA,NA,NA,NA,NA,NA,NA,NA,NA,NA,NA,NA,NA,NA,NA,NA,NA,NA,NA,NA,NA,NA,NA,NA,NA,NA,NA,NA
"1.0 (2026-03-05)","doi:10.11587/BA1ORN","039","Person","Bammer","Julia","weiblich",1988,"NEOS","Oberösterreich","Landtag","nein",NA,"ja","nein",NA,NA,NA,NA,NA,NA,NA,NA,NA,NA,NA,NA,NA,NA,NA,NA,NA,NA,NA,NA,NA,NA,NA,NA,NA,NA,NA,NA,NA,NA,NA,NA,NA,NA,NA,NA,NA,NA,NA,NA,NA,NA,NA,NA,NA,NA,NA,NA,NA,NA,NA,NA,NA,NA,NA,NA,NA,NA,NA,NA,NA,NA,NA,NA,NA,NA,NA,NA,NA,NA,NA,NA,NA,NA,NA,NA,NA,NA,NA,NA,NA,NA,NA,NA,NA,NA,NA,NA,NA,NA,NA,NA,NA,NA,NA,NA,NA,NA,NA,NA,NA,NA,NA,NA,NA,NA,NA,NA,NA,NA,NA,NA,NA,NA,NA,NA,NA,NA,NA,NA,NA,NA,NA,NA,NA,NA,NA,NA,NA,NA,NA,NA,NA,NA,NA
"1.0 (2026-03-05)","doi:10.11587/BA1ORN","040","Person","Baschinger","Günther","männlich",1967,"ÖVP","Oberösterreich","Landtag","nein",NA,"ja","ja",NA,NA,NA,NA,NA,NA,NA,NA,NA,NA,NA,NA,NA,NA,NA,NA,NA,NA,NA,NA,NA,NA,NA,NA,NA,NA,NA,NA,NA,NA,NA,NA,NA,NA,NA,NA,NA,NA,NA,NA,NA,NA,NA,NA,NA,NA,NA,NA,NA,NA,NA,NA,NA,NA,NA,NA,NA,NA,NA,NA,NA,NA,NA,NA,NA,NA,NA,NA,NA,NA,NA,NA,NA,NA,NA,NA,NA,NA,NA,NA,NA,NA,NA,NA,NA,NA,NA,NA,NA,NA,NA,NA,NA,NA,NA,NA,NA,NA,NA,NA,NA,NA,NA,NA,NA,NA,NA,NA,NA,NA,NA,NA,NA,NA,NA,NA,NA,NA,NA,NA,NA,NA,NA,NA,NA,NA,NA,NA,NA,NA,NA,NA,NA,NA,NA
"1.0 (2026-03-05)","doi:10.11587/BA1ORN","041","Person","Bauer","Anne-Sophie","weiblich",1995,"GRÜNE","Oberösterreich","Landtag","ja","https://www.tiktok.com/@anne.sophie.bauer","ja","ja",336,287,8,545,"Jüngste Abgeordnete OÖ Landtag @Die Grünen Oberösterreich","https://www.tiktok.com/@anne.sophie.bauer/video/7495851484777614614",4943,222,28,6,"Privat","ja","leger","nein","ja","nein","erkennbar","nein","https://www.tiktok.com/@anne.sophie.bauer/video/7467997278511369494",2928,158,13,3,NA,"nein","leger","nein","nein","nein","nicht erkennbar","nein","https://www.tiktok.com/@anne.sophie.bauer/video/7493545307842612502",1738,73,11,3,"Arbeit","nein","leger","nein","nein","nein","nicht erkennbar","nein","https://www.tiktok.com/@anne.sophie.bauer/video/7525010545829760278",2503,48,4,2,"Arbeit","ja","leger","nein","ja","nein","erkennbar","ja","https://www.tiktok.com/@anne.sophie.bauer/video/7494172547995438358",471,17,0,1,"Arbeit","ja","leger","nein","ja","nein","nicht erkennbar","nein","https://www.tiktok.com/@anne.sophie.bauer/video/7545554678302477590",332,15,1,0,"Arbeit","nein","formal","nein","nein","nein","nicht erkennbar","nein","https://www.tiktok.com/@anne.sophie.bauer/video/7512155242268462358",85,8,0,0,"Privat","ja","leger","nein","ja","nein","nicht erkennbar","nein","https://www.tiktok.com/@anne.sophie.bauer/video/7488731880834092310",97,4,0,0,"Privat","nein",NA,"ja","ja","nein","erkennbar","nein",NA,NA,NA,NA,NA,NA,NA,NA,NA,NA,NA,NA,NA,NA,NA,NA,NA,NA,NA,NA,NA,NA,NA,NA,NA,NA
"1.0 (2026-03-05)","doi:10.11587/BA1ORN","042","Person","Baumann","Erwin","männlich",1963,"FPÖ","Kärnten","Landtag","nein",NA,"ja","ja",NA,NA,NA,NA,NA,NA,NA,NA,NA,NA,NA,NA,NA,NA,NA,NA,NA,NA,NA,NA,NA,NA,NA,NA,NA,NA,NA,NA,NA,NA,NA,NA,NA,NA,NA,NA,NA,NA,NA,NA,NA,NA,NA,NA,NA,NA,NA,NA,NA,NA,NA,NA,NA,NA,NA,NA,NA,NA,NA,NA,NA,NA,NA,NA,NA,NA,NA,NA,NA,NA,NA,NA,NA,NA,NA,NA,NA,NA,NA,NA,NA,NA,NA,NA,NA,NA,NA,NA,NA,NA,NA,NA,NA,NA,NA,NA,NA,NA,NA,NA,NA,NA,NA,NA,NA,NA,NA,NA,NA,NA,NA,NA,NA,NA,NA,NA,NA,NA,NA,NA,NA,NA,NA,NA,NA,NA,NA,NA,NA,NA,NA,NA,NA,NA,NA
"1.0 (2026-03-05)","doi:10.11587/BA1ORN","043","Person","Baumann","Roland","männlich",1992,"SPÖ","Österreich","Nationalrat","nein",NA,"ja","ja",NA,NA,NA,NA,NA,NA,NA,NA,NA,NA,NA,NA,NA,NA,NA,NA,NA,NA,NA,NA,NA,NA,NA,NA,NA,NA,NA,NA,NA,NA,NA,NA,NA,NA,NA,NA,NA,NA,NA,NA,NA,NA,NA,NA,NA,NA,NA,NA,NA,NA,NA,NA,NA,NA,NA,NA,NA,NA,NA,NA,NA,NA,NA,NA,NA,NA,NA,NA,NA,NA,NA,NA,NA,NA,NA,NA,NA,NA,NA,NA,NA,NA,NA,NA,NA,NA,NA,NA,NA,NA,NA,NA,NA,NA,NA,NA,NA,NA,NA,NA,NA,NA,NA,NA,NA,NA,NA,NA,NA,NA,NA,NA,NA,NA,NA,NA,NA,NA,NA,NA,NA,NA,NA,NA,NA,NA,NA,NA,NA,NA,NA,NA,NA,NA,NA
"1.0 (2026-03-05)","doi:10.11587/BA1ORN","044","Person","Baumgartner","Angela","weiblich",1969,"ÖVP","Österreich","Nationalrat","nein",NA,"ja","ja",NA,NA,NA,NA,NA,NA,NA,NA,NA,NA,NA,NA,NA,NA,NA,NA,NA,NA,NA,NA,NA,NA,NA,NA,NA,NA,NA,NA,NA,NA,NA,NA,NA,NA,NA,NA,NA,NA,NA,NA,NA,NA,NA,NA,NA,NA,NA,NA,NA,NA,NA,NA,NA,NA,NA,NA,NA,NA,NA,NA,NA,NA,NA,NA,NA,NA,NA,NA,NA,NA,NA,NA,NA,NA,NA,NA,NA,NA,NA,NA,NA,NA,NA,NA,NA,NA,NA,NA,NA,NA,NA,NA,NA,NA,NA,NA,NA,NA,NA,NA,NA,NA,NA,NA,NA,NA,NA,NA,NA,NA,NA,NA,NA,NA,NA,NA,NA,NA,NA,NA,NA,NA,NA,NA,NA,NA,NA,NA,NA,NA,NA,NA,NA,NA,NA
"1.0 (2026-03-05)","doi:10.11587/BA1ORN","045","Person","Baxant","Petr","männlich",1977,"SPÖ","Wien","Landtag","nein",NA,"ja","ja",NA,NA,NA,NA,NA,NA,NA,NA,NA,NA,NA,NA,NA,NA,NA,NA,NA,NA,NA,NA,NA,NA,NA,NA,NA,NA,NA,NA,NA,NA,NA,NA,NA,NA,NA,NA,NA,NA,NA,NA,NA,NA,NA,NA,NA,NA,NA,NA,NA,NA,NA,NA,NA,NA,NA,NA,NA,NA,NA,NA,NA,NA,NA,NA,NA,NA,NA,NA,NA,NA,NA,NA,NA,NA,NA,NA,NA,NA,NA,NA,NA,NA,NA,NA,NA,NA,NA,NA,NA,NA,NA,NA,NA,NA,NA,NA,NA,NA,NA,NA,NA,NA,NA,NA,NA,NA,NA,NA,NA,NA,NA,NA,NA,NA,NA,NA,NA,NA,NA,NA,NA,NA,NA,NA,NA,NA,NA,NA,NA,NA,NA,NA,NA,NA,NA
"1.0 (2026-03-05)","doi:10.11587/BA1ORN","046","Person","Bayr","Petra","weiblich",1968,"SPÖ","Österreich","Nationalrat","nein",NA,"ja","ja",NA,NA,NA,NA,NA,NA,NA,NA,NA,NA,NA,NA,NA,NA,NA,NA,NA,NA,NA,NA,NA,NA,NA,NA,NA,NA,NA,NA,NA,NA,NA,NA,NA,NA,NA,NA,NA,NA,NA,NA,NA,NA,NA,NA,NA,NA,NA,NA,NA,NA,NA,NA,NA,NA,NA,NA,NA,NA,NA,NA,NA,NA,NA,NA,NA,NA,NA,NA,NA,NA,NA,NA,NA,NA,NA,NA,NA,NA,NA,NA,NA,NA,NA,NA,NA,NA,NA,NA,NA,NA,NA,NA,NA,NA,NA,NA,NA,NA,NA,NA,NA,NA,NA,NA,NA,NA,NA,NA,NA,NA,NA,NA,NA,NA,NA,NA,NA,NA,NA,NA,NA,NA,NA,NA,NA,NA,NA,NA,NA,NA,NA,NA,NA,NA,NA
"1.0 (2026-03-05)","doi:10.11587/BA1ORN","047","Person","Beer","Sandro","männlich",1977,"SPÖ","Österreich","Bundesrat","nein",NA,"ja","ja",NA,NA,NA,NA,NA,NA,NA,NA,NA,NA,NA,NA,NA,NA,NA,NA,NA,NA,NA,NA,NA,NA,NA,NA,NA,NA,NA,NA,NA,NA,NA,NA,NA,NA,NA,NA,NA,NA,NA,NA,NA,NA,NA,NA,NA,NA,NA,NA,NA,NA,NA,NA,NA,NA,NA,NA,NA,NA,NA,NA,NA,NA,NA,NA,NA,NA,NA,NA,NA,NA,NA,NA,NA,NA,NA,NA,NA,NA,NA,NA,NA,NA,NA,NA,NA,NA,NA,NA,NA,NA,NA,NA,NA,NA,NA,NA,NA,NA,NA,NA,NA,NA,NA,NA,NA,NA,NA,NA,NA,NA,NA,NA,NA,NA,NA,NA,NA,NA,NA,NA,NA,NA,NA,NA,NA,NA,NA,NA,NA,NA,NA,NA,NA,NA,NA
"1.0 (2026-03-05)","doi:10.11587/BA1ORN","048","Person","Belakowitsch","Dagmar","weiblich",1968,"FPÖ","Österreich","Nationalrat","nein",NA,"ja","ja",NA,NA,NA,NA,NA,NA,NA,NA,NA,NA,NA,NA,NA,NA,NA,NA,NA,NA,NA,NA,NA,NA,NA,NA,NA,NA,NA,NA,NA,NA,NA,NA,NA,NA,NA,NA,NA,NA,NA,NA,NA,NA,NA,NA,NA,NA,NA,NA,NA,NA,NA,NA,NA,NA,NA,NA,NA,NA,NA,NA,NA,NA,NA,NA,NA,NA,NA,NA,NA,NA,NA,NA,NA,NA,NA,NA,NA,NA,NA,NA,NA,NA,NA,NA,NA,NA,NA,NA,NA,NA,NA,NA,NA,NA,NA,NA,NA,NA,NA,NA,NA,NA,NA,NA,NA,NA,NA,NA,NA,NA,NA,NA,NA,NA,NA,NA,NA,NA,NA,NA,NA,NA,NA,NA,NA,NA,NA,NA,NA,NA,NA,NA,NA,NA,NA
"1.0 (2026-03-05)","doi:10.11587/BA1ORN","049","Person","Berchtold","Julia","weiblich",1987,"ÖVP","Vorarlberg","Landtag","nein",NA,"ja","ja",NA,NA,NA,NA,NA,NA,NA,NA,NA,NA,NA,NA,NA,NA,NA,NA,NA,NA,NA,NA,NA,NA,NA,NA,NA,NA,NA,NA,NA,NA,NA,NA,NA,NA,NA,NA,NA,NA,NA,NA,NA,NA,NA,NA,NA,NA,NA,NA,NA,NA,NA,NA,NA,NA,NA,NA,NA,NA,NA,NA,NA,NA,NA,NA,NA,NA,NA,NA,NA,NA,NA,NA,NA,NA,NA,NA,NA,NA,NA,NA,NA,NA,NA,NA,NA,NA,NA,NA,NA,NA,NA,NA,NA,NA,NA,NA,NA,NA,NA,NA,NA,NA,NA,NA,NA,NA,NA,NA,NA,NA,NA,NA,NA,NA,NA,NA,NA,NA,NA,NA,NA,NA,NA,NA,NA,NA,NA,NA,NA,NA,NA,NA,NA,NA,NA
"1.0 (2026-03-05)","doi:10.11587/BA1ORN","050","Person","Berger","Karin","weiblich",1963,"FPÖ","Salzburg","Landtag","nein",NA,"ja","ja",NA,NA,NA,NA,NA,NA,NA,NA,NA,NA,NA,NA,NA,NA,NA,NA,NA,NA,NA,NA,NA,NA,NA,NA,NA,NA,NA,NA,NA,NA,NA,NA,NA,NA,NA,NA,NA,NA,NA,NA,NA,NA,NA,NA,NA,NA,NA,NA,NA,NA,NA,NA,NA,NA,NA,NA,NA,NA,NA,NA,NA,NA,NA,NA,NA,NA,NA,NA,NA,NA,NA,NA,NA,NA,NA,NA,NA,NA,NA,NA,NA,NA,NA,NA,NA,NA,NA,NA,NA,NA,NA,NA,NA,NA,NA,NA,NA,NA,NA,NA,NA,NA,NA,NA,NA,NA,NA,NA,NA,NA,NA,NA,NA,NA,NA,NA,NA,NA,NA,NA,NA,NA,NA,NA,NA,NA,NA,NA,NA,NA,NA,NA,NA,NA,NA
"1.0 (2026-03-05)","doi:10.11587/BA1ORN","051","Person","Berger","Stefan","männlich",1986,"FPÖ","Wien","Landesregierung","nein",NA,"nein","ja",NA,NA,NA,NA,NA,NA,NA,NA,NA,NA,NA,NA,NA,NA,NA,NA,NA,NA,NA,NA,NA,NA,NA,NA,NA,NA,NA,NA,NA,NA,NA,NA,NA,NA,NA,NA,NA,NA,NA,NA,NA,NA,NA,NA,NA,NA,NA,NA,NA,NA,NA,NA,NA,NA,NA,NA,NA,NA,NA,NA,NA,NA,NA,NA,NA,NA,NA,NA,NA,NA,NA,NA,NA,NA,NA,NA,NA,NA,NA,NA,NA,NA,NA,NA,NA,NA,NA,NA,NA,NA,NA,NA,NA,NA,NA,NA,NA,NA,NA,NA,NA,NA,NA,NA,NA,NA,NA,NA,NA,NA,NA,NA,NA,NA,NA,NA,NA,NA,NA,NA,NA,NA,NA,NA,NA,NA,NA,NA,NA,NA,NA,NA,NA,NA,NA
"1.0 (2026-03-05)","doi:10.11587/BA1ORN","052","Person","Berger","Tina Angela","weiblich",1981,"FPÖ","Österreich","Nationalrat","nein",NA,"ja","ja",NA,NA,NA,NA,NA,NA,NA,NA,NA,NA,NA,NA,NA,NA,NA,NA,NA,NA,NA,NA,NA,NA,NA,NA,NA,NA,NA,NA,NA,NA,NA,NA,NA,NA,NA,NA,NA,NA,NA,NA,NA,NA,NA,NA,NA,NA,NA,NA,NA,NA,NA,NA,NA,NA,NA,NA,NA,NA,NA,NA,NA,NA,NA,NA,NA,NA,NA,NA,NA,NA,NA,NA,NA,NA,NA,NA,NA,NA,NA,NA,NA,NA,NA,NA,NA,NA,NA,NA,NA,NA,NA,NA,NA,NA,NA,NA,NA,NA,NA,NA,NA,NA,NA,NA,NA,NA,NA,NA,NA,NA,NA,NA,NA,NA,NA,NA,NA,NA,NA,NA,NA,NA,NA,NA,NA,NA,NA,NA,NA,NA,NA,NA,NA,NA,NA
"1.0 (2026-03-05)","doi:10.11587/BA1ORN","053","Person","Berger","Ricarda","weiblich",1986,"FPÖ","Österreich","Nationalrat","ja","https://www.tiktok.com/@ricarda.bianca.berger","ja","ja",1977,131,34,18000,"FPÖ-Familiensprecherin","https://www.tiktok.com/@ricarda.bianca.berger/video/7572178749676981526",88400,5283,241,1559,"Arbeit","nein","formal","nein","nein","nein","erkennbar","nein","https://www.tiktok.com/@ricarda.bianca.berger/video/7554304968329579798",89800,3155,320,935,"Privat","nein","leger","nein","nein","nein","erkennbar","nein","https://www.tiktok.com/@ricarda.bianca.berger/video/7579288188003372310",36300,2692,167,417,"Arbeit","nein","formal","nein","ja","nein","erkennbar","nein","https://www.tiktok.com/@ricarda.bianca.berger/video/7562216011257171222",42900,2420,236,256,"Arbeit","nein","formal","nein","ja","nein","erkennbar","nein","https://www.tiktok.com/@ricarda.bianca.berger/video/7580422017413909782",12300,1061,150,234,"Arbeit","nein","formal","nein","nein","nein","erkennbar","nein","https://www.tiktok.com/@ricarda.bianca.berger/video/7564071493643177238",11800,624,93,74,"Arbeit","nein","formal","nein","ja","nein","erkennbar","nein","https://www.tiktok.com/@ricarda.bianca.berger/video/7561746358458207491",7143,608,53,59,"Arbeit","nein","formal","nein","nein","nein","erkennbar","nein","https://www.tiktok.com/@ricarda.bianca.berger/video/7529485245649816854",4134,494,39,11,"Arbeit","nein","formal","nein","nein","nein","erkennbar","nein","https://www.tiktok.com/@ricarda.bianca.berger/video/7573705883838975254",4188,446,81,57,"Arbeit","nein","formal","nein","nein","nein","nicht erkennbar","ja","https://www.tiktok.com/@ricarda.bianca.berger/video/7574779250956324118",2160,248,24,13,"Arbeit","nein","formal","nein","nein","nein","erkennbar","nein"
"1.0 (2026-03-05)","doi:10.11587/BA1ORN","054","Person","Bernard","Michael","männlich",1969,"FPÖ","Österreich","Bundesrat","nein",NA,"nein","ja",NA,NA,NA,NA,NA,NA,NA,NA,NA,NA,NA,NA,NA,NA,NA,NA,NA,NA,NA,NA,NA,NA,NA,NA,NA,NA,NA,NA,NA,NA,NA,NA,NA,NA,NA,NA,NA,NA,NA,NA,NA,NA,NA,NA,NA,NA,NA,NA,NA,NA,NA,NA,NA,NA,NA,NA,NA,NA,NA,NA,NA,NA,NA,NA,NA,NA,NA,NA,NA,NA,NA,NA,NA,NA,NA,NA,NA,NA,NA,NA,NA,NA,NA,NA,NA,NA,NA,NA,NA,NA,NA,NA,NA,NA,NA,NA,NA,NA,NA,NA,NA,NA,NA,NA,NA,NA,NA,NA,NA,NA,NA,NA,NA,NA,NA,NA,NA,NA,NA,NA,NA,NA,NA,NA,NA,NA,NA,NA,NA,NA,NA,NA,NA,NA,NA
"1.0 (2026-03-05)","doi:10.11587/BA1ORN","055","Person","Bernecker-Thiel","Arabel","weiblich",1971,"NEOS","Wien","Landtag","nein",NA,"ja","ja",NA,NA,NA,NA,NA,NA,NA,NA,NA,NA,NA,NA,NA,NA,NA,NA,NA,NA,NA,NA,NA,NA,NA,NA,NA,NA,NA,NA,NA,NA,NA,NA,NA,NA,NA,NA,NA,NA,NA,NA,NA,NA,NA,NA,NA,NA,NA,NA,NA,NA,NA,NA,NA,NA,NA,NA,NA,NA,NA,NA,NA,NA,NA,NA,NA,NA,NA,NA,NA,NA,NA,NA,NA,NA,NA,NA,NA,NA,NA,NA,NA,NA,NA,NA,NA,NA,NA,NA,NA,NA,NA,NA,NA,NA,NA,NA,NA,NA,NA,NA,NA,NA,NA,NA,NA,NA,NA,NA,NA,NA,NA,NA,NA,NA,NA,NA,NA,NA,NA,NA,NA,NA,NA,NA,NA,NA,NA,NA,NA,NA,NA,NA,NA,NA,NA
"1.0 (2026-03-05)","doi:10.11587/BA1ORN","056","Person","Berner","Ursula","weiblich",1971,"GRÜNE","Wien","Landtag","nein",NA,"ja","ja",NA,NA,NA,NA,NA,NA,NA,NA,NA,NA,NA,NA,NA,NA,NA,NA,NA,NA,NA,NA,NA,NA,NA,NA,NA,NA,NA,NA,NA,NA,NA,NA,NA,NA,NA,NA,NA,NA,NA,NA,NA,NA,NA,NA,NA,NA,NA,NA,NA,NA,NA,NA,NA,NA,NA,NA,NA,NA,NA,NA,NA,NA,NA,NA,NA,NA,NA,NA,NA,NA,NA,NA,NA,NA,NA,NA,NA,NA,NA,NA,NA,NA,NA,NA,NA,NA,NA,NA,NA,NA,NA,NA,NA,NA,NA,NA,NA,NA,NA,NA,NA,NA,NA,NA,NA,NA,NA,NA,NA,NA,NA,NA,NA,NA,NA,NA,NA,NA,NA,NA,NA,NA,NA,NA,NA,NA,NA,NA,NA,NA,NA,NA,NA,NA,NA
"1.0 (2026-03-05)","doi:10.11587/BA1ORN","057","Person","Bernhard","Michael","männlich",1981,"NEOS","Österreich","Nationalrat","nein",NA,"ja","ja",NA,NA,NA,NA,NA,NA,NA,NA,NA,NA,NA,NA,NA,NA,NA,NA,NA,NA,NA,NA,NA,NA,NA,NA,NA,NA,NA,NA,NA,NA,NA,NA,NA,NA,NA,NA,NA,NA,NA,NA,NA,NA,NA,NA,NA,NA,NA,NA,NA,NA,NA,NA,NA,NA,NA,NA,NA,NA,NA,NA,NA,NA,NA,NA,NA,NA,NA,NA,NA,NA,NA,NA,NA,NA,NA,NA,NA,NA,NA,NA,NA,NA,NA,NA,NA,NA,NA,NA,NA,NA,NA,NA,NA,NA,NA,NA,NA,NA,NA,NA,NA,NA,NA,NA,NA,NA,NA,NA,NA,NA,NA,NA,NA,NA,NA,NA,NA,NA,NA,NA,NA,NA,NA,NA,NA,NA,NA,NA,NA,NA,NA,NA,NA,NA,NA
"1.0 (2026-03-05)","doi:10.11587/BA1ORN","058","Person","Bernhuber","Alexander","männlich",1992,"ÖVP","EU","EP","nein",NA,"ja","ja",NA,NA,NA,NA,NA,NA,NA,NA,NA,NA,NA,NA,NA,NA,NA,NA,NA,NA,NA,NA,NA,NA,NA,NA,NA,NA,NA,NA,NA,NA,NA,NA,NA,NA,NA,NA,NA,NA,NA,NA,NA,NA,NA,NA,NA,NA,NA,NA,NA,NA,NA,NA,NA,NA,NA,NA,NA,NA,NA,NA,NA,NA,NA,NA,NA,NA,NA,NA,NA,NA,NA,NA,NA,NA,NA,NA,NA,NA,NA,NA,NA,NA,NA,NA,NA,NA,NA,NA,NA,NA,NA,NA,NA,NA,NA,NA,NA,NA,NA,NA,NA,NA,NA,NA,NA,NA,NA,NA,NA,NA,NA,NA,NA,NA,NA,NA,NA,NA,NA,NA,NA,NA,NA,NA,NA,NA,NA,NA,NA,NA,NA,NA,NA,NA,NA
"1.0 (2026-03-05)","doi:10.11587/BA1ORN","059","Person","Berthold","Martina","weiblich",1970,"GRÜNE","Salzburg","Landtag","ja","https://www.tiktok.com/@martinaberthold","ja","ja",1795,987,122,34900,"Landessprecherin und Klubobfrau im Landtag für die GRÜNEN Salzburg","https://www.tiktok.com/@martinaberthold/video/7208130069720599814",227900,18500,1200,1696,"Privat","nein","leger","nein","ja","nein","nicht erkennbar","nein","https://www.tiktok.com/@martinaberthold/video/7214104722154867974",206100,7551,187,2045,"Arbeit","nein","formal","nein","nein","nein","erkennbar","nein","https://www.tiktok.com/@martinaberthold/video/7210394282455256326",68900,2300,30,48,"Privat","nein","formal","nein","nein","nein","nicht erkennbar","ja","https://www.tiktok.com/@martinaberthold/video/7480953340503854368",10800,596,89,21,"Privat","nein","formal","nein","nein","nein","nicht erkennbar","nein","https://www.tiktok.com/@martinaberthold/video/7211137299906579718",13600,518,47,52,"Arbeit","nein","formal","nein","nein","nein","nicht erkennbar","ja","https://www.tiktok.com/@martinaberthold/video/7457830233211768086",9341,359,229,15,"Privat","nein","formal","nein","nein","nein","nicht erkennbar","nein","https://www.tiktok.com/@martinaberthold/video/7213361793891126534",22500,311,126,14,"Arbeit","nein","formal","nein",NA,"nein","erkennbar","nein","https://www.tiktok.com/@martinaberthold/video/7563303437300026656",1303,195,3,1,"Arbeit","nein","formal","nein","ja","nein","nicht erkennbar","ja","https://www.tiktok.com/@martinaberthold/video/7460088406610038049",5059,154,61,2,"Privat","nein","formal","nein","nein","nein","nicht erkennbar","nein","https://www.tiktok.com/@martinaberthold/video/7221136834468826394",3304,149,9,0,"Arbeit","nein","formal","nein","nein","nein","nicht erkennbar","ja"
"1.0 (2026-03-05)","doi:10.11587/BA1ORN","060","Person","Bierbach","Michael","männlich",1969,"SPÖ","Niederösterreich","Landtag","nein",NA,"nein","ja",NA,NA,NA,NA,NA,NA,NA,NA,NA,NA,NA,NA,NA,NA,NA,NA,NA,NA,NA,NA,NA,NA,NA,NA,NA,NA,NA,NA,NA,NA,NA,NA,NA,NA,NA,NA,NA,NA,NA,NA,NA,NA,NA,NA,NA,NA,NA,NA,NA,NA,NA,NA,NA,NA,NA,NA,NA,NA,NA,NA,NA,NA,NA,NA,NA,NA,NA,NA,NA,NA,NA,NA,NA,NA,NA,NA,NA,NA,NA,NA,NA,NA,NA,NA,NA,NA,NA,NA,NA,NA,NA,NA,NA,NA,NA,NA,NA,NA,NA,NA,NA,NA,NA,NA,NA,NA,NA,NA,NA,NA,NA,NA,NA,NA,NA,NA,NA,NA,NA,NA,NA,NA,NA,NA,NA,NA,NA,NA,NA,NA,NA,NA,NA,NA,NA
"1.0 (2026-03-05)","doi:10.11587/BA1ORN","061","Person","Binder","Sabine","weiblich",1971,"FPÖ","Oberösterreich","Landtag","nein",NA,"ja","ja",NA,NA,NA,NA,NA,NA,NA,NA,NA,NA,NA,NA,NA,NA,NA,NA,NA,NA,NA,NA,NA,NA,NA,NA,NA,NA,NA,NA,NA,NA,NA,NA,NA,NA,NA,NA,NA,NA,NA,NA,NA,NA,NA,NA,NA,NA,NA,NA,NA,NA,NA,NA,NA,NA,NA,NA,NA,NA,NA,NA,NA,NA,NA,NA,NA,NA,NA,NA,NA,NA,NA,NA,NA,NA,NA,NA,NA,NA,NA,NA,NA,NA,NA,NA,NA,NA,NA,NA,NA,NA,NA,NA,NA,NA,NA,NA,NA,NA,NA,NA,NA,NA,NA,NA,NA,NA,NA,NA,NA,NA,NA,NA,NA,NA,NA,NA,NA,NA,NA,NA,NA,NA,NA,NA,NA,NA,NA,NA,NA,NA,NA,NA,NA,NA,NA
"1.0 (2026-03-05)","doi:10.11587/BA1ORN","062","Person","Binder","Peter","männlich",1973,"SPÖ","Oberösterreich","Landtag","nein",NA,"ja","nein",NA,NA,NA,NA,NA,NA,NA,NA,NA,NA,NA,NA,NA,NA,NA,NA,NA,NA,NA,NA,NA,NA,NA,NA,NA,NA,NA,NA,NA,NA,NA,NA,NA,NA,NA,NA,NA,NA,NA,NA,NA,NA,NA,NA,NA,NA,NA,NA,NA,NA,NA,NA,NA,NA,NA,NA,NA,NA,NA,NA,NA,NA,NA,NA,NA,NA,NA,NA,NA,NA,NA,NA,NA,NA,NA,NA,NA,NA,NA,NA,NA,NA,NA,NA,NA,NA,NA,NA,NA,NA,NA,NA,NA,NA,NA,NA,NA,NA,NA,NA,NA,NA,NA,NA,NA,NA,NA,NA,NA,NA,NA,NA,NA,NA,NA,NA,NA,NA,NA,NA,NA,NA,NA,NA,NA,NA,NA,NA,NA,NA,NA,NA,NA,NA,NA
"1.0 (2026-03-05)","doi:10.11587/BA1ORN","063","Person","Binder","Reinhold","männlich",1978,"SPÖ","Österreich","Nationalrat","ja","https://www.tiktok.com/@reinhold_binder","ja","ja",1400,974,131,5872,"Bundesvorsitzender der Gewerkschaft PRO-GE Nationalratsabgeordneter der @SPÖ","https://www.tiktok.com/@reinhold_binder/video/7427196933359291681",91000,593,64,604,"Arbeit","nein","formal","ja","nein","nein","nicht erkennbar","nein","https://www.tiktok.com/@reinhold_binder/video/7390049215172398368",17600,401,89,56,"Arbeit","nein","formal","nein","nein","nein","nicht erkennbar","nein","https://www.tiktok.com/@reinhold_binder/video/7401053284737240353",1953,118,8,5,"Arbeit","nein","formal","nein","ja","nein","nicht erkennbar","nein","https://www.tiktok.com/@reinhold_binder/video/7410890723672902945",1657,116,2,0,"Arbeit","nein","formal","nein","nein","nein","nicht erkennbar","nein","https://www.tiktok.com/@reinhold_binder/video/7458281830433738006",4970,113,15,6,"Arbeit","nein","formal","nein","nein","nein","nicht erkennbar","nein","https://www.tiktok.com/@reinhold_binder/video/7387523366036491553",3860,93,3,0,"Arbeit","nein","formal","nein","nein","nein","nicht erkennbar","nein","https://www.tiktok.com/@reinhold_binder/video/7479154568492780822",1483,82,18,0,"Arbeit","nein","formal","nein","ja","nein","nicht erkennbar","nein","https://www.tiktok.com/@reinhold_binder/video/7395202596811672865",1090,82,3,0,"Arbeit","nein","formal","nein","nein","nein","nicht erkennbar","nein","https://www.tiktok.com/@reinhold_binder/video/7450416168550157590",3671,74,10,13,"Privat","nein","formal","nein","nein","nein","nicht erkennbar","nein","https://www.tiktok.com/@reinhold_binder/video/7475727317298416918",1322,73,19,20,"Arbeit","nein","formal","nein","nein","nein","nicht erkennbar","nein"
"1.0 (2026-03-05)","doi:10.11587/BA1ORN","064","Person","Bitschi","Christof","männlich",1991,"FPÖ","Vorarlberg","Landesregierung","ja","https://www.tiktok.com/@cbitschi","ja","ja",3333,2115,106,14600,"Landesobmann Vorarlberger Freiheitliche - FPÖ Vorarlberg im Herzen","https://www.tiktok.com/@cbitschi/video/7034238361405623557",33200,2624,59,68,"Arbeit","nein","formal","nein","nein","nein","erkennbar","nein","https://www.tiktok.com/@cbitschi/video/7423809951866309920",7931,522,61,9,"Privat","nein","formal","ja","ja","nein","erkennbar","nein","https://www.tiktok.com/@cbitschi/video/7580023453848210710",4990,402,37,9,"Arbeit","nein","formal","nein","nein","nein","erkennbar","nein","https://www.tiktok.com/@cbitschi/video/7424511831521152288",6579,394,24,26,"Arbeit","nein","formal","nein","ja","nein","erkennbar","nein","https://www.tiktok.com/@cbitschi/video/7417381557813415201",4670,363,31,33,"Arbeit","nein","formal","ja","ja","ja","erkennbar","nein","https://www.tiktok.com/@cbitschi/video/7423069481095744800",9365,347,18,12,"Arbeit","nein","formal","nein","nein","nein","erkennbar","nein","https://www.tiktok.com/@cbitschi/video/6974750399182130438",6230,362,15,11,"Arbeit","nein","formal","ja","ja","nein","erkennbar","nein","https://www.tiktok.com/@cbitschi/video/7481254836629949718",7573,347,37,11,"Arbeit","nein","formal","nein","nein","nein","erkennbar","nein","https://www.tiktok.com/@cbitschi/video/7423785356333485345",5389,332,16,36,"Arbeit","nein","formal","ja","ja","nein","erkennbar","nein","https://www.tiktok.com/@cbitschi/video/7421161864647773473",4393,308,6,12,"Arbeit","nein","formal","nein","nein","nein","erkennbar","nein"
"1.0 (2026-03-05)","doi:10.11587/BA1ORN","065","Person","Blanik","Elisabeth","weiblich",1966,"SPÖ","Tirol","Landtag","ja","https://www.tiktok.com/@elisabeth.blanik","ja","ja",575,1338,1,77,NA,"https://www.tiktok.com/@elisabeth.blanik/video/7077712239272283397",315,77,0,0,NA,NA,"formal",NA,NA,NA,"nicht erkennbar",NA,NA,NA,NA,NA,NA,NA,NA,NA,NA,NA,NA,NA,NA,NA,NA,NA,NA,NA,NA,NA,NA,NA,NA,NA,NA,NA,NA,NA,NA,NA,NA,NA,NA,NA,NA,NA,NA,NA,NA,NA,NA,NA,NA,NA,NA,NA,NA,NA,NA,NA,NA,NA,NA,NA,NA,NA,NA,NA,NA,NA,NA,NA,NA,NA,NA,NA,NA,NA,NA,NA,NA,NA,NA,NA,NA,NA,NA,NA,NA,NA,NA,NA,NA,NA,NA,NA,NA,NA,NA,NA,NA,NA,NA,NA,NA,NA,NA,NA,NA,NA,NA,NA,NA,NA,NA,NA,NA,NA,NA,NA,NA,NA,NA,NA,NA,NA,NA
"1.0 (2026-03-05)","doi:10.11587/BA1ORN","066","Person","Blind","Armin","männlich",1975,"FPÖ","Wien","Landtag","nein",NA,"nein","nein",NA,NA,NA,NA,NA,NA,NA,NA,NA,NA,NA,NA,NA,NA,NA,NA,NA,NA,NA,NA,NA,NA,NA,NA,NA,NA,NA,NA,NA,NA,NA,NA,NA,NA,NA,NA,NA,NA,NA,NA,NA,NA,NA,NA,NA,NA,NA,NA,NA,NA,NA,NA,NA,NA,NA,NA,NA,NA,NA,NA,NA,NA,NA,NA,NA,NA,NA,NA,NA,NA,NA,NA,NA,NA,NA,NA,NA,NA,NA,NA,NA,NA,NA,NA,NA,NA,NA,NA,NA,NA,NA,NA,NA,NA,NA,NA,NA,NA,NA,NA,NA,NA,NA,NA,NA,NA,NA,NA,NA,NA,NA,NA,NA,NA,NA,NA,NA,NA,NA,NA,NA,NA,NA,NA,NA,NA,NA,NA,NA,NA,NA,NA,NA,NA,NA
"1.0 (2026-03-05)","doi:10.11587/BA1ORN","067","Person","Blum","Robert","männlich",1989,"FPÖ","Vorarlberg","Landtag","nein",NA,"nein","ja",NA,NA,NA,NA,NA,NA,NA,NA,NA,NA,NA,NA,NA,NA,NA,NA,NA,NA,NA,NA,NA,NA,NA,NA,NA,NA,NA,NA,NA,NA,NA,NA,NA,NA,NA,NA,NA,NA,NA,NA,NA,NA,NA,NA,NA,NA,NA,NA,NA,NA,NA,NA,NA,NA,NA,NA,NA,NA,NA,NA,NA,NA,NA,NA,NA,NA,NA,NA,NA,NA,NA,NA,NA,NA,NA,NA,NA,NA,NA,NA,NA,NA,NA,NA,NA,NA,NA,NA,NA,NA,NA,NA,NA,NA,NA,NA,NA,NA,NA,NA,NA,NA,NA,NA,NA,NA,NA,NA,NA,NA,NA,NA,NA,NA,NA,NA,NA,NA,NA,NA,NA,NA,NA,NA,NA,NA,NA,NA,NA,NA,NA,NA,NA,NA,NA
"1.0 (2026-03-05)","doi:10.11587/BA1ORN","068","Person","Bocksruker","Jochen","männlich",1975,"SPÖ","Steiermark","Landtag","ja","https://www.tiktok.com/@jochen.bocksruker","ja","ja",292,404,26,673,"Bürgermeister Stadtgemeinde Bärnbach","https://www.tiktok.com/@jochen.bocksruker/video/7484891297627540758",3517,105,4,20,"Arbeit","nein","formal","ja","nein","nein","nicht erkennbar","nein","https://www.tiktok.com/@jochen.bocksruker/video/7438186611843599649",2041,71,10,32,"Privat","nein","leger","ja","nein","nein","erkennbar","nein","https://www.tiktok.com/@jochen.bocksruker/video/7439321576836779296",1590,57,3,6,NA,NA,NA,NA,"ja",NA,"nicht erkennbar",NA,"https://www.tiktok.com/@jochen.bocksruker/video/7426407181626494240",1222,51,1,3,"Arbeit","nein","formal","nein","ja","nein","nicht erkennbar","nein","https://www.tiktok.com/@jochen.bocksruker/video/7443149590511029526",1630,46,0,4,"Privat","nein","formal","nein","ja","nein","nicht erkennbar","nein","https://www.tiktok.com/@jochen.bocksruker/video/7440734877890268448",1729,41,1,6,"Arbeit","nein","formal","ja","nein","nein","erkennbar","nein","https://www.tiktok.com/@jochen.bocksruker/video/7478288123722468630",1620,34,1,0,NA,NA,NA,NA,"ja",NA,"nicht erkennbar",NA,"https://www.tiktok.com/@jochen.bocksruker/video/7434129116795768096",1378,34,2,5,"Privat","nein","formal","ja","nein","nein","erkennbar","nein","https://www.tiktok.com/@jochen.bocksruker/video/7436279079868845345",1121,30,3,1,NA,NA,NA,NA,NA,NA,"erkennbar","nein","https://www.tiktok.com/@jochen.bocksruker/video/7478689167241776406",925,21,2,3,NA,NA,NA,"ja","ja",NA,"erkennbar","nein"
"1.0 (2026-03-05)","doi:10.11587/BA1ORN","069","Person","Bogner-Strauß","Juliane","weiblich",1971,"ÖVP","Österreich","Nationalrat","nein",NA,"ja","ja",NA,NA,NA,NA,NA,NA,NA,NA,NA,NA,NA,NA,NA,NA,NA,NA,NA,NA,NA,NA,NA,NA,NA,NA,NA,NA,NA,NA,NA,NA,NA,NA,NA,NA,NA,NA,NA,NA,NA,NA,NA,NA,NA,NA,NA,NA,NA,NA,NA,NA,NA,NA,NA,NA,NA,NA,NA,NA,NA,NA,NA,NA,NA,NA,NA,NA,NA,NA,NA,NA,NA,NA,NA,NA,NA,NA,NA,NA,NA,NA,NA,NA,NA,NA,NA,NA,NA,NA,NA,NA,NA,NA,NA,NA,NA,NA,NA,NA,NA,NA,NA,NA,NA,NA,NA,NA,NA,NA,NA,NA,NA,NA,NA,NA,NA,NA,NA,NA,NA,NA,NA,NA,NA,NA,NA,NA,NA,NA,NA,NA,NA,NA,NA,NA,NA
"1.0 (2026-03-05)","doi:10.11587/BA1ORN","070","Person","Bors","Andreas","männlich",1989,"FPÖ","Niederösterreich","Landtag","nein",NA,"nein","ja",NA,NA,NA,NA,NA,NA,NA,NA,NA,NA,NA,NA,NA,NA,NA,NA,NA,NA,NA,NA,NA,NA,NA,NA,NA,NA,NA,NA,NA,NA,NA,NA,NA,NA,NA,NA,NA,NA,NA,NA,NA,NA,NA,NA,NA,NA,NA,NA,NA,NA,NA,NA,NA,NA,NA,NA,NA,NA,NA,NA,NA,NA,NA,NA,NA,NA,NA,NA,NA,NA,NA,NA,NA,NA,NA,NA,NA,NA,NA,NA,NA,NA,NA,NA,NA,NA,NA,NA,NA,NA,NA,NA,NA,NA,NA,NA,NA,NA,NA,NA,NA,NA,NA,NA,NA,NA,NA,NA,NA,NA,NA,NA,NA,NA,NA,NA,NA,NA,NA,NA,NA,NA,NA,NA,NA,NA,NA,NA,NA,NA,NA,NA,NA,NA,NA
"1.0 (2026-03-05)","doi:10.11587/BA1ORN","071","Person","Bozatemur-Akdag","Aslihan","weiblich",1982,"SPÖ","Wien","Landtag","ja","https://www.tiktok.com/@aslihanbozatemur","ja","ja",1132,1868,45,6158,"Wiener Landtagsabgeordnete Viyana Eyalet Milletvekili instagram/aslihan.bozatemur","https://www.tiktok.com/@aslihanbozatemur/video/6882334791404932354",86800,2686,68,91,"Privat","nein","formal","nein","nein","nein","erkennbar","nein","https://www.tiktok.com/@aslihanbozatemur/video/7459090138744753430",11900,424,22,1,"Privat","nein","formal","nein","ja","nein","nicht erkennbar","nein","https://www.tiktok.com/@aslihanbozatemur/video/6881052727791717634",21100,309,14,7,"Privat","nein","formal","nein","ja","nein","erkennbar","nein","https://www.tiktok.com/@aslihanbozatemur/video/6882001806449495298",23500,276,6,21,"Privat","nein","formal","nein","ja","nein","erkennbar","nein","https://www.tiktok.com/@aslihanbozatemur/video/6882146958027410689",10400,234,8,16,"Arbeit","nein","formal","ja","nein","nein","erkennbar","nein","https://www.tiktok.com/@aslihanbozatemur/video/6898660967538904322",6518,177,11,1,"Arbeit","nein","formal","nein","ja","nein","erkennbar","nein","https://www.tiktok.com/@aslihanbozatemur/video/7480886609051651350",6399,110,7,4,"Arbeit","nein","formal","nein","ja","nein","erkennbar","nein","https://www.tiktok.com/@aslihanbozatemur/photo/7472414241622953238",6549,91,6,2,"Arbeit","nein","formal","nein","ja","nein","nicht erkennbar","nein","https://www.tiktok.com/@aslihanbozatemur/video/7491934535093882134",3220,72,1,2,NA,NA,NA,"ja","ja",NA,"erkennbar",NA,"https://www.tiktok.com/@aslihanbozatemur/video/7495646755124514070",3917,69,4,1,"Arbeit","nein","formal","nein","nein","nein","erkennbar","nein"
"1.0 (2026-03-05)","doi:10.11587/BA1ORN","072","Person","Brandauer","Bettina","weiblich",1980,"SPÖ","Salzburg","Landtag","nein",NA,"ja","ja",NA,NA,NA,NA,NA,NA,NA,NA,NA,NA,NA,NA,NA,NA,NA,NA,NA,NA,NA,NA,NA,NA,NA,NA,NA,NA,NA,NA,NA,NA,NA,NA,NA,NA,NA,NA,NA,NA,NA,NA,NA,NA,NA,NA,NA,NA,NA,NA,NA,NA,NA,NA,NA,NA,NA,NA,NA,NA,NA,NA,NA,NA,NA,NA,NA,NA,NA,NA,NA,NA,NA,NA,NA,NA,NA,NA,NA,NA,NA,NA,NA,NA,NA,NA,NA,NA,NA,NA,NA,NA,NA,NA,NA,NA,NA,NA,NA,NA,NA,NA,NA,NA,NA,NA,NA,NA,NA,NA,NA,NA,NA,NA,NA,NA,NA,NA,NA,NA,NA,NA,NA,NA,NA,NA,NA,NA,NA,NA,NA,NA,NA,NA,NA,NA,NA
"1.0 (2026-03-05)","doi:10.11587/BA1ORN","073","Person","Brandlhofer","Michaela","weiblich",1965,"FPÖ","Burgenland","Landtag","nein",NA,"nein","ja",NA,NA,NA,NA,NA,NA,NA,NA,NA,NA,NA,NA,NA,NA,NA,NA,NA,NA,NA,NA,NA,NA,NA,NA,NA,NA,NA,NA,NA,NA,NA,NA,NA,NA,NA,NA,NA,NA,NA,NA,NA,NA,NA,NA,NA,NA,NA,NA,NA,NA,NA,NA,NA,NA,NA,NA,NA,NA,NA,NA,NA,NA,NA,NA,NA,NA,NA,NA,NA,NA,NA,NA,NA,NA,NA,NA,NA,NA,NA,NA,NA,NA,NA,NA,NA,NA,NA,NA,NA,NA,NA,NA,NA,NA,NA,NA,NA,NA,NA,NA,NA,NA,NA,NA,NA,NA,NA,NA,NA,NA,NA,NA,NA,NA,NA,NA,NA,NA,NA,NA,NA,NA,NA,NA,NA,NA,NA,NA,NA,NA,NA,NA,NA,NA,NA
"1.0 (2026-03-05)","doi:10.11587/BA1ORN","074","Person","Brandstätter","Kilian","männlich",1991,"SPÖ","Burgenland","Landtag","nein",NA,"ja","ja",NA,NA,NA,NA,NA,NA,NA,NA,NA,NA,NA,NA,NA,NA,NA,NA,NA,NA,NA,NA,NA,NA,NA,NA,NA,NA,NA,NA,NA,NA,NA,NA,NA,NA,NA,NA,NA,NA,NA,NA,NA,NA,NA,NA,NA,NA,NA,NA,NA,NA,NA,NA,NA,NA,NA,NA,NA,NA,NA,NA,NA,NA,NA,NA,NA,NA,NA,NA,NA,NA,NA,NA,NA,NA,NA,NA,NA,NA,NA,NA,NA,NA,NA,NA,NA,NA,NA,NA,NA,NA,NA,NA,NA,NA,NA,NA,NA,NA,NA,NA,NA,NA,NA,NA,NA,NA,NA,NA,NA,NA,NA,NA,NA,NA,NA,NA,NA,NA,NA,NA,NA,NA,NA,NA,NA,NA,NA,NA,NA,NA,NA,NA,NA,NA,NA
"1.0 (2026-03-05)","doi:10.11587/BA1ORN","075","Person","Brandstätter","Helmut","männlich",1955,"NEOS","EU","EP","ja","https://www.tiktok.com/@helmut.brandstaetter","ja","ja",6274,1136,183,184600,"MEP @reneweurope @neos_eu Außenpolitik Publizist & Bücherwurm Impressum","https://www.tiktok.com/@helmut.brandstaetter/video/7240877362630397210",506200,31000,205,4027,"Privat","nein","formal","nein","ja","nein","nicht erkennbar","nein","https://www.tiktok.com/@helmut.brandstaetter/video/7444615756865654038",135700,12200,1939,923,"Arbeit","nein","formal","nein","nein","nein","nicht erkennbar","nein","https://www.tiktok.com/@helmut.brandstaetter/video/7543154541806538006",128200,9888,486,1753,"Arbeit","nein","formal","nein","nein","nein","nicht erkennbar","nein","https://www.tiktok.com/@helmut.brandstaetter/video/7465337130177285398",189000,9705,982,2056,"Arbeit","nein","formal","nein","nein","nein","nicht erkennbar","nein","https://www.tiktok.com/@helmut.brandstaetter/video/7548509886154558723",242000,5034,516,399,"Arbeit","nein","formal","nein","nein","nein","nicht erkennbar","nein","https://www.tiktok.com/@helmut.brandstaetter/video/7148741944208919814",119000,3503,105,155,"Privat","nein","formal","nein","ja","nein","nicht erkennbar","nein","https://www.tiktok.com/@helmut.brandstaetter/video/7584492971677076758",73200,3321,234,64,"Arbeit","nein","formal","nein","nein","nein","nicht erkennbar","nein","https://www.tiktok.com/@helmut.brandstaetter/video/7312891522901396768",86300,2120,4,590,"Arbeit","nein","formal","nein","nein","nein","nicht erkennbar","nein","https://www.tiktok.com/@helmut.brandstaetter/video/7471291790742637846",26900,1839,542,112,"Arbeit","nein","formal","nein","nein","nein","nicht erkennbar","nein","https://www.tiktok.com/@helmut.brandstaetter/video/7371162134148828449",39200,1320,0,75,"Arbeit","nein","formal","nein","nein","nein","nicht erkennbar","nein"
"1.0 (2026-03-05)","doi:10.11587/BA1ORN","076","Person","Brandstötter","Henrike","weiblich",1975,"NEOS","Österreich","Nationalrat","ja","https://www.tiktok.com/@henrike_brandstoetter","ja","ja",1274,723,27,3527,"NEOS-Nationalratsabgeordnete Medien Frauen LGBTIQ","https://www.tiktok.com/@henrike_brandstoetter/video/7195983248617377030",520000,15000,419,4932,"Privat","ja","leger","nein","ja","nein","nicht erkennbar","ja","https://www.tiktok.com/@henrike_brandstoetter/video/7309820361124678944",19200,813,124,92,"Arbeit","nein","leger","nein","nein","nein","erkennbar","nein","https://www.tiktok.com/@henrike_brandstoetter/photo/7564057006567394582",7500,566,1,8,"Privat","nein","leger","nein","ja","nein","nicht erkennbar","nein","https://www.tiktok.com/@henrike_brandstoetter/video/7574872270770949398",17700,552,291,32,"Arbeit","nein","formal","nein","ja","nein","erkennbar","nein","https://www.tiktok.com/@henrike_brandstoetter/video/7249685228443241754",4120,522,17,4,"Arbeit","nein","formal","nein","nein","nein","nicht erkennbar","nein","https://www.tiktok.com/@henrike_brandstoetter/video/7501607085772213526",19000,411,266,11,"Arbeit","nein","formal","nein","nein","nein","nicht erkennbar","nein","https://www.tiktok.com/@henrike_brandstoetter/video/7167302064148696325",17100,311,42,48,"Arbeit","nein","formal","nein","nein","nein","nicht erkennbar","nein","https://www.tiktok.com/@henrike_brandstoetter/video/7194918103417900294",9000,300,40,16,"Arbeit","nein","formal","nein","nein","nein","nicht erkennbar","nein","https://www.tiktok.com/@henrike_brandstoetter/video/7387745370312330528",8500,236,105,14,"Arbeit","nein","formal","nein","nein","nein","nicht erkennbar","nein","https://www.tiktok.com/@henrike_brandstoetter/video/7166637595718438150",6020,236,20,12,"Arbeit","nein","formal","nein","nein","nein","nicht erkennbar","nein"
"1.0 (2026-03-05)","doi:10.11587/BA1ORN","077","Person","Brandweiner","Lukas","männlich",1989,"ÖVP","Österreich","Nationalrat","ja","https://www.tiktok.com/@lukas.brandweiner","ja","ja",1235,346,97,56800,"zez.am/henrike.brandstoetter?fbclid=P","https://www.tiktok.com/@lukas.brandweiner/video/7409945957174955296",29200,764,10,242,"Privat","nein","formal","nein","nein","nein","nicht erkennbar","nein","https://www.tiktok.com/@lukas.brandweiner/video/7417774060051909921",48100,695,443,109,"Privat","nein","leger","nein","nein","nein","nicht erkennbar","nein","https://www.tiktok.com/@lukas.brandweiner/video/7561021194560998678",19400,405,2,78,"Privat","nein","leger","nein","nein","nein","nicht erkennbar","nein","https://www.tiktok.com/@lukas.brandweiner/video/7408824869539925281",13400,331,3,32,"Privat","nein","formal","nein","nein","nein","nicht erkennbar","nein","https://www.tiktok.com/@lukas.brandweiner/video/7418572452432825632",11000,311,11,26,"Privat","nein","leger","nein","ja","nein","erkennbar","nein","https://www.tiktok.com/@lukas.brandweiner/video/7388969653617298721",5990,241,11,43,"Privat","nein","leger","nein","nein","nein","nicht erkennbar","nein","https://www.tiktok.com/@lukas.brandweiner/video/7407873874244685089",5340,212,3,11,"Privat","nein","leger","nein","nein","nein","nicht erkennbar","nein","https://www.tiktok.com/@lukas.brandweiner/video/7516654109051604246",4712,201,57,11,"Arbeit","nein","formal","nein","nein","nein","nicht erkennbar","nein","https://www.tiktok.com/@lukas.brandweiner/video/7409736147108171040",5311,197,1,14,"Privat","nein","leger","nein","nein","nein","nicht erkennbar","nein","https://www.tiktok.com/@lukas.brandweiner/video/7416030812124040481",4901,186,4,0,"Arbeit","nein","formal","nein","nein","nein","nicht erkennbar","nein"
"1.0 (2026-03-05)","doi:10.11587/BA1ORN","078","Person","Brenner","Christian","männlich",1988,"FPÖ","Niederösterreich","Landtag","ja","https://www.tiktok.com/@christian.brenner61","ja","ja",289,278,2,285,NA,"https://www.tiktok.com/@christian.brenner61/video/7418582489662229793",1611,136,7,3,"Privat","nein","leger","nein","ja","nein","erkennbar","nein","https://www.tiktok.com/@christian.brenner61/video/7417383068295630112",2170,69,4,10,"Privat","nein","formal","nein","ja","nein","erkennbar","nein",NA,NA,NA,NA,NA,NA,NA,NA,NA,NA,NA,NA,NA,NA,NA,NA,NA,NA,NA,NA,NA,NA,NA,NA,NA,NA,NA,NA,NA,NA,NA,NA,NA,NA,NA,NA,NA,NA,NA,NA,NA,NA,NA,NA,NA,NA,NA,NA,NA,NA,NA,NA,NA,NA,NA,NA,NA,NA,NA,NA,NA,NA,NA,NA,NA,NA,NA,NA,NA,NA,NA,NA,NA,NA,NA,NA,NA,NA,NA,NA,NA,NA,NA,NA,NA,NA,NA,NA,NA,NA,NA,NA,NA,NA,NA,NA,NA,NA,NA,NA,NA,NA,NA,NA
"1.0 (2026-03-05)","doi:10.11587/BA1ORN","079","Person","Brucker","Lukas","männlich",1977,"FPÖ","Wien","Landtag","nein",NA,"ja","ja",NA,NA,NA,NA,NA,NA,NA,NA,NA,NA,NA,NA,NA,NA,NA,NA,NA,NA,NA,NA,NA,NA,NA,NA,NA,NA,NA,NA,NA,NA,NA,NA,NA,NA,NA,NA,NA,NA,NA,NA,NA,NA,NA,NA,NA,NA,NA,NA,NA,NA,NA,NA,NA,NA,NA,NA,NA,NA,NA,NA,NA,NA,NA,NA,NA,NA,NA,NA,NA,NA,NA,NA,NA,NA,NA,NA,NA,NA,NA,NA,NA,NA,NA,NA,NA,NA,NA,NA,NA,NA,NA,NA,NA,NA,NA,NA,NA,NA,NA,NA,NA,NA,NA,NA,NA,NA,NA,NA,NA,NA,NA,NA,NA,NA,NA,NA,NA,NA,NA,NA,NA,NA,NA,NA,NA,NA,NA,NA,NA,NA,NA,NA,NA,NA,NA
"1.0 (2026-03-05)","doi:10.11587/BA1ORN","080","Person","Brugger","Katrin","weiblich",1974,"ÖVP","Tirol","Landtag","ja","https://www.tiktok.com/@katrinbrugger4u","ja","ja",104,489,71,625,NA,"https://www.tiktok.com/@katrinbrugger4u/video/7499493637861002518",6432,232,2,7,"Privat","nein","leger","nein","ja","nein","nicht erkennbar","nein","https://www.tiktok.com/@katrinbrugger4u/video/7512061464564337942",18100,123,3,16,"Privat","nein","leger","nein","ja","nein","nicht erkennbar","nein","https://www.tiktok.com/@katrinbrugger4u/video/7452679497939160342",1710,68,0,6,"Privat","nein","leger","nein","ja","nein","nicht erkennbar","ja","https://www.tiktok.com/@katrinbrugger4u/video/7508371803727858966",2710,61,1,3,"Privat","nein","leger","nein","ja","nein","nicht erkennbar","nein","https://www.tiktok.com/@katrinbrugger4u/video/7519239368243023126",890,44,1,0,"Privat","nein","leger","nein","ja","nein","nicht erkennbar","nein","https://www.tiktok.com/@katrinbrugger4u/video/7452468185120410902",2301,22,0,0,"Privat","nein","leger","nein","ja","nein","nicht erkennbar","nein","https://www.tiktok.com/@katrinbrugger4u/video/7521785981364686102",1101,20,0,2,"Privat","nein","leger","nein","ja","nein","nicht erkennbar","nein","https://www.tiktok.com/@katrinbrugger4u/video/7453078201783422230",1260,16,1,4,"Privat","nein","leger","nein","ja","nein","nicht erkennbar","nein","https://www.tiktok.com/@katrinbrugger4u/video/7490624916128156950",2401,13,0,3,"Arbeit","nein","formal","nein","ja","nein","nicht erkennbar","nein","https://www.tiktok.com/@katrinbrugger4u/video/7500850660695477527",620,10,0,0,"Privat","nein","leger","nein","ja","nein","nicht erkennbar","nein"
"1.0 (2026-03-05)","doi:10.11587/BA1ORN","081","Person","Brückl","Hermann","männlich",1968,"FPÖ","Österreich","Nationalrat","nein",NA,"ja","ja",NA,NA,NA,NA,NA,NA,NA,NA,NA,NA,NA,NA,NA,NA,NA,NA,NA,NA,NA,NA,NA,NA,NA,NA,NA,NA,NA,NA,NA,NA,NA,NA,NA,NA,NA,NA,NA,NA,NA,NA,NA,NA,NA,NA,NA,NA,NA,NA,NA,NA,NA,NA,NA,NA,NA,NA,NA,NA,NA,NA,NA,NA,NA,NA,NA,NA,NA,NA,NA,NA,NA,NA,NA,NA,NA,NA,NA,NA,NA,NA,NA,NA,NA,NA,NA,NA,NA,NA,NA,NA,NA,NA,NA,NA,NA,NA,NA,NA,NA,NA,NA,NA,NA,NA,NA,NA,NA,NA,NA,NA,NA,NA,NA,NA,NA,NA,NA,NA,NA,NA,NA,NA,NA,NA,NA,NA,NA,NA,NA,NA,NA,NA,NA,NA,NA
"1.0 (2026-03-05)","doi:10.11587/BA1ORN","082","Person","Bures","Doris","weiblich",1962,"SPÖ","Österreich","Nationalrat","nein",NA,"nein","ja",NA,NA,NA,NA,NA,NA,NA,NA,NA,NA,NA,NA,NA,NA,NA,NA,NA,NA,NA,NA,NA,NA,NA,NA,NA,NA,NA,NA,NA,NA,NA,NA,NA,NA,NA,NA,NA,NA,NA,NA,NA,NA,NA,NA,NA,NA,NA,NA,NA,NA,NA,NA,NA,NA,NA,NA,NA,NA,NA,NA,NA,NA,NA,NA,NA,NA,NA,NA,NA,NA,NA,NA,NA,NA,NA,NA,NA,NA,NA,NA,NA,NA,NA,NA,NA,NA,NA,NA,NA,NA,NA,NA,NA,NA,NA,NA,NA,NA,NA,NA,NA,NA,NA,NA,NA,NA,NA,NA,NA,NA,NA,NA,NA,NA,NA,NA,NA,NA,NA,NA,NA,NA,NA,NA,NA,NA,NA,NA,NA,NA,NA,NA,NA,NA,NA
"1.0 (2026-03-05)","doi:10.11587/BA1ORN","083","Person","Burgstaller","Luca","männlich",1995,"SPÖ","Kärnten","Landtag","nein",NA,"ja","ja",NA,NA,NA,NA,NA,NA,NA,NA,NA,NA,NA,NA,NA,NA,NA,NA,NA,NA,NA,NA,NA,NA,NA,NA,NA,NA,NA,NA,NA,NA,NA,NA,NA,NA,NA,NA,NA,NA,NA,NA,NA,NA,NA,NA,NA,NA,NA,NA,NA,NA,NA,NA,NA,NA,NA,NA,NA,NA,NA,NA,NA,NA,NA,NA,NA,NA,NA,NA,NA,NA,NA,NA,NA,NA,NA,NA,NA,NA,NA,NA,NA,NA,NA,NA,NA,NA,NA,NA,NA,NA,NA,NA,NA,NA,NA,NA,NA,NA,NA,NA,NA,NA,NA,NA,NA,NA,NA,NA,NA,NA,NA,NA,NA,NA,NA,NA,NA,NA,NA,NA,NA,NA,NA,NA,NA,NA,NA,NA,NA,NA,NA,NA,NA,NA,NA
"1.0 (2026-03-05)","doi:10.11587/BA1ORN","084","Person","Burian","Lukas","männlich",1981,"NEOS","Wien","Landtag","nein",NA,"ja","ja",NA,NA,NA,NA,NA,NA,NA,NA,NA,NA,NA,NA,NA,NA,NA,NA,NA,NA,NA,NA,NA,NA,NA,NA,NA,NA,NA,NA,NA,NA,NA,NA,NA,NA,NA,NA,NA,NA,NA,NA,NA,NA,NA,NA,NA,NA,NA,NA,NA,NA,NA,NA,NA,NA,NA,NA,NA,NA,NA,NA,NA,NA,NA,NA,NA,NA,NA,NA,NA,NA,NA,NA,NA,NA,NA,NA,NA,NA,NA,NA,NA,NA,NA,NA,NA,NA,NA,NA,NA,NA,NA,NA,NA,NA,NA,NA,NA,NA,NA,NA,NA,NA,NA,NA,NA,NA,NA,NA,NA,NA,NA,NA,NA,NA,NA,NA,NA,NA,NA,NA,NA,NA,NA,NA,NA,NA,NA,NA,NA,NA,NA,NA,NA,NA,NA
"1.0 (2026-03-05)","doi:10.11587/BA1ORN","085","Person","Bussek","Andreas","männlich",1970,"FPÖ","Wien","Landtag","nein",NA,"ja","ja",NA,NA,NA,NA,NA,NA,NA,NA,NA,NA,NA,NA,NA,NA,NA,NA,NA,NA,NA,NA,NA,NA,NA,NA,NA,NA,NA,NA,NA,NA,NA,NA,NA,NA,NA,NA,NA,NA,NA,NA,NA,NA,NA,NA,NA,NA,NA,NA,NA,NA,NA,NA,NA,NA,NA,NA,NA,NA,NA,NA,NA,NA,NA,NA,NA,NA,NA,NA,NA,NA,NA,NA,NA,NA,NA,NA,NA,NA,NA,NA,NA,NA,NA,NA,NA,NA,NA,NA,NA,NA,NA,NA,NA,NA,NA,NA,NA,NA,NA,NA,NA,NA,NA,NA,NA,NA,NA,NA,NA,NA,NA,NA,NA,NA,NA,NA,NA,NA,NA,NA,NA,NA,NA,NA,NA,NA,NA,NA,NA,NA,NA,NA,NA,NA,NA
"1.0 (2026-03-05)","doi:10.11587/BA1ORN","086","Person","Böhm","Elisabeth","weiblich",1969,"SPÖ","Burgenland","Landtag","nein",NA,"ja","ja",NA,NA,NA,NA,NA,NA,NA,NA,NA,NA,NA,NA,NA,NA,NA,NA,NA,NA,NA,NA,NA,NA,NA,NA,NA,NA,NA,NA,NA,NA,NA,NA,NA,NA,NA,NA,NA,NA,NA,NA,NA,NA,NA,NA,NA,NA,NA,NA,NA,NA,NA,NA,NA,NA,NA,NA,NA,NA,NA,NA,NA,NA,NA,NA,NA,NA,NA,NA,NA,NA,NA,NA,NA,NA,NA,NA,NA,NA,NA,NA,NA,NA,NA,NA,NA,NA,NA,NA,NA,NA,NA,NA,NA,NA,NA,NA,NA,NA,NA,NA,NA,NA,NA,NA,NA,NA,NA,NA,NA,NA,NA,NA,NA,NA,NA,NA,NA,NA,NA,NA,NA,NA,NA,NA,NA,NA,NA,NA,NA,NA,NA,NA,NA,NA,NA
"1.0 (2026-03-05)","doi:10.11587/BA1ORN","087","Person","Bösch-Vetter","Christine","weiblich",1982,"GRÜNE","Vorarlberg","Landtag","ja","https://www.tiktok.com/@christine_boesch_vetter","ja","ja",235,621,9,329,NA,"https://www.tiktok.com/@christine_boesch_vetter/video/7390268379141082401",2171,176,0,0,NA,NA,NA,"nein",NA,NA,"nicht erkennbar",NA,"https://www.tiktok.com/@christine_boesch_vetter/video/7372607595648978209",598,39,2,1,"Privat","nein","leger","nein","ja","nein","nicht erkennbar","nein","https://www.tiktok.com/@christine_boesch_vetter/video/7364064296726269217",925,25,1,0,NA,NA,NA,NA,"ja",NA,"nicht erkennbar",NA,"https://www.tiktok.com/@christine_boesch_vetter/video/7370660108004642081",463,22,0,0,NA,NA,NA,NA,"ja",NA,"nicht erkennbar",NA,"https://www.tiktok.com/@christine_boesch_vetter/video/7391853023934352672",387,15,0,0,NA,NA,NA,NA,"ja",NA,"nicht erkennbar",NA,"https://www.tiktok.com/@christine_boesch_vetter/video/7368109530246319393",185,14,0,0,NA,NA,NA,NA,"ja",NA,"nicht erkennbar",NA,"https://www.tiktok.com/@christine_boesch_vetter/video/7371104831638867233",395,13,0,0,NA,NA,NA,NA,"ja",NA,"nicht erkennbar",NA,"https://www.tiktok.com/@christine_boesch_vetter/video/7344004078789250337",959,13,0,0,NA,NA,NA,NA,"ja",NA,"nicht erkennbar",NA,"https://www.tiktok.com/@christine_boesch_vetter/video/7367435836272463136",877,12,0,1,NA,NA,NA,NA,"ja",NA,"nicht erkennbar",NA,NA,NA,NA,NA,NA,NA,NA,NA,NA,NA,NA,NA,NA
"1.0 (2026-03-05)","doi:10.11587/BA1ORN","088","Person","Collini","Indra","weiblich",1970,"NEOS","Niederösterreich","Landtag","nein",NA,"ja","ja",NA,NA,NA,NA,NA,NA,NA,NA,NA,NA,NA,NA,NA,NA,NA,NA,NA,NA,NA,NA,NA,NA,NA,NA,NA,NA,NA,NA,NA,NA,NA,NA,NA,NA,NA,NA,NA,NA,NA,NA,NA,NA,NA,NA,NA,NA,NA,NA,NA,NA,NA,NA,NA,NA,NA,NA,NA,NA,NA,NA,NA,NA,NA,NA,NA,NA,NA,NA,NA,NA,NA,NA,NA,NA,NA,NA,NA,NA,NA,NA,NA,NA,NA,NA,NA,NA,NA,NA,NA,NA,NA,NA,NA,NA,NA,NA,NA,NA,NA,NA,NA,NA,NA,NA,NA,NA,NA,NA,NA,NA,NA,NA,NA,NA,NA,NA,NA,NA,NA,NA,NA,NA,NA,NA,NA,NA,NA,NA,NA,NA,NA,NA,NA,NA,NA
"1.0 (2026-03-05)","doi:10.11587/BA1ORN","089","Person","Czernohorszky","Jürgen","männlich",1977,"SPÖ","Wien","Landesregierung","ja","https://www.tiktok.com/@czernohorszky","ja","ja",3218,375,43,89000,"Wiener Stadtrat für: ️ Klima Umwelt Demokratie ‍ Personal","https://www.tiktok.com/@czernohorszky/video/7094235543692692742",394000,12700,135,642,"Privat","nein","leger","nein","ja","nein","nicht erkennbar","nein","https://www.tiktok.com/@czernohorszky/video/6869830767665548550",45400,11300,112,127,"Privat","nein","leger","nein","nein","nein","nicht erkennbar","nein","https://www.tiktok.com/@czernohorszky/video/6838905435769097477",63000,11200,91,71,"Privat","nein","formal","nein","ja","nein","nicht erkennbar","nein","https://www.tiktok.com/@czernohorszky/video/6906816772947725570",95000,9181,104,798,"Privat","nein","leger","nein","ja","nein","nicht erkennbar","nein","https://www.tiktok.com/@czernohorszky/video/6817722548508249350",153000,7307,225,295,"Privat","nein","formal","nein","ja","nein","nicht erkennbar","nein","https://www.tiktok.com/@czernohorszky/video/6834118155841965317",232100,6691,121,87,"Privat","nein","formal","nein","ja","nein","nicht erkennbar","nein","https://www.tiktok.com/@czernohorszky/video/6847185856894078214",228100,5502,70,20,"Privat","nein","formal","nein","ja","nein","nicht erkennbar","nein","https://www.tiktok.com/@czernohorszky/video/6845181333325614341",169500,5401,90,49,"Privat","nein","formal","nein","ja","nein","nicht erkennbar","nein","https://www.tiktok.com/@czernohorszky/video/6975080658230136070",58100,2475,43,25,"Privat","nein","leger","nein","ja","nein","nicht erkennbar","nein","https://www.tiktok.com/@czernohorszky/video/6813646087694355718",73700,1902,56,5,"Arbeit","nein","formal","nein","ja","nein","nicht erkennbar","nein"
"1.0 (2026-03-05)","doi:10.11587/BA1ORN","090","Person","Dammerer","Silke","weiblich",1981,"ÖVP","Niederösterreich","Landtag","nein",NA,"ja","ja",NA,NA,NA,NA,NA,NA,NA,NA,NA,NA,NA,NA,NA,NA,NA,NA,NA,NA,NA,NA,NA,NA,NA,NA,NA,NA,NA,NA,NA,NA,NA,NA,NA,NA,NA,NA,NA,NA,NA,NA,NA,NA,NA,NA,NA,NA,NA,NA,NA,NA,NA,NA,NA,NA,NA,NA,NA,NA,NA,NA,NA,NA,NA,NA,NA,NA,NA,NA,NA,NA,NA,NA,NA,NA,NA,NA,NA,NA,NA,NA,NA,NA,NA,NA,NA,NA,NA,NA,NA,NA,NA,NA,NA,NA,NA,NA,NA,NA,NA,NA,NA,NA,NA,NA,NA,NA,NA,NA,NA,NA,NA,NA,NA,NA,NA,NA,NA,NA,NA,NA,NA,NA,NA,NA,NA,NA,NA,NA,NA,NA,NA,NA,NA,NA,NA
"1.0 (2026-03-05)","doi:10.11587/BA1ORN","091","Person","Darmann","Gernot","männlich",1975,"FPÖ","Österreich","Nationalrat","ja","https://www.tiktok.com/@gdarmann","ja","ja",21900,2156,184,247800,"Abgeordneter zum Nationalrat | FPÖ Polit Blogger | Jurist Kärnten | Österreich","https://www.tiktok.com/@gdarmann/video/7346249033213676832",266500,20600,1750,4220,"Privat","nein","leger","nein","nein","nein","nicht erkennbar","nein","https://www.tiktok.com/@gdarmann/video/7476865227837934870",183300,7145,610,2900,"Arbeit","nein","leger","nein","nein","nein","nicht erkennbar","nein","https://www.tiktok.com/@gdarmann/video/7477516546504527126",151100,7034,1420,3014,"Arbeit","nein","formal","nein","nein","nein","nicht erkennbar","nein","https://www.tiktok.com/@gdarmann/video/7337331476918291744",59000,6740,734,886,"Privat","nein","leger","nein","nein","nein","nicht erkennbar","nein","https://www.tiktok.com/@gdarmann/video/7188890884405087493",43100,5190,490,160,NA,NA,NA,"nein","ja","nein","erkennbar","nein","https://www.tiktok.com/@gdarmann/video/7375866723834137889",39000,4917,1530,1246,"Privat","nein","formal","nein","nein","nein","nicht erkennbar","nein","https://www.tiktok.com/@gdarmann/video/7448593474145832214",78400,4805,532,780,"Arbeit","nein","formal","nein","nein","nein","nicht erkennbar","nein","https://www.tiktok.com/@gdarmann/video/7376226731285417248",31300,4344,441,359,"Privat","nein","leger","nein","nein","nein","nicht erkennbar","nein","https://www.tiktok.com/@gdarmann/video/7476169586753178902",79700,4120,491,676,"Arbeit","nein","formal","nein","nein","nein","nicht erkennbar","nein","https://www.tiktok.com/@gdarmann/video/7405161535477239073",197400,4120,265,286,"Privat","nein","leger","nein","ja","nein","nicht erkennbar","nein"
"1.0 (2026-03-05)","doi:10.11587/BA1ORN","092","Person","Dax","Christian","männlich",1988,"SPÖ","Burgenland","Landtag","nein",NA,"ja","ja",NA,NA,NA,NA,NA,NA,NA,NA,NA,NA,NA,NA,NA,NA,NA,NA,NA,NA,NA,NA,NA,NA,NA,NA,NA,NA,NA,NA,NA,NA,NA,NA,NA,NA,NA,NA,NA,NA,NA,NA,NA,NA,NA,NA,NA,NA,NA,NA,NA,NA,NA,NA,NA,NA,NA,NA,NA,NA,NA,NA,NA,NA,NA,NA,NA,NA,NA,NA,NA,NA,NA,NA,NA,NA,NA,NA,NA,NA,NA,NA,NA,NA,NA,NA,NA,NA,NA,NA,NA,NA,NA,NA,NA,NA,NA,NA,NA,NA,NA,NA,NA,NA,NA,NA,NA,NA,NA,NA,NA,NA,NA,NA,NA,NA,NA,NA,NA,NA,NA,NA,NA,NA,NA,NA,NA,NA,NA,NA,NA,NA,NA,NA,NA,NA,NA
"1.0 (2026-03-05)","doi:10.11587/BA1ORN","093","Person","Deckenbacher","Romana","weiblich",1967,"ÖVP","Österreich","Nationalrat","nein",NA,"ja","ja",NA,NA,NA,NA,NA,NA,NA,NA,NA,NA,NA,NA,NA,NA,NA,NA,NA,NA,NA,NA,NA,NA,NA,NA,NA,NA,NA,NA,NA,NA,NA,NA,NA,NA,NA,NA,NA,NA,NA,NA,NA,NA,NA,NA,NA,NA,NA,NA,NA,NA,NA,NA,NA,NA,NA,NA,NA,NA,NA,NA,NA,NA,NA,NA,NA,NA,NA,NA,NA,NA,NA,NA,NA,NA,NA,NA,NA,NA,NA,NA,NA,NA,NA,NA,NA,NA,NA,NA,NA,NA,NA,NA,NA,NA,NA,NA,NA,NA,NA,NA,NA,NA,NA,NA,NA,NA,NA,NA,NA,NA,NA,NA,NA,NA,NA,NA,NA,NA,NA,NA,NA,NA,NA,NA,NA,NA,NA,NA,NA,NA,NA,NA,NA,NA,NA
"1.0 (2026-03-05)","doi:10.11587/BA1ORN","094","Person","Deimek","Gerhard","männlich",1963,"FPÖ","Österreich","Nationalrat","nein",NA,"ja","ja",NA,NA,NA,NA,NA,NA,NA,NA,NA,NA,NA,NA,NA,NA,NA,NA,NA,NA,NA,NA,NA,NA,NA,NA,NA,NA,NA,NA,NA,NA,NA,NA,NA,NA,NA,NA,NA,NA,NA,NA,NA,NA,NA,NA,NA,NA,NA,NA,NA,NA,NA,NA,NA,NA,NA,NA,NA,NA,NA,NA,NA,NA,NA,NA,NA,NA,NA,NA,NA,NA,NA,NA,NA,NA,NA,NA,NA,NA,NA,NA,NA,NA,NA,NA,NA,NA,NA,NA,NA,NA,NA,NA,NA,NA,NA,NA,NA,NA,NA,NA,NA,NA,NA,NA,NA,NA,NA,NA,NA,NA,NA,NA,NA,NA,NA,NA,NA,NA,NA,NA,NA,NA,NA,NA,NA,NA,NA,NA,NA,NA,NA,NA,NA,NA,NA
"1.0 (2026-03-05)","doi:10.11587/BA1ORN","095","Person","Della Rossa","Antonio","männlich",1982,"SPÖ","Österreich","Nationalrat","nein",NA,"ja","ja",NA,NA,NA,NA,NA,NA,NA,NA,NA,NA,NA,NA,NA,NA,NA,NA,NA,NA,NA,NA,NA,NA,NA,NA,NA,NA,NA,NA,NA,NA,NA,NA,NA,NA,NA,NA,NA,NA,NA,NA,NA,NA,NA,NA,NA,NA,NA,NA,NA,NA,NA,NA,NA,NA,NA,NA,NA,NA,NA,NA,NA,NA,NA,NA,NA,NA,NA,NA,NA,NA,NA,NA,NA,NA,NA,NA,NA,NA,NA,NA,NA,NA,NA,NA,NA,NA,NA,NA,NA,NA,NA,NA,NA,NA,NA,NA,NA,NA,NA,NA,NA,NA,NA,NA,NA,NA,NA,NA,NA,NA,NA,NA,NA,NA,NA,NA,NA,NA,NA,NA,NA,NA,NA,NA,NA,NA,NA,NA,NA,NA,NA,NA,NA,NA,NA
"1.0 (2026-03-05)","doi:10.11587/BA1ORN","096","Person","Dengler","Veit Valentin","männlich",1968,"NEOS","Österreich","Nationalrat","nein",NA,"ja","ja",NA,NA,NA,NA,NA,NA,NA,NA,NA,NA,NA,NA,NA,NA,NA,NA,NA,NA,NA,NA,NA,NA,NA,NA,NA,NA,NA,NA,NA,NA,NA,NA,NA,NA,NA,NA,NA,NA,NA,NA,NA,NA,NA,NA,NA,NA,NA,NA,NA,NA,NA,NA,NA,NA,NA,NA,NA,NA,NA,NA,NA,NA,NA,NA,NA,NA,NA,NA,NA,NA,NA,NA,NA,NA,NA,NA,NA,NA,NA,NA,NA,NA,NA,NA,NA,NA,NA,NA,NA,NA,NA,NA,NA,NA,NA,NA,NA,NA,NA,NA,NA,NA,NA,NA,NA,NA,NA,NA,NA,NA,NA,NA,NA,NA,NA,NA,NA,NA,NA,NA,NA,NA,NA,NA,NA,NA,NA,NA,NA,NA,NA,NA,NA,NA,NA
"1.0 (2026-03-05)","doi:10.11587/BA1ORN","097","Person","Derler","Patrick","männlich",1986,"FPÖ","Steiermark","Landtag","nein",NA,"ja","ja",NA,NA,NA,NA,NA,NA,NA,NA,NA,NA,NA,NA,NA,NA,NA,NA,NA,NA,NA,NA,NA,NA,NA,NA,NA,NA,NA,NA,NA,NA,NA,NA,NA,NA,NA,NA,NA,NA,NA,NA,NA,NA,NA,NA,NA,NA,NA,NA,NA,NA,NA,NA,NA,NA,NA,NA,NA,NA,NA,NA,NA,NA,NA,NA,NA,NA,NA,NA,NA,NA,NA,NA,NA,NA,NA,NA,NA,NA,NA,NA,NA,NA,NA,NA,NA,NA,NA,NA,NA,NA,NA,NA,NA,NA,NA,NA,NA,NA,NA,NA,NA,NA,NA,NA,NA,NA,NA,NA,NA,NA,NA,NA,NA,NA,NA,NA,NA,NA,NA,NA,NA,NA,NA,NA,NA,NA,NA,NA,NA,NA,NA,NA,NA,NA,NA
"1.0 (2026-03-05)","doi:10.11587/BA1ORN","098","Person","Deutsch","Christian","männlich",1962,"SPÖ","Wien","Landtag","nein",NA,"nein","ja",NA,NA,NA,NA,NA,NA,NA,NA,NA,NA,NA,NA,NA,NA,NA,NA,NA,NA,NA,NA,NA,NA,NA,NA,NA,NA,NA,NA,NA,NA,NA,NA,NA,NA,NA,NA,NA,NA,NA,NA,NA,NA,NA,NA,NA,NA,NA,NA,NA,NA,NA,NA,NA,NA,NA,NA,NA,NA,NA,NA,NA,NA,NA,NA,NA,NA,NA,NA,NA,NA,NA,NA,NA,NA,NA,NA,NA,NA,NA,NA,NA,NA,NA,NA,NA,NA,NA,NA,NA,NA,NA,NA,NA,NA,NA,NA,NA,NA,NA,NA,NA,NA,NA,NA,NA,NA,NA,NA,NA,NA,NA,NA,NA,NA,NA,NA,NA,NA,NA,NA,NA,NA,NA,NA,NA,NA,NA,NA,NA,NA,NA,NA,NA,NA,NA
"1.0 (2026-03-05)","doi:10.11587/BA1ORN","099","Person","Deutsch","Julia","weiblich",1994,"NEOS","Österreich","Bundesrat","nein",NA,"ja","ja",NA,NA,NA,NA,NA,NA,NA,NA,NA,NA,NA,NA,NA,NA,NA,NA,NA,NA,NA,NA,NA,NA,NA,NA,NA,NA,NA,NA,NA,NA,NA,NA,NA,NA,NA,NA,NA,NA,NA,NA,NA,NA,NA,NA,NA,NA,NA,NA,NA,NA,NA,NA,NA,NA,NA,NA,NA,NA,NA,NA,NA,NA,NA,NA,NA,NA,NA,NA,NA,NA,NA,NA,NA,NA,NA,NA,NA,NA,NA,NA,NA,NA,NA,NA,NA,NA,NA,NA,NA,NA,NA,NA,NA,NA,NA,NA,NA,NA,NA,NA,NA,NA,NA,NA,NA,NA,NA,NA,NA,NA,NA,NA,NA,NA,NA,NA,NA,NA,NA,NA,NA,NA,NA,NA,NA,NA,NA,NA,NA,NA,NA,NA,NA,NA,NA
"1.0 (2026-03-05)","doi:10.11587/BA1ORN","100","Person","Deutschmann","Gerald","männlich",1958,"FPÖ","Steiermark","Landtag","nein",NA,"nein","nein",NA,NA,NA,NA,NA,NA,NA,NA,NA,NA,NA,NA,NA,NA,NA,NA,NA,NA,NA,NA,NA,NA,NA,NA,NA,NA,NA,NA,NA,NA,NA,NA,NA,NA,NA,NA,NA,NA,NA,NA,NA,NA,NA,NA,NA,NA,NA,NA,NA,NA,NA,NA,NA,NA,NA,NA,NA,NA,NA,NA,NA,NA,NA,NA,NA,NA,NA,NA,NA,NA,NA,NA,NA,NA,NA,NA,NA,NA,NA,NA,NA,NA,NA,NA,NA,NA,NA,NA,NA,NA,NA,NA,NA,NA,NA,NA,NA,NA,NA,NA,NA,NA,NA,NA,NA,NA,NA,NA,NA,NA,NA,NA,NA,NA,NA,NA,NA,NA,NA,NA,NA,NA,NA,NA,NA,NA,NA,NA,NA,NA,NA,NA,NA,NA,NA
"1.0 (2026-03-05)","doi:10.11587/BA1ORN","101","Person","Di Bernardo","Markus","männlich",1990,"FPÖ","Kärnten","Landtag","ja","https://www.tiktok.com/@markusdibernardo","ja","ja",1405,385,56,8265,"ehrlich kritisch sozial","https://www.tiktok.com/@markusdibernardo/video/7400071526566939936",83300,3842,490,632,"Arbeit","nein","formal","ja","ja","nein","erkennbar","nein","https://www.tiktok.com/@markusdibernardo/video/7471758935649733910",12800,578,105,40,NA,NA,NA,"nein","ja","nein","nicht erkennbar","nein","https://www.tiktok.com/@markusdibernardo/video/7483977054585785623",8170,343,41,36,"Arbeit","nein","formal","nein","nein","nein","nicht erkennbar","nein","https://www.tiktok.com/@markusdibernardo/video/7252209358849854747",3704,235,5,8,"Privat","nein","formal","nein","nein","nein","erkennbar","nein","https://www.tiktok.com/@markusdibernardo/video/7535157099429416214",2320,226,19,8,"Arbeit","nein","formal","nein","ja","nein","erkennbar","nein","https://www.tiktok.com/@markusdibernardo/video/7441946081367182625",2590,224,20,12,"Arbeit","nein","formal","nein","ja","nein","nicht erkennbar","nein","https://www.tiktok.com/@markusdibernardo/video/7203026832046755078",11800,218,96,42,"Arbeit","nein","formal","nein","nein","nein","nicht erkennbar","nein","https://www.tiktok.com/@markusdibernardo/video/7204414356824542470",9320,207,88,37,"Arbeit","nein","formal","nein","nein","nein","nicht erkennbar","nein","https://www.tiktok.com/@markusdibernardo/video/7406407861057719585",1162,161,19,2,NA,NA,NA,"nein","ja","nein","erkennbar","nein","https://www.tiktok.com/@markusdibernardo/video/7528177133982600470",2363,151,15,14,"Arbeit","nein","formal","nein","nein","nein","erkennbar","nein"
"1.0 (2026-03-05)","doi:10.11587/BA1ORN","102","Person","Dieringer-Granza","Elisabeth","weiblich",1974,"FPÖ","EU","EP","nein",NA,"ja","ja",NA,NA,NA,NA,NA,NA,NA,NA,NA,NA,NA,NA,NA,NA,NA,NA,NA,NA,NA,NA,NA,NA,NA,NA,NA,NA,NA,NA,NA,NA,NA,NA,NA,NA,NA,NA,NA,NA,NA,NA,NA,NA,NA,NA,NA,NA,NA,NA,NA,NA,NA,NA,NA,NA,NA,NA,NA,NA,NA,NA,NA,NA,NA,NA,NA,NA,NA,NA,NA,NA,NA,NA,NA,NA,NA,NA,NA,NA,NA,NA,NA,NA,NA,NA,NA,NA,NA,NA,NA,NA,NA,NA,NA,NA,NA,NA,NA,NA,NA,NA,NA,NA,NA,NA,NA,NA,NA,NA,NA,NA,NA,NA,NA,NA,NA,NA,NA,NA,NA,NA,NA,NA,NA,NA,NA,NA,NA,NA,NA,NA,NA,NA,NA,NA,NA
"1.0 (2026-03-05)","doi:10.11587/BA1ORN","103","Person","Diesner-Wais","Martina","weiblich",1968,"ÖVP","Österreich","Nationalrat","nein",NA,"ja","ja",NA,NA,NA,NA,NA,NA,NA,NA,NA,NA,NA,NA,NA,NA,NA,NA,NA,NA,NA,NA,NA,NA,NA,NA,NA,NA,NA,NA,NA,NA,NA,NA,NA,NA,NA,NA,NA,NA,NA,NA,NA,NA,NA,NA,NA,NA,NA,NA,NA,NA,NA,NA,NA,NA,NA,NA,NA,NA,NA,NA,NA,NA,NA,NA,NA,NA,NA,NA,NA,NA,NA,NA,NA,NA,NA,NA,NA,NA,NA,NA,NA,NA,NA,NA,NA,NA,NA,NA,NA,NA,NA,NA,NA,NA,NA,NA,NA,NA,NA,NA,NA,NA,NA,NA,NA,NA,NA,NA,NA,NA,NA,NA,NA,NA,NA,NA,NA,NA,NA,NA,NA,NA,NA,NA,NA,NA,NA,NA,NA,NA,NA,NA,NA,NA,NA
"1.0 (2026-03-05)","doi:10.11587/BA1ORN","104","Person","Dim","Thomas","männlich",1964,"FPÖ","Oberösterreich","Landtag","nein",NA,"ja","ja",NA,NA,NA,NA,NA,NA,NA,NA,NA,NA,NA,NA,NA,NA,NA,NA,NA,NA,NA,NA,NA,NA,NA,NA,NA,NA,NA,NA,NA,NA,NA,NA,NA,NA,NA,NA,NA,NA,NA,NA,NA,NA,NA,NA,NA,NA,NA,NA,NA,NA,NA,NA,NA,NA,NA,NA,NA,NA,NA,NA,NA,NA,NA,NA,NA,NA,NA,NA,NA,NA,NA,NA,NA,NA,NA,NA,NA,NA,NA,NA,NA,NA,NA,NA,NA,NA,NA,NA,NA,NA,NA,NA,NA,NA,NA,NA,NA,NA,NA,NA,NA,NA,NA,NA,NA,NA,NA,NA,NA,NA,NA,NA,NA,NA,NA,NA,NA,NA,NA,NA,NA,NA,NA,NA,NA,NA,NA,NA,NA,NA,NA,NA,NA,NA,NA
"1.0 (2026-03-05)","doi:10.11587/BA1ORN","105","Person","Dinhobl","Franz","männlich",1961,"ÖVP","Niederösterreich","Landtag","nein",NA,"ja","ja",NA,NA,NA,NA,NA,NA,NA,NA,NA,NA,NA,NA,NA,NA,NA,NA,NA,NA,NA,NA,NA,NA,NA,NA,NA,NA,NA,NA,NA,NA,NA,NA,NA,NA,NA,NA,NA,NA,NA,NA,NA,NA,NA,NA,NA,NA,NA,NA,NA,NA,NA,NA,NA,NA,NA,NA,NA,NA,NA,NA,NA,NA,NA,NA,NA,NA,NA,NA,NA,NA,NA,NA,NA,NA,NA,NA,NA,NA,NA,NA,NA,NA,NA,NA,NA,NA,NA,NA,NA,NA,NA,NA,NA,NA,NA,NA,NA,NA,NA,NA,NA,NA,NA,NA,NA,NA,NA,NA,NA,NA,NA,NA,NA,NA,NA,NA,NA,NA,NA,NA,NA,NA,NA,NA,NA,NA,NA,NA,NA,NA,NA,NA,NA,NA,NA
"1.0 (2026-03-05)","doi:10.11587/BA1ORN","106","Person","Disoski","Meri","weiblich",1982,"GRÜNE","Österreich","Nationalrat","ja","https://www.tiktok.com/@meri_disoski","ja","nein",2916,754,134,82700,"Sprecherin für Europa- & Außenpolitik, Frauen & Gleichstellung @Die Grünen","https://www.tiktok.com/@meri_disoski/video/7475090661578935574",252100,31400,1968,665,"Privat","nein","leger","nein","ja","nein","erkennbar","nein","https://www.tiktok.com/@meri_disoski/video/7584909480077331734",132000,14700,320,932,"Arbeit","nein","leger","nein","ja","nein","erkennbar","nein","https://www.tiktok.com/@meri_disoski/video/7246473866942418203",39200,6873,212,464,"Arbeit","nein","formal","nein","nein","nein","nicht erkennbar","nein","https://www.tiktok.com/@meri_disoski/video/7245021381665082651",34100,4930,335,269,"Arbeit","nein","formal","nein","nein","nein","nicht erkennbar","nein","https://www.tiktok.com/@meri_disoski/video/7462821095322782978",34400,3216,460,294,"Arbeit","nein","formal","nein","nein","nein","erkennbar","nein","https://www.tiktok.com/@meri_disoski/video/7195601098529459462",22600,2689,57,119,"Arbeit","nein","formal","nein","ja","nein","erkennbar","nein","https://www.tiktok.com/@meri_disoski/video/7483974780245363990",22400,1892,83,56,"Privat","nein","leger","nein","ja","nein","nicht erkennbar","nein","https://www.tiktok.com/@meri_disoski/video/7192351323851885830",3611,1305,171,433,"Arbeit","nein","formal","nein","ja","nein","erkennbar","nein","https://www.tiktok.com/@meri_disoski/video/7254456647236554010",13600,1201,66,60,"Arbeit","nein","formal","nein","nein","nein","erkennbar","nein","https://www.tiktok.com/@meri_disoski/video/7400442822018616608",9130,905,217,15,"Privat","nein","leger","nein","nein","nein","erkennbar","nein"
"1.0 (2026-03-05)","doi:10.11587/BA1ORN","107","Person","Dolesch","Jürgen","männlich",1977,"SPÖ","Burgenland","Landtag","nein",NA,"ja","ja",NA,NA,NA,NA,NA,NA,NA,NA,NA,NA,NA,NA,NA,NA,NA,NA,NA,NA,NA,NA,NA,NA,NA,NA,NA,NA,NA,NA,NA,NA,NA,NA,NA,NA,NA,NA,NA,NA,NA,NA,NA,NA,NA,NA,NA,NA,NA,NA,NA,NA,NA,NA,NA,NA,NA,NA,NA,NA,NA,NA,NA,NA,NA,NA,NA,NA,NA,NA,NA,NA,NA,NA,NA,NA,NA,NA,NA,NA,NA,NA,NA,NA,NA,NA,NA,NA,NA,NA,NA,NA,NA,NA,NA,NA,NA,NA,NA,NA,NA,NA,NA,NA,NA,NA,NA,NA,NA,NA,NA,NA,NA,NA,NA,NA,NA,NA,NA,NA,NA,NA,NA,NA,NA,NA,NA,NA,NA,NA,NA,NA,NA,NA,NA,NA,NA
"1.0 (2026-03-05)","doi:10.11587/BA1ORN","108","Person","Dolesch","Wolfgang","männlich",1970,"SPÖ","Steiermark","Landtag","nein",NA,"nein","ja",NA,NA,NA,NA,NA,NA,NA,NA,NA,NA,NA,NA,NA,NA,NA,NA,NA,NA,NA,NA,NA,NA,NA,NA,NA,NA,NA,NA,NA,NA,NA,NA,NA,NA,NA,NA,NA,NA,NA,NA,NA,NA,NA,NA,NA,NA,NA,NA,NA,NA,NA,NA,NA,NA,NA,NA,NA,NA,NA,NA,NA,NA,NA,NA,NA,NA,NA,NA,NA,NA,NA,NA,NA,NA,NA,NA,NA,NA,NA,NA,NA,NA,NA,NA,NA,NA,NA,NA,NA,NA,NA,NA,NA,NA,NA,NA,NA,NA,NA,NA,NA,NA,NA,NA,NA,NA,NA,NA,NA,NA,NA,NA,NA,NA,NA,NA,NA,NA,NA,NA,NA,NA,NA,NA,NA,NA,NA,NA,NA,NA,NA,NA,NA,NA,NA
"1.0 (2026-03-05)","doi:10.11587/BA1ORN","109","Person","Dollinger","Karin","weiblich",1969,"SPÖ","Salzburg","Landtag","ja","https://www.tiktok.com/@karindollinger","ja","ja",434,965,2,118,"SPÖ-Landtags-Abg.Sbg: Frauen,Raumordnung,Land-/ForstWS,Natur-/Umwelt-/Tierschutz","https://www.tiktok.com/@karindollinger/video/7110551666465803526",1046,62,2,1,"Privat","ja","leger","nein","ja","nein","erkennbar","nein","https://www.tiktok.com/@karindollinger/video/7113128655127121157",604,56,3,2,"Privat","ja","leger","nein","nein","nein","nicht erkennbar","nein",NA,NA,NA,NA,NA,NA,NA,NA,NA,NA,NA,NA,NA,NA,NA,NA,NA,NA,NA,NA,NA,NA,NA,NA,NA,NA,NA,NA,NA,NA,NA,NA,NA,NA,NA,NA,NA,NA,NA,NA,NA,NA,NA,NA,NA,NA,NA,NA,NA,NA,NA,NA,NA,NA,NA,NA,NA,NA,NA,NA,NA,NA,NA,NA,NA,NA,NA,NA,NA,NA,NA,NA,NA,NA,NA,NA,NA,NA,NA,NA,NA,NA,NA,NA,NA,NA,NA,NA,NA,NA,NA,NA,NA,NA,NA,NA,NA,NA,NA,NA,NA,NA,NA,NA
"1.0 (2026-03-05)","doi:10.11587/BA1ORN","110","Person","Doppelbauer","Karin","weiblich",1975,"NEOS","Österreich","Nationalrat","nein",NA,"ja","ja",NA,NA,NA,NA,NA,NA,NA,NA,NA,NA,NA,NA,NA,NA,NA,NA,NA,NA,NA,NA,NA,NA,NA,NA,NA,NA,NA,NA,NA,NA,NA,NA,NA,NA,NA,NA,NA,NA,NA,NA,NA,NA,NA,NA,NA,NA,NA,NA,NA,NA,NA,NA,NA,NA,NA,NA,NA,NA,NA,NA,NA,NA,NA,NA,NA,NA,NA,NA,NA,NA,NA,NA,NA,NA,NA,NA,NA,NA,NA,NA,NA,NA,NA,NA,NA,NA,NA,NA,NA,NA,NA,NA,NA,NA,NA,NA,NA,NA,NA,NA,NA,NA,NA,NA,NA,NA,NA,NA,NA,NA,NA,NA,NA,NA,NA,NA,NA,NA,NA,NA,NA,NA,NA,NA,NA,NA,NA,NA,NA,NA,NA,NA,NA,NA,NA
"1.0 (2026-03-05)","doi:10.11587/BA1ORN","111","Person","Dornauer","Georg","männlich",1983,"parteilos","Tirol","Landtag","ja","https://www.tiktok.com/@georg.dornauer","ja","ja",1465,1037,37,3954,"Vorsitzender der SPÖ Tirol . Landeshauptmann-Stellvertreter","https://www.tiktok.com/@georg.dornauer/video/7384781805481741601",16300,382,8,50,"Privat","nein","formal","nein","nein","nein","nicht erkennbar","nein","https://www.tiktok.com/@georg.dornauer/video/7239786699113516314",16900,273,6,56,"Privat","nein","formal","nein","nein","nein","nicht erkennbar","nein","https://www.tiktok.com/@georg.dornauer/video/7367324089331076385",17300,211,6,10,"Privat","nein","leger","nein","ja","nein","nicht erkennbar","nein","https://www.tiktok.com/@georg.dornauer/video/7289902700639178016",14500,172,7,15,"Privat","nein","formal","nein","ja","nein","nicht erkennbar","nein","https://www.tiktok.com/@georg.dornauer/video/7265706360254237984",13500,166,4,20,"Arbeit","nein","formal","nein","ja","nein","erkennbar","nein","https://www.tiktok.com/@georg.dornauer/video/7146114574901693701",8420,143,2,9,"Arbeit","nein","formal","nein","ja","nein","erkennbar","nein","https://www.tiktok.com/@georg.dornauer/video/7182895493150756102",4859,142,1,7,"Privat","nein","formal","nein","ja","nein","erkennbar","ja","https://www.tiktok.com/@georg.dornauer/video/7129041297209445637",5610,141,4,17,"Privat","nein","leger","nein","ja","nein","erkennbar","nein","https://www.tiktok.com/@georg.dornauer/video/7225209369137368347",5394,139,2,15,"Privat","nein","formal","nein","ja","nein","nicht erkennbar","nein","https://www.tiktok.com/@georg.dornauer/video/7133928043894131974",6024,133,4,8,"Privat","nein","formal","nein","ja","nein","nicht erkennbar","nein"
"1.0 (2026-03-05)","doi:10.11587/BA1ORN","112","Person","Dorner","Heinrich","männlich",1981,"SPÖ","Burgenland","Landesregierung","nein",NA,"ja","ja",NA,NA,NA,NA,NA,NA,NA,NA,NA,NA,NA,NA,NA,NA,NA,NA,NA,NA,NA,NA,NA,NA,NA,NA,NA,NA,NA,NA,NA,NA,NA,NA,NA,NA,NA,NA,NA,NA,NA,NA,NA,NA,NA,NA,NA,NA,NA,NA,NA,NA,NA,NA,NA,NA,NA,NA,NA,NA,NA,NA,NA,NA,NA,NA,NA,NA,NA,NA,NA,NA,NA,NA,NA,NA,NA,NA,NA,NA,NA,NA,NA,NA,NA,NA,NA,NA,NA,NA,NA,NA,NA,NA,NA,NA,NA,NA,NA,NA,NA,NA,NA,NA,NA,NA,NA,NA,NA,NA,NA,NA,NA,NA,NA,NA,NA,NA,NA,NA,NA,NA,NA,NA,NA,NA,NA,NA,NA,NA,NA,NA,NA,NA,NA,NA,NA
"1.0 (2026-03-05)","doi:10.11587/BA1ORN","113","Person","Dorner","Dieter","männlich",1967,"FPÖ","Niederösterreich","Landtag","nein",NA,"ja","ja",NA,NA,NA,NA,NA,NA,NA,NA,NA,NA,NA,NA,NA,NA,NA,NA,NA,NA,NA,NA,NA,NA,NA,NA,NA,NA,NA,NA,NA,NA,NA,NA,NA,NA,NA,NA,NA,NA,NA,NA,NA,NA,NA,NA,NA,NA,NA,NA,NA,NA,NA,NA,NA,NA,NA,NA,NA,NA,NA,NA,NA,NA,NA,NA,NA,NA,NA,NA,NA,NA,NA,NA,NA,NA,NA,NA,NA,NA,NA,NA,NA,NA,NA,NA,NA,NA,NA,NA,NA,NA,NA,NA,NA,NA,NA,NA,NA,NA,NA,NA,NA,NA,NA,NA,NA,NA,NA,NA,NA,NA,NA,NA,NA,NA,NA,NA,NA,NA,NA,NA,NA,NA,NA,NA,NA,NA,NA,NA,NA,NA,NA,NA,NA,NA,NA
"1.0 (2026-03-05)","doi:10.11587/BA1ORN","114","Person","Doskozil","Hans Peter","männlich",1970,"SPÖ","Burgenland","Landesregierung","ja","https://www.tiktok.com/@teamdoskozil","ja","ja",1246,993,239,65900,"Austria | Burgenland","https://www.tiktok.com/@teamdoskozil/photo/7312175753322368289?is_from_webapp=1&sender_device=pc&web_id=7571410377348728342",456900,29100,3610,496,"Privat","ja","leger","nein","ja","nein","nicht erkennbar","ja","https://www.tiktok.com/@teamdoskozil/video/7388151377735830816?is_from_webapp=1&sender_device=pc&web_id=7571410377348728342",31300,2606,10,454,"Privat","ja","leger","nein","ja","nein","nicht erkennbar","nein","https://www.tiktok.com/@teamdoskozil/video/7326961449291517217?is_from_webapp=1&sender_device=pc&web_id=7571410377348728342",41800,2406,85,134,"Privat","nein","leger","nein","ja","nein","nicht erkennbar","ja","https://www.tiktok.com/@teamdoskozil/video/7218572750275743003?is_from_webapp=1&sender_device=pc&web_id=7571410377348728342",71200,2149,13,1144,"Arbeit","nein","formal","nein","nein","nein","nicht erkennbar","ja","https://www.tiktok.com/@teamdoskozil/video/7302115067393264929?is_from_webapp=1&sender_device=pc&web_id=7571410377348728342",69500,1806,428,65,"Privat","ja","leger","nein","ja","nein","nicht erkennbar","nein","https://www.tiktok.com/@teamdoskozil/video/7292086248796196128?is_from_webapp=1&sender_device=pc&web_id=7571410377348728342",11100,1704,36,51,"Privat","nein","leger","nein","ja","nein","nicht erkennbar","ja","https://www.tiktok.com/@teamdoskozil/photo/7324694519532817697?is_from_webapp=1&sender_device=pc&web_id=7571410377348728342",15100,1685,24,35,"Privat","ja","leger","nein","ja","nein","nicht erkennbar","ja","https://www.tiktok.com/@teamdoskozil/video/7451585291896278294?is_from_webapp=1&sender_device=pc&web_id=7571410377348728342",53300,1385,53,172,"Privat","nein","formal","nein","nein","nein","erkennbar","nein","https://www.tiktok.com/@teamdoskozil/video/7286402096100936993?is_from_webapp=1&sender_device=pc&web_id=7571410377348728342",32600,1055,18,180,"Privat","ja","leger","nein","nein","nein","erkennbar","nein","https://www.tiktok.com/@teamdoskozil/photo/7299192600928537888?is_from_webapp=1&sender_device=pc&web_id=7571410377348728342",33700,984,470,11,"Privat","ja","leger","nein","ja","nein","erkennbar","ja"
"1.0 (2026-03-05)","doi:10.11587/BA1ORN","115","Person","Doğan","Cenk","männlich",1992,"ÖVP","Vorarlberg","Landtag","nein",NA,"ja","nein",NA,NA,NA,NA,NA,NA,NA,NA,NA,NA,NA,NA,NA,NA,NA,NA,NA,NA,NA,NA,NA,NA,NA,NA,NA,NA,NA,NA,NA,NA,NA,NA,NA,NA,NA,NA,NA,NA,NA,NA,NA,NA,NA,NA,NA,NA,NA,NA,NA,NA,NA,NA,NA,NA,NA,NA,NA,NA,NA,NA,NA,NA,NA,NA,NA,NA,NA,NA,NA,NA,NA,NA,NA,NA,NA,NA,NA,NA,NA,NA,NA,NA,NA,NA,NA,NA,NA,NA,NA,NA,NA,NA,NA,NA,NA,NA,NA,NA,NA,NA,NA,NA,NA,NA,NA,NA,NA,NA,NA,NA,NA,NA,NA,NA,NA,NA,NA,NA,NA,NA,NA,NA,NA,NA,NA,NA,NA,NA,NA,NA,NA,NA,NA,NA,NA
"1.0 (2026-03-05)","doi:10.11587/BA1ORN","116","Person","Drexler","Christopher","männlich",1971,"ÖVP","Steiermark","Landtag","nein",NA,"ja","ja",NA,NA,NA,NA,NA,NA,NA,NA,NA,NA,NA,NA,NA,NA,NA,NA,NA,NA,NA,NA,NA,NA,NA,NA,NA,NA,NA,NA,NA,NA,NA,NA,NA,NA,NA,NA,NA,NA,NA,NA,NA,NA,NA,NA,NA,NA,NA,NA,NA,NA,NA,NA,NA,NA,NA,NA,NA,NA,NA,NA,NA,NA,NA,NA,NA,NA,NA,NA,NA,NA,NA,NA,NA,NA,NA,NA,NA,NA,NA,NA,NA,NA,NA,NA,NA,NA,NA,NA,NA,NA,NA,NA,NA,NA,NA,NA,NA,NA,NA,NA,NA,NA,NA,NA,NA,NA,NA,NA,NA,NA,NA,NA,NA,NA,NA,NA,NA,NA,NA,NA,NA,NA,NA,NA,NA,NA,NA,NA,NA,NA,NA,NA,NA,NA,NA
"1.0 (2026-03-05)","doi:10.11587/BA1ORN","117","Person","Drobits","Christian","männlich",1968,"SPÖ","Burgenland","Landtag","nein",NA,"ja","ja",NA,NA,NA,NA,NA,NA,NA,NA,NA,NA,NA,NA,NA,NA,NA,NA,NA,NA,NA,NA,NA,NA,NA,NA,NA,NA,NA,NA,NA,NA,NA,NA,NA,NA,NA,NA,NA,NA,NA,NA,NA,NA,NA,NA,NA,NA,NA,NA,NA,NA,NA,NA,NA,NA,NA,NA,NA,NA,NA,NA,NA,NA,NA,NA,NA,NA,NA,NA,NA,NA,NA,NA,NA,NA,NA,NA,NA,NA,NA,NA,NA,NA,NA,NA,NA,NA,NA,NA,NA,NA,NA,NA,NA,NA,NA,NA,NA,NA,NA,NA,NA,NA,NA,NA,NA,NA,NA,NA,NA,NA,NA,NA,NA,NA,NA,NA,NA,NA,NA,NA,NA,NA,NA,NA,NA,NA,NA,NA,NA,NA,NA,NA,NA,NA,NA
"1.0 (2026-03-05)","doi:10.11587/BA1ORN","118","Person","Duzdar","Muna","weiblich",1978,"SPÖ","Österreich","Nationalrat","ja","https://www.tiktok.com/@muna.duzdar","ja","ja",1080,551,49,4723,"Politikerin | Anwältin | Feministin Für Frieden & Gerechtigkeit","https://www.tiktok.com/@muna.duzdar/video/7525744273011051798?is_from_webapp=1&sender_device=pc",9042,536,6,18,"Privat","nein","formal","nein","nein","nein","nicht erkennbar","nein","https://www.tiktok.com/@muna.duzdar/video/7510677633001131286",7023,476,31,29,"Arbeit","nein","formal","nein","nein","nein","nicht erkennbar","nein","https://www.tiktok.com/@muna.duzdar/video/7384813301546454305",7043,370,1,42,"Arbeit","ja","formal","nein","nein","nein","nicht erkennbar","nein","https://www.tiktok.com/@muna.duzdar/video/7419612744250363169",4869,179,29,3,"Privat","nein","formal","ja","ja","nein","erkennbar","nein","https://www.tiktok.com/@muna.duzdar/video/7505090844530052374",9733,170,8,14,"Arbeit","nein","formal","nein","nein","nein","nicht erkennbar","nein","https://www.tiktok.com/@muna.duzdar/video/7395928193695272224",7359,164,9,18,"Privat","ja","formal","ja","nein","nein","nicht erkennbar","nein","https://www.tiktok.com/@muna.duzdar/video/7396964553029881121",6336,147,13,10,"Privat","nein","formal","ja","ja","nein","erkennbar","nein","https://www.tiktok.com/@muna.duzdar/video/7416293504785173792",3034,143,9,6,"Arbeit","nein","formal","ja","ja","nein","erkennbar","nein","https://www.tiktok.com/@muna.duzdar/video/7413059546144394528",8345,125,10,21,"Privat","nein","formal","ja","nein","nein","erkennbar","nein","https://www.tiktok.com/@muna.duzdar/video/7558081921863994646",7741,121,42,11,"Arbeit","nein","formal","ja","nein","nein","erkennbar","nein"
"1.0 (2026-03-05)","doi:10.11587/BA1ORN","119","Person","Däger-Gregori","Luise","weiblich",1959,"SPÖ","Wien","Landtag","nein",NA,"ja","ja",NA,NA,NA,NA,NA,NA,NA,NA,NA,NA,NA,NA,NA,NA,NA,NA,NA,NA,NA,NA,NA,NA,NA,NA,NA,NA,NA,NA,NA,NA,NA,NA,NA,NA,NA,NA,NA,NA,NA,NA,NA,NA,NA,NA,NA,NA,NA,NA,NA,NA,NA,NA,NA,NA,NA,NA,NA,NA,NA,NA,NA,NA,NA,NA,NA,NA,NA,NA,NA,NA,NA,NA,NA,NA,NA,NA,NA,NA,NA,NA,NA,NA,NA,NA,NA,NA,NA,NA,NA,NA,NA,NA,NA,NA,NA,NA,NA,NA,NA,NA,NA,NA,NA,NA,NA,NA,NA,NA,NA,NA,NA,NA,NA,NA,NA,NA,NA,NA,NA,NA,NA,NA,NA,NA,NA,NA,NA,NA,NA,NA,NA,NA,NA,NA,NA
"1.0 (2026-03-05)","doi:10.11587/BA1ORN","120","Person","Dörfel","Christian","männlich",1961,"ÖVP","Oberösterreich","Landesregierung","nein",NA,"ja","ja",NA,NA,NA,NA,NA,NA,NA,NA,NA,NA,NA,NA,NA,NA,NA,NA,NA,NA,NA,NA,NA,NA,NA,NA,NA,NA,NA,NA,NA,NA,NA,NA,NA,NA,NA,NA,NA,NA,NA,NA,NA,NA,NA,NA,NA,NA,NA,NA,NA,NA,NA,NA,NA,NA,NA,NA,NA,NA,NA,NA,NA,NA,NA,NA,NA,NA,NA,NA,NA,NA,NA,NA,NA,NA,NA,NA,NA,NA,NA,NA,NA,NA,NA,NA,NA,NA,NA,NA,NA,NA,NA,NA,NA,NA,NA,NA,NA,NA,NA,NA,NA,NA,NA,NA,NA,NA,NA,NA,NA,NA,NA,NA,NA,NA,NA,NA,NA,NA,NA,NA,NA,NA,NA,NA,NA,NA,NA,NA,NA,NA,NA,NA,NA,NA,NA
"1.0 (2026-03-05)","doi:10.11587/BA1ORN","121","Person","Ebner","Franz","männlich",1979,"ÖVP","Österreich","Bundesrat","nein",NA,"ja","nein",NA,NA,NA,NA,NA,NA,NA,NA,NA,NA,NA,NA,NA,NA,NA,NA,NA,NA,NA,NA,NA,NA,NA,NA,NA,NA,NA,NA,NA,NA,NA,NA,NA,NA,NA,NA,NA,NA,NA,NA,NA,NA,NA,NA,NA,NA,NA,NA,NA,NA,NA,NA,NA,NA,NA,NA,NA,NA,NA,NA,NA,NA,NA,NA,NA,NA,NA,NA,NA,NA,NA,NA,NA,NA,NA,NA,NA,NA,NA,NA,NA,NA,NA,NA,NA,NA,NA,NA,NA,NA,NA,NA,NA,NA,NA,NA,NA,NA,NA,NA,NA,NA,NA,NA,NA,NA,NA,NA,NA,NA,NA,NA,NA,NA,NA,NA,NA,NA,NA,NA,NA,NA,NA,NA,NA,NA,NA,NA,NA,NA,NA,NA,NA,NA,NA
"1.0 (2026-03-05)","doi:10.11587/BA1ORN","122","Person","Ecker","Georg","männlich",1986,"GRÜNE","Niederösterreich","Landtag","ja","https://www.tiktok.com/@georgecker","ja","ja",450,1028,11,396,NA,"https://www.tiktok.com/@georgecker/photo/7193025595914292486?lang=en-GB",2497,58,5,0,NA,NA,NA,"nein","ja",NA,"nicht erkennbar","ja","https://www.tiktok.com/@georgecker/photo/7339789600824642848?lang=en-GB",2194,55,1,0,"Privat","nein","formal","ja","ja","nein","nicht erkennbar","nein","https://www.tiktok.com/@georgecker/video/7463788513561939222?lang=en-GB",2725,52,0,2,"Privat","nein","formal","ja","ja","nein","erkennbar","nein","https://www.tiktok.com/@georgecker/video/7507579114300149014?lang=en-GB",902,43,2,3,"Privat","nein","formal","nein","ja","nein","erkennbar","nein","https://www.tiktok.com/@georgecker/video/7554317963457989890?lang=en-GB",4490,34,92,10,"Privat","nein","formal","ja","nein","nein","erkennbar","nein","https://www.tiktok.com/@georgecker/video/7193377642400238853?lang=en-GB",918,31,2,2,"Arbeit","nein","formal","ja","nein","nein","erkennbar","nein","https://www.tiktok.com/@georgecker/video/7192489815240232197?lang=en-GB",1132,32,2,0,"Privat","ja","formal","nein","nein","nein","erkennbar","nein","https://www.tiktok.com/@georgecker/video/7463552108365761814?lang=en-GB",1071,23,0,0,"Privat","nein","formal","ja","ja","nein","erkennbar","nein","https://www.tiktok.com/@georgecker/video/7194176812853824774?lang=en-GB",1197,24,2,1,"Privat","nein","formal","nein","ja","nein","erkennbar","nein","https://www.tiktok.com/@georgecker/video/7334720139629284641?lang=en-GB",1077,21,1,1,"Arbeit","nein","formal","ja","ja","nein","erkennbar","nein"
"1.0 (2026-03-05)","doi:10.11587/BA1ORN","123","Person","Ecker","Georg","männlich",1960,"ÖVP","Oberösterreich","Landtag","nein",NA,"nein","ja",NA,NA,NA,NA,NA,NA,NA,NA,NA,NA,NA,NA,NA,NA,NA,NA,NA,NA,NA,NA,NA,NA,NA,NA,NA,NA,NA,NA,NA,NA,NA,NA,NA,NA,NA,NA,NA,NA,NA,NA,NA,NA,NA,NA,NA,NA,NA,NA,NA,NA,NA,NA,NA,NA,NA,NA,NA,NA,NA,NA,NA,NA,NA,NA,NA,NA,NA,NA,NA,NA,NA,NA,NA,NA,NA,NA,NA,NA,NA,NA,NA,NA,NA,NA,NA,NA,NA,NA,NA,NA,NA,NA,NA,NA,NA,NA,NA,NA,NA,NA,NA,NA,NA,NA,NA,NA,NA,NA,NA,NA,NA,NA,NA,NA,NA,NA,NA,NA,NA,NA,NA,NA,NA,NA,NA,NA,NA,NA,NA,NA,NA,NA,NA,NA,NA
"1.0 (2026-03-05)","doi:10.11587/BA1ORN","124","Person","Ecker","Rosa","weiblich",1969,"FPÖ","Österreich","Nationalrat","nein",NA,"ja","ja",NA,NA,NA,NA,NA,NA,NA,NA,NA,NA,NA,NA,NA,NA,NA,NA,NA,NA,NA,NA,NA,NA,NA,NA,NA,NA,NA,NA,NA,NA,NA,NA,NA,NA,NA,NA,NA,NA,NA,NA,NA,NA,NA,NA,NA,NA,NA,NA,NA,NA,NA,NA,NA,NA,NA,NA,NA,NA,NA,NA,NA,NA,NA,NA,NA,NA,NA,NA,NA,NA,NA,NA,NA,NA,NA,NA,NA,NA,NA,NA,NA,NA,NA,NA,NA,NA,NA,NA,NA,NA,NA,NA,NA,NA,NA,NA,NA,NA,NA,NA,NA,NA,NA,NA,NA,NA,NA,NA,NA,NA,NA,NA,NA,NA,NA,NA,NA,NA,NA,NA,NA,NA,NA,NA,NA,NA,NA,NA,NA,NA,NA,NA,NA,NA,NA
"1.0 (2026-03-05)","doi:10.11587/BA1ORN","125","Person","Eder","Heike","weiblich",1988,"ÖVP","Österreich","Nationalrat","ja","https://www.tiktok.com/@heike.eder01","ja","ja",132,49,17,851,"Nationalratsabgeordnete ‍‍‍ Mama ‍‍️Paralympics Pyeongchang Themen:Arbeit,Inklusion, Familien,Sport ️Vorarlberg","https://www.tiktok.com/@heike.eder01/video/7569156855281274134",13700,175,20,4,"Arbeit","nein","formal","nein","nein","nein","nicht erkennbar","ja","https://www.tiktok.com/@heike.eder01/video/7560009449297939734",1329,147,1,0,"Arbeit","nein","formal","nein","ja","nein","nicht erkennbar","ja","https://www.tiktok.com/@heike.eder01/video/7559986156553702678",1249,78,0,0,"Arbeit","nein","formal","ja","nein","nein","nicht erkennbar","nein","https://www.tiktok.com/@heike.eder01/video/7559590771586829590",662,69,1,0,"Arbeit","nein","formal","nein","ja","nein","nicht erkennbar","ja","https://www.tiktok.com/@heike.eder01/video/7569210757930568982",2496,59,0,9,"Arbeit","nein","formal","ja","ja","nein","nicht erkennbar","nein","https://www.tiktok.com/@heike.eder01/video/7571541394897095958",936,49,0,3,"Arbeit","nein","formal","nein","ja","nein","nicht erkennbar","ja","https://www.tiktok.com/@heike.eder01/video/7562626487170403607",583,45,1,0,"Arbeit","nein","formal","ja","ja","nein","nicht erkennbar","nein","https://www.tiktok.com/@heike.eder01/video/7582879781352475926",827,39,0,0,"Arbeit","nein","formal","ja","ja","nein","nicht erkennbar","nein","https://www.tiktok.com/@heike.eder01/video/7574136918326119702",490,36,0,0,"Arbeit","nein","formal","nein","ja","ja","nicht erkennbar","nein","https://www.tiktok.com/@heike.eder01/video/7559593897928838422",810,35,0,0,"Arbeit","nein","formal","ja","ja","nein","nicht erkennbar","ja"
"1.0 (2026-03-05)","doi:10.11587/BA1ORN","126","Person","Eder-Gitschthaler","Andrea","weiblich",1961,"ÖVP","Österreich","Bundesrat","nein",NA,"ja","ja",NA,NA,NA,NA,NA,NA,NA,NA,NA,NA,NA,NA,NA,NA,NA,NA,NA,NA,NA,NA,NA,NA,NA,NA,NA,NA,NA,NA,NA,NA,NA,NA,NA,NA,NA,NA,NA,NA,NA,NA,NA,NA,NA,NA,NA,NA,NA,NA,NA,NA,NA,NA,NA,NA,NA,NA,NA,NA,NA,NA,NA,NA,NA,NA,NA,NA,NA,NA,NA,NA,NA,NA,NA,NA,NA,NA,NA,NA,NA,NA,NA,NA,NA,NA,NA,NA,NA,NA,NA,NA,NA,NA,NA,NA,NA,NA,NA,NA,NA,NA,NA,NA,NA,NA,NA,NA,NA,NA,NA,NA,NA,NA,NA,NA,NA,NA,NA,NA,NA,NA,NA,NA,NA,NA,NA,NA,NA,NA,NA,NA,NA,NA,NA,NA,NA
"1.0 (2026-03-05)","doi:10.11587/BA1ORN","127","Person","Edlinger","Josef","männlich",1969,"ÖVP","Niederösterreich","Landtag","nein",NA,"nein","nein",NA,NA,NA,NA,NA,NA,NA,NA,NA,NA,NA,NA,NA,NA,NA,NA,NA,NA,NA,NA,NA,NA,NA,NA,NA,NA,NA,NA,NA,NA,NA,NA,NA,NA,NA,NA,NA,NA,NA,NA,NA,NA,NA,NA,NA,NA,NA,NA,NA,NA,NA,NA,NA,NA,NA,NA,NA,NA,NA,NA,NA,NA,NA,NA,NA,NA,NA,NA,NA,NA,NA,NA,NA,NA,NA,NA,NA,NA,NA,NA,NA,NA,NA,NA,NA,NA,NA,NA,NA,NA,NA,NA,NA,NA,NA,NA,NA,NA,NA,NA,NA,NA,NA,NA,NA,NA,NA,NA,NA,NA,NA,NA,NA,NA,NA,NA,NA,NA,NA,NA,NA,NA,NA,NA,NA,NA,NA,NA,NA,NA,NA,NA,NA,NA,NA
"1.0 (2026-03-05)","doi:10.11587/BA1ORN","128","Person","Edtstadler","Karoline","weiblich",1981,"ÖVP","Salzburg","Landesregierung","ja","https://www.tiktok.com/@karoline.edtstadler","ja","ja",24700,1483,262,466500,"Landeshauptfrau von Salzburg und Landesparteiobfrau der Volkspartei Salzburg","https://www.tiktok.com/@karoline.edtstadler/video/7273126224166260000",1300000,63400,665,1324,"Privat","nein","formal","nein","nein","nein","erkennbar","nein","https://www.tiktok.com/@karoline.edtstadler/video/7043388563978865925",908000,57200,2562,5819,"Arbeit","nein","formal","nein","nein","nein","nicht erkennbar","nein","https://www.tiktok.com/@karoline.edtstadler/video/7153704087752609030",375100,22700,1938,3313,"Arbeit","nein","formal","ja","nein","nein","nicht erkennbar","nein","https://www.tiktok.com/@karoline.edtstadler/video/7177430738588142853",365500,21300,1687,6432,"Arbeit","nein","formal","ja","nein","nein","nicht erkennbar","nein","https://www.tiktok.com/@karoline.edtstadler/video/7354342578269080864",874700,17900,1076,2000,"Arbeit","nein","formal","nein","nein","nein","nicht erkennbar","nein","https://www.tiktok.com/@karoline.edtstadler/video/7112861034808970501",296500,16000,783,387,"Arbeit","nein","formal","nein","nein","nein","nicht erkennbar","nein","https://www.tiktok.com/@karoline.edtstadler/video/7162125600499436806",174700,14300,4,689,"Privat","nein","formal","nein","ja","nein","nicht erkennbar","nein","https://www.tiktok.com/@karoline.edtstadler/video/7333321546322283809",283000,14100,179,141,"Arbeit","nein","formal","nein","nein","nein","nicht erkennbar","nein","https://www.tiktok.com/@karoline.edtstadler/video/7333321548062854432",279600,13500,308,120,"Privat","nein","formal","nein","nein","nein","nicht erkennbar","ja","https://www.tiktok.com/@karoline.edtstadler/video/7161780022531853573",176400,12000,684,544,"Privat","nein","formal","ja","nein","nein","nicht erkennbar","nein"
"1.0 (2026-03-05)","doi:10.11587/BA1ORN","129","Person","Egger","Eduard","männlich",1970,"FPÖ","Salzburg","Landtag","nein",NA,"ja","nein",NA,NA,NA,NA,NA,NA,NA,NA,NA,NA,NA,NA,NA,NA,NA,NA,NA,NA,NA,NA,NA,NA,NA,NA,NA,NA,NA,NA,NA,NA,NA,NA,NA,NA,NA,NA,NA,NA,NA,NA,NA,NA,NA,NA,NA,NA,NA,NA,NA,NA,NA,NA,NA,NA,NA,NA,NA,NA,NA,NA,NA,NA,NA,NA,NA,NA,NA,NA,NA,NA,NA,NA,NA,NA,NA,NA,NA,NA,NA,NA,NA,NA,NA,NA,NA,NA,NA,NA,NA,NA,NA,NA,NA,NA,NA,NA,NA,NA,NA,NA,NA,NA,NA,NA,NA,NA,NA,NA,NA,NA,NA,NA,NA,NA,NA,NA,NA,NA,NA,NA,NA,NA,NA,NA,NA,NA,NA,NA,NA,NA,NA,NA,NA,NA,NA
"1.0 (2026-03-05)","doi:10.11587/BA1ORN","130","Person","Egger","Kurt","männlich",1974,"ÖVP","Österreich","Nationalrat","nein",NA,"ja","ja",NA,NA,NA,NA,NA,NA,NA,NA,NA,NA,NA,NA,NA,NA,NA,NA,NA,NA,NA,NA,NA,NA,NA,NA,NA,NA,NA,NA,NA,NA,NA,NA,NA,NA,NA,NA,NA,NA,NA,NA,NA,NA,NA,NA,NA,NA,NA,NA,NA,NA,NA,NA,NA,NA,NA,NA,NA,NA,NA,NA,NA,NA,NA,NA,NA,NA,NA,NA,NA,NA,NA,NA,NA,NA,NA,NA,NA,NA,NA,NA,NA,NA,NA,NA,NA,NA,NA,NA,NA,NA,NA,NA,NA,NA,NA,NA,NA,NA,NA,NA,NA,NA,NA,NA,NA,NA,NA,NA,NA,NA,NA,NA,NA,NA,NA,NA,NA,NA,NA,NA,NA,NA,NA,NA,NA,NA,NA,NA,NA,NA,NA,NA,NA,NA,NA
"1.0 (2026-03-05)","doi:10.11587/BA1ORN","131","Person","Egger-Kranzinger","David","männlich",1987,"SPÖ","Salzburg","Landtag","nein",NA,"ja","ja",NA,NA,NA,NA,NA,NA,NA,NA,NA,NA,NA,NA,NA,NA,NA,NA,NA,NA,NA,NA,NA,NA,NA,NA,NA,NA,NA,NA,NA,NA,NA,NA,NA,NA,NA,NA,NA,NA,NA,NA,NA,NA,NA,NA,NA,NA,NA,NA,NA,NA,NA,NA,NA,NA,NA,NA,NA,NA,NA,NA,NA,NA,NA,NA,NA,NA,NA,NA,NA,NA,NA,NA,NA,NA,NA,NA,NA,NA,NA,NA,NA,NA,NA,NA,NA,NA,NA,NA,NA,NA,NA,NA,NA,NA,NA,NA,NA,NA,NA,NA,NA,NA,NA,NA,NA,NA,NA,NA,NA,NA,NA,NA,NA,NA,NA,NA,NA,NA,NA,NA,NA,NA,NA,NA,NA,NA,NA,NA,NA,NA,NA,NA,NA,NA,NA
"1.0 (2026-03-05)","doi:10.11587/BA1ORN","132","Person","Ehrenhöfer","Willibald","männlich",1972,"ÖVP","Steiermark","Landesregierung","nein",NA,"ja","ja",NA,NA,NA,NA,NA,NA,NA,NA,NA,NA,NA,NA,NA,NA,NA,NA,NA,NA,NA,NA,NA,NA,NA,NA,NA,NA,NA,NA,NA,NA,NA,NA,NA,NA,NA,NA,NA,NA,NA,NA,NA,NA,NA,NA,NA,NA,NA,NA,NA,NA,NA,NA,NA,NA,NA,NA,NA,NA,NA,NA,NA,NA,NA,NA,NA,NA,NA,NA,NA,NA,NA,NA,NA,NA,NA,NA,NA,NA,NA,NA,NA,NA,NA,NA,NA,NA,NA,NA,NA,NA,NA,NA,NA,NA,NA,NA,NA,NA,NA,NA,NA,NA,NA,NA,NA,NA,NA,NA,NA,NA,NA,NA,NA,NA,NA,NA,NA,NA,NA,NA,NA,NA,NA,NA,NA,NA,NA,NA,NA,NA,NA,NA,NA,NA,NA
"1.0 (2026-03-05)","doi:10.11587/BA1ORN","133","Person","Eibinger-Miedl","Barbara","weiblich",1980,"ÖVP","Österreich","Bundesregierung","ja","https://www.tiktok.com/@barbaraeibinger","ja","ja",2,733,5,7,NA,"https://www.tiktok.com/@barbaraeibinger/video/7302158306502626566",171,2,1,0,"Privat","ja","leger","nein","nein","nein","nicht erkennbar","nein","https://www.tiktok.com/@barbaraeibinger/video/7302161195686022406",20,1,0,0,"Privat","nein","leger","nein","nein","nein","nicht erkennbar","nein","https://www.tiktok.com/@barbaraeibinger/video/7302161094708088070",158,1,0,0,"Arbeit","nein","formal","nein","nein","nein","nicht erkennbar","nein","https://www.tiktok.com/@barbaraeibinger/video/7302160812993449222",140,1,0,0,"Arbeit","nein","formal","nein","nein","nein","nicht erkennbar","nein","https://www.tiktok.com/@barbaraeibinger/photo/7302160636664876293",189,1,0,0,"Arbeit","nein","formal","nein","ja","nein","nicht erkennbar","nein",NA,NA,NA,NA,NA,NA,NA,NA,NA,NA,NA,NA,NA,NA,NA,NA,NA,NA,NA,NA,NA,NA,NA,NA,NA,NA,NA,NA,NA,NA,NA,NA,NA,NA,NA,NA,NA,NA,NA,NA,NA,NA,NA,NA,NA,NA,NA,NA,NA,NA,NA,NA,NA,NA,NA,NA,NA,NA,NA,NA,NA,NA,NA,NA,NA
"1.0 (2026-03-05)","doi:10.11587/BA1ORN","134","Person","Eichinger","Christian","männlich",1976,"KPÖ PLUS","Salzburg","Landtag","nein",NA,"ja","ja",NA,NA,NA,NA,NA,NA,NA,NA,NA,NA,NA,NA,NA,NA,NA,NA,NA,NA,NA,NA,NA,NA,NA,NA,NA,NA,NA,NA,NA,NA,NA,NA,NA,NA,NA,NA,NA,NA,NA,NA,NA,NA,NA,NA,NA,NA,NA,NA,NA,NA,NA,NA,NA,NA,NA,NA,NA,NA,NA,NA,NA,NA,NA,NA,NA,NA,NA,NA,NA,NA,NA,NA,NA,NA,NA,NA,NA,NA,NA,NA,NA,NA,NA,NA,NA,NA,NA,NA,NA,NA,NA,NA,NA,NA,NA,NA,NA,NA,NA,NA,NA,NA,NA,NA,NA,NA,NA,NA,NA,NA,NA,NA,NA,NA,NA,NA,NA,NA,NA,NA,NA,NA,NA,NA,NA,NA,NA,NA,NA,NA,NA,NA,NA,NA,NA
"1.0 (2026-03-05)","doi:10.11587/BA1ORN","135","Person","Einwallner","Reinhold","männlich",1973,"SPÖ","Vorarlberg","Landtag","nein",NA,"ja","ja",NA,NA,NA,NA,NA,NA,NA,NA,NA,NA,NA,NA,NA,NA,NA,NA,NA,NA,NA,NA,NA,NA,NA,NA,NA,NA,NA,NA,NA,NA,NA,NA,NA,NA,NA,NA,NA,NA,NA,NA,NA,NA,NA,NA,NA,NA,NA,NA,NA,NA,NA,NA,NA,NA,NA,NA,NA,NA,NA,NA,NA,NA,NA,NA,NA,NA,NA,NA,NA,NA,NA,NA,NA,NA,NA,NA,NA,NA,NA,NA,NA,NA,NA,NA,NA,NA,NA,NA,NA,NA,NA,NA,NA,NA,NA,NA,NA,NA,NA,NA,NA,NA,NA,NA,NA,NA,NA,NA,NA,NA,NA,NA,NA,NA,NA,NA,NA,NA,NA,NA,NA,NA,NA,NA,NA,NA,NA,NA,NA,NA,NA,NA,NA,NA,NA
"1.0 (2026-03-05)","doi:10.11587/BA1ORN","136","Person","Eisel-Eiselsberg","Detlev","männlich",1962,"ÖVP","Steiermark","Landtag","nein",NA,"nein","nein",NA,NA,NA,NA,NA,NA,NA,NA,NA,NA,NA,NA,NA,NA,NA,NA,NA,NA,NA,NA,NA,NA,NA,NA,NA,NA,NA,NA,NA,NA,NA,NA,NA,NA,NA,NA,NA,NA,NA,NA,NA,NA,NA,NA,NA,NA,NA,NA,NA,NA,NA,NA,NA,NA,NA,NA,NA,NA,NA,NA,NA,NA,NA,NA,NA,NA,NA,NA,NA,NA,NA,NA,NA,NA,NA,NA,NA,NA,NA,NA,NA,NA,NA,NA,NA,NA,NA,NA,NA,NA,NA,NA,NA,NA,NA,NA,NA,NA,NA,NA,NA,NA,NA,NA,NA,NA,NA,NA,NA,NA,NA,NA,NA,NA,NA,NA,NA,NA,NA,NA,NA,NA,NA,NA,NA,NA,NA,NA,NA,NA,NA,NA,NA,NA,NA
"1.0 (2026-03-05)","doi:10.11587/BA1ORN","137","Person","Eisenhut","Irene","weiblich",1974,"FPÖ","Österreich","Nationalrat","nein",NA,"ja","ja",NA,NA,NA,NA,NA,NA,NA,NA,NA,NA,NA,NA,NA,NA,NA,NA,NA,NA,NA,NA,NA,NA,NA,NA,NA,NA,NA,NA,NA,NA,NA,NA,NA,NA,NA,NA,NA,NA,NA,NA,NA,NA,NA,NA,NA,NA,NA,NA,NA,NA,NA,NA,NA,NA,NA,NA,NA,NA,NA,NA,NA,NA,NA,NA,NA,NA,NA,NA,NA,NA,NA,NA,NA,NA,NA,NA,NA,NA,NA,NA,NA,NA,NA,NA,NA,NA,NA,NA,NA,NA,NA,NA,NA,NA,NA,NA,NA,NA,NA,NA,NA,NA,NA,NA,NA,NA,NA,NA,NA,NA,NA,NA,NA,NA,NA,NA,NA,NA,NA,NA,NA,NA,NA,NA,NA,NA,NA,NA,NA,NA,NA,NA,NA,NA,NA
"1.0 (2026-03-05)","doi:10.11587/BA1ORN","138","Person","Eisenkopf","Astrid","weiblich",1984,"SPÖ","Burgenland","Landtag","ja","https://www.tiktok.com/@astrideisenkopf","ja","ja",345,579,17,575,". Präsidentin des Burgenländischen Landtages www.bgld-landtag.at","https://www.tiktok.com/@astrideisenkopf/video/7421863949181766944",2240,136,1,1,"Privat","nein","leger","nein","ja","nein","nicht erkennbar","nein","https://www.tiktok.com/@astrideisenkopf/video/7408840915403492641",5219,78,3,7,"Privat","nein","leger","nein","ja","nein","nicht erkennbar","nein","https://www.tiktok.com/@astrideisenkopf/video/7376251402345139489",527,66,0,0,"Privat","nein","formal","nein","ja","nein","nicht erkennbar","nein","https://www.tiktok.com/@astrideisenkopf/video/7413688211886607649",2364,42,1,2,"Arbeit","nein","formal","nein","ja","nein","nicht erkennbar","nein","https://www.tiktok.com/@astrideisenkopf/video/7387692224315788577",4050,41,0,7,"Privat","nein","formal","nein","ja","nein","nicht erkennbar","nein","https://www.tiktok.com/@astrideisenkopf/video/7427453906172628256",2327,38,2,0,"Privat","nein","formal","nein","ja","nein","nicht erkennbar","nein","https://www.tiktok.com/@astrideisenkopf/video/7363632798952901921",914,30,0,0,"Privat","nein","formal","nein","ja","nein","nicht erkennbar","nein","https://www.tiktok.com/@astrideisenkopf/video/7404727545725275425",2234,21,2,0,"Privat","nein","formal","nein","ja","nein","nicht erkennbar","nein","https://www.tiktok.com/@astrideisenkopf/video/7359180744633142561",471,19,0,1,"Privat","nein","leger","ja","ja","nein","nicht erkennbar","nein","https://www.tiktok.com/@astrideisenkopf/video/7392230820083207457",2035,18,0,0,"Privat","nein","formal","nein","ja","nein","nicht erkennbar","nein"
"1.0 (2026-03-05)","doi:10.11587/BA1ORN","139","Person","Elian","Thomas","männlich",1989,"ÖVP","Österreich","Nationalrat","nein",NA,"ja","ja",NA,NA,NA,NA,NA,NA,NA,NA,NA,NA,NA,NA,NA,NA,NA,NA,NA,NA,NA,NA,NA,NA,NA,NA,NA,NA,NA,NA,NA,NA,NA,NA,NA,NA,NA,NA,NA,NA,NA,NA,NA,NA,NA,NA,NA,NA,NA,NA,NA,NA,NA,NA,NA,NA,NA,NA,NA,NA,NA,NA,NA,NA,NA,NA,NA,NA,NA,NA,NA,NA,NA,NA,NA,NA,NA,NA,NA,NA,NA,NA,NA,NA,NA,NA,NA,NA,NA,NA,NA,NA,NA,NA,NA,NA,NA,NA,NA,NA,NA,NA,NA,NA,NA,NA,NA,NA,NA,NA,NA,NA,NA,NA,NA,NA,NA,NA,NA,NA,NA,NA,NA,NA,NA,NA,NA,NA,NA,NA,NA,NA,NA,NA,NA,NA,NA
"1.0 (2026-03-05)","doi:10.11587/BA1ORN","140","Person","Ellensohn","David","männlich",1963,"GRÜNE","Wien","Landtag","nein",NA,"ja","ja",NA,NA,NA,NA,NA,NA,NA,NA,NA,NA,NA,NA,NA,NA,NA,NA,NA,NA,NA,NA,NA,NA,NA,NA,NA,NA,NA,NA,NA,NA,NA,NA,NA,NA,NA,NA,NA,NA,NA,NA,NA,NA,NA,NA,NA,NA,NA,NA,NA,NA,NA,NA,NA,NA,NA,NA,NA,NA,NA,NA,NA,NA,NA,NA,NA,NA,NA,NA,NA,NA,NA,NA,NA,NA,NA,NA,NA,NA,NA,NA,NA,NA,NA,NA,NA,NA,NA,NA,NA,NA,NA,NA,NA,NA,NA,NA,NA,NA,NA,NA,NA,NA,NA,NA,NA,NA,NA,NA,NA,NA,NA,NA,NA,NA,NA,NA,NA,NA,NA,NA,NA,NA,NA,NA,NA,NA,NA,NA,NA,NA,NA,NA,NA,NA,NA
"1.0 (2026-03-05)","doi:10.11587/BA1ORN","141","Person","Emmerling","Bettina","weiblich",1980,"NEOS","Wien","Landesregierung","ja","https://www.tiktok.com/@bettina.emmerling","ja","ja",618,578,187,9384,"Vizebürgermeisterin der Stadt Wien","https://www.tiktok.com/@bettina.emmerling/video/7515780969127791904",85300,4141,76,145,"Privat","nein","leger","ja","ja","nein","nicht erkennbar","nein","https://www.tiktok.com/@bettina.emmerling/video/7489090665058438422",32900,608,115,135,"Privat","nein","formal","nein","nein","nein","nicht erkennbar","nein","https://www.tiktok.com/@bettina.emmerling/video/7486132877969689888",10600,238,7,97,"Privat","nein","formal","nein","ja","nein","nicht erkennbar","nein","https://www.tiktok.com/@bettina.emmerling/video/7493976333484100896",16000,198,14,35,"Privat","nein","formal","nein","nein","nein","nicht erkennbar","nein","https://www.tiktok.com/@bettina.emmerling/video/7423411626759556385",4805,142,32,3,"Arbeit","nein","formal","ja","nein","nein","erkennbar","nein","https://www.tiktok.com/@bettina.emmerling/video/7491793662259580193",8900,96,112,8,"Arbeit","nein","formal","nein","ja","nein","nicht erkennbar","nein","https://www.tiktok.com/@bettina.emmerling/video/7484247617644268822",2335,95,4,1,"Arbeit","nein","formal","nein","ja","nein","erkennbar","nein","https://www.tiktok.com/@bettina.emmerling/video/7420818894786481441",983,82,2,1,"Arbeit","nein","formal","nein","nein","nein","erkennbar","nein","https://www.tiktok.com/@bettina.emmerling/video/7501398034052435222",1321,61,7,0,"Arbeit","nein","formal","nein","ja","nein","erkennbar","nein","https://www.tiktok.com/@bettina.emmerling/video/7496048516435856662",506,58,3,1,"Arbeit","nein","formal","nein","ja","nein","nicht erkennbar","nein"
"1.0 (2026-03-05)","doi:10.11587/BA1ORN","142","Person","Ender","Clemes","männlich",1971,"ÖVP","Vorarlberg","Landtag","nein",NA,"ja","ja",NA,NA,NA,NA,NA,NA,NA,NA,NA,NA,NA,NA,NA,NA,NA,NA,NA,NA,NA,NA,NA,NA,NA,NA,NA,NA,NA,NA,NA,NA,NA,NA,NA,NA,NA,NA,NA,NA,NA,NA,NA,NA,NA,NA,NA,NA,NA,NA,NA,NA,NA,NA,NA,NA,NA,NA,NA,NA,NA,NA,NA,NA,NA,NA,NA,NA,NA,NA,NA,NA,NA,NA,NA,NA,NA,NA,NA,NA,NA,NA,NA,NA,NA,NA,NA,NA,NA,NA,NA,NA,NA,NA,NA,NA,NA,NA,NA,NA,NA,NA,NA,NA,NA,NA,NA,NA,NA,NA,NA,NA,NA,NA,NA,NA,NA,NA,NA,NA,NA,NA,NA,NA,NA,NA,NA,NA,NA,NA,NA,NA,NA,NA,NA,NA,NA
"1.0 (2026-03-05)","doi:10.11587/BA1ORN","143","Person","Engl","Dagmar","weiblich",1975,"GRÜNE","Oberösterreich","Landtag","nein",NA,"ja","ja",NA,NA,NA,NA,NA,NA,NA,NA,NA,NA,NA,NA,NA,NA,NA,NA,NA,NA,NA,NA,NA,NA,NA,NA,NA,NA,NA,NA,NA,NA,NA,NA,NA,NA,NA,NA,NA,NA,NA,NA,NA,NA,NA,NA,NA,NA,NA,NA,NA,NA,NA,NA,NA,NA,NA,NA,NA,NA,NA,NA,NA,NA,NA,NA,NA,NA,NA,NA,NA,NA,NA,NA,NA,NA,NA,NA,NA,NA,NA,NA,NA,NA,NA,NA,NA,NA,NA,NA,NA,NA,NA,NA,NA,NA,NA,NA,NA,NA,NA,NA,NA,NA,NA,NA,NA,NA,NA,NA,NA,NA,NA,NA,NA,NA,NA,NA,NA,NA,NA,NA,NA,NA,NA,NA,NA,NA,NA,NA,NA,NA,NA,NA,NA,NA,NA
"1.0 (2026-03-05)","doi:10.11587/BA1ORN","144","Person","Engleitner-Neu","Sabine","weiblich",1968,"SPÖ","Oberösterreich","Landtag","nein",NA,"ja","ja",NA,NA,NA,NA,NA,NA,NA,NA,NA,NA,NA,NA,NA,NA,NA,NA,NA,NA,NA,NA,NA,NA,NA,NA,NA,NA,NA,NA,NA,NA,NA,NA,NA,NA,NA,NA,NA,NA,NA,NA,NA,NA,NA,NA,NA,NA,NA,NA,NA,NA,NA,NA,NA,NA,NA,NA,NA,NA,NA,NA,NA,NA,NA,NA,NA,NA,NA,NA,NA,NA,NA,NA,NA,NA,NA,NA,NA,NA,NA,NA,NA,NA,NA,NA,NA,NA,NA,NA,NA,NA,NA,NA,NA,NA,NA,NA,NA,NA,NA,NA,NA,NA,NA,NA,NA,NA,NA,NA,NA,NA,NA,NA,NA,NA,NA,NA,NA,NA,NA,NA,NA,NA,NA,NA,NA,NA,NA,NA,NA,NA,NA,NA,NA,NA,NA
"1.0 (2026-03-05)","doi:10.11587/BA1ORN","145","Person","Erasim","Melanie","weiblich",1983,"SPÖ","Österreich","Nationalrat","nein",NA,"ja","ja",NA,NA,NA,NA,NA,NA,NA,NA,NA,NA,NA,NA,NA,NA,NA,NA,NA,NA,NA,NA,NA,NA,NA,NA,NA,NA,NA,NA,NA,NA,NA,NA,NA,NA,NA,NA,NA,NA,NA,NA,NA,NA,NA,NA,NA,NA,NA,NA,NA,NA,NA,NA,NA,NA,NA,NA,NA,NA,NA,NA,NA,NA,NA,NA,NA,NA,NA,NA,NA,NA,NA,NA,NA,NA,NA,NA,NA,NA,NA,NA,NA,NA,NA,NA,NA,NA,NA,NA,NA,NA,NA,NA,NA,NA,NA,NA,NA,NA,NA,NA,NA,NA,NA,NA,NA,NA,NA,NA,NA,NA,NA,NA,NA,NA,NA,NA,NA,NA,NA,NA,NA,NA,NA,NA,NA,NA,NA,NA,NA,NA,NA,NA,NA,NA,NA
"1.0 (2026-03-05)","doi:10.11587/BA1ORN","146","Person","Erber","Anton","männlich",1968,"ÖVP","Niederösterreich","Landtag","ja","https://www.tiktok.com/@antonerber","ja","ja",5,1044,12,27,"Mein Name ist Anton Erber ich bin eure Stimme im NÖ Landtag für den Bez Scheibbs","https://www.tiktok.com/@antonerber/video/7186666333562522886",892,9,0,0,"Privat","nein","formal","nein","ja","nein","erkennbar","nein","https://www.tiktok.com/@antonerber/video/7187484990517677317",628,7,0,0,"Privat","nein","formal","nein","ja","nein","erkennbar","nein","https://www.tiktok.com/@antonerber/video/7188423707323387141",82,4,0,0,"Privat","nein","leger","ja","ja","nein","erkennbar","nein","https://www.tiktok.com/@antonerber/video/7190019355780975877",71,3,0,0,"Arbeit","nein","formal","ja","ja","nein","erkennbar","nein","https://www.tiktok.com/@antonerber/video/7192921831764970757",80,2,0,0,"Arbeit","nein","leger","ja","ja","nein","erkennbar","nein","https://www.tiktok.com/@antonerber/video/7193271091010243845",30,1,0,0,"Privat","nein","formal","ja","ja","nein","erkennbar","nein","https://www.tiktok.com/@antonerber/video/7192192917023264005",66,1,0,0,NA,"nein",NA,"ja","ja","nein","erkennbar","nein","https://www.tiktok.com/@antonerber/video/7193358648662363398",5,0,0,0,"Privat","nein","leger","ja","ja","nein","erkennbar","nein","https://www.tiktok.com/@antonerber/video/7193358440805272837",2,0,0,0,"Privat","nein","formal","ja","ja","nein","erkennbar","nein","https://www.tiktok.com/@antonerber/video/7192198328895933702",51,0,0,0,"Arbeit","nein","formal","ja","nein","nein","erkennbar","nein"
"1.0 (2026-03-05)","doi:10.11587/BA1ORN","147","Person","Eypeltauer","Felix","männlich",1992,"NEOS","Oberösterreich","Landtag","nein",NA,"ja","ja",NA,NA,NA,NA,NA,NA,NA,NA,NA,NA,NA,NA,NA,NA,NA,NA,NA,NA,NA,NA,NA,NA,NA,NA,NA,NA,NA,NA,NA,NA,NA,NA,NA,NA,NA,NA,NA,NA,NA,NA,NA,NA,NA,NA,NA,NA,NA,NA,NA,NA,NA,NA,NA,NA,NA,NA,NA,NA,NA,NA,NA,NA,NA,NA,NA,NA,NA,NA,NA,NA,NA,NA,NA,NA,NA,NA,NA,NA,NA,NA,NA,NA,NA,NA,NA,NA,NA,NA,NA,NA,NA,NA,NA,NA,NA,NA,NA,NA,NA,NA,NA,NA,NA,NA,NA,NA,NA,NA,NA,NA,NA,NA,NA,NA,NA,NA,NA,NA,NA,NA,NA,NA,NA,NA,NA,NA,NA,NA,NA,NA,NA,NA,NA,NA,NA
"1.0 (2026-03-05)","doi:10.11587/BA1ORN","148","Person","Falkner","Margreth","weiblich",1975,"ÖVP","Österreich","Nationalrat","nein",NA,"ja","ja",NA,NA,NA,NA,NA,NA,NA,NA,NA,NA,NA,NA,NA,NA,NA,NA,NA,NA,NA,NA,NA,NA,NA,NA,NA,NA,NA,NA,NA,NA,NA,NA,NA,NA,NA,NA,NA,NA,NA,NA,NA,NA,NA,NA,NA,NA,NA,NA,NA,NA,NA,NA,NA,NA,NA,NA,NA,NA,NA,NA,NA,NA,NA,NA,NA,NA,NA,NA,NA,NA,NA,NA,NA,NA,NA,NA,NA,NA,NA,NA,NA,NA,NA,NA,NA,NA,NA,NA,NA,NA,NA,NA,NA,NA,NA,NA,NA,NA,NA,NA,NA,NA,NA,NA,NA,NA,NA,NA,NA,NA,NA,NA,NA,NA,NA,NA,NA,NA,NA,NA,NA,NA,NA,NA,NA,NA,NA,NA,NA,NA,NA,NA,NA,NA,NA
"1.0 (2026-03-05)","doi:10.11587/BA1ORN","149","Person","Fartek","Franz","männlich",1966,"ÖVP","Steiermark","Landtag","nein",NA,"nein","ja",NA,NA,NA,NA,NA,NA,NA,NA,NA,NA,NA,NA,NA,NA,NA,NA,NA,NA,NA,NA,NA,NA,NA,NA,NA,NA,NA,NA,NA,NA,NA,NA,NA,NA,NA,NA,NA,NA,NA,NA,NA,NA,NA,NA,NA,NA,NA,NA,NA,NA,NA,NA,NA,NA,NA,NA,NA,NA,NA,NA,NA,NA,NA,NA,NA,NA,NA,NA,NA,NA,NA,NA,NA,NA,NA,NA,NA,NA,NA,NA,NA,NA,NA,NA,NA,NA,NA,NA,NA,NA,NA,NA,NA,NA,NA,NA,NA,NA,NA,NA,NA,NA,NA,NA,NA,NA,NA,NA,NA,NA,NA,NA,NA,NA,NA,NA,NA,NA,NA,NA,NA,NA,NA,NA,NA,NA,NA,NA,NA,NA,NA,NA,NA,NA,NA
"1.0 (2026-03-05)","doi:10.11587/BA1ORN","150","Person","Fazekas","Patrik","männlich",1990,"ÖVP","Burgenland","Landtag","nein",NA,"ja","ja",NA,NA,NA,NA,NA,NA,NA,NA,NA,NA,NA,NA,NA,NA,NA,NA,NA,NA,NA,NA,NA,NA,NA,NA,NA,NA,NA,NA,NA,NA,NA,NA,NA,NA,NA,NA,NA,NA,NA,NA,NA,NA,NA,NA,NA,NA,NA,NA,NA,NA,NA,NA,NA,NA,NA,NA,NA,NA,NA,NA,NA,NA,NA,NA,NA,NA,NA,NA,NA,NA,NA,NA,NA,NA,NA,NA,NA,NA,NA,NA,NA,NA,NA,NA,NA,NA,NA,NA,NA,NA,NA,NA,NA,NA,NA,NA,NA,NA,NA,NA,NA,NA,NA,NA,NA,NA,NA,NA,NA,NA,NA,NA,NA,NA,NA,NA,NA,NA,NA,NA,NA,NA,NA,NA,NA,NA,NA,NA,NA,NA,NA,NA,NA,NA,NA
"1.0 (2026-03-05)","doi:10.11587/BA1ORN","151","Person","Feichtinger","Elisabeth","weiblich",1987,"SPÖ","Österreich","Nationalrat","ja","https://www.tiktok.com/@elisabethfeichtin6","ja","ja",204,475,23,568,"Nationalratsabgeordnete aus dem Salzkammergut ️","https://www.tiktok.com/@elisabethfeichtin6/video/7411845337821793569",3506,87,19,15,"Privat","nein","leger","nein","nein","nein","erkennbar","nein","https://www.tiktok.com/@elisabethfeichtin6/video/7407328050469211424",1113,80,4,3,"Privat","nein","formal","ja","nein","nein","erkennbar","nein","https://www.tiktok.com/@elisabethfeichtin6/video/7419574186978331936",1026,48,1,1,"Privat","nein","formal","nein","ja","nein","nicht erkennbar","nein","https://www.tiktok.com/@elisabethfeichtin6/video/7411050117899357473",1021,48,4,11,"Privat","nein","formal","ja","nein","nein","erkennbar","nein","https://www.tiktok.com/@elisabethfeichtin6/video/7576951388165426454",2824,40,9,7,"Privat","nein","formal","ja","nein","nein","erkennbar","nein","https://www.tiktok.com/@elisabethfeichtin6/video/7410318314322398497",2018,34,1,0,"Arbeit","nein","formal","nein","nein","nein","nicht erkennbar","nein","https://www.tiktok.com/@elisabethfeichtin6/video/7411841369532140833",2617,32,1,11,"Privat","nein","formal","nein","nein","nein","erkennbar","nein","https://www.tiktok.com/@elisabethfeichtin6/video/7410322265641962784",1155,22,7,11,"Arbeit","nein","formal","ja","ja","nein","erkennbar","nein","https://www.tiktok.com/@elisabethfeichtin6/video/7408147678414015776",960,17,3,1,"Privat","nein","formal","nein","ja","nein","erkennbar","nein","https://www.tiktok.com/@elisabethfeichtin6/video/7419222555548011809",918,15,6,0,"Privat","nein","formal","ja","ja","nein","erkennbar","nein"
"1.0 (2026-03-05)","doi:10.11587/BA1ORN","152","Person","Feistritzer","Ruth","weiblich",1968,"SPÖ","Kärnten","Landtag","nein",NA,"ja","ja",NA,NA,NA,NA,NA,NA,NA,NA,NA,NA,NA,NA,NA,NA,NA,NA,NA,NA,NA,NA,NA,NA,NA,NA,NA,NA,NA,NA,NA,NA,NA,NA,NA,NA,NA,NA,NA,NA,NA,NA,NA,NA,NA,NA,NA,NA,NA,NA,NA,NA,NA,NA,NA,NA,NA,NA,NA,NA,NA,NA,NA,NA,NA,NA,NA,NA,NA,NA,NA,NA,NA,NA,NA,NA,NA,NA,NA,NA,NA,NA,NA,NA,NA,NA,NA,NA,NA,NA,NA,NA,NA,NA,NA,NA,NA,NA,NA,NA,NA,NA,NA,NA,NA,NA,NA,NA,NA,NA,NA,NA,NA,NA,NA,NA,NA,NA,NA,NA,NA,NA,NA,NA,NA,NA,NA,NA,NA,NA,NA,NA,NA,NA,NA,NA,NA
"1.0 (2026-03-05)","doi:10.11587/BA1ORN","153","Person","Fellner","Daniel","männlich",1977,"SPÖ","Kärnten","Landesregierung","ja","https://www.tiktok.com/@daniel_fellner","ja","ja",650,1385,44,3795,"Politiker in Kärnten / Landesrat https://daniel-fellner.kaerntengewinnt.at/","https://www.tiktok.com/@daniel_fellner/video/7521038538335374614",50500,1081,15,55,"Privat","nein","leger","nein","ja","nein","nicht erkennbar","nein","https://www.tiktok.com/@daniel_fellner/video/7115128189210430726",16200,997,14,29,NA,NA,NA,"nein","nein",NA,"nicht erkennbar","nein","https://www.tiktok.com/@daniel_fellner/video/7521372645661740310",14200,431,1,19,"Privat","nein","formal","nein","ja","nein","nicht erkennbar","nein","https://www.tiktok.com/@daniel_fellner/video/7168463395652504838",2239,119,2,3,"Privat","nein","leger","nein","ja","nein","nicht erkennbar","nein","https://www.tiktok.com/@daniel_fellner/video/7548718003144150294",4958,111,9,23,"Privat","nein","formal","nein","ja","nein","nicht erkennbar","nein","https://www.tiktok.com/@daniel_fellner/video/7534683553993461014",5488,92,5,6,"Arbeit","nein","formal","nein","nein","nein","nicht erkennbar","nein","https://www.tiktok.com/@daniel_fellner/video/7552223695591247126",4492,88,46,5,"Arbeit","nein","formal","nein","ja","nein","erkennbar","nein","https://www.tiktok.com/@daniel_fellner/video/7545878992008514838",3715,74,3,6,"Arbeit","nein","formal","nein","nein","nein","nicht erkennbar","nein","https://www.tiktok.com/@daniel_fellner/video/7201477102150143238",2383,74,3,19,"Privat","nein","formal","nein","ja","nein","erkennbar","nein","https://www.tiktok.com/@daniel_fellner/video/7582924067070676246",2418,47,0,2,"Privat","nein",NA,"nein","nein","nein","nicht erkennbar","nein"
"1.0 (2026-03-05)","doi:10.11587/BA1ORN","154","Person","Feuerstein","Bernhard","männlich",1983,"ÖVP","Vorarlberg","Landtag","nein",NA,"nein","ja",NA,NA,NA,NA,NA,NA,NA,NA,NA,NA,NA,NA,NA,NA,NA,NA,NA,NA,NA,NA,NA,NA,NA,NA,NA,NA,NA,NA,NA,NA,NA,NA,NA,NA,NA,NA,NA,NA,NA,NA,NA,NA,NA,NA,NA,NA,NA,NA,NA,NA,NA,NA,NA,NA,NA,NA,NA,NA,NA,NA,NA,NA,NA,NA,NA,NA,NA,NA,NA,NA,NA,NA,NA,NA,NA,NA,NA,NA,NA,NA,NA,NA,NA,NA,NA,NA,NA,NA,NA,NA,NA,NA,NA,NA,NA,NA,NA,NA,NA,NA,NA,NA,NA,NA,NA,NA,NA,NA,NA,NA,NA,NA,NA,NA,NA,NA,NA,NA,NA,NA,NA,NA,NA,NA,NA,NA,NA,NA,NA,NA,NA,NA,NA,NA,NA
"1.0 (2026-03-05)","doi:10.11587/BA1ORN","155","Person","Feurstein-Hosp","Nicole","weiblich",1982,"FPÖ","Vorarlberg","Landtag","ja","https://www.tiktok.com/@nicolefeursteinhosp","ja","ja",876,529,58,3363,"Abgeordnete zum Vorarlberger Landtag seit","https://www.tiktok.com/@nicolefeursteinhosp/video/7419405721785158945",7086,671,121,30,"Arbeit","ja","formal","ja","ja","nein","erkennbar","nein","https://www.tiktok.com/@nicolefeursteinhosp/video/7377769994504981793",2634,291,45,3,"Privat","ja","leger","ja","nein","nein","erkennbar","nein","https://www.tiktok.com/@nicolefeursteinhosp/photo/7420470567540706593",4142,230,16,2,NA,"nein","formal","ja","ja","nein","erkennbar","nein","https://www.tiktok.com/@nicolefeursteinhosp/video/7409382094268271904",5650,210,1,5,"Privat","nein","leger","nein","ja","nein","erkennbar","nein","https://www.tiktok.com/@nicolefeursteinhosp/video/7420188721783278881",1172,150,17,2,"Privat","ja","leger","nein","ja","nein","erkennbar","nein","https://www.tiktok.com/@nicolefeursteinhosp/video/7409668556528323873",1166,115,10,2,"Privat","nein","formal","ja","ja","nein","erkennbar","nein","https://www.tiktok.com/@nicolefeursteinhosp/video/7421891414541225249",1407,92,10,5,"Privat","nein","formal","ja","ja","nein","erkennbar","nein","https://www.tiktok.com/@nicolefeursteinhosp/video/7485477536890244374",3115,88,5,1,"Arbeit","nein","formal","ja","ja","nein","erkennbar","nein","https://www.tiktok.com/@nicolefeursteinhosp/video/7378254964394642721",976,86,1,0,"Arbeit","nein","formal","nein","ja","nein","erkennbar","nein","https://www.tiktok.com/@nicolefeursteinhosp/video/7378869382916656416",1039,83,5,2,"Privat","ja","leger","ja","ja","nein","erkennbar","nein"
"1.0 (2026-03-05)","doi:10.11587/BA1ORN","156","Person","Feurstein-Pichler","Karin","weiblich",1979,"ÖVP","Vorarlberg","Landtag","nein",NA,"ja","ja",NA,NA,NA,NA,NA,NA,NA,NA,NA,NA,NA,NA,NA,NA,NA,NA,NA,NA,NA,NA,NA,NA,NA,NA,NA,NA,NA,NA,NA,NA,NA,NA,NA,NA,NA,NA,NA,NA,NA,NA,NA,NA,NA,NA,NA,NA,NA,NA,NA,NA,NA,NA,NA,NA,NA,NA,NA,NA,NA,NA,NA,NA,NA,NA,NA,NA,NA,NA,NA,NA,NA,NA,NA,NA,NA,NA,NA,NA,NA,NA,NA,NA,NA,NA,NA,NA,NA,NA,NA,NA,NA,NA,NA,NA,NA,NA,NA,NA,NA,NA,NA,NA,NA,NA,NA,NA,NA,NA,NA,NA,NA,NA,NA,NA,NA,NA,NA,NA,NA,NA,NA,NA,NA,NA,NA,NA,NA,NA,NA,NA,NA,NA,NA,NA,NA
"1.0 (2026-03-05)","doi:10.11587/BA1ORN","157","Person","Fiedler","Helmut","männlich",1980,"FPÖ","Niederösterreich","Landtag","nein",NA,"ja","ja",NA,NA,NA,NA,NA,NA,NA,NA,NA,NA,NA,NA,NA,NA,NA,NA,NA,NA,NA,NA,NA,NA,NA,NA,NA,NA,NA,NA,NA,NA,NA,NA,NA,NA,NA,NA,NA,NA,NA,NA,NA,NA,NA,NA,NA,NA,NA,NA,NA,NA,NA,NA,NA,NA,NA,NA,NA,NA,NA,NA,NA,NA,NA,NA,NA,NA,NA,NA,NA,NA,NA,NA,NA,NA,NA,NA,NA,NA,NA,NA,NA,NA,NA,NA,NA,NA,NA,NA,NA,NA,NA,NA,NA,NA,NA,NA,NA,NA,NA,NA,NA,NA,NA,NA,NA,NA,NA,NA,NA,NA,NA,NA,NA,NA,NA,NA,NA,NA,NA,NA,NA,NA,NA,NA,NA,NA,NA,NA,NA,NA,NA,NA,NA,NA,NA
"1.0 (2026-03-05)","doi:10.11587/BA1ORN","158","Person","Fiedler","Fiona","weiblich",1976,"NEOS","Österreich","Nationalrat","nein",NA,"ja","ja",NA,NA,NA,NA,NA,NA,NA,NA,NA,NA,NA,NA,NA,NA,NA,NA,NA,NA,NA,NA,NA,NA,NA,NA,NA,NA,NA,NA,NA,NA,NA,NA,NA,NA,NA,NA,NA,NA,NA,NA,NA,NA,NA,NA,NA,NA,NA,NA,NA,NA,NA,NA,NA,NA,NA,NA,NA,NA,NA,NA,NA,NA,NA,NA,NA,NA,NA,NA,NA,NA,NA,NA,NA,NA,NA,NA,NA,NA,NA,NA,NA,NA,NA,NA,NA,NA,NA,NA,NA,NA,NA,NA,NA,NA,NA,NA,NA,NA,NA,NA,NA,NA,NA,NA,NA,NA,NA,NA,NA,NA,NA,NA,NA,NA,NA,NA,NA,NA,NA,NA,NA,NA,NA,NA,NA,NA,NA,NA,NA,NA,NA,NA,NA,NA,NA
"1.0 (2026-03-05)","doi:10.11587/BA1ORN","159","Person","Fischer","Michael","männlich",1968,"FPÖ","Oberösterreich","Landtag","nein",NA,"ja","ja",NA,NA,NA,NA,NA,NA,NA,NA,NA,NA,NA,NA,NA,NA,NA,NA,NA,NA,NA,NA,NA,NA,NA,NA,NA,NA,NA,NA,NA,NA,NA,NA,NA,NA,NA,NA,NA,NA,NA,NA,NA,NA,NA,NA,NA,NA,NA,NA,NA,NA,NA,NA,NA,NA,NA,NA,NA,NA,NA,NA,NA,NA,NA,NA,NA,NA,NA,NA,NA,NA,NA,NA,NA,NA,NA,NA,NA,NA,NA,NA,NA,NA,NA,NA,NA,NA,NA,NA,NA,NA,NA,NA,NA,NA,NA,NA,NA,NA,NA,NA,NA,NA,NA,NA,NA,NA,NA,NA,NA,NA,NA,NA,NA,NA,NA,NA,NA,NA,NA,NA,NA,NA,NA,NA,NA,NA,NA,NA,NA,NA,NA,NA,NA,NA,NA
"1.0 (2026-03-05)","doi:10.11587/BA1ORN","160","Person","Fischer","Christian","männlich",1977,"SPÖ","Österreich","Bundesrat","nein",NA,"ja","ja",NA,NA,NA,NA,NA,NA,NA,NA,NA,NA,NA,NA,NA,NA,NA,NA,NA,NA,NA,NA,NA,NA,NA,NA,NA,NA,NA,NA,NA,NA,NA,NA,NA,NA,NA,NA,NA,NA,NA,NA,NA,NA,NA,NA,NA,NA,NA,NA,NA,NA,NA,NA,NA,NA,NA,NA,NA,NA,NA,NA,NA,NA,NA,NA,NA,NA,NA,NA,NA,NA,NA,NA,NA,NA,NA,NA,NA,NA,NA,NA,NA,NA,NA,NA,NA,NA,NA,NA,NA,NA,NA,NA,NA,NA,NA,NA,NA,NA,NA,NA,NA,NA,NA,NA,NA,NA,NA,NA,NA,NA,NA,NA,NA,NA,NA,NA,NA,NA,NA,NA,NA,NA,NA,NA,NA,NA,NA,NA,NA,NA,NA,NA,NA,NA,NA
"1.0 (2026-03-05)","doi:10.11587/BA1ORN","161","Person","Flatz","Guido","männlich",1969,"ÖVP","Vorarlberg","Landtag","nein",NA,"nein","ja",NA,NA,NA,NA,NA,NA,NA,NA,NA,NA,NA,NA,NA,NA,NA,NA,NA,NA,NA,NA,NA,NA,NA,NA,NA,NA,NA,NA,NA,NA,NA,NA,NA,NA,NA,NA,NA,NA,NA,NA,NA,NA,NA,NA,NA,NA,NA,NA,NA,NA,NA,NA,NA,NA,NA,NA,NA,NA,NA,NA,NA,NA,NA,NA,NA,NA,NA,NA,NA,NA,NA,NA,NA,NA,NA,NA,NA,NA,NA,NA,NA,NA,NA,NA,NA,NA,NA,NA,NA,NA,NA,NA,NA,NA,NA,NA,NA,NA,NA,NA,NA,NA,NA,NA,NA,NA,NA,NA,NA,NA,NA,NA,NA,NA,NA,NA,NA,NA,NA,NA,NA,NA,NA,NA,NA,NA,NA,NA,NA,NA,NA,NA,NA,NA,NA
"1.0 (2026-03-05)","doi:10.11587/BA1ORN","162","Person","Fleischanderl","Elisabeth","weiblich",1995,"SPÖ","Tirol","Landtag","ja","https://www.tiktok.com/@lilli_bethi","ja","ja",278,688,2,35,NA,"https://www.tiktok.com/@lilli_bethi/video/7363627686905875745",957,20,0,0,"Privat","nein","leger","nein","ja","nein","erkennbar","nein","https://www.tiktok.com/@lilli_bethi/video/7318712093429992736",956,15,3,0,"Privat","nein","leger","nein","ja","ja","erkennbar","nein",NA,NA,NA,NA,NA,NA,NA,NA,NA,NA,NA,NA,NA,NA,NA,NA,NA,NA,NA,NA,NA,NA,NA,NA,NA,NA,NA,NA,NA,NA,NA,NA,NA,NA,NA,NA,NA,NA,NA,NA,NA,NA,NA,NA,NA,NA,NA,NA,NA,NA,NA,NA,NA,NA,NA,NA,NA,NA,NA,NA,NA,NA,NA,NA,NA,NA,NA,NA,NA,NA,NA,NA,NA,NA,NA,NA,NA,NA,NA,NA,NA,NA,NA,NA,NA,NA,NA,NA,NA,NA,NA,NA,NA,NA,NA,NA,NA,NA,NA,NA,NA,NA,NA,NA
"1.0 (2026-03-05)","doi:10.11587/BA1ORN","163","Person","Forstner","Armin","männlich",1971,"ÖVP","Steiermark","Landtag","nein",NA,"nein","ja",NA,NA,NA,NA,NA,NA,NA,NA,NA,NA,NA,NA,NA,NA,NA,NA,NA,NA,NA,NA,NA,NA,NA,NA,NA,NA,NA,NA,NA,NA,NA,NA,NA,NA,NA,NA,NA,NA,NA,NA,NA,NA,NA,NA,NA,NA,NA,NA,NA,NA,NA,NA,NA,NA,NA,NA,NA,NA,NA,NA,NA,NA,NA,NA,NA,NA,NA,NA,NA,NA,NA,NA,NA,NA,NA,NA,NA,NA,NA,NA,NA,NA,NA,NA,NA,NA,NA,NA,NA,NA,NA,NA,NA,NA,NA,NA,NA,NA,NA,NA,NA,NA,NA,NA,NA,NA,NA,NA,NA,NA,NA,NA,NA,NA,NA,NA,NA,NA,NA,NA,NA,NA,NA,NA,NA,NA,NA,NA,NA,NA,NA,NA,NA,NA,NA
"1.0 (2026-03-05)","doi:10.11587/BA1ORN","164","Person","Forstner","Sebastian","männlich",1981,"SPÖ","Österreich","Bundesrat","nein",NA,"ja","ja",NA,NA,NA,NA,NA,NA,NA,NA,NA,NA,NA,NA,NA,NA,NA,NA,NA,NA,NA,NA,NA,NA,NA,NA,NA,NA,NA,NA,NA,NA,NA,NA,NA,NA,NA,NA,NA,NA,NA,NA,NA,NA,NA,NA,NA,NA,NA,NA,NA,NA,NA,NA,NA,NA,NA,NA,NA,NA,NA,NA,NA,NA,NA,NA,NA,NA,NA,NA,NA,NA,NA,NA,NA,NA,NA,NA,NA,NA,NA,NA,NA,NA,NA,NA,NA,NA,NA,NA,NA,NA,NA,NA,NA,NA,NA,NA,NA,NA,NA,NA,NA,NA,NA,NA,NA,NA,NA,NA,NA,NA,NA,NA,NA,NA,NA,NA,NA,NA,NA,NA,NA,NA,NA,NA,NA,NA,NA,NA,NA,NA,NA,NA,NA,NA,NA
"1.0 (2026-03-05)","doi:10.11587/BA1ORN","165","Person","Fritz","Joachim","männlich",1974,"FPÖ","Vorarlberg","Landtag","nein",NA,"ja","ja",NA,NA,NA,NA,NA,NA,NA,NA,NA,NA,NA,NA,NA,NA,NA,NA,NA,NA,NA,NA,NA,NA,NA,NA,NA,NA,NA,NA,NA,NA,NA,NA,NA,NA,NA,NA,NA,NA,NA,NA,NA,NA,NA,NA,NA,NA,NA,NA,NA,NA,NA,NA,NA,NA,NA,NA,NA,NA,NA,NA,NA,NA,NA,NA,NA,NA,NA,NA,NA,NA,NA,NA,NA,NA,NA,NA,NA,NA,NA,NA,NA,NA,NA,NA,NA,NA,NA,NA,NA,NA,NA,NA,NA,NA,NA,NA,NA,NA,NA,NA,NA,NA,NA,NA,NA,NA,NA,NA,NA,NA,NA,NA,NA,NA,NA,NA,NA,NA,NA,NA,NA,NA,NA,NA,NA,NA,NA,NA,NA,NA,NA,NA,NA,NA,NA
"1.0 (2026-03-05)","doi:10.11587/BA1ORN","166","Person","Froschauer","Anton","männlich",1963,"ÖVP","Oberösterreich","Landtag","nein",NA,"ja","ja",NA,NA,NA,NA,NA,NA,NA,NA,NA,NA,NA,NA,NA,NA,NA,NA,NA,NA,NA,NA,NA,NA,NA,NA,NA,NA,NA,NA,NA,NA,NA,NA,NA,NA,NA,NA,NA,NA,NA,NA,NA,NA,NA,NA,NA,NA,NA,NA,NA,NA,NA,NA,NA,NA,NA,NA,NA,NA,NA,NA,NA,NA,NA,NA,NA,NA,NA,NA,NA,NA,NA,NA,NA,NA,NA,NA,NA,NA,NA,NA,NA,NA,NA,NA,NA,NA,NA,NA,NA,NA,NA,NA,NA,NA,NA,NA,NA,NA,NA,NA,NA,NA,NA,NA,NA,NA,NA,NA,NA,NA,NA,NA,NA,NA,NA,NA,NA,NA,NA,NA,NA,NA,NA,NA,NA,NA,NA,NA,NA,NA,NA,NA,NA,NA,NA
"1.0 (2026-03-05)","doi:10.11587/BA1ORN","167","Person","Frühmesser-Götschober","Lisa","weiblich",1992,"FPÖ","Wien","Landtag","nein",NA,"nein","ja",NA,NA,NA,NA,NA,NA,NA,NA,NA,NA,NA,NA,NA,NA,NA,NA,NA,NA,NA,NA,NA,NA,NA,NA,NA,NA,NA,NA,NA,NA,NA,NA,NA,NA,NA,NA,NA,NA,NA,NA,NA,NA,NA,NA,NA,NA,NA,NA,NA,NA,NA,NA,NA,NA,NA,NA,NA,NA,NA,NA,NA,NA,NA,NA,NA,NA,NA,NA,NA,NA,NA,NA,NA,NA,NA,NA,NA,NA,NA,NA,NA,NA,NA,NA,NA,NA,NA,NA,NA,NA,NA,NA,NA,NA,NA,NA,NA,NA,NA,NA,NA,NA,NA,NA,NA,NA,NA,NA,NA,NA,NA,NA,NA,NA,NA,NA,NA,NA,NA,NA,NA,NA,NA,NA,NA,NA,NA,NA,NA,NA,NA,NA,NA,NA,NA
"1.0 (2026-03-05)","doi:10.11587/BA1ORN","168","Person","Fuchs","Katharina","weiblich",1982,"NEOS","Vorarlberg","Landtag","nein",NA,"ja","ja",NA,NA,NA,NA,NA,NA,NA,NA,NA,NA,NA,NA,NA,NA,NA,NA,NA,NA,NA,NA,NA,NA,NA,NA,NA,NA,NA,NA,NA,NA,NA,NA,NA,NA,NA,NA,NA,NA,NA,NA,NA,NA,NA,NA,NA,NA,NA,NA,NA,NA,NA,NA,NA,NA,NA,NA,NA,NA,NA,NA,NA,NA,NA,NA,NA,NA,NA,NA,NA,NA,NA,NA,NA,NA,NA,NA,NA,NA,NA,NA,NA,NA,NA,NA,NA,NA,NA,NA,NA,NA,NA,NA,NA,NA,NA,NA,NA,NA,NA,NA,NA,NA,NA,NA,NA,NA,NA,NA,NA,NA,NA,NA,NA,NA,NA,NA,NA,NA,NA,NA,NA,NA,NA,NA,NA,NA,NA,NA,NA,NA,NA,NA,NA,NA,NA
"1.0 (2026-03-05)","doi:10.11587/BA1ORN","169","Person","Fuchs","Hubert","männlich",1969,"FPÖ","Österreich","Nationalrat","nein",NA,"nein","nein",NA,NA,NA,NA,NA,NA,NA,NA,NA,NA,NA,NA,NA,NA,NA,NA,NA,NA,NA,NA,NA,NA,NA,NA,NA,NA,NA,NA,NA,NA,NA,NA,NA,NA,NA,NA,NA,NA,NA,NA,NA,NA,NA,NA,NA,NA,NA,NA,NA,NA,NA,NA,NA,NA,NA,NA,NA,NA,NA,NA,NA,NA,NA,NA,NA,NA,NA,NA,NA,NA,NA,NA,NA,NA,NA,NA,NA,NA,NA,NA,NA,NA,NA,NA,NA,NA,NA,NA,NA,NA,NA,NA,NA,NA,NA,NA,NA,NA,NA,NA,NA,NA,NA,NA,NA,NA,NA,NA,NA,NA,NA,NA,NA,NA,NA,NA,NA,NA,NA,NA,NA,NA,NA,NA,NA,NA,NA,NA,NA,NA,NA,NA,NA,NA,NA
"1.0 (2026-03-05)","doi:10.11587/BA1ORN","170","Person","Fürlinger","Klaus","männlich",1965,"ÖVP","Österreich","Nationalrat","nein",NA,"ja","ja",NA,NA,NA,NA,NA,NA,NA,NA,NA,NA,NA,NA,NA,NA,NA,NA,NA,NA,NA,NA,NA,NA,NA,NA,NA,NA,NA,NA,NA,NA,NA,NA,NA,NA,NA,NA,NA,NA,NA,NA,NA,NA,NA,NA,NA,NA,NA,NA,NA,NA,NA,NA,NA,NA,NA,NA,NA,NA,NA,NA,NA,NA,NA,NA,NA,NA,NA,NA,NA,NA,NA,NA,NA,NA,NA,NA,NA,NA,NA,NA,NA,NA,NA,NA,NA,NA,NA,NA,NA,NA,NA,NA,NA,NA,NA,NA,NA,NA,NA,NA,NA,NA,NA,NA,NA,NA,NA,NA,NA,NA,NA,NA,NA,NA,NA,NA,NA,NA,NA,NA,NA,NA,NA,NA,NA,NA,NA,NA,NA,NA,NA,NA,NA,NA,NA
"1.0 (2026-03-05)","doi:10.11587/BA1ORN","171","Person","Fürst","Roland","männlich",1969,"SPÖ","Burgenland","Landtag","nein",NA,"ja","ja",NA,NA,NA,NA,NA,NA,NA,NA,NA,NA,NA,NA,NA,NA,NA,NA,NA,NA,NA,NA,NA,NA,NA,NA,NA,NA,NA,NA,NA,NA,NA,NA,NA,NA,NA,NA,NA,NA,NA,NA,NA,NA,NA,NA,NA,NA,NA,NA,NA,NA,NA,NA,NA,NA,NA,NA,NA,NA,NA,NA,NA,NA,NA,NA,NA,NA,NA,NA,NA,NA,NA,NA,NA,NA,NA,NA,NA,NA,NA,NA,NA,NA,NA,NA,NA,NA,NA,NA,NA,NA,NA,NA,NA,NA,NA,NA,NA,NA,NA,NA,NA,NA,NA,NA,NA,NA,NA,NA,NA,NA,NA,NA,NA,NA,NA,NA,NA,NA,NA,NA,NA,NA,NA,NA,NA,NA,NA,NA,NA,NA,NA,NA,NA,NA,NA
"1.0 (2026-03-05)","doi:10.11587/BA1ORN","172","Person","Fürst","Susanne","weiblich",1969,"FPÖ","Österreich","Nationalrat","nein",NA,"ja","ja",NA,NA,NA,NA,NA,NA,NA,NA,NA,NA,NA,NA,NA,NA,NA,NA,NA,NA,NA,NA,NA,NA,NA,NA,NA,NA,NA,NA,NA,NA,NA,NA,NA,NA,NA,NA,NA,NA,NA,NA,NA,NA,NA,NA,NA,NA,NA,NA,NA,NA,NA,NA,NA,NA,NA,NA,NA,NA,NA,NA,NA,NA,NA,NA,NA,NA,NA,NA,NA,NA,NA,NA,NA,NA,NA,NA,NA,NA,NA,NA,NA,NA,NA,NA,NA,NA,NA,NA,NA,NA,NA,NA,NA,NA,NA,NA,NA,NA,NA,NA,NA,NA,NA,NA,NA,NA,NA,NA,NA,NA,NA,NA,NA,NA,NA,NA,NA,NA,NA,NA,NA,NA,NA,NA,NA,NA,NA,NA,NA,NA,NA,NA,NA,NA,NA
"1.0 (2026-03-05)","doi:10.11587/BA1ORN","173","Person","Fürtbauer","Michael","männlich",1972,"FPÖ","Österreich","Nationalrat","nein",NA,"ja","ja",NA,NA,NA,NA,NA,NA,NA,NA,NA,NA,NA,NA,NA,NA,NA,NA,NA,NA,NA,NA,NA,NA,NA,NA,NA,NA,NA,NA,NA,NA,NA,NA,NA,NA,NA,NA,NA,NA,NA,NA,NA,NA,NA,NA,NA,NA,NA,NA,NA,NA,NA,NA,NA,NA,NA,NA,NA,NA,NA,NA,NA,NA,NA,NA,NA,NA,NA,NA,NA,NA,NA,NA,NA,NA,NA,NA,NA,NA,NA,NA,NA,NA,NA,NA,NA,NA,NA,NA,NA,NA,NA,NA,NA,NA,NA,NA,NA,NA,NA,NA,NA,NA,NA,NA,NA,NA,NA,NA,NA,NA,NA,NA,NA,NA,NA,NA,NA,NA,NA,NA,NA,NA,NA,NA,NA,NA,NA,NA,NA,NA,NA,NA,NA,NA,NA
"1.0 (2026-03-05)","doi:10.11587/BA1ORN","174","Person","Fürweger","Wolfgang","männlich",1971,"FPÖ","Salzburg","Landesregierung","nein",NA,"ja","ja",NA,NA,NA,NA,NA,NA,NA,NA,NA,NA,NA,NA,NA,NA,NA,NA,NA,NA,NA,NA,NA,NA,NA,NA,NA,NA,NA,NA,NA,NA,NA,NA,NA,NA,NA,NA,NA,NA,NA,NA,NA,NA,NA,NA,NA,NA,NA,NA,NA,NA,NA,NA,NA,NA,NA,NA,NA,NA,NA,NA,NA,NA,NA,NA,NA,NA,NA,NA,NA,NA,NA,NA,NA,NA,NA,NA,NA,NA,NA,NA,NA,NA,NA,NA,NA,NA,NA,NA,NA,NA,NA,NA,NA,NA,NA,NA,NA,NA,NA,NA,NA,NA,NA,NA,NA,NA,NA,NA,NA,NA,NA,NA,NA,NA,NA,NA,NA,NA,NA,NA,NA,NA,NA,NA,NA,NA,NA,NA,NA,NA,NA,NA,NA,NA,NA
"1.0 (2026-03-05)","doi:10.11587/BA1ORN","175","Person","Gaal","Kathrin","weiblich",1976,"SPÖ","Wien","Landesregierung","nein",NA,"ja","ja",NA,NA,NA,NA,NA,NA,NA,NA,NA,NA,NA,NA,NA,NA,NA,NA,NA,NA,NA,NA,NA,NA,NA,NA,NA,NA,NA,NA,NA,NA,NA,NA,NA,NA,NA,NA,NA,NA,NA,NA,NA,NA,NA,NA,NA,NA,NA,NA,NA,NA,NA,NA,NA,NA,NA,NA,NA,NA,NA,NA,NA,NA,NA,NA,NA,NA,NA,NA,NA,NA,NA,NA,NA,NA,NA,NA,NA,NA,NA,NA,NA,NA,NA,NA,NA,NA,NA,NA,NA,NA,NA,NA,NA,NA,NA,NA,NA,NA,NA,NA,NA,NA,NA,NA,NA,NA,NA,NA,NA,NA,NA,NA,NA,NA,NA,NA,NA,NA,NA,NA,NA,NA,NA,NA,NA,NA,NA,NA,NA,NA,NA,NA,NA,NA,NA
"1.0 (2026-03-05)","doi:10.11587/BA1ORN","176","Person","Gaggl","Herbert","männlich",1955,"ÖVP","Kärnten","Landtag","nein",NA,"ja","ja",NA,NA,NA,NA,NA,NA,NA,NA,NA,NA,NA,NA,NA,NA,NA,NA,NA,NA,NA,NA,NA,NA,NA,NA,NA,NA,NA,NA,NA,NA,NA,NA,NA,NA,NA,NA,NA,NA,NA,NA,NA,NA,NA,NA,NA,NA,NA,NA,NA,NA,NA,NA,NA,NA,NA,NA,NA,NA,NA,NA,NA,NA,NA,NA,NA,NA,NA,NA,NA,NA,NA,NA,NA,NA,NA,NA,NA,NA,NA,NA,NA,NA,NA,NA,NA,NA,NA,NA,NA,NA,NA,NA,NA,NA,NA,NA,NA,NA,NA,NA,NA,NA,NA,NA,NA,NA,NA,NA,NA,NA,NA,NA,NA,NA,NA,NA,NA,NA,NA,NA,NA,NA,NA,NA,NA,NA,NA,NA,NA,NA,NA,NA,NA,NA,NA
"1.0 (2026-03-05)","doi:10.11587/BA1ORN","177","Person","Gamon","Claudia","weiblich",1988,"NEOS","Vorarlberg","Landtag","ja","https://www.tiktok.com/@diegamon","ja","ja",1200,1153,71,9363,"Working mum in der Politik","https://www.tiktok.com/@diegamon/video/7246371043420425498",8934,890,28,18,"Arbeit","nein","formal","nein","ja","nein","nicht erkennbar","nein","https://www.tiktok.com/@diegamon/video/7378397709830458656",7921,726,18,39,NA,NA,NA,"ja","ja",NA,"nicht erkennbar","ja","https://www.tiktok.com/@diegamon/video/7174825911433334021",11400,671,54,50,"Arbeit","ja","formal","nein","ja","nein","nicht erkennbar","nein","https://www.tiktok.com/@diegamon/video/7428572514462354720",11100,526,10,34,"Arbeit","nein","formal","nein","ja","nein","nicht erkennbar","nein","https://www.tiktok.com/@diegamon/video/7146136956974451974",9619,463,78,11,"Arbeit","nein","formal","nein","ja","nein","nicht erkennbar","nein","https://www.tiktok.com/@diegamon/video/7153235749599579398",7889,374,76,6,"Arbeit","nein","formal","nein","nein","nein","nicht erkennbar","nein","https://www.tiktok.com/@diegamon/video/7146887401804238086",15800,366,42,10,"Arbeit","nein","formal","nein","ja","nein","nicht erkennbar","nein","https://www.tiktok.com/@diegamon/video/7377344279858908448",6161,360,18,13,NA,NA,NA,"nein","ja","nein","nicht erkennbar","nein","https://www.tiktok.com/@diegamon/video/7169503544591076614",9623,347,12,17,"Arbeit","nein","formal","nein","ja","nein","nicht erkennbar","nein","https://www.tiktok.com/@diegamon/video/7222181711562525979",2309,250,4,11,"Arbeit","nein","formal","nein","ja","nein","nicht erkennbar","ja"
"1.0 (2026-03-05)","doi:10.11587/BA1ORN","178","Person","Gamper","Alexander","männlich",1975,"FPÖ","Tirol","Landtag","ja","https://www.tiktok.com/@alexandergamper","ja","ja",106,420,2,662,NA,"https://www.tiktok.com/@alexandergamper/video/7011401397866384646",8537,489,44,49,"Arbeit","nein","formal","ja","nein","nein","erkennbar","nein","https://www.tiktok.com/@alexandergamper/video/7015918098297523462",9795,173,9,56,NA,NA,NA,"nein","ja",NA,"nicht erkennbar","nein",NA,NA,NA,NA,NA,NA,NA,NA,NA,NA,NA,NA,NA,NA,NA,NA,NA,NA,NA,NA,NA,NA,NA,NA,NA,NA,NA,NA,NA,NA,NA,NA,NA,NA,NA,NA,NA,NA,NA,NA,NA,NA,NA,NA,NA,NA,NA,NA,NA,NA,NA,NA,NA,NA,NA,NA,NA,NA,NA,NA,NA,NA,NA,NA,NA,NA,NA,NA,NA,NA,NA,NA,NA,NA,NA,NA,NA,NA,NA,NA,NA,NA,NA,NA,NA,NA,NA,NA,NA,NA,NA,NA,NA,NA,NA,NA,NA,NA,NA,NA,NA,NA,NA,NA
"1.0 (2026-03-05)","doi:10.11587/BA1ORN","179","Person","Gang","Andreas","männlich",1983,"FPÖ","Tirol","Landtag","ja","https://www.tiktok.com/@gangandreas","ja","ja",4013,873,219,54400,"geboren, Tiroler FPÖ-Politiker, LA in Tirol und Bürgermeister von Kramsach","https://www.tiktok.com/@gangandreas/video/7436273137987161376",133300,9003,126,2757,NA,NA,NA,"nein","nein",NA,"nicht erkennbar","nein","https://www.tiktok.com/@gangandreas/video/7417959841274088736",115200,2984,281,161,NA,NA,NA,"nein","nein",NA,"erkennbar","nein","https://www.tiktok.com/@gangandreas/video/7411563852497882401",38700,2384,216,84,NA,NA,NA,"nein","nein",NA,"erkennbar","nein","https://www.tiktok.com/@gangandreas/video/7414091266209664288",58100,2179,236,157,NA,NA,NA,"nein","nein",NA,"erkennbar","nein","https://www.tiktok.com/@gangandreas/video/7443366535822937366",33600,1563,94,169,"Privat","nein","leger","nein","ja","nein","erkennbar","nein","https://www.tiktok.com/@gangandreas/video/7419572614084988193",35800,1464,269,91,NA,NA,NA,"nein","nein",NA,"erkennbar","nein","https://www.tiktok.com/@gangandreas/video/7380761235983224096",19500,1308,508,238,"Privat","nein","leger","ja","ja","nein","nicht erkennbar","nein","https://www.tiktok.com/@gangandreas/video/7555190068051217686",18400,1064,17,28,"Privat","nein","leger","nein","nein","nein","nicht erkennbar","nein","https://www.tiktok.com/@gangandreas/video/7393081011048877344",34400,958,11,82,"Privat","nein","leger","nein","ja","nein","nicht erkennbar","nein","https://www.tiktok.com/@gangandreas/video/7529228385466207510",8904,937,3,4,"Privat","nein","leger","nein","ja","ja","nicht erkennbar","nein"
"1.0 (2026-03-05)","doi:10.11587/BA1ORN","180","Person","Gantner","Christian","männlich",1980,"ÖVP","Vorarlberg","Landesregierung","nein",NA,"ja","ja",NA,NA,NA,NA,NA,NA,NA,NA,NA,NA,NA,NA,NA,NA,NA,NA,NA,NA,NA,NA,NA,NA,NA,NA,NA,NA,NA,NA,NA,NA,NA,NA,NA,NA,NA,NA,NA,NA,NA,NA,NA,NA,NA,NA,NA,NA,NA,NA,NA,NA,NA,NA,NA,NA,NA,NA,NA,NA,NA,NA,NA,NA,NA,NA,NA,NA,NA,NA,NA,NA,NA,NA,NA,NA,NA,NA,NA,NA,NA,NA,NA,NA,NA,NA,NA,NA,NA,NA,NA,NA,NA,NA,NA,NA,NA,NA,NA,NA,NA,NA,NA,NA,NA,NA,NA,NA,NA,NA,NA,NA,NA,NA,NA,NA,NA,NA,NA,NA,NA,NA,NA,NA,NA,NA,NA,NA,NA,NA,NA,NA,NA,NA,NA,NA,NA
"1.0 (2026-03-05)","doi:10.11587/BA1ORN","181","Person","Gara","Stefan","männlich",1964,"NEOS","Wien","Landtag","nein",NA,"ja","ja",NA,NA,NA,NA,NA,NA,NA,NA,NA,NA,NA,NA,NA,NA,NA,NA,NA,NA,NA,NA,NA,NA,NA,NA,NA,NA,NA,NA,NA,NA,NA,NA,NA,NA,NA,NA,NA,NA,NA,NA,NA,NA,NA,NA,NA,NA,NA,NA,NA,NA,NA,NA,NA,NA,NA,NA,NA,NA,NA,NA,NA,NA,NA,NA,NA,NA,NA,NA,NA,NA,NA,NA,NA,NA,NA,NA,NA,NA,NA,NA,NA,NA,NA,NA,NA,NA,NA,NA,NA,NA,NA,NA,NA,NA,NA,NA,NA,NA,NA,NA,NA,NA,NA,NA,NA,NA,NA,NA,NA,NA,NA,NA,NA,NA,NA,NA,NA,NA,NA,NA,NA,NA,NA,NA,NA,NA,NA,NA,NA,NA,NA,NA,NA,NA,NA
"1.0 (2026-03-05)","doi:10.11587/BA1ORN","182","Person","Gasser","Johannes","männlich",1991,"NEOS","Österreich","Nationalrat","ja","https://www.tiktok.com/@der.gasser","ja","ja",756,764,102,5644,"NEOS-Nationalrat | Mellau, Vorarlberg Frag Hansi","https://www.tiktok.com/@der.gasser/video/7486555063863840022",24800,1667,190,75,"Arbeit","nein","formal","nein","nein","nein","nicht erkennbar","nein","https://www.tiktok.com/@der.gasser/video/7568533597695528214",27000,1111,46,203,"Arbeit","nein","formal","nein","ja","nein","nicht erkennbar","nein","https://www.tiktok.com/@der.gasser/video/7496872663957277974",3436,93,36,1,"Arbeit","nein","formal","nein","nein","nein","nicht erkennbar","nein","https://www.tiktok.com/@der.gasser/video/7377443842225638688",1846,88,0,1,"Privat","nein","formal","ja","nein","nein","erkennbar","nein","https://www.tiktok.com/@der.gasser/video/7562218578481614102",1646,85,10,7,"Arbeit","nein","formal","nein","ja","nein","erkennbar","nein","https://www.tiktok.com/@der.gasser/video/7420788011400547616",2485,81,13,2,"Arbeit","nein","formal","ja","nein","nein","erkennbar","nein","https://www.tiktok.com/@der.gasser/video/7507665346111884566",1509,79,4,3,"Arbeit","nein","leger","nein","ja","nein","nicht erkennbar","nein","https://www.tiktok.com/@der.gasser/video/7516633719608757526",1022,56,14,3,"Arbeit","nein","formal","nein","nein","nein","erkennbar","nein","https://www.tiktok.com/@der.gasser/video/7568964744409845014",1104,53,0,0,"Arbeit","nein","formal","nein","ja","nein","erkennbar","ja","https://www.tiktok.com/@der.gasser/video/7525806294075231510",1136,53,11,6,"Arbeit","nein","formal","nein","ja","nein","nicht erkennbar","nein"
"1.0 (2026-03-05)","doi:10.11587/BA1ORN","183","Person","Geieregger","Bernadette","weiblich",1992,"ÖVP","Österreich","Bundesrat","nein",NA,"ja","ja",NA,NA,NA,NA,NA,NA,NA,NA,NA,NA,NA,NA,NA,NA,NA,NA,NA,NA,NA,NA,NA,NA,NA,NA,NA,NA,NA,NA,NA,NA,NA,NA,NA,NA,NA,NA,NA,NA,NA,NA,NA,NA,NA,NA,NA,NA,NA,NA,NA,NA,NA,NA,NA,NA,NA,NA,NA,NA,NA,NA,NA,NA,NA,NA,NA,NA,NA,NA,NA,NA,NA,NA,NA,NA,NA,NA,NA,NA,NA,NA,NA,NA,NA,NA,NA,NA,NA,NA,NA,NA,NA,NA,NA,NA,NA,NA,NA,NA,NA,NA,NA,NA,NA,NA,NA,NA,NA,NA,NA,NA,NA,NA,NA,NA,NA,NA,NA,NA,NA,NA,NA,NA,NA,NA,NA,NA,NA,NA,NA,NA,NA,NA,NA,NA,NA
"1.0 (2026-03-05)","doi:10.11587/BA1ORN","184","Person","Geisler","Josef","männlich",1961,"ÖVP","Tirol","Landesregierung","nein",NA,"ja","ja",NA,NA,NA,NA,NA,NA,NA,NA,NA,NA,NA,NA,NA,NA,NA,NA,NA,NA,NA,NA,NA,NA,NA,NA,NA,NA,NA,NA,NA,NA,NA,NA,NA,NA,NA,NA,NA,NA,NA,NA,NA,NA,NA,NA,NA,NA,NA,NA,NA,NA,NA,NA,NA,NA,NA,NA,NA,NA,NA,NA,NA,NA,NA,NA,NA,NA,NA,NA,NA,NA,NA,NA,NA,NA,NA,NA,NA,NA,NA,NA,NA,NA,NA,NA,NA,NA,NA,NA,NA,NA,NA,NA,NA,NA,NA,NA,NA,NA,NA,NA,NA,NA,NA,NA,NA,NA,NA,NA,NA,NA,NA,NA,NA,NA,NA,NA,NA,NA,NA,NA,NA,NA,NA,NA,NA,NA,NA,NA,NA,NA,NA,NA,NA,NA,NA
"1.0 (2026-03-05)","doi:10.11587/BA1ORN","185","Person","Geistler","Luca-André","männlich",1998,"FPÖ","Steiermark","Landtag","ja","https://www.tiktok.com/@geistlerluca","ja","ja",1029,1079,51,3386,"Landtagsabgeordneter Steiermark | Stadtrat der Stadtgemeinde Hartberg","https://www.tiktok.com/@geistlerluca/video/7424182268098284832",5311,422,33,25,"Privat","nein","leger","nein","ja","nein","erkennbar","nein","https://www.tiktok.com/@geistlerluca/video/7440486722510638368",2825,298,16,6,"Privat","nein","formal","ja","ja","nein","erkennbar","nein","https://www.tiktok.com/@geistlerluca/video/7419002447277853984",1900,202,15,6,"Arbeit","nein","formal","ja","ja","nein","erkennbar","nein","https://www.tiktok.com/@geistlerluca/video/7420330417649224992",2706,163,11,4,"Privat","nein","formal","nein","nein","nein","erkennbar","nein","https://www.tiktok.com/@geistlerluca/video/7479085479904709910",2277,154,9,3,"Arbeit","nein","formal","ja","ja","nein","erkennbar","nein","https://www.tiktok.com/@geistlerluca/video/7434863011824782625",1925,129,16,7,"Privat","nein","formal","ja","ja","nein","erkennbar","nein","https://www.tiktok.com/@geistlerluca/video/7376876834027310369",1652,129,10,3,NA,NA,NA,"ja","ja",NA,"erkennbar","nein","https://www.tiktok.com/@geistlerluca/video/7328792633042603296",2773,125,5,7,"Arbeit","nein","formal","nein","nein","nein","erkennbar","nein","https://www.tiktok.com/@geistlerluca/video/7182978469305928965",1310,89,0,2,NA,NA,NA,"nein","ja",NA,"erkennbar","nein","https://www.tiktok.com/@geistlerluca/video/7396053403853524257",1588,88,3,4,"Arbeit","nein","formal","ja","ja","nein","erkennbar","nein"
"1.0 (2026-03-05)","doi:10.11587/BA1ORN","186","Person","Gepp","Christian","männlich",1972,"ÖVP","Niederösterreich","Landtag","nein",NA,"ja","ja",NA,NA,NA,NA,NA,NA,NA,NA,NA,NA,NA,NA,NA,NA,NA,NA,NA,NA,NA,NA,NA,NA,NA,NA,NA,NA,NA,NA,NA,NA,NA,NA,NA,NA,NA,NA,NA,NA,NA,NA,NA,NA,NA,NA,NA,NA,NA,NA,NA,NA,NA,NA,NA,NA,NA,NA,NA,NA,NA,NA,NA,NA,NA,NA,NA,NA,NA,NA,NA,NA,NA,NA,NA,NA,NA,NA,NA,NA,NA,NA,NA,NA,NA,NA,NA,NA,NA,NA,NA,NA,NA,NA,NA,NA,NA,NA,NA,NA,NA,NA,NA,NA,NA,NA,NA,NA,NA,NA,NA,NA,NA,NA,NA,NA,NA,NA,NA,NA,NA,NA,NA,NA,NA,NA,NA,NA,NA,NA,NA,NA,NA,NA,NA,NA,NA
"1.0 (2026-03-05)","doi:10.11587/BA1ORN","187","Person","Gerber","Mario","männlich",1981,"ÖVP","Tirol","Landesregierung","nein",NA,"ja","ja",NA,NA,NA,NA,NA,NA,NA,NA,NA,NA,NA,NA,NA,NA,NA,NA,NA,NA,NA,NA,NA,NA,NA,NA,NA,NA,NA,NA,NA,NA,NA,NA,NA,NA,NA,NA,NA,NA,NA,NA,NA,NA,NA,NA,NA,NA,NA,NA,NA,NA,NA,NA,NA,NA,NA,NA,NA,NA,NA,NA,NA,NA,NA,NA,NA,NA,NA,NA,NA,NA,NA,NA,NA,NA,NA,NA,NA,NA,NA,NA,NA,NA,NA,NA,NA,NA,NA,NA,NA,NA,NA,NA,NA,NA,NA,NA,NA,NA,NA,NA,NA,NA,NA,NA,NA,NA,NA,NA,NA,NA,NA,NA,NA,NA,NA,NA,NA,NA,NA,NA,NA,NA,NA,NA,NA,NA,NA,NA,NA,NA,NA,NA,NA,NA,NA
"1.0 (2026-03-05)","doi:10.11587/BA1ORN","188","Person","Gerstenmayer","Philipp","männlich",1987,"FPÖ","Niederösterreich","Landtag","nein",NA,"nein","ja",NA,NA,NA,NA,NA,NA,NA,NA,NA,NA,NA,NA,NA,NA,NA,NA,NA,NA,NA,NA,NA,NA,NA,NA,NA,NA,NA,NA,NA,NA,NA,NA,NA,NA,NA,NA,NA,NA,NA,NA,NA,NA,NA,NA,NA,NA,NA,NA,NA,NA,NA,NA,NA,NA,NA,NA,NA,NA,NA,NA,NA,NA,NA,NA,NA,NA,NA,NA,NA,NA,NA,NA,NA,NA,NA,NA,NA,NA,NA,NA,NA,NA,NA,NA,NA,NA,NA,NA,NA,NA,NA,NA,NA,NA,NA,NA,NA,NA,NA,NA,NA,NA,NA,NA,NA,NA,NA,NA,NA,NA,NA,NA,NA,NA,NA,NA,NA,NA,NA,NA,NA,NA,NA,NA,NA,NA,NA,NA,NA,NA,NA,NA,NA,NA,NA
"1.0 (2026-03-05)","doi:10.11587/BA1ORN","189","Person","Gerstl","Wolfgang","männlich",1961,"ÖVP","Österreich","Nationalrat","nein",NA,"ja","ja",NA,NA,NA,NA,NA,NA,NA,NA,NA,NA,NA,NA,NA,NA,NA,NA,NA,NA,NA,NA,NA,NA,NA,NA,NA,NA,NA,NA,NA,NA,NA,NA,NA,NA,NA,NA,NA,NA,NA,NA,NA,NA,NA,NA,NA,NA,NA,NA,NA,NA,NA,NA,NA,NA,NA,NA,NA,NA,NA,NA,NA,NA,NA,NA,NA,NA,NA,NA,NA,NA,NA,NA,NA,NA,NA,NA,NA,NA,NA,NA,NA,NA,NA,NA,NA,NA,NA,NA,NA,NA,NA,NA,NA,NA,NA,NA,NA,NA,NA,NA,NA,NA,NA,NA,NA,NA,NA,NA,NA,NA,NA,NA,NA,NA,NA,NA,NA,NA,NA,NA,NA,NA,NA,NA,NA,NA,NA,NA,NA,NA,NA,NA,NA,NA,NA
"1.0 (2026-03-05)","doi:10.11587/BA1ORN","190","Person","Gerstner","Peter","männlich",1959,"FPÖ","Niederösterreich","Landtag","nein",NA,"ja","ja",NA,NA,NA,NA,NA,NA,NA,NA,NA,NA,NA,NA,NA,NA,NA,NA,NA,NA,NA,NA,NA,NA,NA,NA,NA,NA,NA,NA,NA,NA,NA,NA,NA,NA,NA,NA,NA,NA,NA,NA,NA,NA,NA,NA,NA,NA,NA,NA,NA,NA,NA,NA,NA,NA,NA,NA,NA,NA,NA,NA,NA,NA,NA,NA,NA,NA,NA,NA,NA,NA,NA,NA,NA,NA,NA,NA,NA,NA,NA,NA,NA,NA,NA,NA,NA,NA,NA,NA,NA,NA,NA,NA,NA,NA,NA,NA,NA,NA,NA,NA,NA,NA,NA,NA,NA,NA,NA,NA,NA,NA,NA,NA,NA,NA,NA,NA,NA,NA,NA,NA,NA,NA,NA,NA,NA,NA,NA,NA,NA,NA,NA,NA,NA,NA,NA
"1.0 (2026-03-05)","doi:10.11587/BA1ORN","191","Person","Gewessler","Leonore","weiblich",1977,"GRÜNE","Österreich","Nationalrat","ja","https://www.tiktok.com/@lgewessler","ja","ja",3402,224,151,49900,"Bundessprecherin & Klubobfrau der Grünen. Öffi & Nachtzug-Fan.","https://www.tiktok.com/@lgewessler/video/7505298458119605526",54500,2311,109,66,"Privat","ja","formal","nein","nein","nein","nicht erkennbar","nein","https://www.tiktok.com/@lgewessler/video/7510847266186480918",23300,1676,44,71,"Privat","ja","leger","nein","nein","nein","nicht erkennbar","nein","https://www.tiktok.com/@lgewessler/video/7569213561851874582",28100,1391,123,82,"Arbeit","ja","formal","nein","nein","nein","nicht erkennbar","nein","https://www.tiktok.com/@lgewessler/video/7491228838970592534",14700,1116,75,49,"Privat","nein","formal","ja","ja","nein","erkennbar","nein","https://www.tiktok.com/@lgewessler/video/7496886464119065878",20200,854,49,29,"Arbeit","nein","formal","nein","nein","nein","nicht erkennbar","nein","https://www.tiktok.com/@lgewessler/video/7527650889717353750",20500,593,120,29,"Privat","nein","formal","nein","ja","nein","nicht erkennbar","nein","https://www.tiktok.com/@lgewessler/video/7533875073728531734",12200,449,60,25,"Privat","nein","leger","ja","nein","nein","nicht erkennbar","nein","https://www.tiktok.com/@lgewessler/video/7530177378753088791",11700,432,44,19,"Privat","nein","leger","ja","nein","nein","nicht erkennbar","nein","https://www.tiktok.com/@lgewessler/video/7534291613187722518",8062,412,28,7,"Privat","nein","leger","nein","nein","nein","nicht erkennbar","nein","https://www.tiktok.com/@lgewessler/video/7551046506694888726",13400,404,7,26,"Arbeit","nein","formal","nein","nein","ja","erkennbar","nein"
"1.0 (2026-03-05)","doi:10.11587/BA1ORN","192","Person","Gfrerer","Silvester","männlich",1959,"ÖVP","Österreich","Bundesrat","nein",NA,"nein","ja",NA,NA,NA,NA,NA,NA,NA,NA,NA,NA,NA,NA,NA,NA,NA,NA,NA,NA,NA,NA,NA,NA,NA,NA,NA,NA,NA,NA,NA,NA,NA,NA,NA,NA,NA,NA,NA,NA,NA,NA,NA,NA,NA,NA,NA,NA,NA,NA,NA,NA,NA,NA,NA,NA,NA,NA,NA,NA,NA,NA,NA,NA,NA,NA,NA,NA,NA,NA,NA,NA,NA,NA,NA,NA,NA,NA,NA,NA,NA,NA,NA,NA,NA,NA,NA,NA,NA,NA,NA,NA,NA,NA,NA,NA,NA,NA,NA,NA,NA,NA,NA,NA,NA,NA,NA,NA,NA,NA,NA,NA,NA,NA,NA,NA,NA,NA,NA,NA,NA,NA,NA,NA,NA,NA,NA,NA,NA,NA,NA,NA,NA,NA,NA,NA,NA
"1.0 (2026-03-05)","doi:10.11587/BA1ORN","193","Person","Giuliani-Sterrer","Marie-Christine","weiblich",1965,"FPÖ","Österreich","Nationalrat","nein",NA,"ja","ja",NA,NA,NA,NA,NA,NA,NA,NA,NA,NA,NA,NA,NA,NA,NA,NA,NA,NA,NA,NA,NA,NA,NA,NA,NA,NA,NA,NA,NA,NA,NA,NA,NA,NA,NA,NA,NA,NA,NA,NA,NA,NA,NA,NA,NA,NA,NA,NA,NA,NA,NA,NA,NA,NA,NA,NA,NA,NA,NA,NA,NA,NA,NA,NA,NA,NA,NA,NA,NA,NA,NA,NA,NA,NA,NA,NA,NA,NA,NA,NA,NA,NA,NA,NA,NA,NA,NA,NA,NA,NA,NA,NA,NA,NA,NA,NA,NA,NA,NA,NA,NA,NA,NA,NA,NA,NA,NA,NA,NA,NA,NA,NA,NA,NA,NA,NA,NA,NA,NA,NA,NA,NA,NA,NA,NA,NA,NA,NA,NA,NA,NA,NA,NA,NA,NA
"1.0 (2026-03-05)","doi:10.11587/BA1ORN","194","Person","Glawogger","Chiara-Sophia","weiblich",1999,"SPÖ","Steiermark","Landtag","nein",NA,"ja","ja",NA,NA,NA,NA,NA,NA,NA,NA,NA,NA,NA,NA,NA,NA,NA,NA,NA,NA,NA,NA,NA,NA,NA,NA,NA,NA,NA,NA,NA,NA,NA,NA,NA,NA,NA,NA,NA,NA,NA,NA,NA,NA,NA,NA,NA,NA,NA,NA,NA,NA,NA,NA,NA,NA,NA,NA,NA,NA,NA,NA,NA,NA,NA,NA,NA,NA,NA,NA,NA,NA,NA,NA,NA,NA,NA,NA,NA,NA,NA,NA,NA,NA,NA,NA,NA,NA,NA,NA,NA,NA,NA,NA,NA,NA,NA,NA,NA,NA,NA,NA,NA,NA,NA,NA,NA,NA,NA,NA,NA,NA,NA,NA,NA,NA,NA,NA,NA,NA,NA,NA,NA,NA,NA,NA,NA,NA,NA,NA,NA,NA,NA,NA,NA,NA,NA
"1.0 (2026-03-05)","doi:10.11587/BA1ORN","195","Person","Gmeinbauer","Daniela","weiblich",1965,"ÖVP","Österreich","Nationalrat","nein",NA,"ja","ja",NA,NA,NA,NA,NA,NA,NA,NA,NA,NA,NA,NA,NA,NA,NA,NA,NA,NA,NA,NA,NA,NA,NA,NA,NA,NA,NA,NA,NA,NA,NA,NA,NA,NA,NA,NA,NA,NA,NA,NA,NA,NA,NA,NA,NA,NA,NA,NA,NA,NA,NA,NA,NA,NA,NA,NA,NA,NA,NA,NA,NA,NA,NA,NA,NA,NA,NA,NA,NA,NA,NA,NA,NA,NA,NA,NA,NA,NA,NA,NA,NA,NA,NA,NA,NA,NA,NA,NA,NA,NA,NA,NA,NA,NA,NA,NA,NA,NA,NA,NA,NA,NA,NA,NA,NA,NA,NA,NA,NA,NA,NA,NA,NA,NA,NA,NA,NA,NA,NA,NA,NA,NA,NA,NA,NA,NA,NA,NA,NA,NA,NA,NA,NA,NA,NA
"1.0 (2026-03-05)","doi:10.11587/BA1ORN","196","Person","Gmeindl","Michael","männlich",1973,"FPÖ","Österreich","Nationalrat","nein",NA,"nein","ja",NA,NA,NA,NA,NA,NA,NA,NA,NA,NA,NA,NA,NA,NA,NA,NA,NA,NA,NA,NA,NA,NA,NA,NA,NA,NA,NA,NA,NA,NA,NA,NA,NA,NA,NA,NA,NA,NA,NA,NA,NA,NA,NA,NA,NA,NA,NA,NA,NA,NA,NA,NA,NA,NA,NA,NA,NA,NA,NA,NA,NA,NA,NA,NA,NA,NA,NA,NA,NA,NA,NA,NA,NA,NA,NA,NA,NA,NA,NA,NA,NA,NA,NA,NA,NA,NA,NA,NA,NA,NA,NA,NA,NA,NA,NA,NA,NA,NA,NA,NA,NA,NA,NA,NA,NA,NA,NA,NA,NA,NA,NA,NA,NA,NA,NA,NA,NA,NA,NA,NA,NA,NA,NA,NA,NA,NA,NA,NA,NA,NA,NA,NA,NA,NA,NA
"1.0 (2026-03-05)","doi:10.11587/BA1ORN","197","Person","Gneißl","Elisabeth","weiblich",1983,"ÖVP","Oberösterreich","Landtag","nein",NA,"ja","ja",NA,NA,NA,NA,NA,NA,NA,NA,NA,NA,NA,NA,NA,NA,NA,NA,NA,NA,NA,NA,NA,NA,NA,NA,NA,NA,NA,NA,NA,NA,NA,NA,NA,NA,NA,NA,NA,NA,NA,NA,NA,NA,NA,NA,NA,NA,NA,NA,NA,NA,NA,NA,NA,NA,NA,NA,NA,NA,NA,NA,NA,NA,NA,NA,NA,NA,NA,NA,NA,NA,NA,NA,NA,NA,NA,NA,NA,NA,NA,NA,NA,NA,NA,NA,NA,NA,NA,NA,NA,NA,NA,NA,NA,NA,NA,NA,NA,NA,NA,NA,NA,NA,NA,NA,NA,NA,NA,NA,NA,NA,NA,NA,NA,NA,NA,NA,NA,NA,NA,NA,NA,NA,NA,NA,NA,NA,NA,NA,NA,NA,NA,NA,NA,NA,NA
"1.0 (2026-03-05)","doi:10.11587/BA1ORN","198","Person","Gorlitzer","Michael","männlich",1966,"ÖVP","Wien","Landtag","nein",NA,"ja","ja",NA,NA,NA,NA,NA,NA,NA,NA,NA,NA,NA,NA,NA,NA,NA,NA,NA,NA,NA,NA,NA,NA,NA,NA,NA,NA,NA,NA,NA,NA,NA,NA,NA,NA,NA,NA,NA,NA,NA,NA,NA,NA,NA,NA,NA,NA,NA,NA,NA,NA,NA,NA,NA,NA,NA,NA,NA,NA,NA,NA,NA,NA,NA,NA,NA,NA,NA,NA,NA,NA,NA,NA,NA,NA,NA,NA,NA,NA,NA,NA,NA,NA,NA,NA,NA,NA,NA,NA,NA,NA,NA,NA,NA,NA,NA,NA,NA,NA,NA,NA,NA,NA,NA,NA,NA,NA,NA,NA,NA,NA,NA,NA,NA,NA,NA,NA,NA,NA,NA,NA,NA,NA,NA,NA,NA,NA,NA,NA,NA,NA,NA,NA,NA,NA,NA
"1.0 (2026-03-05)","doi:10.11587/BA1ORN","199","Person","Gradwohl","Werner","männlich",1959,"FPÖ","Österreich","Bundesrat","ja","https://www.tiktok.com/@wernergradwohl?lang=hu-HU","ja","ja",266,723,1,36,NA,"https://www.tiktok.com/@wernergradwohl/video/7305737153290439969?lang=hu-HU",1117,36,0,3,NA,NA,NA,"nein","ja","ja","nicht erkennbar","nein",NA,NA,NA,NA,NA,NA,NA,NA,NA,NA,NA,NA,NA,NA,NA,NA,NA,NA,NA,NA,NA,NA,NA,NA,NA,NA,NA,NA,NA,NA,NA,NA,NA,NA,NA,NA,NA,NA,NA,NA,NA,NA,NA,NA,NA,NA,NA,NA,NA,NA,NA,NA,NA,NA,NA,NA,NA,NA,NA,NA,NA,NA,NA,NA,NA,NA,NA,NA,NA,NA,NA,NA,NA,NA,NA,NA,NA,NA,NA,NA,NA,NA,NA,NA,NA,NA,NA,NA,NA,NA,NA,NA,NA,NA,NA,NA,NA,NA,NA,NA,NA,NA,NA,NA,NA,NA,NA,NA,NA,NA,NA,NA,NA,NA,NA,NA,NA
"1.0 (2026-03-05)","doi:10.11587/BA1ORN","200","Person","Graf","Franz","männlich",1961,"FPÖ","Oberösterreich","Landtag","nein",NA,"nein","nein",NA,NA,NA,NA,NA,NA,NA,NA,NA,NA,NA,NA,NA,NA,NA,NA,NA,NA,NA,NA,NA,NA,NA,NA,NA,NA,NA,NA,NA,NA,NA,NA,NA,NA,NA,NA,NA,NA,NA,NA,NA,NA,NA,NA,NA,NA,NA,NA,NA,NA,NA,NA,NA,NA,NA,NA,NA,NA,NA,NA,NA,NA,NA,NA,NA,NA,NA,NA,NA,NA,NA,NA,NA,NA,NA,NA,NA,NA,NA,NA,NA,NA,NA,NA,NA,NA,NA,NA,NA,NA,NA,NA,NA,NA,NA,NA,NA,NA,NA,NA,NA,NA,NA,NA,NA,NA,NA,NA,NA,NA,NA,NA,NA,NA,NA,NA,NA,NA,NA,NA,NA,NA,NA,NA,NA,NA,NA,NA,NA,NA,NA,NA,NA,NA,NA
"1.0 (2026-03-05)","doi:10.11587/BA1ORN","201","Person","Graf","Tanja","weiblich",1975,"ÖVP","Österreich","Nationalrat","nein",NA,"ja","ja",NA,NA,NA,NA,NA,NA,NA,NA,NA,NA,NA,NA,NA,NA,NA,NA,NA,NA,NA,NA,NA,NA,NA,NA,NA,NA,NA,NA,NA,NA,NA,NA,NA,NA,NA,NA,NA,NA,NA,NA,NA,NA,NA,NA,NA,NA,NA,NA,NA,NA,NA,NA,NA,NA,NA,NA,NA,NA,NA,NA,NA,NA,NA,NA,NA,NA,NA,NA,NA,NA,NA,NA,NA,NA,NA,NA,NA,NA,NA,NA,NA,NA,NA,NA,NA,NA,NA,NA,NA,NA,NA,NA,NA,NA,NA,NA,NA,NA,NA,NA,NA,NA,NA,NA,NA,NA,NA,NA,NA,NA,NA,NA,NA,NA,NA,NA,NA,NA,NA,NA,NA,NA,NA,NA,NA,NA,NA,NA,NA,NA,NA,NA,NA,NA,NA
"1.0 (2026-03-05)","doi:10.11587/BA1ORN","202","Person","Graf","Martin","männlich",1960,"FPÖ","Österreich","Nationalrat","nein",NA,"nein","ja",NA,NA,NA,NA,NA,NA,NA,NA,NA,NA,NA,NA,NA,NA,NA,NA,NA,NA,NA,NA,NA,NA,NA,NA,NA,NA,NA,NA,NA,NA,NA,NA,NA,NA,NA,NA,NA,NA,NA,NA,NA,NA,NA,NA,NA,NA,NA,NA,NA,NA,NA,NA,NA,NA,NA,NA,NA,NA,NA,NA,NA,NA,NA,NA,NA,NA,NA,NA,NA,NA,NA,NA,NA,NA,NA,NA,NA,NA,NA,NA,NA,NA,NA,NA,NA,NA,NA,NA,NA,NA,NA,NA,NA,NA,NA,NA,NA,NA,NA,NA,NA,NA,NA,NA,NA,NA,NA,NA,NA,NA,NA,NA,NA,NA,NA,NA,NA,NA,NA,NA,NA,NA,NA,NA,NA,NA,NA,NA,NA,NA,NA,NA,NA,NA,NA
"1.0 (2026-03-05)","doi:10.11587/BA1ORN","203","Person","Grandits","Thomas","männlich",1993,"FPÖ","Burgenland","Landtag","nein",NA,"nein","ja",NA,NA,NA,NA,NA,NA,NA,NA,NA,NA,NA,NA,NA,NA,NA,NA,NA,NA,NA,NA,NA,NA,NA,NA,NA,NA,NA,NA,NA,NA,NA,NA,NA,NA,NA,NA,NA,NA,NA,NA,NA,NA,NA,NA,NA,NA,NA,NA,NA,NA,NA,NA,NA,NA,NA,NA,NA,NA,NA,NA,NA,NA,NA,NA,NA,NA,NA,NA,NA,NA,NA,NA,NA,NA,NA,NA,NA,NA,NA,NA,NA,NA,NA,NA,NA,NA,NA,NA,NA,NA,NA,NA,NA,NA,NA,NA,NA,NA,NA,NA,NA,NA,NA,NA,NA,NA,NA,NA,NA,NA,NA,NA,NA,NA,NA,NA,NA,NA,NA,NA,NA,NA,NA,NA,NA,NA,NA,NA,NA,NA,NA,NA,NA,NA,NA
"1.0 (2026-03-05)","doi:10.11587/BA1ORN","204","Person","Greco","Katarzyna","weiblich",1971,"ÖVP","Wien","Landesregierung","nein",NA,"ja","ja",NA,NA,NA,NA,NA,NA,NA,NA,NA,NA,NA,NA,NA,NA,NA,NA,NA,NA,NA,NA,NA,NA,NA,NA,NA,NA,NA,NA,NA,NA,NA,NA,NA,NA,NA,NA,NA,NA,NA,NA,NA,NA,NA,NA,NA,NA,NA,NA,NA,NA,NA,NA,NA,NA,NA,NA,NA,NA,NA,NA,NA,NA,NA,NA,NA,NA,NA,NA,NA,NA,NA,NA,NA,NA,NA,NA,NA,NA,NA,NA,NA,NA,NA,NA,NA,NA,NA,NA,NA,NA,NA,NA,NA,NA,NA,NA,NA,NA,NA,NA,NA,NA,NA,NA,NA,NA,NA,NA,NA,NA,NA,NA,NA,NA,NA,NA,NA,NA,NA,NA,NA,NA,NA,NA,NA,NA,NA,NA,NA,NA,NA,NA,NA,NA,NA
"1.0 (2026-03-05)","doi:10.11587/BA1ORN","205","Person","Greiner","Karin","weiblich",1967,"SPÖ","Österreich","Nationalrat","nein",NA,"ja","ja",NA,NA,NA,NA,NA,NA,NA,NA,NA,NA,NA,NA,NA,NA,NA,NA,NA,NA,NA,NA,NA,NA,NA,NA,NA,NA,NA,NA,NA,NA,NA,NA,NA,NA,NA,NA,NA,NA,NA,NA,NA,NA,NA,NA,NA,NA,NA,NA,NA,NA,NA,NA,NA,NA,NA,NA,NA,NA,NA,NA,NA,NA,NA,NA,NA,NA,NA,NA,NA,NA,NA,NA,NA,NA,NA,NA,NA,NA,NA,NA,NA,NA,NA,NA,NA,NA,NA,NA,NA,NA,NA,NA,NA,NA,NA,NA,NA,NA,NA,NA,NA,NA,NA,NA,NA,NA,NA,NA,NA,NA,NA,NA,NA,NA,NA,NA,NA,NA,NA,NA,NA,NA,NA,NA,NA,NA,NA,NA,NA,NA,NA,NA,NA,NA,NA
"1.0 (2026-03-05)","doi:10.11587/BA1ORN","206","Person","Gremel","Markus","männlich",1983,"SPÖ","Wien","Landtag","nein",NA,"ja","ja",NA,NA,NA,NA,NA,NA,NA,NA,NA,NA,NA,NA,NA,NA,NA,NA,NA,NA,NA,NA,NA,NA,NA,NA,NA,NA,NA,NA,NA,NA,NA,NA,NA,NA,NA,NA,NA,NA,NA,NA,NA,NA,NA,NA,NA,NA,NA,NA,NA,NA,NA,NA,NA,NA,NA,NA,NA,NA,NA,NA,NA,NA,NA,NA,NA,NA,NA,NA,NA,NA,NA,NA,NA,NA,NA,NA,NA,NA,NA,NA,NA,NA,NA,NA,NA,NA,NA,NA,NA,NA,NA,NA,NA,NA,NA,NA,NA,NA,NA,NA,NA,NA,NA,NA,NA,NA,NA,NA,NA,NA,NA,NA,NA,NA,NA,NA,NA,NA,NA,NA,NA,NA,NA,NA,NA,NA,NA,NA,NA,NA,NA,NA,NA,NA,NA
"1.0 (2026-03-05)","doi:10.11587/BA1ORN","207","Person","Grossmann","Elisabeth","weiblich",1968,"SPÖ","EU","EP","nein",NA,"ja","ja",NA,NA,NA,NA,NA,NA,NA,NA,NA,NA,NA,NA,NA,NA,NA,NA,NA,NA,NA,NA,NA,NA,NA,NA,NA,NA,NA,NA,NA,NA,NA,NA,NA,NA,NA,NA,NA,NA,NA,NA,NA,NA,NA,NA,NA,NA,NA,NA,NA,NA,NA,NA,NA,NA,NA,NA,NA,NA,NA,NA,NA,NA,NA,NA,NA,NA,NA,NA,NA,NA,NA,NA,NA,NA,NA,NA,NA,NA,NA,NA,NA,NA,NA,NA,NA,NA,NA,NA,NA,NA,NA,NA,NA,NA,NA,NA,NA,NA,NA,NA,NA,NA,NA,NA,NA,NA,NA,NA,NA,NA,NA,NA,NA,NA,NA,NA,NA,NA,NA,NA,NA,NA,NA,NA,NA,NA,NA,NA,NA,NA,NA,NA,NA,NA,NA
"1.0 (2026-03-05)","doi:10.11587/BA1ORN","208","Person","Gruber","Martin","männlich",1983,"ÖVP","Kärnten","Landesregierung","nein",NA,"ja","ja",NA,NA,NA,NA,NA,NA,NA,NA,NA,NA,NA,NA,NA,NA,NA,NA,NA,NA,NA,NA,NA,NA,NA,NA,NA,NA,NA,NA,NA,NA,NA,NA,NA,NA,NA,NA,NA,NA,NA,NA,NA,NA,NA,NA,NA,NA,NA,NA,NA,NA,NA,NA,NA,NA,NA,NA,NA,NA,NA,NA,NA,NA,NA,NA,NA,NA,NA,NA,NA,NA,NA,NA,NA,NA,NA,NA,NA,NA,NA,NA,NA,NA,NA,NA,NA,NA,NA,NA,NA,NA,NA,NA,NA,NA,NA,NA,NA,NA,NA,NA,NA,NA,NA,NA,NA,NA,NA,NA,NA,NA,NA,NA,NA,NA,NA,NA,NA,NA,NA,NA,NA,NA,NA,NA,NA,NA,NA,NA,NA,NA,NA,NA,NA,NA,NA
"1.0 (2026-03-05)","doi:10.11587/BA1ORN","209","Person","Gruber","Michael","männlich",1976,"FPÖ","Oberösterreich","Landtag","nein",NA,"ja","ja",NA,NA,NA,NA,NA,NA,NA,NA,NA,NA,NA,NA,NA,NA,NA,NA,NA,NA,NA,NA,NA,NA,NA,NA,NA,NA,NA,NA,NA,NA,NA,NA,NA,NA,NA,NA,NA,NA,NA,NA,NA,NA,NA,NA,NA,NA,NA,NA,NA,NA,NA,NA,NA,NA,NA,NA,NA,NA,NA,NA,NA,NA,NA,NA,NA,NA,NA,NA,NA,NA,NA,NA,NA,NA,NA,NA,NA,NA,NA,NA,NA,NA,NA,NA,NA,NA,NA,NA,NA,NA,NA,NA,NA,NA,NA,NA,NA,NA,NA,NA,NA,NA,NA,NA,NA,NA,NA,NA,NA,NA,NA,NA,NA,NA,NA,NA,NA,NA,NA,NA,NA,NA,NA,NA,NA,NA,NA,NA,NA,NA,NA,NA,NA,NA,NA
"1.0 (2026-03-05)","doi:10.11587/BA1ORN","210","Person","Gruber-Pruner","Daniela","weiblich",1975,"SPÖ","Österreich","Bundesrat","nein",NA,"ja","ja",NA,NA,NA,NA,NA,NA,NA,NA,NA,NA,NA,NA,NA,NA,NA,NA,NA,NA,NA,NA,NA,NA,NA,NA,NA,NA,NA,NA,NA,NA,NA,NA,NA,NA,NA,NA,NA,NA,NA,NA,NA,NA,NA,NA,NA,NA,NA,NA,NA,NA,NA,NA,NA,NA,NA,NA,NA,NA,NA,NA,NA,NA,NA,NA,NA,NA,NA,NA,NA,NA,NA,NA,NA,NA,NA,NA,NA,NA,NA,NA,NA,NA,NA,NA,NA,NA,NA,NA,NA,NA,NA,NA,NA,NA,NA,NA,NA,NA,NA,NA,NA,NA,NA,NA,NA,NA,NA,NA,NA,NA,NA,NA,NA,NA,NA,NA,NA,NA,NA,NA,NA,NA,NA,NA,NA,NA,NA,NA,NA,NA,NA,NA,NA,NA,NA
"1.0 (2026-03-05)","doi:10.11587/BA1ORN","211","Person","Grünberg","Kira","weiblich",1993,"ÖVP","Österreich","Nationalrat","nein",NA,"ja","ja",NA,NA,NA,NA,NA,NA,NA,NA,NA,NA,NA,NA,NA,NA,NA,NA,NA,NA,NA,NA,NA,NA,NA,NA,NA,NA,NA,NA,NA,NA,NA,NA,NA,NA,NA,NA,NA,NA,NA,NA,NA,NA,NA,NA,NA,NA,NA,NA,NA,NA,NA,NA,NA,NA,NA,NA,NA,NA,NA,NA,NA,NA,NA,NA,NA,NA,NA,NA,NA,NA,NA,NA,NA,NA,NA,NA,NA,NA,NA,NA,NA,NA,NA,NA,NA,NA,NA,NA,NA,NA,NA,NA,NA,NA,NA,NA,NA,NA,NA,NA,NA,NA,NA,NA,NA,NA,NA,NA,NA,NA,NA,NA,NA,NA,NA,NA,NA,NA,NA,NA,NA,NA,NA,NA,NA,NA,NA,NA,NA,NA,NA,NA,NA,NA,NA
"1.0 (2026-03-05)","doi:10.11587/BA1ORN","212","Person","Grünberger","Florian","männlich",1980,"ÖVP","Oberösterreich","Landtag","nein",NA,"ja","ja",NA,NA,NA,NA,NA,NA,NA,NA,NA,NA,NA,NA,NA,NA,NA,NA,NA,NA,NA,NA,NA,NA,NA,NA,NA,NA,NA,NA,NA,NA,NA,NA,NA,NA,NA,NA,NA,NA,NA,NA,NA,NA,NA,NA,NA,NA,NA,NA,NA,NA,NA,NA,NA,NA,NA,NA,NA,NA,NA,NA,NA,NA,NA,NA,NA,NA,NA,NA,NA,NA,NA,NA,NA,NA,NA,NA,NA,NA,NA,NA,NA,NA,NA,NA,NA,NA,NA,NA,NA,NA,NA,NA,NA,NA,NA,NA,NA,NA,NA,NA,NA,NA,NA,NA,NA,NA,NA,NA,NA,NA,NA,NA,NA,NA,NA,NA,NA,NA,NA,NA,NA,NA,NA,NA,NA,NA,NA,NA,NA,NA,NA,NA,NA,NA,NA
"1.0 (2026-03-05)","doi:10.11587/BA1ORN","213","Person","Grüner","Jakob","männlich",1986,"ÖVP","Österreich","Nationalrat","nein",NA,"ja","nein",NA,NA,NA,NA,NA,NA,NA,NA,NA,NA,NA,NA,NA,NA,NA,NA,NA,NA,NA,NA,NA,NA,NA,NA,NA,NA,NA,NA,NA,NA,NA,NA,NA,NA,NA,NA,NA,NA,NA,NA,NA,NA,NA,NA,NA,NA,NA,NA,NA,NA,NA,NA,NA,NA,NA,NA,NA,NA,NA,NA,NA,NA,NA,NA,NA,NA,NA,NA,NA,NA,NA,NA,NA,NA,NA,NA,NA,NA,NA,NA,NA,NA,NA,NA,NA,NA,NA,NA,NA,NA,NA,NA,NA,NA,NA,NA,NA,NA,NA,NA,NA,NA,NA,NA,NA,NA,NA,NA,NA,NA,NA,NA,NA,NA,NA,NA,NA,NA,NA,NA,NA,NA,NA,NA,NA,NA,NA,NA,NA,NA,NA,NA,NA,NA,NA
"1.0 (2026-03-05)","doi:10.11587/BA1ORN","214","Person","Gudenus","Clemens","männlich",1990,"FPÖ","Wien","Landtag","nein",NA,"ja","ja",NA,NA,NA,NA,NA,NA,NA,NA,NA,NA,NA,NA,NA,NA,NA,NA,NA,NA,NA,NA,NA,NA,NA,NA,NA,NA,NA,NA,NA,NA,NA,NA,NA,NA,NA,NA,NA,NA,NA,NA,NA,NA,NA,NA,NA,NA,NA,NA,NA,NA,NA,NA,NA,NA,NA,NA,NA,NA,NA,NA,NA,NA,NA,NA,NA,NA,NA,NA,NA,NA,NA,NA,NA,NA,NA,NA,NA,NA,NA,NA,NA,NA,NA,NA,NA,NA,NA,NA,NA,NA,NA,NA,NA,NA,NA,NA,NA,NA,NA,NA,NA,NA,NA,NA,NA,NA,NA,NA,NA,NA,NA,NA,NA,NA,NA,NA,NA,NA,NA,NA,NA,NA,NA,NA,NA,NA,NA,NA,NA,NA,NA,NA,NA,NA,NA
"1.0 (2026-03-05)","doi:10.11587/BA1ORN","215","Person","Guggenberger","Roland","männlich",1987,"FPÖ","Wien","Landtag","nein",NA,"nein","nein",NA,NA,NA,NA,NA,NA,NA,NA,NA,NA,NA,NA,NA,NA,NA,NA,NA,NA,NA,NA,NA,NA,NA,NA,NA,NA,NA,NA,NA,NA,NA,NA,NA,NA,NA,NA,NA,NA,NA,NA,NA,NA,NA,NA,NA,NA,NA,NA,NA,NA,NA,NA,NA,NA,NA,NA,NA,NA,NA,NA,NA,NA,NA,NA,NA,NA,NA,NA,NA,NA,NA,NA,NA,NA,NA,NA,NA,NA,NA,NA,NA,NA,NA,NA,NA,NA,NA,NA,NA,NA,NA,NA,NA,NA,NA,NA,NA,NA,NA,NA,NA,NA,NA,NA,NA,NA,NA,NA,NA,NA,NA,NA,NA,NA,NA,NA,NA,NA,NA,NA,NA,NA,NA,NA,NA,NA,NA,NA,NA,NA,NA,NA,NA,NA,NA
"1.0 (2026-03-05)","doi:10.11587/BA1ORN","216","Person","Guggenberger","Andreas","männlich",1961,"FPÖ","Österreich","Bundesrat","nein",NA,"nein","nein",NA,NA,NA,NA,NA,NA,NA,NA,NA,NA,NA,NA,NA,NA,NA,NA,NA,NA,NA,NA,NA,NA,NA,NA,NA,NA,NA,NA,NA,NA,NA,NA,NA,NA,NA,NA,NA,NA,NA,NA,NA,NA,NA,NA,NA,NA,NA,NA,NA,NA,NA,NA,NA,NA,NA,NA,NA,NA,NA,NA,NA,NA,NA,NA,NA,NA,NA,NA,NA,NA,NA,NA,NA,NA,NA,NA,NA,NA,NA,NA,NA,NA,NA,NA,NA,NA,NA,NA,NA,NA,NA,NA,NA,NA,NA,NA,NA,NA,NA,NA,NA,NA,NA,NA,NA,NA,NA,NA,NA,NA,NA,NA,NA,NA,NA,NA,NA,NA,NA,NA,NA,NA,NA,NA,NA,NA,NA,NA,NA,NA,NA,NA,NA,NA,NA
"1.0 (2026-03-05)","doi:10.11587/BA1ORN","217","Person","Guggenbichler","Udo","männlich",1974,"FPÖ","Wien","Landtag","ja","https://www.tiktok.com/@udoguggenbichler","ja","ja",96,1287,4,36,";-)","https://www.tiktok.com/@udoguggenbichler/video/7097302272605981958?is_from_webapp=1&sender_device=pc&web_id=7560437013087569430",611,14,0,0,"Arbeit","nein","formal","nein","nein","nein","erkennbar","nein","https://www.tiktok.com/@udoguggenbichler/video/7100142456297065733?is_from_webapp=1&sender_device=pc&web_id=7560437013087569430",1414,10,0,0,"Privat","nein","formal","nein","nein","nein","nicht erkennbar","nein","https://www.tiktok.com/@udoguggenbichler/video/7096502642750328069?is_from_webapp=1&sender_device=pc&web_id=7560437013087569430",395,7,0,0,"Arbeit","nein","formal","nein","nein","nein","erkennbar","nein","https://www.tiktok.com/@udoguggenbichler/video/7145440993435733254?is_from_webapp=1&sender_device=pc&web_id=7560437013087569430",158,4,1,0,"Privat","nein","leger","nein","nein","ja","erkennbar","nein",NA,NA,NA,NA,NA,NA,NA,NA,NA,NA,NA,NA,NA,NA,NA,NA,NA,NA,NA,NA,NA,NA,NA,NA,NA,NA,NA,NA,NA,NA,NA,NA,NA,NA,NA,NA,NA,NA,NA,NA,NA,NA,NA,NA,NA,NA,NA,NA,NA,NA,NA,NA,NA,NA,NA,NA,NA,NA,NA,NA,NA,NA,NA,NA,NA,NA,NA,NA,NA,NA,NA,NA,NA,NA,NA,NA,NA,NA
"1.0 (2026-03-05)","doi:10.11587/BA1ORN","218","Person","Gutschi","Daniela","weiblich",1967,"ÖVP","Salzburg","Landesregierung","nein",NA,"ja","ja",NA,NA,NA,NA,NA,NA,NA,NA,NA,NA,NA,NA,NA,NA,NA,NA,NA,NA,NA,NA,NA,NA,NA,NA,NA,NA,NA,NA,NA,NA,NA,NA,NA,NA,NA,NA,NA,NA,NA,NA,NA,NA,NA,NA,NA,NA,NA,NA,NA,NA,NA,NA,NA,NA,NA,NA,NA,NA,NA,NA,NA,NA,NA,NA,NA,NA,NA,NA,NA,NA,NA,NA,NA,NA,NA,NA,NA,NA,NA,NA,NA,NA,NA,NA,NA,NA,NA,NA,NA,NA,NA,NA,NA,NA,NA,NA,NA,NA,NA,NA,NA,NA,NA,NA,NA,NA,NA,NA,NA,NA,NA,NA,NA,NA,NA,NA,NA,NA,NA,NA,NA,NA,NA,NA,NA,NA,NA,NA,NA,NA,NA,NA,NA,NA,NA
"1.0 (2026-03-05)","doi:10.11587/BA1ORN","219","Person","Gödl","Ernst","männlich",1971,"ÖVP","Österreich","Nationalrat","nein",NA,"ja","ja",NA,NA,NA,NA,NA,NA,NA,NA,NA,NA,NA,NA,NA,NA,NA,NA,NA,NA,NA,NA,NA,NA,NA,NA,NA,NA,NA,NA,NA,NA,NA,NA,NA,NA,NA,NA,NA,NA,NA,NA,NA,NA,NA,NA,NA,NA,NA,NA,NA,NA,NA,NA,NA,NA,NA,NA,NA,NA,NA,NA,NA,NA,NA,NA,NA,NA,NA,NA,NA,NA,NA,NA,NA,NA,NA,NA,NA,NA,NA,NA,NA,NA,NA,NA,NA,NA,NA,NA,NA,NA,NA,NA,NA,NA,NA,NA,NA,NA,NA,NA,NA,NA,NA,NA,NA,NA,NA,NA,NA,NA,NA,NA,NA,NA,NA,NA,NA,NA,NA,NA,NA,NA,NA,NA,NA,NA,NA,NA,NA,NA,NA,NA,NA,NA,NA
"1.0 (2026-03-05)","doi:10.11587/BA1ORN","220","Person","Göll","Margit","weiblich",1964,"ÖVP","Österreich","Bundesrat","nein",NA,"ja","ja",NA,NA,NA,NA,NA,NA,NA,NA,NA,NA,NA,NA,NA,NA,NA,NA,NA,NA,NA,NA,NA,NA,NA,NA,NA,NA,NA,NA,NA,NA,NA,NA,NA,NA,NA,NA,NA,NA,NA,NA,NA,NA,NA,NA,NA,NA,NA,NA,NA,NA,NA,NA,NA,NA,NA,NA,NA,NA,NA,NA,NA,NA,NA,NA,NA,NA,NA,NA,NA,NA,NA,NA,NA,NA,NA,NA,NA,NA,NA,NA,NA,NA,NA,NA,NA,NA,NA,NA,NA,NA,NA,NA,NA,NA,NA,NA,NA,NA,NA,NA,NA,NA,NA,NA,NA,NA,NA,NA,NA,NA,NA,NA,NA,NA,NA,NA,NA,NA,NA,NA,NA,NA,NA,NA,NA,NA,NA,NA,NA,NA,NA,NA,NA,NA,NA
"1.0 (2026-03-05)","doi:10.11587/BA1ORN","221","Person","Götze","Elisabeth","weiblich",1966,"GRÜNE","Österreich","Nationalrat","ja","https://www.tiktok.com/@eligoetze","ja","ja",1012,1077,270,9213,"Abg. z. NR @Die Grünen Wirtschaft, Innovation, Entrepreneurship, Städte & Gemeinden, Mobilität, Petitionen & BürgerInitiativen","https://www.tiktok.com/@eligoetze/video/7571541516775099670",8268,365,17,34,"Privat","nein","leger","nein","ja","nein","nicht erkennbar","ja","https://www.tiktok.com/@eligoetze/video/7188440437533805830",2716,228,3,0,"Arbeit","nein","leger","ja","nein","nein","nicht erkennbar","nein","https://www.tiktok.com/@eligoetze/video/7511756820789153046",4903,213,11,2,"Arbeit","nein","formal","nein","nein","nein","erkennbar","nein","https://www.tiktok.com/@eligoetze/video/7205192867332050182",687,183,14,21,"Arbeit","nein","formal","nein","nein","nein","nicht erkennbar","nein","https://www.tiktok.com/@eligoetze/video/7568502369806306582",2573,153,32,4,"Privat","ja","leger","nein","nein","nein","nicht erkennbar","nein","https://www.tiktok.com/@eligoetze/video/7470949222649449750",1447,143,2,7,"Arbeit","nein","leger","nein","nein","nein","nicht erkennbar","nein","https://www.tiktok.com/@eligoetze/video/7444988378199723286",1784,128,1,1,"Privat","nein","leger","nein","ja","nein","nicht erkennbar","ja","https://www.tiktok.com/@eligoetze/video/7572189537766591766",4080,116,11,13,"Privat","nein","formal","nein","nein","nein","nicht erkennbar","nein","https://www.tiktok.com/@eligoetze/video/7490546427358170390",1289,111,16,4,"Arbeit","nein","formal","nein","nein","nein","nicht erkennbar","nein","https://www.tiktok.com/@eligoetze/video/7221913739157605658",1378,109,0,0,"Privat","nein","leger","nein","nein","nein","nicht erkennbar","ja"
"1.0 (2026-03-05)","doi:10.11587/BA1ORN","222","Person","Haas","Mario","männlich",1992,"SPÖ","Oberösterreich","Landtag","ja","https://www.tiktok.com/@mariohaas0","ja","ja",618,2087,51,2001,"Abgeordneter zum Oberösterreichischen Landtag politiker salzkammergut","https://www.tiktok.com/@mariohaas0/video/6983198097371385093?is_from_webapp=1&sender_device=pc&web_id=7562949300041696790",22900,322,18,3,"Privat","nein",NA,"nein","ja","nein","nicht erkennbar","nein","https://www.tiktok.com/@mariohaas0/photo/7559912128673549590?is_from_webapp=1&sender_device=pc&web_id=7562949300041696790",2130,138,1,2,"Privat","nein","leger","nein","ja","nein","nicht erkennbar","nein","https://www.tiktok.com/@mariohaas0/video/7431626898209279264?is_from_webapp=1&sender_device=pc&web_id=7562949300041696790",2333,137,3,0,"Privat","nein",NA,"nein","ja","nein","nicht erkennbar","nein","https://www.tiktok.com/@mariohaas0/video/7252794983894355227?is_from_webapp=1&sender_device=pc&web_id=7562949300041696790",2537,128,20,1,"Arbeit","nein","formal","nein","nein","nein","nicht erkennbar","nein","https://www.tiktok.com/@mariohaas0/video/6877116481029541122?is_from_webapp=1&sender_device=pc&web_id=7562949300041696790",1666,128,1,13,"Privat","nein",NA,"nein","ja","nein","nicht erkennbar","nein","https://www.tiktok.com/@mariohaas0/video/7257119172323298587?is_from_webapp=1&sender_device=pc&web_id=7562949300041696790",1073,76,0,1,"Privat","nein",NA,"nein","ja","nein","nicht erkennbar","nein","https://www.tiktok.com/@mariohaas0/video/6969500363057564934?is_from_webapp=1&sender_device=pc&web_id=7562949300041696790",3206,62,0,1,"Privat","nein",NA,"nein","ja","nein","nicht erkennbar","nein","https://www.tiktok.com/@mariohaas0/video/7309583498363309344?is_from_webapp=1&sender_device=pc&web_id=7562949300041696790",1321,57,0,0,"Arbeit","nein","formal","nein","nein","nein","nicht erkennbar","nein","https://www.tiktok.com/@mariohaas0/video/7208895925299793157?is_from_webapp=1&sender_device=pc&web_id=7562949300041696790",1175,54,2,1,"Arbeit","nein","formal","nein","nein","nein","erkennbar","nein","https://www.tiktok.com/@mariohaas0/video/7193680196413689093?is_from_webapp=1&sender_device=pc&web_id=7562949300041696790",488,53,1,2,"Privat","nein",NA,"nein","ja","nein","nicht erkennbar","nein"
"1.0 (2026-03-05)","doi:10.11587/BA1ORN","223","Person","Haase","Susanne","weiblich",1975,"SPÖ","Wien","Landtag","nein",NA,"ja","ja",NA,NA,NA,NA,NA,NA,NA,NA,NA,NA,NA,NA,NA,NA,NA,NA,NA,NA,NA,NA,NA,NA,NA,NA,NA,NA,NA,NA,NA,NA,NA,NA,NA,NA,NA,NA,NA,NA,NA,NA,NA,NA,NA,NA,NA,NA,NA,NA,NA,NA,NA,NA,NA,NA,NA,NA,NA,NA,NA,NA,NA,NA,NA,NA,NA,NA,NA,NA,NA,NA,NA,NA,NA,NA,NA,NA,NA,NA,NA,NA,NA,NA,NA,NA,NA,NA,NA,NA,NA,NA,NA,NA,NA,NA,NA,NA,NA,NA,NA,NA,NA,NA,NA,NA,NA,NA,NA,NA,NA,NA,NA,NA,NA,NA,NA,NA,NA,NA,NA,NA,NA,NA,NA,NA,NA,NA,NA,NA,NA,NA,NA,NA,NA,NA,NA
"1.0 (2026-03-05)","doi:10.11587/BA1ORN","224","Person","Haberlander","Christine","weiblich",1981,"ÖVP","Oberösterreich","Landesregierung","nein",NA,"ja","ja",NA,NA,NA,NA,NA,NA,NA,NA,NA,NA,NA,NA,NA,NA,NA,NA,NA,NA,NA,NA,NA,NA,NA,NA,NA,NA,NA,NA,NA,NA,NA,NA,NA,NA,NA,NA,NA,NA,NA,NA,NA,NA,NA,NA,NA,NA,NA,NA,NA,NA,NA,NA,NA,NA,NA,NA,NA,NA,NA,NA,NA,NA,NA,NA,NA,NA,NA,NA,NA,NA,NA,NA,NA,NA,NA,NA,NA,NA,NA,NA,NA,NA,NA,NA,NA,NA,NA,NA,NA,NA,NA,NA,NA,NA,NA,NA,NA,NA,NA,NA,NA,NA,NA,NA,NA,NA,NA,NA,NA,NA,NA,NA,NA,NA,NA,NA,NA,NA,NA,NA,NA,NA,NA,NA,NA,NA,NA,NA,NA,NA,NA,NA,NA,NA,NA
"1.0 (2026-03-05)","doi:10.11587/BA1ORN","225","Person","Hacker","Peter","männlich",1963,"SPÖ","Wien","Landesregierung","ja","https://www.tiktok.com/@peter_hacker","ja","ja",1169,1121,35,4047,"Wiener Stadtrat für: Soziales 🫶 Gesundheit Sport","https://www.tiktok.com/@peter_hacker/video/7200754415924514054?is_from_webapp=1&sender_device=pc&web_id=7562949300041696790",12800,1188,9,87,"Privat","nein","leger","nein","nein","nein","nicht erkennbar","nein","https://www.tiktok.com/@peter_hacker/video/7195602320430730502?is_from_webapp=1&sender_device=pc&web_id=7562949300041696790",47200,716,10,45,"Privat","nein","leger","nein","ja","nein","nicht erkennbar","nein","https://www.tiktok.com/@peter_hacker/video/7458244124785855766?is_from_webapp=1&sender_device=pc&web_id=7562949300041696790",14700,246,218,22,"Privat","nein","formal","nein","nein","nein","nicht erkennbar","nein","https://www.tiktok.com/@peter_hacker/video/7380407745301744928?is_from_webapp=1&sender_device=pc&web_id=7562949300041696790",12400,196,27,19,"Privat","nein","formal","nein","ja","nein","nicht erkennbar","nein","https://www.tiktok.com/@peter_hacker/video/7469784731937180950?is_from_webapp=1&sender_device=pc&web_id=7562949300041696790",15200,183,15,41,"Privat","nein","leger","nein","nein","nein","nicht erkennbar","nein","https://www.tiktok.com/@peter_hacker/video/7405934814496394528?is_from_webapp=1&sender_device=pc&web_id=7562949300041696790",6526,157,104,20,"Arbeit","nein","formal","nein","nein","nein","nicht erkennbar","nein","https://www.tiktok.com/@peter_hacker/video/7361782079949901088?is_from_webapp=1&sender_device=pc&web_id=7562949300041696790",9106,157,4,23,"Privat","nein","leger","nein","nein","nein","nicht erkennbar","nein","https://www.tiktok.com/@peter_hacker/video/7176543971999501573?is_from_webapp=1&sender_device=pc&web_id=7562949300041696790",6456,116,0,26,"Arbeit","nein","formal","nein","nein","nein","erkennbar","nein","https://www.tiktok.com/@peter_hacker/video/7226322408934739226?is_from_webapp=1&sender_device=pc&web_id=7562949300041696790",2151,95,2,2,"Privat","nein","leger","nein","nein","nein","nicht erkennbar","nein","https://www.tiktok.com/@peter_hacker/video/7475808714264481046?is_from_webapp=1&sender_device=pc&web_id=7562949300041696790",3005,91,13,4,"Privat","nein","leger","nein","nein","nein","nicht erkennbar","nein"
"1.0 (2026-03-05)","doi:10.11587/BA1ORN","226","Person","Hackl","Kurt","männlich",1966,"ÖVP","Niederösterreich","Landtag","nein",NA,"ja","ja",NA,NA,NA,NA,NA,NA,NA,NA,NA,NA,NA,NA,NA,NA,NA,NA,NA,NA,NA,NA,NA,NA,NA,NA,NA,NA,NA,NA,NA,NA,NA,NA,NA,NA,NA,NA,NA,NA,NA,NA,NA,NA,NA,NA,NA,NA,NA,NA,NA,NA,NA,NA,NA,NA,NA,NA,NA,NA,NA,NA,NA,NA,NA,NA,NA,NA,NA,NA,NA,NA,NA,NA,NA,NA,NA,NA,NA,NA,NA,NA,NA,NA,NA,NA,NA,NA,NA,NA,NA,NA,NA,NA,NA,NA,NA,NA,NA,NA,NA,NA,NA,NA,NA,NA,NA,NA,NA,NA,NA,NA,NA,NA,NA,NA,NA,NA,NA,NA,NA,NA,NA,NA,NA,NA,NA,NA,NA,NA,NA,NA,NA,NA,NA,NA,NA
"1.0 (2026-03-05)","doi:10.11587/BA1ORN","227","Person","Hafenecker","Christian","männlich",1980,"FPÖ","Österreich","Nationalrat","ja","https://www.tiktok.com/@hafenecker","ja","ja",12000,979,287,149800,"Generalsekretär der FPÖ","https://www.tiktok.com/@hafenecker/video/7260940045350145306?is_from_webapp=1&sender_device=pc&web_id=7562949300041696790",53700,2501,243,412,"Arbeit","nein","leger","nein","nein","nein","nicht erkennbar","nein","https://www.tiktok.com/@hafenecker/video/7486514899867274528?is_from_webapp=1&sender_device=pc&web_id=7562949300041696790",46300,2088,152,146,"Arbeit","nein","formal","nein","nein","nein","nicht erkennbar","nein","https://www.tiktok.com/@hafenecker/video/7446304924356316448?is_from_webapp=1&sender_device=pc&web_id=7562949300041696790",36200,2067,266,329,"Arbeit","ja","leger","nein","nein","nein","nicht erkennbar","nein","https://www.tiktok.com/@hafenecker/video/7409550465467256096?is_from_webapp=1&sender_device=pc&web_id=7562949300041696790",36700,1923,165,147,"Arbeit","nein","formal","nein","nein","nein","erkennbar","nein","https://www.tiktok.com/@hafenecker/video/7254637465011506458?is_from_webapp=1&sender_device=pc&web_id=7562949300041696790",27000,1753,254,94,"Privat","ja","leger","nein","nein","nein","nicht erkennbar","nein","https://www.tiktok.com/@hafenecker/video/7427746779996671265?is_from_webapp=1&sender_device=pc&web_id=7562949300041696790",27300,1552,138,222,"Privat","ja","leger","nein","nein","nein","nicht erkennbar","nein","https://www.tiktok.com/@hafenecker/video/7398425141274856737?is_from_webapp=1&sender_device=pc&web_id=7562949300041696790",25900,1449,173,143,"Privat","ja","leger","nein","nein","nein","nicht erkennbar","nein","https://www.tiktok.com/@hafenecker/video/7570786393983585558?is_from_webapp=1&sender_device=pc&web_id=7562949300041696790",17300,1416,75,147,"Arbeit","ja","leger","nein","nein","nein","nicht erkennbar","nein","https://www.tiktok.com/@hafenecker/video/7463744325994679584?is_from_webapp=1&sender_device=pc&web_id=7562949300041696790",34500,1378,157,31,"Arbeit","nein","formal","nein","nein","nein","nicht erkennbar","nein","https://www.tiktok.com/@hafenecker/video/7201081748032212229?is_from_webapp=1&sender_device=pc&web_id=7562949300041696790",26700,1360,78,130,"Arbeit","nein","leger","nein","nein","nein","nicht erkennbar","nein"
"1.0 (2026-03-05)","doi:10.11587/BA1ORN","228","Person","Hagele","Cornelia","weiblich",1975,"ÖVP","Tirol","Landesregierung","nein",NA,"ja","ja",NA,NA,NA,NA,NA,NA,NA,NA,NA,NA,NA,NA,NA,NA,NA,NA,NA,NA,NA,NA,NA,NA,NA,NA,NA,NA,NA,NA,NA,NA,NA,NA,NA,NA,NA,NA,NA,NA,NA,NA,NA,NA,NA,NA,NA,NA,NA,NA,NA,NA,NA,NA,NA,NA,NA,NA,NA,NA,NA,NA,NA,NA,NA,NA,NA,NA,NA,NA,NA,NA,NA,NA,NA,NA,NA,NA,NA,NA,NA,NA,NA,NA,NA,NA,NA,NA,NA,NA,NA,NA,NA,NA,NA,NA,NA,NA,NA,NA,NA,NA,NA,NA,NA,NA,NA,NA,NA,NA,NA,NA,NA,NA,NA,NA,NA,NA,NA,NA,NA,NA,NA,NA,NA,NA,NA,NA,NA,NA,NA,NA,NA,NA,NA,NA,NA
"1.0 (2026-03-05)","doi:10.11587/BA1ORN","229","Person","Hagsteiner","Claudia","weiblich",1970,"SPÖ","Tirol","Landtag","nein",NA,"ja","ja",NA,NA,NA,NA,NA,NA,NA,NA,NA,NA,NA,NA,NA,NA,NA,NA,NA,NA,NA,NA,NA,NA,NA,NA,NA,NA,NA,NA,NA,NA,NA,NA,NA,NA,NA,NA,NA,NA,NA,NA,NA,NA,NA,NA,NA,NA,NA,NA,NA,NA,NA,NA,NA,NA,NA,NA,NA,NA,NA,NA,NA,NA,NA,NA,NA,NA,NA,NA,NA,NA,NA,NA,NA,NA,NA,NA,NA,NA,NA,NA,NA,NA,NA,NA,NA,NA,NA,NA,NA,NA,NA,NA,NA,NA,NA,NA,NA,NA,NA,NA,NA,NA,NA,NA,NA,NA,NA,NA,NA,NA,NA,NA,NA,NA,NA,NA,NA,NA,NA,NA,NA,NA,NA,NA,NA,NA,NA,NA,NA,NA,NA,NA,NA,NA,NA
"1.0 (2026-03-05)","doi:10.11587/BA1ORN","230","Person","Hahn","Doris","weiblich",1981,"SPÖ","Niederösterreich","Landtag","nein",NA,"ja","ja",NA,NA,NA,NA,NA,NA,NA,NA,NA,NA,NA,NA,NA,NA,NA,NA,NA,NA,NA,NA,NA,NA,NA,NA,NA,NA,NA,NA,NA,NA,NA,NA,NA,NA,NA,NA,NA,NA,NA,NA,NA,NA,NA,NA,NA,NA,NA,NA,NA,NA,NA,NA,NA,NA,NA,NA,NA,NA,NA,NA,NA,NA,NA,NA,NA,NA,NA,NA,NA,NA,NA,NA,NA,NA,NA,NA,NA,NA,NA,NA,NA,NA,NA,NA,NA,NA,NA,NA,NA,NA,NA,NA,NA,NA,NA,NA,NA,NA,NA,NA,NA,NA,NA,NA,NA,NA,NA,NA,NA,NA,NA,NA,NA,NA,NA,NA,NA,NA,NA,NA,NA,NA,NA,NA,NA,NA,NA,NA,NA,NA,NA,NA,NA,NA,NA
"1.0 (2026-03-05)","doi:10.11587/BA1ORN","231","Person","Haider","Roman","männlich",1967,"FPÖ","EU","EP","nein",NA,"ja","ja",NA,NA,NA,NA,NA,NA,NA,NA,NA,NA,NA,NA,NA,NA,NA,NA,NA,NA,NA,NA,NA,NA,NA,NA,NA,NA,NA,NA,NA,NA,NA,NA,NA,NA,NA,NA,NA,NA,NA,NA,NA,NA,NA,NA,NA,NA,NA,NA,NA,NA,NA,NA,NA,NA,NA,NA,NA,NA,NA,NA,NA,NA,NA,NA,NA,NA,NA,NA,NA,NA,NA,NA,NA,NA,NA,NA,NA,NA,NA,NA,NA,NA,NA,NA,NA,NA,NA,NA,NA,NA,NA,NA,NA,NA,NA,NA,NA,NA,NA,NA,NA,NA,NA,NA,NA,NA,NA,NA,NA,NA,NA,NA,NA,NA,NA,NA,NA,NA,NA,NA,NA,NA,NA,NA,NA,NA,NA,NA,NA,NA,NA,NA,NA,NA,NA
"1.0 (2026-03-05)","doi:10.11587/BA1ORN","232","Person","Haider-Wallner","Anja","weiblich",1979,"GRÜNE","Burgenland","Landesregierung","nein",NA,"ja","ja",NA,NA,NA,NA,NA,NA,NA,NA,NA,NA,NA,NA,NA,NA,NA,NA,NA,NA,NA,NA,NA,NA,NA,NA,NA,NA,NA,NA,NA,NA,NA,NA,NA,NA,NA,NA,NA,NA,NA,NA,NA,NA,NA,NA,NA,NA,NA,NA,NA,NA,NA,NA,NA,NA,NA,NA,NA,NA,NA,NA,NA,NA,NA,NA,NA,NA,NA,NA,NA,NA,NA,NA,NA,NA,NA,NA,NA,NA,NA,NA,NA,NA,NA,NA,NA,NA,NA,NA,NA,NA,NA,NA,NA,NA,NA,NA,NA,NA,NA,NA,NA,NA,NA,NA,NA,NA,NA,NA,NA,NA,NA,NA,NA,NA,NA,NA,NA,NA,NA,NA,NA,NA,NA,NA,NA,NA,NA,NA,NA,NA,NA,NA,NA,NA,NA
"1.0 (2026-03-05)","doi:10.11587/BA1ORN","233","Person","Haimbuchner","Manfred","männlich",1978,"FPÖ","Oberösterreich","Landesregierung","nein",NA,"ja","ja",NA,NA,NA,NA,NA,NA,NA,NA,NA,NA,NA,NA,NA,NA,NA,NA,NA,NA,NA,NA,NA,NA,NA,NA,NA,NA,NA,NA,NA,NA,NA,NA,NA,NA,NA,NA,NA,NA,NA,NA,NA,NA,NA,NA,NA,NA,NA,NA,NA,NA,NA,NA,NA,NA,NA,NA,NA,NA,NA,NA,NA,NA,NA,NA,NA,NA,NA,NA,NA,NA,NA,NA,NA,NA,NA,NA,NA,NA,NA,NA,NA,NA,NA,NA,NA,NA,NA,NA,NA,NA,NA,NA,NA,NA,NA,NA,NA,NA,NA,NA,NA,NA,NA,NA,NA,NA,NA,NA,NA,NA,NA,NA,NA,NA,NA,NA,NA,NA,NA,NA,NA,NA,NA,NA,NA,NA,NA,NA,NA,NA,NA,NA,NA,NA,NA
"1.0 (2026-03-05)","doi:10.11587/BA1ORN","234","Person","Haitzer","Andreas","männlich",1967,"SPÖ","Österreich","Nationalrat","nein",NA,"ja","ja",NA,NA,NA,NA,NA,NA,NA,NA,NA,NA,NA,NA,NA,NA,NA,NA,NA,NA,NA,NA,NA,NA,NA,NA,NA,NA,NA,NA,NA,NA,NA,NA,NA,NA,NA,NA,NA,NA,NA,NA,NA,NA,NA,NA,NA,NA,NA,NA,NA,NA,NA,NA,NA,NA,NA,NA,NA,NA,NA,NA,NA,NA,NA,NA,NA,NA,NA,NA,NA,NA,NA,NA,NA,NA,NA,NA,NA,NA,NA,NA,NA,NA,NA,NA,NA,NA,NA,NA,NA,NA,NA,NA,NA,NA,NA,NA,NA,NA,NA,NA,NA,NA,NA,NA,NA,NA,NA,NA,NA,NA,NA,NA,NA,NA,NA,NA,NA,NA,NA,NA,NA,NA,NA,NA,NA,NA,NA,NA,NA,NA,NA,NA,NA,NA,NA
"1.0 (2026-03-05)","doi:10.11587/BA1ORN","235","Person","Halb","Fabio","männlich",1997,"SPÖ","Burgenland","Landtag","nein",NA,"ja","ja",NA,NA,NA,NA,NA,NA,NA,NA,NA,NA,NA,NA,NA,NA,NA,NA,NA,NA,NA,NA,NA,NA,NA,NA,NA,NA,NA,NA,NA,NA,NA,NA,NA,NA,NA,NA,NA,NA,NA,NA,NA,NA,NA,NA,NA,NA,NA,NA,NA,NA,NA,NA,NA,NA,NA,NA,NA,NA,NA,NA,NA,NA,NA,NA,NA,NA,NA,NA,NA,NA,NA,NA,NA,NA,NA,NA,NA,NA,NA,NA,NA,NA,NA,NA,NA,NA,NA,NA,NA,NA,NA,NA,NA,NA,NA,NA,NA,NA,NA,NA,NA,NA,NA,NA,NA,NA,NA,NA,NA,NA,NA,NA,NA,NA,NA,NA,NA,NA,NA,NA,NA,NA,NA,NA,NA,NA,NA,NA,NA,NA,NA,NA,NA,NA,NA
"1.0 (2026-03-05)","doi:10.11587/BA1ORN","236","Person","Hammer","Lukas","männlich",1983,"GRÜNE","Österreich","Nationalrat","ja","https://www.tiktok.com/@lukas_hammer_tugendhat","ja","ja",1491,1225,115,23800,"Grünen-Abgeordneter zum Nationalrat Mobilität, Umwelt & Rechtsextremismus","https://www.tiktok.com/@lukas_hammer_tugendhat/video/7463485835090971926?is_from_webapp=1&sender_device=pc&web_id=7562949300041696790",29600,5155,100,416,"Arbeit","nein","formal","nein","nein","nein","nicht erkennbar","nein","https://www.tiktok.com/@lukas_hammer_tugendhat/video/7465992402017324310?is_from_webapp=1&sender_device=pc&web_id=7562949300041696790",19100,3215,101,326,"Arbeit","nein","leger","nein","nein","nein","erkennbar","nein","https://www.tiktok.com/@lukas_hammer_tugendhat/video/7460094816559418646?is_from_webapp=1&sender_device=pc&web_id=7562949300041696790",23800,3100,194,281,"Privat","ja","leger","nein","nein","nein","nicht erkennbar","nein","https://www.tiktok.com/@lukas_hammer_tugendhat/video/7174440312901733638?is_from_webapp=1&sender_device=pc&web_id=7562949300041696790",13300,1601,56,98,"Arbeit","nein","formal","nein","nein","nein","erkennbar","nein","https://www.tiktok.com/@lukas_hammer_tugendhat/video/7190303212602150150?is_from_webapp=1&sender_device=pc&web_id=7562949300041696790",20600,1495,133,93,"Privat","nein","leger","nein","nein","nein","nicht erkennbar","nein","https://www.tiktok.com/@lukas_hammer_tugendhat/video/7418820389217848609?is_from_webapp=1&sender_device=pc&web_id=7562949300041696790",51900,937,161,75,"Privat","nein","leger","nein","nein","nein","nicht erkennbar","nein","https://www.tiktok.com/@lukas_hammer_tugendhat/video/7418074780525497632?is_from_webapp=1&sender_device=pc&web_id=7562949300041696790",17600,864,84,20,"Privat","nein","leger","nein","nein","nein","nicht erkennbar","nein","https://www.tiktok.com/@lukas_hammer_tugendhat/video/7254900737371671834?is_from_webapp=1&sender_device=pc&web_id=7562949300041696790",5735,464,64,56,"Privat","nein","leger","nein","nein","nein","nicht erkennbar","nein","https://www.tiktok.com/@lukas_hammer_tugendhat/video/7177033614616562950?is_from_webapp=1&sender_device=pc&web_id=7562949300041696790",6926,313,5,16,"Arbeit","nein","leger","nein","nein","nein","nicht erkennbar","nein","https://www.tiktok.com/@lukas_hammer_tugendhat/video/7252685454758137114?is_from_webapp=1&sender_device=pc&web_id=7562949300041696790",1888,265,31,67,"Arbeit","nein","formal","nein","nein","nein","nicht erkennbar","nein"
"1.0 (2026-03-05)","doi:10.11587/BA1ORN","237","Person","Hammer","Michael","männlich",1977,"ÖVP","Österreich","Nationalrat","nein",NA,"ja","ja",NA,NA,NA,NA,NA,NA,NA,NA,NA,NA,NA,NA,NA,NA,NA,NA,NA,NA,NA,NA,NA,NA,NA,NA,NA,NA,NA,NA,NA,NA,NA,NA,NA,NA,NA,NA,NA,NA,NA,NA,NA,NA,NA,NA,NA,NA,NA,NA,NA,NA,NA,NA,NA,NA,NA,NA,NA,NA,NA,NA,NA,NA,NA,NA,NA,NA,NA,NA,NA,NA,NA,NA,NA,NA,NA,NA,NA,NA,NA,NA,NA,NA,NA,NA,NA,NA,NA,NA,NA,NA,NA,NA,NA,NA,NA,NA,NA,NA,NA,NA,NA,NA,NA,NA,NA,NA,NA,NA,NA,NA,NA,NA,NA,NA,NA,NA,NA,NA,NA,NA,NA,NA,NA,NA,NA,NA,NA,NA,NA,NA,NA,NA,NA,NA,NA
"1.0 (2026-03-05)","doi:10.11587/BA1ORN","238","Person","Hammerer","Eva","weiblich",1975,"GRÜNE","Vorarlberg","Landtag","nein",NA,"ja","ja",NA,NA,NA,NA,NA,NA,NA,NA,NA,NA,NA,NA,NA,NA,NA,NA,NA,NA,NA,NA,NA,NA,NA,NA,NA,NA,NA,NA,NA,NA,NA,NA,NA,NA,NA,NA,NA,NA,NA,NA,NA,NA,NA,NA,NA,NA,NA,NA,NA,NA,NA,NA,NA,NA,NA,NA,NA,NA,NA,NA,NA,NA,NA,NA,NA,NA,NA,NA,NA,NA,NA,NA,NA,NA,NA,NA,NA,NA,NA,NA,NA,NA,NA,NA,NA,NA,NA,NA,NA,NA,NA,NA,NA,NA,NA,NA,NA,NA,NA,NA,NA,NA,NA,NA,NA,NA,NA,NA,NA,NA,NA,NA,NA,NA,NA,NA,NA,NA,NA,NA,NA,NA,NA,NA,NA,NA,NA,NA,NA,NA,NA,NA,NA,NA,NA
"1.0 (2026-03-05)","doi:10.11587/BA1ORN","239","Person","Hammerl","Paul","männlich",1990,"FPÖ","Österreich","Nationalrat","nein",NA,"ja","ja",NA,NA,NA,NA,NA,NA,NA,NA,NA,NA,NA,NA,NA,NA,NA,NA,NA,NA,NA,NA,NA,NA,NA,NA,NA,NA,NA,NA,NA,NA,NA,NA,NA,NA,NA,NA,NA,NA,NA,NA,NA,NA,NA,NA,NA,NA,NA,NA,NA,NA,NA,NA,NA,NA,NA,NA,NA,NA,NA,NA,NA,NA,NA,NA,NA,NA,NA,NA,NA,NA,NA,NA,NA,NA,NA,NA,NA,NA,NA,NA,NA,NA,NA,NA,NA,NA,NA,NA,NA,NA,NA,NA,NA,NA,NA,NA,NA,NA,NA,NA,NA,NA,NA,NA,NA,NA,NA,NA,NA,NA,NA,NA,NA,NA,NA,NA,NA,NA,NA,NA,NA,NA,NA,NA,NA,NA,NA,NA,NA,NA,NA,NA,NA,NA,NA
"1.0 (2026-03-05)","doi:10.11587/BA1ORN","240","Person","Handig","Gerald","männlich",1963,"ÖVP","Burgenland","Landtag","nein",NA,"nein","ja",NA,NA,NA,NA,NA,NA,NA,NA,NA,NA,NA,NA,NA,NA,NA,NA,NA,NA,NA,NA,NA,NA,NA,NA,NA,NA,NA,NA,NA,NA,NA,NA,NA,NA,NA,NA,NA,NA,NA,NA,NA,NA,NA,NA,NA,NA,NA,NA,NA,NA,NA,NA,NA,NA,NA,NA,NA,NA,NA,NA,NA,NA,NA,NA,NA,NA,NA,NA,NA,NA,NA,NA,NA,NA,NA,NA,NA,NA,NA,NA,NA,NA,NA,NA,NA,NA,NA,NA,NA,NA,NA,NA,NA,NA,NA,NA,NA,NA,NA,NA,NA,NA,NA,NA,NA,NA,NA,NA,NA,NA,NA,NA,NA,NA,NA,NA,NA,NA,NA,NA,NA,NA,NA,NA,NA,NA,NA,NA,NA,NA,NA,NA,NA,NA,NA
"1.0 (2026-03-05)","doi:10.11587/BA1ORN","241","Person","Handler","Jürgen","männlich",1977,"FPÖ","Niederösterreich","Landtag","nein",NA,"ja","ja",NA,NA,NA,NA,NA,NA,NA,NA,NA,NA,NA,NA,NA,NA,NA,NA,NA,NA,NA,NA,NA,NA,NA,NA,NA,NA,NA,NA,NA,NA,NA,NA,NA,NA,NA,NA,NA,NA,NA,NA,NA,NA,NA,NA,NA,NA,NA,NA,NA,NA,NA,NA,NA,NA,NA,NA,NA,NA,NA,NA,NA,NA,NA,NA,NA,NA,NA,NA,NA,NA,NA,NA,NA,NA,NA,NA,NA,NA,NA,NA,NA,NA,NA,NA,NA,NA,NA,NA,NA,NA,NA,NA,NA,NA,NA,NA,NA,NA,NA,NA,NA,NA,NA,NA,NA,NA,NA,NA,NA,NA,NA,NA,NA,NA,NA,NA,NA,NA,NA,NA,NA,NA,NA,NA,NA,NA,NA,NA,NA,NA,NA,NA,NA,NA,NA
"1.0 (2026-03-05)","doi:10.11587/BA1ORN","242","Person","Handlos","Peter","männlich",1974,"FPÖ","Oberösterreich","Landtag","nein",NA,"ja","ja",NA,NA,NA,NA,NA,NA,NA,NA,NA,NA,NA,NA,NA,NA,NA,NA,NA,NA,NA,NA,NA,NA,NA,NA,NA,NA,NA,NA,NA,NA,NA,NA,NA,NA,NA,NA,NA,NA,NA,NA,NA,NA,NA,NA,NA,NA,NA,NA,NA,NA,NA,NA,NA,NA,NA,NA,NA,NA,NA,NA,NA,NA,NA,NA,NA,NA,NA,NA,NA,NA,NA,NA,NA,NA,NA,NA,NA,NA,NA,NA,NA,NA,NA,NA,NA,NA,NA,NA,NA,NA,NA,NA,NA,NA,NA,NA,NA,NA,NA,NA,NA,NA,NA,NA,NA,NA,NA,NA,NA,NA,NA,NA,NA,NA,NA,NA,NA,NA,NA,NA,NA,NA,NA,NA,NA,NA,NA,NA,NA,NA,NA,NA,NA,NA,NA
"1.0 (2026-03-05)","doi:10.11587/BA1ORN","243","Person","Hanel-Torsch","Elke","weiblich",1981,"SPÖ","Österreich","Nationalrat","nein",NA,"ja","ja",NA,NA,NA,NA,NA,NA,NA,NA,NA,NA,NA,NA,NA,NA,NA,NA,NA,NA,NA,NA,NA,NA,NA,NA,NA,NA,NA,NA,NA,NA,NA,NA,NA,NA,NA,NA,NA,NA,NA,NA,NA,NA,NA,NA,NA,NA,NA,NA,NA,NA,NA,NA,NA,NA,NA,NA,NA,NA,NA,NA,NA,NA,NA,NA,NA,NA,NA,NA,NA,NA,NA,NA,NA,NA,NA,NA,NA,NA,NA,NA,NA,NA,NA,NA,NA,NA,NA,NA,NA,NA,NA,NA,NA,NA,NA,NA,NA,NA,NA,NA,NA,NA,NA,NA,NA,NA,NA,NA,NA,NA,NA,NA,NA,NA,NA,NA,NA,NA,NA,NA,NA,NA,NA,NA,NA,NA,NA,NA,NA,NA,NA,NA,NA,NA,NA
"1.0 (2026-03-05)","doi:10.11587/BA1ORN","244","Person","Hanger","Andreas","männlich",1968,"ÖVP","Österreich","Nationalrat","ja","https://www.tiktok.com/@andreas_hanger","ja","ja",789,441,88,4448,"Abgeordneter zum Nationalrat für den Wahlkreis Mostviertel :)","https://www.tiktok.com/@andreas_hanger/video/7548210984993754401?is_from_webapp=1&sender_device=pc&web_id=7562949300041696790",26600,810,187,79,"Arbeit","nein","formal","nein","ja","nein","nicht erkennbar","nein","https://www.tiktok.com/@andreas_hanger/video/7510205373161229590?is_from_webapp=1&sender_device=pc&web_id=7562949300041696790",28500,534,39,97,"Privat","nein","leger","nein","nein","nein","nicht erkennbar","nein","https://www.tiktok.com/@andreas_hanger/video/7490541074033790230?is_from_webapp=1&sender_device=pc&web_id=7562949300041696790",28500,485,18,152,"Privat","nein","formal","nein","nein","nein","erkennbar","nein","https://www.tiktok.com/@andreas_hanger/video/7566694176922848544?is_from_webapp=1&sender_device=pc&web_id=7562949300041696790",5613,210,29,33,NA,"nein",NA,"nein","ja","nein","nicht erkennbar","nein","https://www.tiktok.com/@andreas_hanger/video/7507537339963411734?is_from_webapp=1&sender_device=pc&web_id=7562949300041696790",6585,117,120,10,"Arbeit","nein","formal","nein","nein","nein","nicht erkennbar","nein","https://www.tiktok.com/@andreas_hanger/video/7506781501200125206?is_from_webapp=1&sender_device=pc&web_id=7562949300041696790",11300,111,268,22,"Arbeit","nein","formal","nein","nein","nein","nicht erkennbar","nein","https://www.tiktok.com/@andreas_hanger/video/7463524282774064406?is_from_webapp=1&sender_device=pc&web_id=7562949300041696790",10500,92,2,23,"Arbeit","nein","leger","nein","nein","nein","nicht erkennbar","nein","https://www.tiktok.com/@andreas_hanger/video/7511727380591938838?is_from_webapp=1&sender_device=pc&web_id=7562949300041696790",7202,81,53,3,"Arbeit","nein","formal","nein","nein","nein","nicht erkennbar","nein","https://www.tiktok.com/@andreas_hanger/photo/7470543916668849430?is_from_webapp=1&sender_device=pc&web_id=7562949300041696790",8704,72,251,5,NA,"nein",NA,"ja","nein","nein","nicht erkennbar","nein","https://www.tiktok.com/@andreas_hanger/video/7507258751137615126?is_from_webapp=1&sender_device=pc&web_id=7562949300041696790",4926,68,43,4,"Arbeit","nein","formal","nein","nein","nein","nicht erkennbar","nein"
"1.0 (2026-03-05)","doi:10.11587/BA1ORN","245","Person","Hangöbl","Natalie","weiblich",1991,"KPÖ PLUS","Salzburg","Landtag","ja","https://www.tiktok.com/@natalie.hangoebl","ja","ja",611,676,47,4398,"Lehrerin ️ KPÖ plus Klubobfrau im Salzburger Landtag","https://www.tiktok.com/@natalie.hangoebl/video/7369557850194005281",5835,410,8,5,"Arbeit","nein","leger","nein","nein","nein","erkennbar","nein","https://www.tiktok.com/@natalie.hangoebl/video/7386946706912529697",8481,373,55,8,"Privat","nein","leger","nein","nein","nein","nicht erkennbar","nein","https://www.tiktok.com/@natalie.hangoebl/video/7464928736295636246",2374,226,8,5,"Arbeit","nein","leger","nein","nein","nein","erkennbar","nein","https://www.tiktok.com/@natalie.hangoebl/video/7374037780067847457",6817,167,12,10,"Arbeit","nein","formal","ja","nein","nein","erkennbar","nein","https://www.tiktok.com/@natalie.hangoebl/video/7465286732955634966",1612,150,7,5,"Privat","nein","leger","nein","nein","nein","erkennbar","nein","https://www.tiktok.com/@natalie.hangoebl/video/7503993638523784470",1553,136,2,1,"Privat","nein","leger","nein","nein","nein","erkennbar","nein","https://www.tiktok.com/@natalie.hangoebl/video/7348392705522814241",2640,136,0,4,"Privat","nein","formal","nein","nein","nein","nicht erkennbar","nein","https://www.tiktok.com/@natalie.hangoebl/video/7514990755329461526",2308,129,8,7,"Privat","nein","leger","nein","nein","nein","erkennbar","nein","https://www.tiktok.com/@natalie.hangoebl/video/7470133502147661078",1164,117,6,1,"Privat","nein","leger","nein","nein","nein","erkennbar","nein","https://www.tiktok.com/@natalie.hangoebl/video/7378815769917803808",3009,107,13,4,"Privat","nein","leger","nein","nein","nein","nicht erkennbar","nein"
"1.0 (2026-03-05)","doi:10.11587/BA1ORN","246","Person","Hanke","Marina","weiblich",1990,"SPÖ","Wien","Landtag","nein",NA,"ja","ja",NA,NA,NA,NA,NA,NA,NA,NA,NA,NA,NA,NA,NA,NA,NA,NA,NA,NA,NA,NA,NA,NA,NA,NA,NA,NA,NA,NA,NA,NA,NA,NA,NA,NA,NA,NA,NA,NA,NA,NA,NA,NA,NA,NA,NA,NA,NA,NA,NA,NA,NA,NA,NA,NA,NA,NA,NA,NA,NA,NA,NA,NA,NA,NA,NA,NA,NA,NA,NA,NA,NA,NA,NA,NA,NA,NA,NA,NA,NA,NA,NA,NA,NA,NA,NA,NA,NA,NA,NA,NA,NA,NA,NA,NA,NA,NA,NA,NA,NA,NA,NA,NA,NA,NA,NA,NA,NA,NA,NA,NA,NA,NA,NA,NA,NA,NA,NA,NA,NA,NA,NA,NA,NA,NA,NA,NA,NA,NA,NA,NA,NA,NA,NA,NA,NA
"1.0 (2026-03-05)","doi:10.11587/BA1ORN","247","Person","Hanke","Peter","männlich",1964,"SPÖ","Österreich","Bundesregierung","nein",NA,"ja","ja",NA,NA,NA,NA,NA,NA,NA,NA,NA,NA,NA,NA,NA,NA,NA,NA,NA,NA,NA,NA,NA,NA,NA,NA,NA,NA,NA,NA,NA,NA,NA,NA,NA,NA,NA,NA,NA,NA,NA,NA,NA,NA,NA,NA,NA,NA,NA,NA,NA,NA,NA,NA,NA,NA,NA,NA,NA,NA,NA,NA,NA,NA,NA,NA,NA,NA,NA,NA,NA,NA,NA,NA,NA,NA,NA,NA,NA,NA,NA,NA,NA,NA,NA,NA,NA,NA,NA,NA,NA,NA,NA,NA,NA,NA,NA,NA,NA,NA,NA,NA,NA,NA,NA,NA,NA,NA,NA,NA,NA,NA,NA,NA,NA,NA,NA,NA,NA,NA,NA,NA,NA,NA,NA,NA,NA,NA,NA,NA,NA,NA,NA,NA,NA,NA,NA
"1.0 (2026-03-05)","doi:10.11587/BA1ORN","248","Person","Harrer","Peter Manfred","männlich",1971,"SPÖ","Österreich","Nationalrat","nein",NA,"ja","ja",NA,NA,NA,NA,NA,NA,NA,NA,NA,NA,NA,NA,NA,NA,NA,NA,NA,NA,NA,NA,NA,NA,NA,NA,NA,NA,NA,NA,NA,NA,NA,NA,NA,NA,NA,NA,NA,NA,NA,NA,NA,NA,NA,NA,NA,NA,NA,NA,NA,NA,NA,NA,NA,NA,NA,NA,NA,NA,NA,NA,NA,NA,NA,NA,NA,NA,NA,NA,NA,NA,NA,NA,NA,NA,NA,NA,NA,NA,NA,NA,NA,NA,NA,NA,NA,NA,NA,NA,NA,NA,NA,NA,NA,NA,NA,NA,NA,NA,NA,NA,NA,NA,NA,NA,NA,NA,NA,NA,NA,NA,NA,NA,NA,NA,NA,NA,NA,NA,NA,NA,NA,NA,NA,NA,NA,NA,NA,NA,NA,NA,NA,NA,NA,NA,NA
"1.0 (2026-03-05)","doi:10.11587/BA1ORN","249","Person","Haselwanter-Schneider","Andrea","weiblich",1968,"FRITZ","Tirol","Landtag","nein",NA,"ja","ja",NA,NA,NA,NA,NA,NA,NA,NA,NA,NA,NA,NA,NA,NA,NA,NA,NA,NA,NA,NA,NA,NA,NA,NA,NA,NA,NA,NA,NA,NA,NA,NA,NA,NA,NA,NA,NA,NA,NA,NA,NA,NA,NA,NA,NA,NA,NA,NA,NA,NA,NA,NA,NA,NA,NA,NA,NA,NA,NA,NA,NA,NA,NA,NA,NA,NA,NA,NA,NA,NA,NA,NA,NA,NA,NA,NA,NA,NA,NA,NA,NA,NA,NA,NA,NA,NA,NA,NA,NA,NA,NA,NA,NA,NA,NA,NA,NA,NA,NA,NA,NA,NA,NA,NA,NA,NA,NA,NA,NA,NA,NA,NA,NA,NA,NA,NA,NA,NA,NA,NA,NA,NA,NA,NA,NA,NA,NA,NA,NA,NA,NA,NA,NA,NA,NA
"1.0 (2026-03-05)","doi:10.11587/BA1ORN","250","Person","Haslwanter","Patrick","männlich",1984,"FPÖ","Tirol","Landtag","ja","https://www.tiktok.com/@patrickhaslwanter","ja","ja",20400,1599,309,345300,"Abgeordneter zum Tiroler Landtag | Generalsekretär FPÖ Tirol","https://www.tiktok.com/@patrickhaslwanter/video/7376286320399863073",445400,28100,680,3197,"Privat","nein","leger","ja","ja","nein","erkennbar","nein","https://www.tiktok.com/@patrickhaslwanter/video/7429009456991800609",181800,11600,976,2729,"Privat","nein","leger","nein","nein","nein","erkennbar","nein","https://www.tiktok.com/@patrickhaslwanter/video/7417807478227848480",152600,9413,673,965,"Privat","nein","leger",NA,"ja","nein","erkennbar","nein","https://www.tiktok.com/@patrickhaslwanter/video/7052756457359445253",101800,8477,859,2569,"Privat","nein","leger","ja","ja","nein","erkennbar","nein","https://www.tiktok.com/@patrickhaslwanter/video/7341418610885184800",82900,8350,259,549,"Arbeit","nein","leger","ja","ja","nein","erkennbar","nein","https://www.tiktok.com/@patrickhaslwanter/video/7339871720448281888",97200,7060,448,788,"Arbeit","nein","leger","nein","ja","nein","erkennbar","nein","https://www.tiktok.com/@patrickhaslwanter/video/7496879045099965718",179600,6638,475,2901,"Arbeit","nein","leger","nein","nein","nein","erkennbar","nein","https://www.tiktok.com/@patrickhaslwanter/video/7420777971201363233",82000,5368,452,1423,"Arbeit","nein","leger","nein","ja","nein","erkennbar","nein","https://www.tiktok.com/@patrickhaslwanter/video/7283906680675388705",82100,5355,445,833,"Arbeit","nein","formal","ja","ja","nein","erkennbar","nein","https://www.tiktok.com/@patrickhaslwanter/video/7478357389071109398",81800,4895,504,1359,"Arbeit","nein","formal","nein","ja","nein","erkennbar","nein"
"1.0 (2026-03-05)","doi:10.11587/BA1ORN","251","Person","Hattmannsdorfer","Wolfgang","männlich",1979,"ÖVP","Österreich","Bundesregierung","ja","https://www.tiktok.com/@wolfganghattmannsdorfer","ja","ja",2424,1087,202,40800,"Wirtschaftsminister Politik ohne Blabla","https://www.tiktok.com/@wolfganghattmannsdorfer/video/7210347554947599621",141500,12000,284,742,"Arbeit","nein","formal","nein","nein","nein","nicht erkennbar","nein","https://www.tiktok.com/@wolfganghattmannsdorfer/video/7196715673597463813",45000,4402,400,977,"Arbeit","nein","formal","nein","ja","nein","nicht erkennbar","nein","https://www.tiktok.com/@wolfganghattmannsdorfer/video/7553678644418202902",33800,2714,27,90,"Privat","nein","formal","nein","nein","nein","nicht erkennbar","nein","https://www.tiktok.com/@wolfganghattmannsdorfer/video/7480629702810553622",89100,1931,167,121,"Privat","nein","formal","nein","nein","nein","nicht erkennbar","nein","https://www.tiktok.com/@wolfganghattmannsdorfer/video/7199981316870262022",37400,1719,97,51,"Arbeit","nein","formal","nein","ja","nein","nicht erkennbar","nein","https://www.tiktok.com/@wolfganghattmannsdorfer/video/7516964079236320534",95400,1620,371,426,"Arbeit","nein","formal","nein","nein","nein","nicht erkennbar","nein","https://www.tiktok.com/@wolfganghattmannsdorfer/video/7528095129257889046",52400,1387,17,73,"Privat","nein","formal","nein","nein","nein","nicht erkennbar","nein","https://www.tiktok.com/@wolfganghattmannsdorfer/video/7521788882157866262",10700,648,14,22,"Arbeit","nein","formal","nein","nein","nein","nicht erkennbar","nein","https://www.tiktok.com/@wolfganghattmannsdorfer/video/7483492386526498070",32800,546,228,26,"Arbeit","nein","formal","nein","nein","nein","nicht erkennbar","nein","https://www.tiktok.com/@wolfganghattmannsdorfer/video/7543544197123509506",39600,408,106,24,"Privat","nein","formal","nein","nein","nein","nicht erkennbar","nein"
"1.0 (2026-03-05)","doi:10.11587/BA1ORN","252","Person","Haubner","Peter","männlich",1960,"ÖVP","Österreich","Nationalrat","nein",NA,"nein","ja",NA,NA,NA,NA,NA,NA,NA,NA,NA,NA,NA,NA,NA,NA,NA,NA,NA,NA,NA,NA,NA,NA,NA,NA,NA,NA,NA,NA,NA,NA,NA,NA,NA,NA,NA,NA,NA,NA,NA,NA,NA,NA,NA,NA,NA,NA,NA,NA,NA,NA,NA,NA,NA,NA,NA,NA,NA,NA,NA,NA,NA,NA,NA,NA,NA,NA,NA,NA,NA,NA,NA,NA,NA,NA,NA,NA,NA,NA,NA,NA,NA,NA,NA,NA,NA,NA,NA,NA,NA,NA,NA,NA,NA,NA,NA,NA,NA,NA,NA,NA,NA,NA,NA,NA,NA,NA,NA,NA,NA,NA,NA,NA,NA,NA,NA,NA,NA,NA,NA,NA,NA,NA,NA,NA,NA,NA,NA,NA,NA,NA,NA,NA,NA,NA,NA
"1.0 (2026-03-05)","doi:10.11587/BA1ORN","253","Person","Hauer","Hermann","männlich",1964,"ÖVP","Niederösterreich","Landtag","nein",NA,"ja","ja",NA,NA,NA,NA,NA,NA,NA,NA,NA,NA,NA,NA,NA,NA,NA,NA,NA,NA,NA,NA,NA,NA,NA,NA,NA,NA,NA,NA,NA,NA,NA,NA,NA,NA,NA,NA,NA,NA,NA,NA,NA,NA,NA,NA,NA,NA,NA,NA,NA,NA,NA,NA,NA,NA,NA,NA,NA,NA,NA,NA,NA,NA,NA,NA,NA,NA,NA,NA,NA,NA,NA,NA,NA,NA,NA,NA,NA,NA,NA,NA,NA,NA,NA,NA,NA,NA,NA,NA,NA,NA,NA,NA,NA,NA,NA,NA,NA,NA,NA,NA,NA,NA,NA,NA,NA,NA,NA,NA,NA,NA,NA,NA,NA,NA,NA,NA,NA,NA,NA,NA,NA,NA,NA,NA,NA,NA,NA,NA,NA,NA,NA,NA,NA,NA,NA
"1.0 (2026-03-05)","doi:10.11587/BA1ORN","254","Person","Hauschildt-Buschberger","Claudia","weiblich",1970,"GRÜNE","Österreich","Bundesrat","nein",NA,"ja","ja",NA,NA,NA,NA,NA,NA,NA,NA,NA,NA,NA,NA,NA,NA,NA,NA,NA,NA,NA,NA,NA,NA,NA,NA,NA,NA,NA,NA,NA,NA,NA,NA,NA,NA,NA,NA,NA,NA,NA,NA,NA,NA,NA,NA,NA,NA,NA,NA,NA,NA,NA,NA,NA,NA,NA,NA,NA,NA,NA,NA,NA,NA,NA,NA,NA,NA,NA,NA,NA,NA,NA,NA,NA,NA,NA,NA,NA,NA,NA,NA,NA,NA,NA,NA,NA,NA,NA,NA,NA,NA,NA,NA,NA,NA,NA,NA,NA,NA,NA,NA,NA,NA,NA,NA,NA,NA,NA,NA,NA,NA,NA,NA,NA,NA,NA,NA,NA,NA,NA,NA,NA,NA,NA,NA,NA,NA,NA,NA,NA,NA,NA,NA,NA,NA,NA
"1.0 (2026-03-05)","doi:10.11587/BA1ORN","255","Person","Hauser","Gerald","männlich",1961,"FPÖ","EU","EP","ja","https://www.tiktok.com/@geraldhauser_fpoe","ja","ja",3713,1137,74,28300,"https://t.me/GeraldHauser www.gerald-hauser.at","https://www.tiktok.com/@geraldhauser_fpoe/video/7201411000745151750",20500,1835,124,846,"Arbeit","nein","formal","nein","nein","nein","erkennbar","nein","https://www.tiktok.com/@geraldhauser_fpoe/video/7372591311821540641",13300,1445,147,171,"Arbeit","nein","formal","ja","nein","nein","erkennbar","nein","https://www.tiktok.com/@geraldhauser_fpoe/video/7451582023044468001",12700,1348,116,73,"Arbeit","nein","formal","nein","nein","nein","erkennbar","nein","https://www.tiktok.com/@geraldhauser_fpoe/video/7200827382519860486",20100,1150,76,190,"Arbeit","nein","formal","nein","nein","nein","erkennbar","nein","https://www.tiktok.com/@geraldhauser_fpoe/video/7392627837808807200",13400,1052,91,182,"Arbeit","nein","formal","nein","nein","nein","erkennbar","nein","https://www.tiktok.com/@geraldhauser_fpoe/video/7226995747038743813",26200,918,67,136,"Arbeit","nein","formal","nein","nein","nein","erkennbar","nein","https://www.tiktok.com/@geraldhauser_fpoe/video/7535116382942383382",9512,914,65,106,"Arbeit","nein","formal","nein","nein","nein","erkennbar","nein","https://www.tiktok.com/@geraldhauser_fpoe/video/7205664704746884358",16200,864,63,97,"Arbeit","nein","formal","nein","nein","nein","erkennbar","nein","https://www.tiktok.com/@geraldhauser_fpoe/video/7168818848383159558",15400,855,50,60,"Arbeit","nein","formal","nein","nein","nein","erkennbar","nein","https://www.tiktok.com/@geraldhauser_fpoe/video/7154669391295040774",17300,807,32,84,"Arbeit","nein","formal","nein","nein","nein","erkennbar","nein"
"1.0 (2026-03-05)","doi:10.11587/BA1ORN","256","Person","Hechenberger","Josef","männlich",1974,"ÖVP","Österreich","Nationalrat","nein",NA,"ja","ja",NA,NA,NA,NA,NA,NA,NA,NA,NA,NA,NA,NA,NA,NA,NA,NA,NA,NA,NA,NA,NA,NA,NA,NA,NA,NA,NA,NA,NA,NA,NA,NA,NA,NA,NA,NA,NA,NA,NA,NA,NA,NA,NA,NA,NA,NA,NA,NA,NA,NA,NA,NA,NA,NA,NA,NA,NA,NA,NA,NA,NA,NA,NA,NA,NA,NA,NA,NA,NA,NA,NA,NA,NA,NA,NA,NA,NA,NA,NA,NA,NA,NA,NA,NA,NA,NA,NA,NA,NA,NA,NA,NA,NA,NA,NA,NA,NA,NA,NA,NA,NA,NA,NA,NA,NA,NA,NA,NA,NA,NA,NA,NA,NA,NA,NA,NA,NA,NA,NA,NA,NA,NA,NA,NA,NA,NA,NA,NA,NA,NA,NA,NA,NA,NA,NA
"1.0 (2026-03-05)","doi:10.11587/BA1ORN","257","Person","Heide","Hannes","männlich",1966,"SPÖ","EU","EP","ja","https://www.tiktok.com/@hannesheide_mep","ja","ja",238,1986,16,222,"Offizieller TikTok Account von EU-Abgeordneten Hannes Heide","https://www.tiktok.com/@hannesheide_mep/video/6852339090013048069",549,28,2,0,"Privat","nein","leger","nein","ja","nein","nicht erkennbar","nein","https://www.tiktok.com/@hannesheide_mep/video/6872964816969960705",360,21,0,0,"Privat","nein","formal","nein","nein","nein","nicht erkennbar","nein","https://www.tiktok.com/@hannesheide_mep/video/6853407507323309318",277,21,1,3,"Arbeit","ja","formal","nein","nein","nein","nicht erkennbar","nein","https://www.tiktok.com/@hannesheide_mep/video/6852643658764684550",418,20,2,0,"Privat","nein","formal","nein","nein","nein","nicht erkennbar","nein","https://www.tiktok.com/@hannesheide_mep/video/6872686973665037569",271,19,2,3,"Privat","nein","leger","nein","nein","ja","nicht erkennbar","nein","https://www.tiktok.com/@hannesheide_mep/video/6839301422215924998",604,18,1,1,"Privat","ja","formal","nein","ja","nein","nicht erkennbar","nein","https://www.tiktok.com/@hannesheide_mep/video/6851897009209756934",267,16,0,0,"Arbeit","nein","formal","nein","nein","nein","nicht erkennbar","nein","https://www.tiktok.com/@hannesheide_mep/video/6849283309264964870",325,12,2,0,"Arbeit","nein","formal","nein","nein","nein","nicht erkennbar","nein","https://www.tiktok.com/@hannesheide_mep/video/6844872495758101765",301,12,1,0,"Arbeit","nein","formal","nein","ja","nein","nicht erkennbar","nein","https://www.tiktok.com/@hannesheide_mep/video/6849283059880070405",352,11,0,0,"Arbeit","nein","formal","nein","nein","nein","nicht erkennbar","nein"
"1.0 (2026-03-05)","doi:10.11587/BA1ORN","258","Person","Heilig-Hofbauer","Simon","männlich",1987,"GRÜNE","Salzburg","Landtag","ja","https://www.tiktok.com/@simonheilighofbauer","ja","ja",1132,440,111,14200,"Salzburg ️ Landtag Transparenz Umwelt- und Klimaschutz Mobilität","https://www.tiktok.com/@simonheilighofbauer/video/7412327611323469089",60900,2557,85,154,"Privat","nein","formal","nein","nein","nein","nicht erkennbar","nein","https://www.tiktok.com/@simonheilighofbauer/video/7541099860540312854",70500,2267,72,1010,"Privat","nein","leger","ja","nein","nein","nicht erkennbar","nein","https://www.tiktok.com/@simonheilighofbauer/video/7571543461954964758",27600,1003,45,471,"Privat","nein","leger","nein","nein","nein","nicht erkennbar","nein","https://www.tiktok.com/@simonheilighofbauer/video/7517710582317960470",24300,824,49,580,"Privat","nein","leger","ja","nein","nein","nicht erkennbar","nein","https://www.tiktok.com/@simonheilighofbauer/video/7560028533804764438",19000,573,24,439,"Privat","nein","formal","ja","nein","nein","nicht erkennbar","nein","https://www.tiktok.com/@simonheilighofbauer/video/7542210606758202646",40300,429,21,73,"Arbeit","nein","formal","nein","nein","nein","erkennbar","nein","https://www.tiktok.com/@simonheilighofbauer/video/7513261889124732183",24600,393,19,96,"Privat","nein","leger","nein","nein","nein","nicht erkennbar","nein","https://www.tiktok.com/@simonheilighofbauer/video/7480617438065741078",24000,323,18,134,"Privat","nein","leger","nein","nein","nein","nicht erkennbar","nein","https://www.tiktok.com/@simonheilighofbauer/video/7520690607916895510",24800,240,10,106,"Privat","nein","leger","nein","nein","nein","nicht erkennbar","nein","https://www.tiktok.com/@simonheilighofbauer/video/7427176843351969056",8582,208,10,23,"Privat","nein","leger","nein","nein","nein","nicht erkennbar","nein"
"1.0 (2026-03-05)","doi:10.11587/BA1ORN","259","Person","Heinreichsberger","Bernhard","männlich",1989,"ÖVP","Niederösterreich","Landtag","nein",NA,"ja","ja",NA,NA,NA,NA,NA,NA,NA,NA,NA,NA,NA,NA,NA,NA,NA,NA,NA,NA,NA,NA,NA,NA,NA,NA,NA,NA,NA,NA,NA,NA,NA,NA,NA,NA,NA,NA,NA,NA,NA,NA,NA,NA,NA,NA,NA,NA,NA,NA,NA,NA,NA,NA,NA,NA,NA,NA,NA,NA,NA,NA,NA,NA,NA,NA,NA,NA,NA,NA,NA,NA,NA,NA,NA,NA,NA,NA,NA,NA,NA,NA,NA,NA,NA,NA,NA,NA,NA,NA,NA,NA,NA,NA,NA,NA,NA,NA,NA,NA,NA,NA,NA,NA,NA,NA,NA,NA,NA,NA,NA,NA,NA,NA,NA,NA,NA,NA,NA,NA,NA,NA,NA,NA,NA,NA,NA,NA,NA,NA,NA,NA,NA,NA,NA,NA,NA
"1.0 (2026-03-05)","doi:10.11587/BA1ORN","260","Person","Heitz","Renate","weiblich",1970,"SPÖ","Oberösterreich","Landtag","nein",NA,"ja","ja",NA,NA,NA,NA,NA,NA,NA,NA,NA,NA,NA,NA,NA,NA,NA,NA,NA,NA,NA,NA,NA,NA,NA,NA,NA,NA,NA,NA,NA,NA,NA,NA,NA,NA,NA,NA,NA,NA,NA,NA,NA,NA,NA,NA,NA,NA,NA,NA,NA,NA,NA,NA,NA,NA,NA,NA,NA,NA,NA,NA,NA,NA,NA,NA,NA,NA,NA,NA,NA,NA,NA,NA,NA,NA,NA,NA,NA,NA,NA,NA,NA,NA,NA,NA,NA,NA,NA,NA,NA,NA,NA,NA,NA,NA,NA,NA,NA,NA,NA,NA,NA,NA,NA,NA,NA,NA,NA,NA,NA,NA,NA,NA,NA,NA,NA,NA,NA,NA,NA,NA,NA,NA,NA,NA,NA,NA,NA,NA,NA,NA,NA,NA,NA,NA,NA
"1.0 (2026-03-05)","doi:10.11587/BA1ORN","261","Person","Heiß","Elisabeth","weiblich",1978,"FPÖ","Österreich","Nationalrat","nein",NA,"ja","ja",NA,NA,NA,NA,NA,NA,NA,NA,NA,NA,NA,NA,NA,NA,NA,NA,NA,NA,NA,NA,NA,NA,NA,NA,NA,NA,NA,NA,NA,NA,NA,NA,NA,NA,NA,NA,NA,NA,NA,NA,NA,NA,NA,NA,NA,NA,NA,NA,NA,NA,NA,NA,NA,NA,NA,NA,NA,NA,NA,NA,NA,NA,NA,NA,NA,NA,NA,NA,NA,NA,NA,NA,NA,NA,NA,NA,NA,NA,NA,NA,NA,NA,NA,NA,NA,NA,NA,NA,NA,NA,NA,NA,NA,NA,NA,NA,NA,NA,NA,NA,NA,NA,NA,NA,NA,NA,NA,NA,NA,NA,NA,NA,NA,NA,NA,NA,NA,NA,NA,NA,NA,NA,NA,NA,NA,NA,NA,NA,NA,NA,NA,NA,NA,NA,NA
"1.0 (2026-03-05)","doi:10.11587/BA1ORN","262","Person","Hemetsberger","Rudi","männlich",1977,"GRÜNE","Oberösterreich","Landtag","nein",NA,"ja","ja",NA,NA,NA,NA,NA,NA,NA,NA,NA,NA,NA,NA,NA,NA,NA,NA,NA,NA,NA,NA,NA,NA,NA,NA,NA,NA,NA,NA,NA,NA,NA,NA,NA,NA,NA,NA,NA,NA,NA,NA,NA,NA,NA,NA,NA,NA,NA,NA,NA,NA,NA,NA,NA,NA,NA,NA,NA,NA,NA,NA,NA,NA,NA,NA,NA,NA,NA,NA,NA,NA,NA,NA,NA,NA,NA,NA,NA,NA,NA,NA,NA,NA,NA,NA,NA,NA,NA,NA,NA,NA,NA,NA,NA,NA,NA,NA,NA,NA,NA,NA,NA,NA,NA,NA,NA,NA,NA,NA,NA,NA,NA,NA,NA,NA,NA,NA,NA,NA,NA,NA,NA,NA,NA,NA,NA,NA,NA,NA,NA,NA,NA,NA,NA,NA,NA
"1.0 (2026-03-05)","doi:10.11587/BA1ORN","263","Person","Herbert","Werner","männlich",1963,"FPÖ","Österreich","Nationalrat","nein",NA,"ja","ja",NA,NA,NA,NA,NA,NA,NA,NA,NA,NA,NA,NA,NA,NA,NA,NA,NA,NA,NA,NA,NA,NA,NA,NA,NA,NA,NA,NA,NA,NA,NA,NA,NA,NA,NA,NA,NA,NA,NA,NA,NA,NA,NA,NA,NA,NA,NA,NA,NA,NA,NA,NA,NA,NA,NA,NA,NA,NA,NA,NA,NA,NA,NA,NA,NA,NA,NA,NA,NA,NA,NA,NA,NA,NA,NA,NA,NA,NA,NA,NA,NA,NA,NA,NA,NA,NA,NA,NA,NA,NA,NA,NA,NA,NA,NA,NA,NA,NA,NA,NA,NA,NA,NA,NA,NA,NA,NA,NA,NA,NA,NA,NA,NA,NA,NA,NA,NA,NA,NA,NA,NA,NA,NA,NA,NA,NA,NA,NA,NA,NA,NA,NA,NA,NA,NA
"1.0 (2026-03-05)","doi:10.11587/BA1ORN","264","Person","Hergovich","Robert","männlich",1976,"SPÖ","Burgenland","Landtag","ja","https://www.tiktok.com/@roberthergovich","ja","ja",906,740,71,2433,"Robert Hergovich Klubvorsitz. | LAbg. |BGLD","https://www.tiktok.com/@roberthergovich/video/7548869330767809814",3892,142,17,7,"Privat","nein","formal","nein","nein","nein","erkennbar","nein","https://www.tiktok.com/@roberthergovich/video/7392873856307940641",2956,116,2,7,"Privat","nein","leger","nein","ja","nein","nicht erkennbar","nein","https://www.tiktok.com/@roberthergovich/video/7383574467018050848",4382,115,0,15,"Privat","nein","leger","nein","ja","nein","nicht erkennbar","nein","https://www.tiktok.com/@roberthergovich/video/7439610705881353505",2274,80,2,12,"Privat","ja","formal","nein","ja","nein","nicht erkennbar","nein","https://www.tiktok.com/@roberthergovich/video/7447228638665133334",1583,65,0,4,"Arbeit","nein","formal","nein","ja","nein","erkennbar","nein","https://www.tiktok.com/@roberthergovich/video/7504334560134499606",2129,63,0,2,"Privat","nein","formal","nein","ja","nein","nicht erkennbar","nein","https://www.tiktok.com/@roberthergovich/video/7456373663810473238",1579,63,1,6,"Privat","nein","formal","ja","nein","nein","erkennbar","nein","https://www.tiktok.com/@roberthergovich/video/7386167782162894113",1878,61,0,0,"Arbeit","nein","formal","nein","ja","nein","nicht erkennbar","nein","https://www.tiktok.com/@roberthergovich/video/7457843467457170710",5278,59,1,6,"Privat","nein","leger","ja","nein","nein","erkennbar","nein","https://www.tiktok.com/@roberthergovich/video/7444442193370139926",2053,59,1,1,"Privat","nein","formal","nein","ja","nein","nicht erkennbar","nein"
"1.0 (2026-03-05)","doi:10.11587/BA1ORN","265","Person","Hergovich","Sven","männlich",1988,"SPÖ","Niederösterreich","Landesregierung","nein",NA,"ja","ja",NA,NA,NA,NA,NA,NA,NA,NA,NA,NA,NA,NA,NA,NA,NA,NA,NA,NA,NA,NA,NA,NA,NA,NA,NA,NA,NA,NA,NA,NA,NA,NA,NA,NA,NA,NA,NA,NA,NA,NA,NA,NA,NA,NA,NA,NA,NA,NA,NA,NA,NA,NA,NA,NA,NA,NA,NA,NA,NA,NA,NA,NA,NA,NA,NA,NA,NA,NA,NA,NA,NA,NA,NA,NA,NA,NA,NA,NA,NA,NA,NA,NA,NA,NA,NA,NA,NA,NA,NA,NA,NA,NA,NA,NA,NA,NA,NA,NA,NA,NA,NA,NA,NA,NA,NA,NA,NA,NA,NA,NA,NA,NA,NA,NA,NA,NA,NA,NA,NA,NA,NA,NA,NA,NA,NA,NA,NA,NA,NA,NA,NA,NA,NA,NA,NA
"1.0 (2026-03-05)","doi:10.11587/BA1ORN","266","Person","Hermann","Stefan","männlich",1985,"FPÖ","Steiermark","Landesregierung","ja","https://www.tiktok.com/@hermann.fpoe","ja","ja",2101,1103,87,21600,"Landesrat️ Landesparteiobmann- Stv. der FPÖ-Steiermark","https://www.tiktok.com/@hermann.fpoe/video/7377643060882165025",107900,10100,772,2225,"Arbeit","nein","formal","nein","nein","nein","erkennbar","nein","https://www.tiktok.com/@hermann.fpoe/video/7251978643499535643",13200,1057,125,50,"Arbeit","nein","formal","nein","nein","nein","erkennbar","nein","https://www.tiktok.com/@hermann.fpoe/video/7258256191564893466",9690,787,56,135,"Arbeit","nein","formal","nein","nein","nein","nicht erkennbar","nein","https://www.tiktok.com/@hermann.fpoe/video/7425175978864823585",13700,740,73,59,"Arbeit","nein","formal","nein","nein","nein","erkennbar","nein","https://www.tiktok.com/@hermann.fpoe/video/7330611258728795424",13300,677,70,78,"Arbeit","nein","formal","nein","nein","nein","nicht erkennbar","nein","https://www.tiktok.com/@hermann.fpoe/video/7343629883752353057",8482,507,85,48,"Arbeit","nein","formal","nein","nein","nein","nicht erkennbar","nein","https://www.tiktok.com/@hermann.fpoe/video/7249736720571288859",8577,506,39,29,"Arbeit","nein","formal","nein","nein","nein","nicht erkennbar","nein","https://www.tiktok.com/@hermann.fpoe/video/7382517910033485089",6061,477,51,40,"Arbeit","nein","formal","nein","nein","nein","nicht erkennbar","nein","https://www.tiktok.com/@hermann.fpoe/video/7350652432172518689",6629,351,25,46,"Arbeit","nein","formal","nein","nein","nein","erkennbar","nein","https://www.tiktok.com/@hermann.fpoe/video/7309086914106199329",4163,330,28,11,"Arbeit","nein","formal","nein","nein","nein","erkennbar","nein"
"1.0 (2026-03-05)","doi:10.11587/BA1ORN","267","Person","Herr","Julia Elisabeth","weiblich",1992,"SPÖ","Österreich","Nationalrat","ja","https://www.tiktok.com/@frauherr_?","ja","ja",13200,1761,161,137400,"Abgeordnete zum Nationalrat Sprecherin für Umweltschutz","https://www.tiktok.com/@frauherr_/video/7111304608038866182",475400,33400,650,2201,"Arbeit","nein","formal","nein","nein","nein","erkennbar","nein","https://www.tiktok.com/@frauherr_/video/7117562686421945605",745400,22900,827,2013,"Arbeit","nein","formal","nein","nein","nein","erkennbar","nein","https://www.tiktok.com/@frauherr_/video/7031492833781599493",239700,11700,222,1546,"Arbeit","nein","formal","nein","nein","nein","erkennbar","nein","https://www.tiktok.com/@frauherr_/video/7280898128235007264",189000,10700,524,1359,"Arbeit","nein","formal","nein","nein","nein","erkennbar","nein","https://www.tiktok.com/@frauherr_/video/7541079283318689026",154700,7158,488,1208,"Privat","ja","leger","nein","nein","nein","erkennbar","nein","https://www.tiktok.com/@frauherr_/video/6922434531194719494",136200,7118,85,257,"Arbeit","nein","formal","nein","nein","nein","erkennbar","nein","https://www.tiktok.com/@frauherr_/video/6967285170638490886",63000,3782,172,180,"Arbeit","nein","formal","nein","nein","nein","erkennbar","nein","https://www.tiktok.com/@frauherr_/video/7207430764915477766",42000,2187,162,231,"Arbeit","nein","leger","nein","nein","nein","erkennbar","nein","https://www.tiktok.com/@frauherr_/video/7083883689200962821",32800,1949,243,54,"Arbeit","nein","formal","nein","nein","nein","nicht erkennbar","nein","https://www.tiktok.com/@frauherr_/video/7166269656204971270",34100,1446,105,118,"Arbeit","nein","formal","nein","nein","nein","erkennbar","nein"
"1.0 (2026-03-05)","doi:10.11587/BA1ORN","268","Person","Herunter","Antonia","weiblich",1996,"ÖVP","Österreich","Bundesrat","nein",NA,"ja","ja",NA,NA,NA,NA,NA,NA,NA,NA,NA,NA,NA,NA,NA,NA,NA,NA,NA,NA,NA,NA,NA,NA,NA,NA,NA,NA,NA,NA,NA,NA,NA,NA,NA,NA,NA,NA,NA,NA,NA,NA,NA,NA,NA,NA,NA,NA,NA,NA,NA,NA,NA,NA,NA,NA,NA,NA,NA,NA,NA,NA,NA,NA,NA,NA,NA,NA,NA,NA,NA,NA,NA,NA,NA,NA,NA,NA,NA,NA,NA,NA,NA,NA,NA,NA,NA,NA,NA,NA,NA,NA,NA,NA,NA,NA,NA,NA,NA,NA,NA,NA,NA,NA,NA,NA,NA,NA,NA,NA,NA,NA,NA,NA,NA,NA,NA,NA,NA,NA,NA,NA,NA,NA,NA,NA,NA,NA,NA,NA,NA,NA,NA,NA,NA,NA,NA
"1.0 (2026-03-05)","doi:10.11587/BA1ORN","269","Person","Herzog","Bernhard","männlich",1984,"SPÖ","Österreich","Nationalrat","ja","https://www.tiktok.com/@bher1210","ja","ja",884,487,123,8019,"️ Nationalratsabgeordneter ️ SPÖ Familiensprecher Zusammenhalt statt Hetze","https://www.tiktok.com/@bher1210/video/7545837740483480854",12000,214,23,33,"Privat","nein","formal","ja","ja","nein","erkennbar","nein","https://www.tiktok.com/@bher1210/video/7499064610545323286",5221,205,28,9,"Arbeit","nein","formal","nein","ja","nein","nicht erkennbar","nein","https://www.tiktok.com/@bher1210/photo/7548452492460215574",8082,124,71,5,"Privat","nein","leger","nein","ja","nein","erkennbar","nein","https://www.tiktok.com/@bher1210/video/7553684873865678102",8312,118,202,8,"Arbeit","nein","formal","nein","ja","nein","nicht erkennbar","nein","https://www.tiktok.com/@bher1210/video/7470490904210459926",1178,96,6,4,"Privat","nein","leger","nein","ja","nein","erkennbar","nein","https://www.tiktok.com/@bher1210/video/7413020825839832352",2493,90,9,2,"Arbeit","nein","formal","ja","ja","nein","erkennbar","nein","https://www.tiktok.com/@bher1210/video/7546598008415210774",4529,89,31,28,"Privat","nein","formal","ja","ja","nein","erkennbar","nein","https://www.tiktok.com/@bher1210/video/7445317855567973654",837,88,10,8,"Privat","nein","leger","ja","ja","nein","erkennbar",NA,"https://www.tiktok.com/@bher1210/video/7410765795388591392",3307,77,31,6,"Privat","nein","leger","ja","ja","nein","erkennbar","nein","https://www.tiktok.com/@bher1210/video/7414085484386815264",3081,73,19,10,"Privat","nein","formal","ja","ja","nein","erkennbar","nein"
"1.0 (2026-03-05)","doi:10.11587/BA1ORN","270","Person","Hiegelsberger","Max","männlich",1965,"ÖVP","Oberösterreich","Landtag","nein",NA,"ja","ja",NA,NA,NA,NA,NA,NA,NA,NA,NA,NA,NA,NA,NA,NA,NA,NA,NA,NA,NA,NA,NA,NA,NA,NA,NA,NA,NA,NA,NA,NA,NA,NA,NA,NA,NA,NA,NA,NA,NA,NA,NA,NA,NA,NA,NA,NA,NA,NA,NA,NA,NA,NA,NA,NA,NA,NA,NA,NA,NA,NA,NA,NA,NA,NA,NA,NA,NA,NA,NA,NA,NA,NA,NA,NA,NA,NA,NA,NA,NA,NA,NA,NA,NA,NA,NA,NA,NA,NA,NA,NA,NA,NA,NA,NA,NA,NA,NA,NA,NA,NA,NA,NA,NA,NA,NA,NA,NA,NA,NA,NA,NA,NA,NA,NA,NA,NA,NA,NA,NA,NA,NA,NA,NA,NA,NA,NA,NA,NA,NA,NA,NA,NA,NA,NA,NA
"1.0 (2026-03-05)","doi:10.11587/BA1ORN","271","Person","Himmer","Harald","männlich",1964,"ÖVP","Österreich","Bundesrat","ja","https://www.tiktok.com/@harald.himmer?_t=zn-8tojysj2v9c&_r=1","ja","ja",532,303,29,969,"Vorsitzender der ÖVP Bundesratsfraktion ️ Obmann ÖVP Landstraße AT","https://www.tiktok.com/@harald.himmer/video/7475798130106158358?is_from_webapp=1&sender_device=pc&web_id=7571410377348728342",3052,85,3,5,"Arbeit","nein","formal","nein","ja","nein","erkennbar","nein","https://www.tiktok.com/@harald.himmer/video/7467991450345557270?is_from_webapp=1&sender_device=pc&web_id=7571410377348728342",956,80,1,1,"Arbeit","nein","formal","nein","nein","nein","erkennbar","nein","https://www.tiktok.com/@harald.himmer/video/7465424040363068694?is_from_webapp=1&sender_device=pc&web_id=7571410377348728342",2410,66,7,8,"Arbeit","nein","formal","nein","nein","nein","erkennbar","nein","https://www.tiktok.com/@harald.himmer/video/7508820791291694358?is_from_webapp=1&sender_device=pc&web_id=7571410377348728342",3271,65,43,1,"Privat","nein","formal","nein","nein","nein","erkennbar","nein","https://www.tiktok.com/@harald.himmer/video/7493911191274704150?is_from_webapp=1&sender_device=pc&web_id=7571410377348728342",3166,64,5,4,"Arbeit","nein","formal","nein","nein","nein","erkennbar","nein","https://www.tiktok.com/@harald.himmer/video/7497294549564362006?is_from_webapp=1&sender_device=pc&web_id=7571410377348728342",2846,57,4,7,"Privat","nein","formal","nein","ja","nein","erkennbar","nein","https://www.tiktok.com/@harald.himmer/video/7495006288661794070?is_from_webapp=1&sender_device=pc&web_id=7571410377348728342",7006,51,9,8,"Privat","nein","formal","nein","ja","ja","erkennbar","nein","https://www.tiktok.com/@harald.himmer/video/7509925203258903830?is_from_webapp=1&sender_device=pc&web_id=7571410377348728342",635,42,7,1,"Arbeit","nein","formal","nein","nein","nein","erkennbar","nein","https://www.tiktok.com/@harald.himmer/video/7511049598782295318?is_from_webapp=1&sender_device=pc&web_id=7571410377348728342",733,40,1,5,"Arbeit","nein","formal","nein","nein","nein","erkennbar","nein","https://www.tiktok.com/@harald.himmer/video/7510290036617661718?is_from_webapp=1&sender_device=pc&web_id=7571410377348728342",563,37,2,1,"Arbeit","nein","formal","nein","nein","nein","erkennbar","nein"
"1.0 (2026-03-05)","doi:10.11587/BA1ORN","272","Person","Himmer","Heinrich","männlich",1978,"SPÖ","Österreich","Nationalrat","ja","https://www.tiktok.com/@hey_heinrich","ja","ja",931,472,25,3228,"Abgeordneter zum Nationalrat ️","https://www.tiktok.com/@hey_heinrich/video/7400404619286957345",7472,534,29,14,"Privat","nein","leger","nein","ja","nein","nicht erkennbar","nein","https://www.tiktok.com/@hey_heinrich/video/7419652780463344928",10300,325,41,18,"Privat","nein","leger","ja","nein","nein","erkennbar","nein","https://www.tiktok.com/@hey_heinrich/video/7478721174130789654",2602,173,20,6,"Privat","nein","formal","nein","ja","nein","erkennbar","nein","https://www.tiktok.com/@hey_heinrich/video/7405611530630319392",16400,151,5,52,"Privat","nein","formal","nein","ja","ja","nicht erkennbar","nein","https://www.tiktok.com/@hey_heinrich/video/7400871509138394400",5946,147,8,5,"Privat","nein","formal","nein","ja","nein","erkennbar","nein","https://www.tiktok.com/@hey_heinrich/video/7553637435012418838",1629,138,0,6,"Arbeit","nein","formal","nein","ja","nein","erkennbar","nein","https://www.tiktok.com/@hey_heinrich/video/7501317078402534678",1644,131,0,1,"Arbeit","nein","formal","nein","nein","nein","erkennbar","nein","https://www.tiktok.com/@hey_heinrich/video/7478364517706009878",2599,108,23,1,"Arbeit","nein","formal","nein","ja","nein","erkennbar","nein","https://www.tiktok.com/@hey_heinrich/video/7413388456841219360",2804,102,14,3,"Arbeit","nein","formal","nein","nein","nein","erkennbar","nein","https://www.tiktok.com/@hey_heinrich/video/7439380483273706785",3613,98,4,5,"Arbeit","nein","formal","ja","ja","nein","erkennbar","nein"
"1.0 (2026-03-05)","doi:10.11587/BA1ORN","273","Person","Hirschmann","Gerhard","männlich",1993,"FPÖ","Steiermark","Landtag","nein",NA,"ja","ja",NA,NA,NA,NA,NA,NA,NA,NA,NA,NA,NA,NA,NA,NA,NA,NA,NA,NA,NA,NA,NA,NA,NA,NA,NA,NA,NA,NA,NA,NA,NA,NA,NA,NA,NA,NA,NA,NA,NA,NA,NA,NA,NA,NA,NA,NA,NA,NA,NA,NA,NA,NA,NA,NA,NA,NA,NA,NA,NA,NA,NA,NA,NA,NA,NA,NA,NA,NA,NA,NA,NA,NA,NA,NA,NA,NA,NA,NA,NA,NA,NA,NA,NA,NA,NA,NA,NA,NA,NA,NA,NA,NA,NA,NA,NA,NA,NA,NA,NA,NA,NA,NA,NA,NA,NA,NA,NA,NA,NA,NA,NA,NA,NA,NA,NA,NA,NA,NA,NA,NA,NA,NA,NA,NA,NA,NA,NA,NA,NA,NA,NA,NA,NA,NA,NA
"1.0 (2026-03-05)","doi:10.11587/BA1ORN","274","Person","Hochwimmer","Andreas","männlich",1975,"FPÖ","Salzburg","Landtag","nein",NA,"ja","ja",NA,NA,NA,NA,NA,NA,NA,NA,NA,NA,NA,NA,NA,NA,NA,NA,NA,NA,NA,NA,NA,NA,NA,NA,NA,NA,NA,NA,NA,NA,NA,NA,NA,NA,NA,NA,NA,NA,NA,NA,NA,NA,NA,NA,NA,NA,NA,NA,NA,NA,NA,NA,NA,NA,NA,NA,NA,NA,NA,NA,NA,NA,NA,NA,NA,NA,NA,NA,NA,NA,NA,NA,NA,NA,NA,NA,NA,NA,NA,NA,NA,NA,NA,NA,NA,NA,NA,NA,NA,NA,NA,NA,NA,NA,NA,NA,NA,NA,NA,NA,NA,NA,NA,NA,NA,NA,NA,NA,NA,NA,NA,NA,NA,NA,NA,NA,NA,NA,NA,NA,NA,NA,NA,NA,NA,NA,NA,NA,NA,NA,NA,NA,NA,NA,NA
"1.0 (2026-03-05)","doi:10.11587/BA1ORN","275","Person","Hofer","Norbert","männlich",1971,"FPÖ","Burgenland","Landtag","ja","https://www.tiktok.com/@norberthofer1","ja","ja",14700,2218,163,120500,"The map is not the territory","https://www.tiktok.com/@norberthofer1/video/6900879585248955649",282500,23200,738,4228,"Arbeit","nein","formal","nein","nein","nein","nicht erkennbar","nein","https://www.tiktok.com/@norberthofer1/video/7554278101497285910",227800,9288,760,1595,"Arbeit","nein","formal","nein","nein","nein","erkennbar","nein","https://www.tiktok.com/@norberthofer1/video/7429614627304099105",164600,7825,483,556,"Arbeit","nein","formal","nein","nein","nein","nicht erkennbar","nein","https://www.tiktok.com/@norberthofer1/video/7358376581699538208",121000,6452,357,803,"Arbeit","nein","formal","nein","nein","nein","erkennbar","nein","https://www.tiktok.com/@norberthofer1/video/7409224938546138401",139500,4469,190,420,"Privat","nein","formal","nein","nein","nein","nicht erkennbar","nein","https://www.tiktok.com/@norberthofer1/video/6868165133139463430",178900,4008,473,709,"Privat","ja","formal","nein","nein","ja","nicht erkennbar","nein","https://www.tiktok.com/@norberthofer1/video/7472429781108198678",94300,3947,277,1149,"Arbeit","nein","formal","nein","nein","nein","nicht erkennbar","nein","https://www.tiktok.com/@norberthofer1/video/6752548386534198534",85900,3804,160,502,"Privat","ja","leger","nein","ja","nein","nicht erkennbar","nein","https://www.tiktok.com/@norberthofer1/video/7473506672288255254",46400,3524,412,476,"Arbeit","ja","formal","nein","nein","nein","erkennbar","nein","https://www.tiktok.com/@norberthofer1/video/7412323218314251552",67400,3373,283,358,"Arbeit","nein","formal","ja","nein","nein","erkennbar","nein"
"1.0 (2026-03-05)","doi:10.11587/BA1ORN","276","Person","Hofer","Stefan","männlich",1986,"SPÖ","Steiermark","Landtag","nein",NA,"nein","ja",NA,NA,NA,NA,NA,NA,NA,NA,NA,NA,NA,NA,NA,NA,NA,NA,NA,NA,NA,NA,NA,NA,NA,NA,NA,NA,NA,NA,NA,NA,NA,NA,NA,NA,NA,NA,NA,NA,NA,NA,NA,NA,NA,NA,NA,NA,NA,NA,NA,NA,NA,NA,NA,NA,NA,NA,NA,NA,NA,NA,NA,NA,NA,NA,NA,NA,NA,NA,NA,NA,NA,NA,NA,NA,NA,NA,NA,NA,NA,NA,NA,NA,NA,NA,NA,NA,NA,NA,NA,NA,NA,NA,NA,NA,NA,NA,NA,NA,NA,NA,NA,NA,NA,NA,NA,NA,NA,NA,NA,NA,NA,NA,NA,NA,NA,NA,NA,NA,NA,NA,NA,NA,NA,NA,NA,NA,NA,NA,NA,NA,NA,NA,NA,NA,NA
"1.0 (2026-03-05)","doi:10.11587/BA1ORN","277","Person","Hofer","Markus","männlich",1971,"NEOS","Österreich","Nationalrat","nein",NA,"ja","ja",NA,NA,NA,NA,NA,NA,NA,NA,NA,NA,NA,NA,NA,NA,NA,NA,NA,NA,NA,NA,NA,NA,NA,NA,NA,NA,NA,NA,NA,NA,NA,NA,NA,NA,NA,NA,NA,NA,NA,NA,NA,NA,NA,NA,NA,NA,NA,NA,NA,NA,NA,NA,NA,NA,NA,NA,NA,NA,NA,NA,NA,NA,NA,NA,NA,NA,NA,NA,NA,NA,NA,NA,NA,NA,NA,NA,NA,NA,NA,NA,NA,NA,NA,NA,NA,NA,NA,NA,NA,NA,NA,NA,NA,NA,NA,NA,NA,NA,NA,NA,NA,NA,NA,NA,NA,NA,NA,NA,NA,NA,NA,NA,NA,NA,NA,NA,NA,NA,NA,NA,NA,NA,NA,NA,NA,NA,NA,NA,NA,NA,NA,NA,NA,NA,NA
"1.0 (2026-03-05)","doi:10.11587/BA1ORN","278","Person","Hoffmann","Thomas","männlich",1983,"SPÖ","Burgenland","Landtag","nein",NA,"nein","ja",NA,NA,NA,NA,NA,NA,NA,NA,NA,NA,NA,NA,NA,NA,NA,NA,NA,NA,NA,NA,NA,NA,NA,NA,NA,NA,NA,NA,NA,NA,NA,NA,NA,NA,NA,NA,NA,NA,NA,NA,NA,NA,NA,NA,NA,NA,NA,NA,NA,NA,NA,NA,NA,NA,NA,NA,NA,NA,NA,NA,NA,NA,NA,NA,NA,NA,NA,NA,NA,NA,NA,NA,NA,NA,NA,NA,NA,NA,NA,NA,NA,NA,NA,NA,NA,NA,NA,NA,NA,NA,NA,NA,NA,NA,NA,NA,NA,NA,NA,NA,NA,NA,NA,NA,NA,NA,NA,NA,NA,NA,NA,NA,NA,NA,NA,NA,NA,NA,NA,NA,NA,NA,NA,NA,NA,NA,NA,NA,NA,NA,NA,NA,NA,NA,NA
"1.0 (2026-03-05)","doi:10.11587/BA1ORN","279","Person","Hofinger","Manfred","männlich",1970,"ÖVP","Österreich","Nationalrat","nein",NA,"ja","ja",NA,NA,NA,NA,NA,NA,NA,NA,NA,NA,NA,NA,NA,NA,NA,NA,NA,NA,NA,NA,NA,NA,NA,NA,NA,NA,NA,NA,NA,NA,NA,NA,NA,NA,NA,NA,NA,NA,NA,NA,NA,NA,NA,NA,NA,NA,NA,NA,NA,NA,NA,NA,NA,NA,NA,NA,NA,NA,NA,NA,NA,NA,NA,NA,NA,NA,NA,NA,NA,NA,NA,NA,NA,NA,NA,NA,NA,NA,NA,NA,NA,NA,NA,NA,NA,NA,NA,NA,NA,NA,NA,NA,NA,NA,NA,NA,NA,NA,NA,NA,NA,NA,NA,NA,NA,NA,NA,NA,NA,NA,NA,NA,NA,NA,NA,NA,NA,NA,NA,NA,NA,NA,NA,NA,NA,NA,NA,NA,NA,NA,NA,NA,NA,NA,NA
"1.0 (2026-03-05)","doi:10.11587/BA1ORN","280","Person","Hofmann","Stefanie","weiblich",1994,"FPÖ","Oberösterreich","Landtag","nein",NA,"nein","ja",NA,NA,NA,NA,NA,NA,NA,NA,NA,NA,NA,NA,NA,NA,NA,NA,NA,NA,NA,NA,NA,NA,NA,NA,NA,NA,NA,NA,NA,NA,NA,NA,NA,NA,NA,NA,NA,NA,NA,NA,NA,NA,NA,NA,NA,NA,NA,NA,NA,NA,NA,NA,NA,NA,NA,NA,NA,NA,NA,NA,NA,NA,NA,NA,NA,NA,NA,NA,NA,NA,NA,NA,NA,NA,NA,NA,NA,NA,NA,NA,NA,NA,NA,NA,NA,NA,NA,NA,NA,NA,NA,NA,NA,NA,NA,NA,NA,NA,NA,NA,NA,NA,NA,NA,NA,NA,NA,NA,NA,NA,NA,NA,NA,NA,NA,NA,NA,NA,NA,NA,NA,NA,NA,NA,NA,NA,NA,NA,NA,NA,NA,NA,NA,NA,NA
"1.0 (2026-03-05)","doi:10.11587/BA1ORN","281","Person","Hogl","Richard","männlich",1967,"ÖVP","Niederösterreich","Landtag","nein",NA,"nein","ja",NA,NA,NA,NA,NA,NA,NA,NA,NA,NA,NA,NA,NA,NA,NA,NA,NA,NA,NA,NA,NA,NA,NA,NA,NA,NA,NA,NA,NA,NA,NA,NA,NA,NA,NA,NA,NA,NA,NA,NA,NA,NA,NA,NA,NA,NA,NA,NA,NA,NA,NA,NA,NA,NA,NA,NA,NA,NA,NA,NA,NA,NA,NA,NA,NA,NA,NA,NA,NA,NA,NA,NA,NA,NA,NA,NA,NA,NA,NA,NA,NA,NA,NA,NA,NA,NA,NA,NA,NA,NA,NA,NA,NA,NA,NA,NA,NA,NA,NA,NA,NA,NA,NA,NA,NA,NA,NA,NA,NA,NA,NA,NA,NA,NA,NA,NA,NA,NA,NA,NA,NA,NA,NA,NA,NA,NA,NA,NA,NA,NA,NA,NA,NA,NA,NA
"1.0 (2026-03-05)","doi:10.11587/BA1ORN","282","Person","Holasek","Sandra","weiblich",1968,"ÖVP","Steiermark","Landtag","nein",NA,"nein","ja",NA,NA,NA,NA,NA,NA,NA,NA,NA,NA,NA,NA,NA,NA,NA,NA,NA,NA,NA,NA,NA,NA,NA,NA,NA,NA,NA,NA,NA,NA,NA,NA,NA,NA,NA,NA,NA,NA,NA,NA,NA,NA,NA,NA,NA,NA,NA,NA,NA,NA,NA,NA,NA,NA,NA,NA,NA,NA,NA,NA,NA,NA,NA,NA,NA,NA,NA,NA,NA,NA,NA,NA,NA,NA,NA,NA,NA,NA,NA,NA,NA,NA,NA,NA,NA,NA,NA,NA,NA,NA,NA,NA,NA,NA,NA,NA,NA,NA,NA,NA,NA,NA,NA,NA,NA,NA,NA,NA,NA,NA,NA,NA,NA,NA,NA,NA,NA,NA,NA,NA,NA,NA,NA,NA,NA,NA,NA,NA,NA,NA,NA,NA,NA,NA,NA
"1.0 (2026-03-05)","doi:10.11587/BA1ORN","283","Person","Holzegger","Ines","weiblich",1993,"NEOS","Österreich","Nationalrat","nein",NA,"ja","ja",NA,NA,NA,NA,NA,NA,NA,NA,NA,NA,NA,NA,NA,NA,NA,NA,NA,NA,NA,NA,NA,NA,NA,NA,NA,NA,NA,NA,NA,NA,NA,NA,NA,NA,NA,NA,NA,NA,NA,NA,NA,NA,NA,NA,NA,NA,NA,NA,NA,NA,NA,NA,NA,NA,NA,NA,NA,NA,NA,NA,NA,NA,NA,NA,NA,NA,NA,NA,NA,NA,NA,NA,NA,NA,NA,NA,NA,NA,NA,NA,NA,NA,NA,NA,NA,NA,NA,NA,NA,NA,NA,NA,NA,NA,NA,NA,NA,NA,NA,NA,NA,NA,NA,NA,NA,NA,NA,NA,NA,NA,NA,NA,NA,NA,NA,NA,NA,NA,NA,NA,NA,NA,NA,NA,NA,NA,NA,NA,NA,NA,NA,NA,NA,NA,NA
"1.0 (2026-03-05)","doi:10.11587/BA1ORN","284","Person","Holzer","Claudia","weiblich",1968,"FPÖ","Steiermark","Landesregierung","nein",NA,"nein","nein",NA,NA,NA,NA,NA,NA,NA,NA,NA,NA,NA,NA,NA,NA,NA,NA,NA,NA,NA,NA,NA,NA,NA,NA,NA,NA,NA,NA,NA,NA,NA,NA,NA,NA,NA,NA,NA,NA,NA,NA,NA,NA,NA,NA,NA,NA,NA,NA,NA,NA,NA,NA,NA,NA,NA,NA,NA,NA,NA,NA,NA,NA,NA,NA,NA,NA,NA,NA,NA,NA,NA,NA,NA,NA,NA,NA,NA,NA,NA,NA,NA,NA,NA,NA,NA,NA,NA,NA,NA,NA,NA,NA,NA,NA,NA,NA,NA,NA,NA,NA,NA,NA,NA,NA,NA,NA,NA,NA,NA,NA,NA,NA,NA,NA,NA,NA,NA,NA,NA,NA,NA,NA,NA,NA,NA,NA,NA,NA,NA,NA,NA,NA,NA,NA,NA
"1.0 (2026-03-05)","doi:10.11587/BA1ORN","285","Person","Holzleitner","Eva-Maria","weiblich",1993,"SPÖ","Österreich","Bundesregierung","nein",NA,"ja","ja",NA,NA,NA,NA,NA,NA,NA,NA,NA,NA,NA,NA,NA,NA,NA,NA,NA,NA,NA,NA,NA,NA,NA,NA,NA,NA,NA,NA,NA,NA,NA,NA,NA,NA,NA,NA,NA,NA,NA,NA,NA,NA,NA,NA,NA,NA,NA,NA,NA,NA,NA,NA,NA,NA,NA,NA,NA,NA,NA,NA,NA,NA,NA,NA,NA,NA,NA,NA,NA,NA,NA,NA,NA,NA,NA,NA,NA,NA,NA,NA,NA,NA,NA,NA,NA,NA,NA,NA,NA,NA,NA,NA,NA,NA,NA,NA,NA,NA,NA,NA,NA,NA,NA,NA,NA,NA,NA,NA,NA,NA,NA,NA,NA,NA,NA,NA,NA,NA,NA,NA,NA,NA,NA,NA,NA,NA,NA,NA,NA,NA,NA,NA,NA,NA,NA
"1.0 (2026-03-05)","doi:10.11587/BA1ORN","286","Person","Holzmann","Ernst","männlich",1963,"SPÖ","Wien","Landtag","nein",NA,"nein","nein",NA,NA,NA,NA,NA,NA,NA,NA,NA,NA,NA,NA,NA,NA,NA,NA,NA,NA,NA,NA,NA,NA,NA,NA,NA,NA,NA,NA,NA,NA,NA,NA,NA,NA,NA,NA,NA,NA,NA,NA,NA,NA,NA,NA,NA,NA,NA,NA,NA,NA,NA,NA,NA,NA,NA,NA,NA,NA,NA,NA,NA,NA,NA,NA,NA,NA,NA,NA,NA,NA,NA,NA,NA,NA,NA,NA,NA,NA,NA,NA,NA,NA,NA,NA,NA,NA,NA,NA,NA,NA,NA,NA,NA,NA,NA,NA,NA,NA,NA,NA,NA,NA,NA,NA,NA,NA,NA,NA,NA,NA,NA,NA,NA,NA,NA,NA,NA,NA,NA,NA,NA,NA,NA,NA,NA,NA,NA,NA,NA,NA,NA,NA,NA,NA,NA
"1.0 (2026-03-05)","doi:10.11587/BA1ORN","287","Person","Hoyos-Trauttmansdorff","Douglas","männlich",1990,"NEOS","Österreich","Nationalrat","nein",NA,"ja","ja",NA,NA,NA,NA,NA,NA,NA,NA,NA,NA,NA,NA,NA,NA,NA,NA,NA,NA,NA,NA,NA,NA,NA,NA,NA,NA,NA,NA,NA,NA,NA,NA,NA,NA,NA,NA,NA,NA,NA,NA,NA,NA,NA,NA,NA,NA,NA,NA,NA,NA,NA,NA,NA,NA,NA,NA,NA,NA,NA,NA,NA,NA,NA,NA,NA,NA,NA,NA,NA,NA,NA,NA,NA,NA,NA,NA,NA,NA,NA,NA,NA,NA,NA,NA,NA,NA,NA,NA,NA,NA,NA,NA,NA,NA,NA,NA,NA,NA,NA,NA,NA,NA,NA,NA,NA,NA,NA,NA,NA,NA,NA,NA,NA,NA,NA,NA,NA,NA,NA,NA,NA,NA,NA,NA,NA,NA,NA,NA,NA,NA,NA,NA,NA,NA,NA
"1.0 (2026-03-05)","doi:10.11587/BA1ORN","288","Person","Hu","Jing","weiblich",1985,"NEOS","Wien","Landtag","nein",NA,"ja","ja",NA,NA,NA,NA,NA,NA,NA,NA,NA,NA,NA,NA,NA,NA,NA,NA,NA,NA,NA,NA,NA,NA,NA,NA,NA,NA,NA,NA,NA,NA,NA,NA,NA,NA,NA,NA,NA,NA,NA,NA,NA,NA,NA,NA,NA,NA,NA,NA,NA,NA,NA,NA,NA,NA,NA,NA,NA,NA,NA,NA,NA,NA,NA,NA,NA,NA,NA,NA,NA,NA,NA,NA,NA,NA,NA,NA,NA,NA,NA,NA,NA,NA,NA,NA,NA,NA,NA,NA,NA,NA,NA,NA,NA,NA,NA,NA,NA,NA,NA,NA,NA,NA,NA,NA,NA,NA,NA,NA,NA,NA,NA,NA,NA,NA,NA,NA,NA,NA,NA,NA,NA,NA,NA,NA,NA,NA,NA,NA,NA,NA,NA,NA,NA,NA,NA
"1.0 (2026-03-05)","doi:10.11587/BA1ORN","289","Person","Huemer","Barbara","weiblich",1971,"GRÜNE","Wien","Landtag","nein",NA,"ja","ja",NA,NA,NA,NA,NA,NA,NA,NA,NA,NA,NA,NA,NA,NA,NA,NA,NA,NA,NA,NA,NA,NA,NA,NA,NA,NA,NA,NA,NA,NA,NA,NA,NA,NA,NA,NA,NA,NA,NA,NA,NA,NA,NA,NA,NA,NA,NA,NA,NA,NA,NA,NA,NA,NA,NA,NA,NA,NA,NA,NA,NA,NA,NA,NA,NA,NA,NA,NA,NA,NA,NA,NA,NA,NA,NA,NA,NA,NA,NA,NA,NA,NA,NA,NA,NA,NA,NA,NA,NA,NA,NA,NA,NA,NA,NA,NA,NA,NA,NA,NA,NA,NA,NA,NA,NA,NA,NA,NA,NA,NA,NA,NA,NA,NA,NA,NA,NA,NA,NA,NA,NA,NA,NA,NA,NA,NA,NA,NA,NA,NA,NA,NA,NA,NA,NA
"1.0 (2026-03-05)","doi:10.11587/BA1ORN","290","Person","Humer-Vogl","Kimbie","weiblich",1971,"GRÜNE","Salzburg","Landtag","nein",NA,"ja","ja",NA,NA,NA,NA,NA,NA,NA,NA,NA,NA,NA,NA,NA,NA,NA,NA,NA,NA,NA,NA,NA,NA,NA,NA,NA,NA,NA,NA,NA,NA,NA,NA,NA,NA,NA,NA,NA,NA,NA,NA,NA,NA,NA,NA,NA,NA,NA,NA,NA,NA,NA,NA,NA,NA,NA,NA,NA,NA,NA,NA,NA,NA,NA,NA,NA,NA,NA,NA,NA,NA,NA,NA,NA,NA,NA,NA,NA,NA,NA,NA,NA,NA,NA,NA,NA,NA,NA,NA,NA,NA,NA,NA,NA,NA,NA,NA,NA,NA,NA,NA,NA,NA,NA,NA,NA,NA,NA,NA,NA,NA,NA,NA,NA,NA,NA,NA,NA,NA,NA,NA,NA,NA,NA,NA,NA,NA,NA,NA,NA,NA,NA,NA,NA,NA,NA
"1.0 (2026-03-05)","doi:10.11587/BA1ORN","291","Person","Hungerländer","Caroline","weiblich",1988,"ÖVP","Wien","Landtag","nein",NA,"ja","ja",NA,NA,NA,NA,NA,NA,NA,NA,NA,NA,NA,NA,NA,NA,NA,NA,NA,NA,NA,NA,NA,NA,NA,NA,NA,NA,NA,NA,NA,NA,NA,NA,NA,NA,NA,NA,NA,NA,NA,NA,NA,NA,NA,NA,NA,NA,NA,NA,NA,NA,NA,NA,NA,NA,NA,NA,NA,NA,NA,NA,NA,NA,NA,NA,NA,NA,NA,NA,NA,NA,NA,NA,NA,NA,NA,NA,NA,NA,NA,NA,NA,NA,NA,NA,NA,NA,NA,NA,NA,NA,NA,NA,NA,NA,NA,NA,NA,NA,NA,NA,NA,NA,NA,NA,NA,NA,NA,NA,NA,NA,NA,NA,NA,NA,NA,NA,NA,NA,NA,NA,NA,NA,NA,NA,NA,NA,NA,NA,NA,NA,NA,NA,NA,NA,NA
"1.0 (2026-03-05)","doi:10.11587/BA1ORN","292","Person","Hutter","Gerhard","männlich",1965,"SPÖ","Burgenland","Landtag","nein",NA,"nein","nein",NA,NA,NA,NA,NA,NA,NA,NA,NA,NA,NA,NA,NA,NA,NA,NA,NA,NA,NA,NA,NA,NA,NA,NA,NA,NA,NA,NA,NA,NA,NA,NA,NA,NA,NA,NA,NA,NA,NA,NA,NA,NA,NA,NA,NA,NA,NA,NA,NA,NA,NA,NA,NA,NA,NA,NA,NA,NA,NA,NA,NA,NA,NA,NA,NA,NA,NA,NA,NA,NA,NA,NA,NA,NA,NA,NA,NA,NA,NA,NA,NA,NA,NA,NA,NA,NA,NA,NA,NA,NA,NA,NA,NA,NA,NA,NA,NA,NA,NA,NA,NA,NA,NA,NA,NA,NA,NA,NA,NA,NA,NA,NA,NA,NA,NA,NA,NA,NA,NA,NA,NA,NA,NA,NA,NA,NA,NA,NA,NA,NA,NA,NA,NA,NA,NA
"1.0 (2026-03-05)","doi:10.11587/BA1ORN","293","Person","Hutter","Viktoria","weiblich",1991,"ÖVP","Österreich","Bundesrat","ja","https://www.tiktok.com/@viki_hutter","ja","ja",262,118,18,282,NA,"https://www.tiktok.com/@viki_hutter/video/7583084033060457750",2014,40,0,1,"Privat","nein","leger","nein","ja","nein","nicht erkennbar","nein","https://www.tiktok.com/@viki_hutter/video/7469390302546087190",1540,39,0,0,"Privat","nein","leger","nein","ja","ja","nicht erkennbar","nein","https://www.tiktok.com/@viki_hutter/video/7557289796104621334",1024,38,0,1,"Privat","nein","leger","nein","ja","nein","nicht erkennbar","nein","https://www.tiktok.com/@viki_hutter/video/7520585013616708886",947,22,0,0,"Privat","nein",NA,"nein","ja","nein","nicht erkennbar","nein","https://www.tiktok.com/@viki_hutter/video/7556106070452899074",707,24,1,0,"Privat","ja","leger","nein","ja","nein","nicht erkennbar","nein","https://www.tiktok.com/@viki_hutter/video/7552773709061164310",818,20,0,0,"Privat","nein","leger","nein","ja","ja","nicht erkennbar","nein","https://www.tiktok.com/@viki_hutter/video/7549636858230164758",1334,17,0,0,"Arbeit","ja","leger","nein","ja","nein","erkennbar","nein","https://www.tiktok.com/@viki_hutter/video/7496807853890604310",1320,16,0,1,"Privat","nein","leger","nein","ja","ja","nicht erkennbar","ja","https://www.tiktok.com/@viki_hutter/video/7561569138636967190",1288,15,0,0,"Privat","ja","leger","nein","ja","nein","nicht erkennbar","nein","https://www.tiktok.com/@viki_hutter/video/7565455430072274198",846,12,1,1,"Privat","nein","leger","nein","ja","nein","nicht erkennbar","nein"
"1.0 (2026-03-05)","doi:10.11587/BA1ORN","294","Person","Häusler","Dagmar","weiblich",1983,"MFG","Oberösterreich","Landtag","ja","https://www.tiktok.com/@dagi_haeusler","ja","ja",3760,1097,167,46400,"Biomedizinische Analytikerin, Politikerin und Mutter ‍‍‍ ️","https://www.tiktok.com/@dagi_haeusler/video/7310285310628367648",126300,10800,573,1256,"Arbeit","nein","formal","nein","ja","nein","nicht erkennbar","nein","https://www.tiktok.com/@dagi_haeusler/video/7243777637150166299",39500,2569,501,243,"Arbeit","nein","formal","nein","ja","nein","erkennbar","nein","https://www.tiktok.com/@dagi_haeusler/video/7418562662843288865",49500,2481,177,66,"Privat","ja","leger","nein","nein","nein","nicht erkennbar","nein","https://www.tiktok.com/@dagi_haeusler/video/7336978855716080928",50500,1531,116,119,"Privat","nein","formal","nein","ja","nein","nicht erkennbar","nein","https://www.tiktok.com/@dagi_haeusler/video/7519499154855333142",40700,1257,657,249,"Arbeit","nein","formal","nein","ja","nein","nicht erkennbar","nein","https://www.tiktok.com/@dagi_haeusler/video/7344799806939827488",12500,895,72,98,"Privat","nein","formal","nein","ja","nein","erkennbar","nein","https://www.tiktok.com/@dagi_haeusler/video/7418555882566470944",23800,842,60,9,"Privat","ja","leger","nein","nein","nein","erkennbar","nein","https://www.tiktok.com/@dagi_haeusler/video/7480565913427873047",11300,747,99,135,"Arbeit","nein","formal","nein","ja","nein","erkennbar","nein","https://www.tiktok.com/@dagi_haeusler/video/7430857420613750048",13100,677,119,205,"Arbeit","nein","leger","nein","nein","nein","erkennbar","nein","https://www.tiktok.com/@dagi_haeusler/video/7242745093621320987",8412,520,33,38,"Arbeit","nein","formal","nein","ja","nein","nicht erkennbar","nein"
"1.0 (2026-03-05)","doi:10.11587/BA1ORN","295","Person","Höfinger","Johann","männlich",1969,"ÖVP","Österreich","Nationalrat","nein",NA,"ja","ja",NA,NA,NA,NA,NA,NA,NA,NA,NA,NA,NA,NA,NA,NA,NA,NA,NA,NA,NA,NA,NA,NA,NA,NA,NA,NA,NA,NA,NA,NA,NA,NA,NA,NA,NA,NA,NA,NA,NA,NA,NA,NA,NA,NA,NA,NA,NA,NA,NA,NA,NA,NA,NA,NA,NA,NA,NA,NA,NA,NA,NA,NA,NA,NA,NA,NA,NA,NA,NA,NA,NA,NA,NA,NA,NA,NA,NA,NA,NA,NA,NA,NA,NA,NA,NA,NA,NA,NA,NA,NA,NA,NA,NA,NA,NA,NA,NA,NA,NA,NA,NA,NA,NA,NA,NA,NA,NA,NA,NA,NA,NA,NA,NA,NA,NA,NA,NA,NA,NA,NA,NA,NA,NA,NA,NA,NA,NA,NA,NA,NA,NA,NA,NA,NA,NA
"1.0 (2026-03-05)","doi:10.11587/BA1ORN","296","Person","Höfler","Bernhard","männlich",1986,"SPÖ","Österreich","Nationalrat","nein",NA,"ja","ja",NA,NA,NA,NA,NA,NA,NA,NA,NA,NA,NA,NA,NA,NA,NA,NA,NA,NA,NA,NA,NA,NA,NA,NA,NA,NA,NA,NA,NA,NA,NA,NA,NA,NA,NA,NA,NA,NA,NA,NA,NA,NA,NA,NA,NA,NA,NA,NA,NA,NA,NA,NA,NA,NA,NA,NA,NA,NA,NA,NA,NA,NA,NA,NA,NA,NA,NA,NA,NA,NA,NA,NA,NA,NA,NA,NA,NA,NA,NA,NA,NA,NA,NA,NA,NA,NA,NA,NA,NA,NA,NA,NA,NA,NA,NA,NA,NA,NA,NA,NA,NA,NA,NA,NA,NA,NA,NA,NA,NA,NA,NA,NA,NA,NA,NA,NA,NA,NA,NA,NA,NA,NA,NA,NA,NA,NA,NA,NA,NA,NA,NA,NA,NA,NA,NA
"1.0 (2026-03-05)","doi:10.11587/BA1ORN","297","Person","Höglinger","Tobias","männlich",1973,"SPÖ","Oberösterreich","Landtag","nein",NA,"ja","ja",NA,NA,NA,NA,NA,NA,NA,NA,NA,NA,NA,NA,NA,NA,NA,NA,NA,NA,NA,NA,NA,NA,NA,NA,NA,NA,NA,NA,NA,NA,NA,NA,NA,NA,NA,NA,NA,NA,NA,NA,NA,NA,NA,NA,NA,NA,NA,NA,NA,NA,NA,NA,NA,NA,NA,NA,NA,NA,NA,NA,NA,NA,NA,NA,NA,NA,NA,NA,NA,NA,NA,NA,NA,NA,NA,NA,NA,NA,NA,NA,NA,NA,NA,NA,NA,NA,NA,NA,NA,NA,NA,NA,NA,NA,NA,NA,NA,NA,NA,NA,NA,NA,NA,NA,NA,NA,NA,NA,NA,NA,NA,NA,NA,NA,NA,NA,NA,NA,NA,NA,NA,NA,NA,NA,NA,NA,NA,NA,NA,NA,NA,NA,NA,NA,NA
"1.0 (2026-03-05)","doi:10.11587/BA1ORN","298","Person","Hörburger","Christina","weiblich",1996,"ÖVP","Vorarlberg","Landtag","nein",NA,"ja","ja",NA,NA,NA,NA,NA,NA,NA,NA,NA,NA,NA,NA,NA,NA,NA,NA,NA,NA,NA,NA,NA,NA,NA,NA,NA,NA,NA,NA,NA,NA,NA,NA,NA,NA,NA,NA,NA,NA,NA,NA,NA,NA,NA,NA,NA,NA,NA,NA,NA,NA,NA,NA,NA,NA,NA,NA,NA,NA,NA,NA,NA,NA,NA,NA,NA,NA,NA,NA,NA,NA,NA,NA,NA,NA,NA,NA,NA,NA,NA,NA,NA,NA,NA,NA,NA,NA,NA,NA,NA,NA,NA,NA,NA,NA,NA,NA,NA,NA,NA,NA,NA,NA,NA,NA,NA,NA,NA,NA,NA,NA,NA,NA,NA,NA,NA,NA,NA,NA,NA,NA,NA,NA,NA,NA,NA,NA,NA,NA,NA,NA,NA,NA,NA,NA,NA
"1.0 (2026-03-05)","doi:10.11587/BA1ORN","299","Person","Hörl","Franz","männlich",1956,"ÖVP","Österreich","Nationalrat","nein",NA,"nein","nein",NA,NA,NA,NA,NA,NA,NA,NA,NA,NA,NA,NA,NA,NA,NA,NA,NA,NA,NA,NA,NA,NA,NA,NA,NA,NA,NA,NA,NA,NA,NA,NA,NA,NA,NA,NA,NA,NA,NA,NA,NA,NA,NA,NA,NA,NA,NA,NA,NA,NA,NA,NA,NA,NA,NA,NA,NA,NA,NA,NA,NA,NA,NA,NA,NA,NA,NA,NA,NA,NA,NA,NA,NA,NA,NA,NA,NA,NA,NA,NA,NA,NA,NA,NA,NA,NA,NA,NA,NA,NA,NA,NA,NA,NA,NA,NA,NA,NA,NA,NA,NA,NA,NA,NA,NA,NA,NA,NA,NA,NA,NA,NA,NA,NA,NA,NA,NA,NA,NA,NA,NA,NA,NA,NA,NA,NA,NA,NA,NA,NA,NA,NA,NA,NA,NA
"1.0 (2026-03-05)","doi:10.11587/BA1ORN","300","Person","Hörlezeder","Dominic","männlich",1984,"GRÜNE","Niederösterreich","Landtag","nein",NA,"nein","ja",NA,NA,NA,NA,NA,NA,NA,NA,NA,NA,NA,NA,NA,NA,NA,NA,NA,NA,NA,NA,NA,NA,NA,NA,NA,NA,NA,NA,NA,NA,NA,NA,NA,NA,NA,NA,NA,NA,NA,NA,NA,NA,NA,NA,NA,NA,NA,NA,NA,NA,NA,NA,NA,NA,NA,NA,NA,NA,NA,NA,NA,NA,NA,NA,NA,NA,NA,NA,NA,NA,NA,NA,NA,NA,NA,NA,NA,NA,NA,NA,NA,NA,NA,NA,NA,NA,NA,NA,NA,NA,NA,NA,NA,NA,NA,NA,NA,NA,NA,NA,NA,NA,NA,NA,NA,NA,NA,NA,NA,NA,NA,NA,NA,NA,NA,NA,NA,NA,NA,NA,NA,NA,NA,NA,NA,NA,NA,NA,NA,NA,NA,NA,NA,NA,NA
"1.0 (2026-03-05)","doi:10.11587/BA1ORN","301","Person","In der Maur-Koenne","Maria","weiblich",1973,"NEOS","Wien","Landtag","nein",NA,"ja","ja",NA,NA,NA,NA,NA,NA,NA,NA,NA,NA,NA,NA,NA,NA,NA,NA,NA,NA,NA,NA,NA,NA,NA,NA,NA,NA,NA,NA,NA,NA,NA,NA,NA,NA,NA,NA,NA,NA,NA,NA,NA,NA,NA,NA,NA,NA,NA,NA,NA,NA,NA,NA,NA,NA,NA,NA,NA,NA,NA,NA,NA,NA,NA,NA,NA,NA,NA,NA,NA,NA,NA,NA,NA,NA,NA,NA,NA,NA,NA,NA,NA,NA,NA,NA,NA,NA,NA,NA,NA,NA,NA,NA,NA,NA,NA,NA,NA,NA,NA,NA,NA,NA,NA,NA,NA,NA,NA,NA,NA,NA,NA,NA,NA,NA,NA,NA,NA,NA,NA,NA,NA,NA,NA,NA,NA,NA,NA,NA,NA,NA,NA,NA,NA,NA,NA
"1.0 (2026-03-05)","doi:10.11587/BA1ORN","302","Person","Irschik","Wolfgang","männlich",1959,"FPÖ","Wien","Landtag","nein",NA,"ja","ja",NA,NA,NA,NA,NA,NA,NA,NA,NA,NA,NA,NA,NA,NA,NA,NA,NA,NA,NA,NA,NA,NA,NA,NA,NA,NA,NA,NA,NA,NA,NA,NA,NA,NA,NA,NA,NA,NA,NA,NA,NA,NA,NA,NA,NA,NA,NA,NA,NA,NA,NA,NA,NA,NA,NA,NA,NA,NA,NA,NA,NA,NA,NA,NA,NA,NA,NA,NA,NA,NA,NA,NA,NA,NA,NA,NA,NA,NA,NA,NA,NA,NA,NA,NA,NA,NA,NA,NA,NA,NA,NA,NA,NA,NA,NA,NA,NA,NA,NA,NA,NA,NA,NA,NA,NA,NA,NA,NA,NA,NA,NA,NA,NA,NA,NA,NA,NA,NA,NA,NA,NA,NA,NA,NA,NA,NA,NA,NA,NA,NA,NA,NA,NA,NA,NA
"1.0 (2026-03-05)","doi:10.11587/BA1ORN","303","Person","Jachs","Johanna","weiblich",1991,"ÖVP","Österreich","Nationalrat","ja","https://www.tiktok.com/@johannajachs","ja","ja",910,1669,25,1109,"GRAUE ANZÜGE WAREN GESTERN Mum//Politican//Austrian","https://www.tiktok.com/@johannajachs/video/6974470098501258501",4647,165,7,3,"Privat","ja","leger","nein","ja","nein","nicht erkennbar","nein","https://www.tiktok.com/@johannajachs/video/6963631835708542213",1764,101,3,0,"Arbeit","nein","formal","ja","nein","nein","nicht erkennbar","nein","https://www.tiktok.com/@johannajachs/video/7565816881651682582",1418,80,1,1,"Arbeit","nein","formal","nein","ja","nein","nicht erkennbar","ja","https://www.tiktok.com/@johannajachs/video/6957000150325677317",2459,79,1,1,"Privat","nein","leger","nein","nein","ja","nicht erkennbar","nein","https://www.tiktok.com/@johannajachs/video/7556704779368434966",1849,63,1,1,"Arbeit","nein","formal","nein","nein","nein","nicht erkennbar","nein","https://www.tiktok.com/@johannajachs/video/7486508611817000214",2012,62,4,1,"Privat","nein","formal","ja","nein","nein","nicht erkennbar","nein","https://www.tiktok.com/@johannajachs/video/7018203088800599301",1715,60,13,9,"Arbeit","nein","formal","ja","ja","nein","nicht erkennbar","ja","https://www.tiktok.com/@johannajachs/video/7011876476744174854",1630,47,0,0,"Privat","ja","leger","ja","ja","nein","erkennbar","ja","https://www.tiktok.com/@johannajachs/video/7484252474669354262",3583,44,3,1,"Privat","nein","leger","ja","nein","nein","nicht erkennbar","nein","https://www.tiktok.com/@johannajachs/video/7479377260445814038",1399,37,1,0,"Arbeit","nein","leger","ja","nein","nein","nicht erkennbar","nein"
"1.0 (2026-03-05)","doi:10.11587/BA1ORN","304","Person","Jagl","Simone","weiblich",1972,"GRÜNE","Österreich","Bundesrat","ja","https://www.tiktok.com/@simonejagl","ja","ja",407,409,33,953,"BUNDESRÄTIN NÖ Läuferin born@ ppm http://linktree.ee/SimoneJagl","https://www.tiktok.com/@simonejagl/video/7451291778960952598",20700,78,17,51,"Privat","nein","leger","ja","nein","nein","nicht erkennbar","nein","https://www.tiktok.com/@simonejagl/video/7460594923717365014",6500,101,210,4,"Privat","ja","leger","ja","nein","nein","erkennbar","nein","https://www.tiktok.com/@simonejagl/video/7451548077560778006",3465,34,28,6,"Privat","ja","leger","ja","nein","nein","nicht erkennbar","nein","https://www.tiktok.com/@simonejagl/video/7442027352349068576",2178,172,3,2,"Privat","ja","leger","ja","ja","nein","nicht erkennbar","nein","https://www.tiktok.com/@simonejagl/video/7464107314212031766",1178,49,11,0,"Privat","ja","leger","ja","nein","nein","nicht erkennbar","nein","https://www.tiktok.com/@simonejagl/video/7461767801485692182",839,32,13,2,"Privat","ja","leger","nein","ja","nein","erkennbar","ja","https://www.tiktok.com/@simonejagl/video/7461693735093521686",728,34,7,0,"Privat","nein","leger","ja","ja","nein","erkennbar","nein","https://www.tiktok.com/@simonejagl/video/7457983572876528918",633,35,7,1,"Privat","ja","leger","ja","ja","nein","nicht erkennbar","nein","https://www.tiktok.com/@simonejagl/video/7456815378862378242",802,24,9,1,"Privat","nein","leger","ja","ja","nein","erkennbar","ja","https://www.tiktok.com/@simonejagl/video/7464944451903950102",519,43,3,4,"Privat","nein","leger","ja","ja","nein","erkennbar","ja"
"1.0 (2026-03-05)","doi:10.11587/BA1ORN","305","Person","Jaksch","Mario","männlich",1981,"FPÖ","Burgenland","Landtag","nein",NA,"nein","ja",NA,NA,NA,NA,NA,NA,NA,NA,NA,NA,NA,NA,NA,NA,NA,NA,NA,NA,NA,NA,NA,NA,NA,NA,NA,NA,NA,NA,NA,NA,NA,NA,NA,NA,NA,NA,NA,NA,NA,NA,NA,NA,NA,NA,NA,NA,NA,NA,NA,NA,NA,NA,NA,NA,NA,NA,NA,NA,NA,NA,NA,NA,NA,NA,NA,NA,NA,NA,NA,NA,NA,NA,NA,NA,NA,NA,NA,NA,NA,NA,NA,NA,NA,NA,NA,NA,NA,NA,NA,NA,NA,NA,NA,NA,NA,NA,NA,NA,NA,NA,NA,NA,NA,NA,NA,NA,NA,NA,NA,NA,NA,NA,NA,NA,NA,NA,NA,NA,NA,NA,NA,NA,NA,NA,NA,NA,NA,NA,NA,NA,NA,NA,NA,NA,NA
"1.0 (2026-03-05)","doi:10.11587/BA1ORN","306","Person","Jantscher","Franz","männlich",1969,"SPÖ","Österreich","Nationalrat","nein",NA,"ja","ja",NA,NA,NA,NA,NA,NA,NA,NA,NA,NA,NA,NA,NA,NA,NA,NA,NA,NA,NA,NA,NA,NA,NA,NA,NA,NA,NA,NA,NA,NA,NA,NA,NA,NA,NA,NA,NA,NA,NA,NA,NA,NA,NA,NA,NA,NA,NA,NA,NA,NA,NA,NA,NA,NA,NA,NA,NA,NA,NA,NA,NA,NA,NA,NA,NA,NA,NA,NA,NA,NA,NA,NA,NA,NA,NA,NA,NA,NA,NA,NA,NA,NA,NA,NA,NA,NA,NA,NA,NA,NA,NA,NA,NA,NA,NA,NA,NA,NA,NA,NA,NA,NA,NA,NA,NA,NA,NA,NA,NA,NA,NA,NA,NA,NA,NA,NA,NA,NA,NA,NA,NA,NA,NA,NA,NA,NA,NA,NA,NA,NA,NA,NA,NA,NA,NA
"1.0 (2026-03-05)","doi:10.11587/BA1ORN","307","Person","Jeitler-Cincelli","Carmen","weiblich",1980,"ÖVP","Österreich","Nationalrat","nein",NA,"ja","ja",NA,NA,NA,NA,NA,NA,NA,NA,NA,NA,NA,NA,NA,NA,NA,NA,NA,NA,NA,NA,NA,NA,NA,NA,NA,NA,NA,NA,NA,NA,NA,NA,NA,NA,NA,NA,NA,NA,NA,NA,NA,NA,NA,NA,NA,NA,NA,NA,NA,NA,NA,NA,NA,NA,NA,NA,NA,NA,NA,NA,NA,NA,NA,NA,NA,NA,NA,NA,NA,NA,NA,NA,NA,NA,NA,NA,NA,NA,NA,NA,NA,NA,NA,NA,NA,NA,NA,NA,NA,NA,NA,NA,NA,NA,NA,NA,NA,NA,NA,NA,NA,NA,NA,NA,NA,NA,NA,NA,NA,NA,NA,NA,NA,NA,NA,NA,NA,NA,NA,NA,NA,NA,NA,NA,NA,NA,NA,NA,NA,NA,NA,NA,NA,NA,NA
"1.0 (2026-03-05)","doi:10.11587/BA1ORN","308","Person","Juraczka","Manfred","männlich",1969,"ÖVP","Wien","Landtag","nein",NA,"ja","ja",NA,NA,NA,NA,NA,NA,NA,NA,NA,NA,NA,NA,NA,NA,NA,NA,NA,NA,NA,NA,NA,NA,NA,NA,NA,NA,NA,NA,NA,NA,NA,NA,NA,NA,NA,NA,NA,NA,NA,NA,NA,NA,NA,NA,NA,NA,NA,NA,NA,NA,NA,NA,NA,NA,NA,NA,NA,NA,NA,NA,NA,NA,NA,NA,NA,NA,NA,NA,NA,NA,NA,NA,NA,NA,NA,NA,NA,NA,NA,NA,NA,NA,NA,NA,NA,NA,NA,NA,NA,NA,NA,NA,NA,NA,NA,NA,NA,NA,NA,NA,NA,NA,NA,NA,NA,NA,NA,NA,NA,NA,NA,NA,NA,NA,NA,NA,NA,NA,NA,NA,NA,NA,NA,NA,NA,NA,NA,NA,NA,NA,NA,NA,NA,NA,NA
"1.0 (2026-03-05)","doi:10.11587/BA1ORN","309","Person","Juvan","Janos","männlich",1985,"NEOS","Österreich","Nationalrat","nein",NA,"ja","ja",NA,NA,NA,NA,NA,NA,NA,NA,NA,NA,NA,NA,NA,NA,NA,NA,NA,NA,NA,NA,NA,NA,NA,NA,NA,NA,NA,NA,NA,NA,NA,NA,NA,NA,NA,NA,NA,NA,NA,NA,NA,NA,NA,NA,NA,NA,NA,NA,NA,NA,NA,NA,NA,NA,NA,NA,NA,NA,NA,NA,NA,NA,NA,NA,NA,NA,NA,NA,NA,NA,NA,NA,NA,NA,NA,NA,NA,NA,NA,NA,NA,NA,NA,NA,NA,NA,NA,NA,NA,NA,NA,NA,NA,NA,NA,NA,NA,NA,NA,NA,NA,NA,NA,NA,NA,NA,NA,NA,NA,NA,NA,NA,NA,NA,NA,NA,NA,NA,NA,NA,NA,NA,NA,NA,NA,NA,NA,NA,NA,NA,NA,NA,NA,NA,NA
"1.0 (2026-03-05)","doi:10.11587/BA1ORN","310","Person","Jäckel","Sandra","weiblich",1972,"FPÖ","Österreich","Bundesrat","nein",NA,"ja","ja",NA,NA,NA,NA,NA,NA,NA,NA,NA,NA,NA,NA,NA,NA,NA,NA,NA,NA,NA,NA,NA,NA,NA,NA,NA,NA,NA,NA,NA,NA,NA,NA,NA,NA,NA,NA,NA,NA,NA,NA,NA,NA,NA,NA,NA,NA,NA,NA,NA,NA,NA,NA,NA,NA,NA,NA,NA,NA,NA,NA,NA,NA,NA,NA,NA,NA,NA,NA,NA,NA,NA,NA,NA,NA,NA,NA,NA,NA,NA,NA,NA,NA,NA,NA,NA,NA,NA,NA,NA,NA,NA,NA,NA,NA,NA,NA,NA,NA,NA,NA,NA,NA,NA,NA,NA,NA,NA,NA,NA,NA,NA,NA,NA,NA,NA,NA,NA,NA,NA,NA,NA,NA,NA,NA,NA,NA,NA,NA,NA,NA,NA,NA,NA,NA,NA
"1.0 (2026-03-05)","doi:10.11587/BA1ORN","311","Person","Jäger","Michael","männlich",1983,"ÖVP","Tirol","Landtag","nein",NA,"ja","ja",NA,NA,NA,NA,NA,NA,NA,NA,NA,NA,NA,NA,NA,NA,NA,NA,NA,NA,NA,NA,NA,NA,NA,NA,NA,NA,NA,NA,NA,NA,NA,NA,NA,NA,NA,NA,NA,NA,NA,NA,NA,NA,NA,NA,NA,NA,NA,NA,NA,NA,NA,NA,NA,NA,NA,NA,NA,NA,NA,NA,NA,NA,NA,NA,NA,NA,NA,NA,NA,NA,NA,NA,NA,NA,NA,NA,NA,NA,NA,NA,NA,NA,NA,NA,NA,NA,NA,NA,NA,NA,NA,NA,NA,NA,NA,NA,NA,NA,NA,NA,NA,NA,NA,NA,NA,NA,NA,NA,NA,NA,NA,NA,NA,NA,NA,NA,NA,NA,NA,NA,NA,NA,NA,NA,NA,NA,NA,NA,NA,NA,NA,NA,NA,NA,NA
"1.0 (2026-03-05)","doi:10.11587/BA1ORN","312","Person","Jöbstl-Bichlmann","Martina","weiblich",1992,"ÖVP","Salzburg","Landtag","nein",NA,"ja","ja",NA,NA,NA,NA,NA,NA,NA,NA,NA,NA,NA,NA,NA,NA,NA,NA,NA,NA,NA,NA,NA,NA,NA,NA,NA,NA,NA,NA,NA,NA,NA,NA,NA,NA,NA,NA,NA,NA,NA,NA,NA,NA,NA,NA,NA,NA,NA,NA,NA,NA,NA,NA,NA,NA,NA,NA,NA,NA,NA,NA,NA,NA,NA,NA,NA,NA,NA,NA,NA,NA,NA,NA,NA,NA,NA,NA,NA,NA,NA,NA,NA,NA,NA,NA,NA,NA,NA,NA,NA,NA,NA,NA,NA,NA,NA,NA,NA,NA,NA,NA,NA,NA,NA,NA,NA,NA,NA,NA,NA,NA,NA,NA,NA,NA,NA,NA,NA,NA,NA,NA,NA,NA,NA,NA,NA,NA,NA,NA,NA,NA,NA,NA,NA,NA,NA
"1.0 (2026-03-05)","doi:10.11587/BA1ORN","313","Person","Kaineder","Stefan","männlich",1985,"GRÜNE","Oberösterreich","Landesregierung","ja","https://www.tiktok.com/@stefankaineder","ja","ja",1183,1274,73,10800,"Grüner Klimalandesrat in OÖ","https://www.tiktok.com/@stefankaineder/video/7295801621974388000",11800,881,25,40,"Privat","nein","formal",NA,"ja","nein","nicht erkennbar","ja","https://www.tiktok.com/@stefankaineder/video/7571867359401626902",22900,793,43,91,"Privat","nein","leger","ja","nein","nein","nicht erkennbar","nein","https://www.tiktok.com/@stefankaineder/video/7187063050850012422",20000,728,53,54,"Privat","nein","formal","ja","nein","nein","nicht erkennbar","nein","https://www.tiktok.com/@stefankaineder/video/7249748088816946459",5792,519,32,11,"Arbeit","nein","formal","ja","nein",NA,"nicht erkennbar","nein","https://www.tiktok.com/@stefankaineder/video/7363703774508027168",22900,497,92,27,"Privat","nein","leger","ja","ja","nein","nicht erkennbar","nein","https://www.tiktok.com/@stefankaineder/video/7295824561268903200",4732,475,12,12,"Privat","ja","leger","ja","nein","nein","nicht erkennbar","nein","https://www.tiktok.com/@stefankaineder/video/7194755614097067270",6049,422,422,47,NA,"nein","formal","ja","ja","nein","nicht erkennbar","ja","https://www.tiktok.com/@stefankaineder/video/7244917305031806234",3467,318,1,3,"Privat","ja","leger","nein","ja","nein","nicht erkennbar","ja","https://www.tiktok.com/@stefankaineder/video/7518693253537959191",9260,278,39,16,"Privat","nein","leger","ja","nein","nein","erkennbar","nein","https://www.tiktok.com/@stefankaineder/video/7504715649223036182",5229,278,10,6,"Arbeit","nein","formal","ja","nein","nein","nicht erkennbar","nein"
"1.0 (2026-03-05)","doi:10.11587/BA1ORN","314","Person","Kainrath","Roman","männlich",1977,"SPÖ","Burgenland","Landtag","nein",NA,"ja","ja",NA,NA,NA,NA,NA,NA,NA,NA,NA,NA,NA,NA,NA,NA,NA,NA,NA,NA,NA,NA,NA,NA,NA,NA,NA,NA,NA,NA,NA,NA,NA,NA,NA,NA,NA,NA,NA,NA,NA,NA,NA,NA,NA,NA,NA,NA,NA,NA,NA,NA,NA,NA,NA,NA,NA,NA,NA,NA,NA,NA,NA,NA,NA,NA,NA,NA,NA,NA,NA,NA,NA,NA,NA,NA,NA,NA,NA,NA,NA,NA,NA,NA,NA,NA,NA,NA,NA,NA,NA,NA,NA,NA,NA,NA,NA,NA,NA,NA,NA,NA,NA,NA,NA,NA,NA,NA,NA,NA,NA,NA,NA,NA,NA,NA,NA,NA,NA,NA,NA,NA,NA,NA,NA,NA,NA,NA,NA,NA,NA,NA,NA,NA,NA,NA,NA
"1.0 (2026-03-05)","doi:10.11587/BA1ORN","315","Person","Kainz","Christoph","männlich",1967,"ÖVP","Niederösterreich","Landtag","nein",NA,"ja","ja",NA,NA,NA,NA,NA,NA,NA,NA,NA,NA,NA,NA,NA,NA,NA,NA,NA,NA,NA,NA,NA,NA,NA,NA,NA,NA,NA,NA,NA,NA,NA,NA,NA,NA,NA,NA,NA,NA,NA,NA,NA,NA,NA,NA,NA,NA,NA,NA,NA,NA,NA,NA,NA,NA,NA,NA,NA,NA,NA,NA,NA,NA,NA,NA,NA,NA,NA,NA,NA,NA,NA,NA,NA,NA,NA,NA,NA,NA,NA,NA,NA,NA,NA,NA,NA,NA,NA,NA,NA,NA,NA,NA,NA,NA,NA,NA,NA,NA,NA,NA,NA,NA,NA,NA,NA,NA,NA,NA,NA,NA,NA,NA,NA,NA,NA,NA,NA,NA,NA,NA,NA,NA,NA,NA,NA,NA,NA,NA,NA,NA,NA,NA,NA,NA,NA
"1.0 (2026-03-05)","doi:10.11587/BA1ORN","316","Person","Kainz","Alois","männlich",1964,"FPÖ","Österreich","Nationalrat","nein",NA,"nein","ja",NA,NA,NA,NA,NA,NA,NA,NA,NA,NA,NA,NA,NA,NA,NA,NA,NA,NA,NA,NA,NA,NA,NA,NA,NA,NA,NA,NA,NA,NA,NA,NA,NA,NA,NA,NA,NA,NA,NA,NA,NA,NA,NA,NA,NA,NA,NA,NA,NA,NA,NA,NA,NA,NA,NA,NA,NA,NA,NA,NA,NA,NA,NA,NA,NA,NA,NA,NA,NA,NA,NA,NA,NA,NA,NA,NA,NA,NA,NA,NA,NA,NA,NA,NA,NA,NA,NA,NA,NA,NA,NA,NA,NA,NA,NA,NA,NA,NA,NA,NA,NA,NA,NA,NA,NA,NA,NA,NA,NA,NA,NA,NA,NA,NA,NA,NA,NA,NA,NA,NA,NA,NA,NA,NA,NA,NA,NA,NA,NA,NA,NA,NA,NA,NA,NA
"1.0 (2026-03-05)","doi:10.11587/BA1ORN","317","Person","Kaiser","Peter","männlich",1958,"SPÖ","Kärnten","Landesregierung","ja","https://www.tiktok.com/@peter_kaiser","ja","ja",8725,2078,162,113000,"Landeshauptmann von Kärnten SPÖ Vorsitzender von Kärnten Governor of Carinthia","https://www.tiktok.com/@peter_kaiser/video/6803287716298558726",767100,77700,1401,10900,"Arbeit","nein","formal","ja","ja","nein","nicht erkennbar","nein","https://www.tiktok.com/@peter_kaiser/video/7190257019247398149",17700,2750,12,49,"Privat","nein","formal","nein","nein","nein","nicht erkennbar","nein","https://www.tiktok.com/@peter_kaiser/video/7137344962542226694",71700,2392,129,69,"Arbeit","nein","formal","ja","nein","nein","nicht erkennbar","nein","https://www.tiktok.com/@peter_kaiser/video/7191951488472698118",32400,1561,20,143,"Privat","nein","leger","nein","ja","nein","erkennbar","nein","https://www.tiktok.com/@peter_kaiser/video/7195862085174054150",78600,1425,46,78,NA,NA,NA,"nein","nein","nein","erkennbar","nein","https://www.tiktok.com/@peter_kaiser/video/7195611923512151301",11300,1195,5,32,"Privat","nein","leger","nein","ja","nein","erkennbar","nein","https://www.tiktok.com/@peter_kaiser/video/6803086263709666566",25000,1006,8,32,"Arbeit","nein","formal","nein","nein","nein","nicht erkennbar","nein","https://www.tiktok.com/@peter_kaiser/video/7190711982528433413",24300,848,12,32,NA,NA,NA,"nein","nein","nein","erkennbar","nein","https://www.tiktok.com/@peter_kaiser/video/6865211537334799621",16500,712,43,69,"Arbeit","nein","formal","nein","nein","nein","nicht erkennbar","nein","https://www.tiktok.com/@peter_kaiser/video/7157316656182611205",12600,664,7,11,"Privat","nein","leger","nein","nein","nein","nicht erkennbar","nein"
"1.0 (2026-03-05)","doi:10.11587/BA1ORN","318","Person","Kampus","Doris","weiblich",1967,"SPÖ","Steiermark","Landtag","ja","https://www.tiktok.com/@doris.kampus","ja","ja",346,11,6,53,"Grazer Abgeordnete zum Landtag Steiermark ️ Vorsitzende der SPÖ Graz","https://www.tiktok.com/@doris.kampus/video/7569756408296508694",11,11,0,2,"Privat","nein","formal","nein","nein","nein","nicht erkennbar","nein","https://www.tiktok.com/@doris.kampus/video/7569755965520629014",4,11,0,2,"Privat","nein","leger","nein","nein","nein","erkennbar","nein","https://www.tiktok.com/@doris.kampus/video/7569755403068656918",4,11,0,2,"Arbeit","nein","formal","nein","nein","nein","nicht erkennbar","nein","https://www.tiktok.com/@doris.kampus/video/7569753955631140118",3,10,0,2,"Arbeit","nein","formal","nein","nein","nein","nicht erkennbar","ja","https://www.tiktok.com/@doris.kampus/video/7569753524729400598",3,6,0,2,"Arbeit","nein","formal","nein","nein","nein","nicht erkennbar","nein","https://www.tiktok.com/@doris.kampus/video/7569752876268997910",4,4,0,3,"Arbeit","nein","formal","nein","nein","nein","nicht erkennbar","nein",NA,NA,NA,NA,NA,NA,NA,NA,NA,NA,NA,NA,NA,NA,NA,NA,NA,NA,NA,NA,NA,NA,NA,NA,NA,NA,NA,NA,NA,NA,NA,NA,NA,NA,NA,NA,NA,NA,NA,NA,NA,NA,NA,NA,NA,NA,NA,NA,NA,NA,NA,NA
"1.0 (2026-03-05)","doi:10.11587/BA1ORN","319","Person","Kaniak","Gerhard","männlich",1979,"FPÖ","Österreich","Nationalrat","nein",NA,"nein","nein",NA,NA,NA,NA,NA,NA,NA,NA,NA,NA,NA,NA,NA,NA,NA,NA,NA,NA,NA,NA,NA,NA,NA,NA,NA,NA,NA,NA,NA,NA,NA,NA,NA,NA,NA,NA,NA,NA,NA,NA,NA,NA,NA,NA,NA,NA,NA,NA,NA,NA,NA,NA,NA,NA,NA,NA,NA,NA,NA,NA,NA,NA,NA,NA,NA,NA,NA,NA,NA,NA,NA,NA,NA,NA,NA,NA,NA,NA,NA,NA,NA,NA,NA,NA,NA,NA,NA,NA,NA,NA,NA,NA,NA,NA,NA,NA,NA,NA,NA,NA,NA,NA,NA,NA,NA,NA,NA,NA,NA,NA,NA,NA,NA,NA,NA,NA,NA,NA,NA,NA,NA,NA,NA,NA,NA,NA,NA,NA,NA,NA,NA,NA,NA,NA,NA
"1.0 (2026-03-05)","doi:10.11587/BA1ORN","320","Person","Karacsony","Thomas","männlich",1976,"FPÖ","Österreich","Bundesrat","nein",NA,"ja","ja",NA,NA,NA,NA,NA,NA,NA,NA,NA,NA,NA,NA,NA,NA,NA,NA,NA,NA,NA,NA,NA,NA,NA,NA,NA,NA,NA,NA,NA,NA,NA,NA,NA,NA,NA,NA,NA,NA,NA,NA,NA,NA,NA,NA,NA,NA,NA,NA,NA,NA,NA,NA,NA,NA,NA,NA,NA,NA,NA,NA,NA,NA,NA,NA,NA,NA,NA,NA,NA,NA,NA,NA,NA,NA,NA,NA,NA,NA,NA,NA,NA,NA,NA,NA,NA,NA,NA,NA,NA,NA,NA,NA,NA,NA,NA,NA,NA,NA,NA,NA,NA,NA,NA,NA,NA,NA,NA,NA,NA,NA,NA,NA,NA,NA,NA,NA,NA,NA,NA,NA,NA,NA,NA,NA,NA,NA,NA,NA,NA,NA,NA,NA,NA,NA,NA
"1.0 (2026-03-05)","doi:10.11587/BA1ORN","321","Person","Karall","Jürgen","männlich",1974,"SPÖ","Burgenland","Landtag","nein",NA,"ja","ja",NA,NA,NA,NA,NA,NA,NA,NA,NA,NA,NA,NA,NA,NA,NA,NA,NA,NA,NA,NA,NA,NA,NA,NA,NA,NA,NA,NA,NA,NA,NA,NA,NA,NA,NA,NA,NA,NA,NA,NA,NA,NA,NA,NA,NA,NA,NA,NA,NA,NA,NA,NA,NA,NA,NA,NA,NA,NA,NA,NA,NA,NA,NA,NA,NA,NA,NA,NA,NA,NA,NA,NA,NA,NA,NA,NA,NA,NA,NA,NA,NA,NA,NA,NA,NA,NA,NA,NA,NA,NA,NA,NA,NA,NA,NA,NA,NA,NA,NA,NA,NA,NA,NA,NA,NA,NA,NA,NA,NA,NA,NA,NA,NA,NA,NA,NA,NA,NA,NA,NA,NA,NA,NA,NA,NA,NA,NA,NA,NA,NA,NA,NA,NA,NA,NA
"1.0 (2026-03-05)","doi:10.11587/BA1ORN","322","Person","Karelly","Silvia","weiblich",1977,"ÖVP","Steiermark","Landtag","nein",NA,"nein","nein",NA,NA,NA,NA,NA,NA,NA,NA,NA,NA,NA,NA,NA,NA,NA,NA,NA,NA,NA,NA,NA,NA,NA,NA,NA,NA,NA,NA,NA,NA,NA,NA,NA,NA,NA,NA,NA,NA,NA,NA,NA,NA,NA,NA,NA,NA,NA,NA,NA,NA,NA,NA,NA,NA,NA,NA,NA,NA,NA,NA,NA,NA,NA,NA,NA,NA,NA,NA,NA,NA,NA,NA,NA,NA,NA,NA,NA,NA,NA,NA,NA,NA,NA,NA,NA,NA,NA,NA,NA,NA,NA,NA,NA,NA,NA,NA,NA,NA,NA,NA,NA,NA,NA,NA,NA,NA,NA,NA,NA,NA,NA,NA,NA,NA,NA,NA,NA,NA,NA,NA,NA,NA,NA,NA,NA,NA,NA,NA,NA,NA,NA,NA,NA,NA,NA
"1.0 (2026-03-05)","doi:10.11587/BA1ORN","323","Person","Karner","Gerhard","männlich",1967,"ÖVP","Österreich","Bundesregierung","nein",NA,"ja","ja",NA,NA,NA,NA,NA,NA,NA,NA,NA,NA,NA,NA,NA,NA,NA,NA,NA,NA,NA,NA,NA,NA,NA,NA,NA,NA,NA,NA,NA,NA,NA,NA,NA,NA,NA,NA,NA,NA,NA,NA,NA,NA,NA,NA,NA,NA,NA,NA,NA,NA,NA,NA,NA,NA,NA,NA,NA,NA,NA,NA,NA,NA,NA,NA,NA,NA,NA,NA,NA,NA,NA,NA,NA,NA,NA,NA,NA,NA,NA,NA,NA,NA,NA,NA,NA,NA,NA,NA,NA,NA,NA,NA,NA,NA,NA,NA,NA,NA,NA,NA,NA,NA,NA,NA,NA,NA,NA,NA,NA,NA,NA,NA,NA,NA,NA,NA,NA,NA,NA,NA,NA,NA,NA,NA,NA,NA,NA,NA,NA,NA,NA,NA,NA,NA,NA
"1.0 (2026-03-05)","doi:10.11587/BA1ORN","324","Person","Karner-Kremser","Waltraud","weiblich",1965,"SPÖ","Wien","Landtag","nein",NA,"nein","nein",NA,NA,NA,NA,NA,NA,NA,NA,NA,NA,NA,NA,NA,NA,NA,NA,NA,NA,NA,NA,NA,NA,NA,NA,NA,NA,NA,NA,NA,NA,NA,NA,NA,NA,NA,NA,NA,NA,NA,NA,NA,NA,NA,NA,NA,NA,NA,NA,NA,NA,NA,NA,NA,NA,NA,NA,NA,NA,NA,NA,NA,NA,NA,NA,NA,NA,NA,NA,NA,NA,NA,NA,NA,NA,NA,NA,NA,NA,NA,NA,NA,NA,NA,NA,NA,NA,NA,NA,NA,NA,NA,NA,NA,NA,NA,NA,NA,NA,NA,NA,NA,NA,NA,NA,NA,NA,NA,NA,NA,NA,NA,NA,NA,NA,NA,NA,NA,NA,NA,NA,NA,NA,NA,NA,NA,NA,NA,NA,NA,NA,NA,NA,NA,NA,NA
"1.0 (2026-03-05)","doi:10.11587/BA1ORN","325","Person","Kassegger","Axel","männlich",1966,"FPÖ","Österreich","Nationalrat","nein",NA,"nein","ja",NA,NA,NA,NA,NA,NA,NA,NA,NA,NA,NA,NA,NA,NA,NA,NA,NA,NA,NA,NA,NA,NA,NA,NA,NA,NA,NA,NA,NA,NA,NA,NA,NA,NA,NA,NA,NA,NA,NA,NA,NA,NA,NA,NA,NA,NA,NA,NA,NA,NA,NA,NA,NA,NA,NA,NA,NA,NA,NA,NA,NA,NA,NA,NA,NA,NA,NA,NA,NA,NA,NA,NA,NA,NA,NA,NA,NA,NA,NA,NA,NA,NA,NA,NA,NA,NA,NA,NA,NA,NA,NA,NA,NA,NA,NA,NA,NA,NA,NA,NA,NA,NA,NA,NA,NA,NA,NA,NA,NA,NA,NA,NA,NA,NA,NA,NA,NA,NA,NA,NA,NA,NA,NA,NA,NA,NA,NA,NA,NA,NA,NA,NA,NA,NA,NA
"1.0 (2026-03-05)","doi:10.11587/BA1ORN","326","Person","Kasser","Anton","männlich",1963,"ÖVP","Niederösterreich","Landesregierung","nein",NA,"ja","ja",NA,NA,NA,NA,NA,NA,NA,NA,NA,NA,NA,NA,NA,NA,NA,NA,NA,NA,NA,NA,NA,NA,NA,NA,NA,NA,NA,NA,NA,NA,NA,NA,NA,NA,NA,NA,NA,NA,NA,NA,NA,NA,NA,NA,NA,NA,NA,NA,NA,NA,NA,NA,NA,NA,NA,NA,NA,NA,NA,NA,NA,NA,NA,NA,NA,NA,NA,NA,NA,NA,NA,NA,NA,NA,NA,NA,NA,NA,NA,NA,NA,NA,NA,NA,NA,NA,NA,NA,NA,NA,NA,NA,NA,NA,NA,NA,NA,NA,NA,NA,NA,NA,NA,NA,NA,NA,NA,NA,NA,NA,NA,NA,NA,NA,NA,NA,NA,NA,NA,NA,NA,NA,NA,NA,NA,NA,NA,NA,NA,NA,NA,NA,NA,NA,NA
"1.0 (2026-03-05)","doi:10.11587/BA1ORN","327","Person","Kaufmann","Christoph","männlich",1975,"ÖVP","Niederösterreich","Landtag","nein",NA,"ja","ja",NA,NA,NA,NA,NA,NA,NA,NA,NA,NA,NA,NA,NA,NA,NA,NA,NA,NA,NA,NA,NA,NA,NA,NA,NA,NA,NA,NA,NA,NA,NA,NA,NA,NA,NA,NA,NA,NA,NA,NA,NA,NA,NA,NA,NA,NA,NA,NA,NA,NA,NA,NA,NA,NA,NA,NA,NA,NA,NA,NA,NA,NA,NA,NA,NA,NA,NA,NA,NA,NA,NA,NA,NA,NA,NA,NA,NA,NA,NA,NA,NA,NA,NA,NA,NA,NA,NA,NA,NA,NA,NA,NA,NA,NA,NA,NA,NA,NA,NA,NA,NA,NA,NA,NA,NA,NA,NA,NA,NA,NA,NA,NA,NA,NA,NA,NA,NA,NA,NA,NA,NA,NA,NA,NA,NA,NA,NA,NA,NA,NA,NA,NA,NA,NA,NA
"1.0 (2026-03-05)","doi:10.11587/BA1ORN","328","Person","Kaufmann","Martina","weiblich",1986,"ÖVP","Steiermark","Landtag","nein",NA,"ja","ja",NA,NA,NA,NA,NA,NA,NA,NA,NA,NA,NA,NA,NA,NA,NA,NA,NA,NA,NA,NA,NA,NA,NA,NA,NA,NA,NA,NA,NA,NA,NA,NA,NA,NA,NA,NA,NA,NA,NA,NA,NA,NA,NA,NA,NA,NA,NA,NA,NA,NA,NA,NA,NA,NA,NA,NA,NA,NA,NA,NA,NA,NA,NA,NA,NA,NA,NA,NA,NA,NA,NA,NA,NA,NA,NA,NA,NA,NA,NA,NA,NA,NA,NA,NA,NA,NA,NA,NA,NA,NA,NA,NA,NA,NA,NA,NA,NA,NA,NA,NA,NA,NA,NA,NA,NA,NA,NA,NA,NA,NA,NA,NA,NA,NA,NA,NA,NA,NA,NA,NA,NA,NA,NA,NA,NA,NA,NA,NA,NA,NA,NA,NA,NA,NA,NA
"1.0 (2026-03-05)","doi:10.11587/BA1ORN","329","Person","Kaup-Hasler","Veronica","weiblich",1968,"SPÖ","Wien","Landesregierung","nein",NA,"ja","ja",NA,NA,NA,NA,NA,NA,NA,NA,NA,NA,NA,NA,NA,NA,NA,NA,NA,NA,NA,NA,NA,NA,NA,NA,NA,NA,NA,NA,NA,NA,NA,NA,NA,NA,NA,NA,NA,NA,NA,NA,NA,NA,NA,NA,NA,NA,NA,NA,NA,NA,NA,NA,NA,NA,NA,NA,NA,NA,NA,NA,NA,NA,NA,NA,NA,NA,NA,NA,NA,NA,NA,NA,NA,NA,NA,NA,NA,NA,NA,NA,NA,NA,NA,NA,NA,NA,NA,NA,NA,NA,NA,NA,NA,NA,NA,NA,NA,NA,NA,NA,NA,NA,NA,NA,NA,NA,NA,NA,NA,NA,NA,NA,NA,NA,NA,NA,NA,NA,NA,NA,NA,NA,NA,NA,NA,NA,NA,NA,NA,NA,NA,NA,NA,NA,NA
"1.0 (2026-03-05)","doi:10.11587/BA1ORN","330","Person","Kerbleder","Andrea","weiblich",1976,"FPÖ","Vorarlberg","Landtag","nein",NA,"ja","ja",NA,NA,NA,NA,NA,NA,NA,NA,NA,NA,NA,NA,NA,NA,NA,NA,NA,NA,NA,NA,NA,NA,NA,NA,NA,NA,NA,NA,NA,NA,NA,NA,NA,NA,NA,NA,NA,NA,NA,NA,NA,NA,NA,NA,NA,NA,NA,NA,NA,NA,NA,NA,NA,NA,NA,NA,NA,NA,NA,NA,NA,NA,NA,NA,NA,NA,NA,NA,NA,NA,NA,NA,NA,NA,NA,NA,NA,NA,NA,NA,NA,NA,NA,NA,NA,NA,NA,NA,NA,NA,NA,NA,NA,NA,NA,NA,NA,NA,NA,NA,NA,NA,NA,NA,NA,NA,NA,NA,NA,NA,NA,NA,NA,NA,NA,NA,NA,NA,NA,NA,NA,NA,NA,NA,NA,NA,NA,NA,NA,NA,NA,NA,NA,NA,NA
"1.0 (2026-03-05)","doi:10.11587/BA1ORN","331","Person","Keri","Sabine","weiblich",1973,"ÖVP","Wien","Landtag","nein",NA,"ja","ja",NA,NA,NA,NA,NA,NA,NA,NA,NA,NA,NA,NA,NA,NA,NA,NA,NA,NA,NA,NA,NA,NA,NA,NA,NA,NA,NA,NA,NA,NA,NA,NA,NA,NA,NA,NA,NA,NA,NA,NA,NA,NA,NA,NA,NA,NA,NA,NA,NA,NA,NA,NA,NA,NA,NA,NA,NA,NA,NA,NA,NA,NA,NA,NA,NA,NA,NA,NA,NA,NA,NA,NA,NA,NA,NA,NA,NA,NA,NA,NA,NA,NA,NA,NA,NA,NA,NA,NA,NA,NA,NA,NA,NA,NA,NA,NA,NA,NA,NA,NA,NA,NA,NA,NA,NA,NA,NA,NA,NA,NA,NA,NA,NA,NA,NA,NA,NA,NA,NA,NA,NA,NA,NA,NA,NA,NA,NA,NA,NA,NA,NA,NA,NA,NA,NA
"1.0 (2026-03-05)","doi:10.11587/BA1ORN","332","Person","Kerschler","Bernadette","weiblich",1974,"SPÖ","Österreich","Bundesrat","nein",NA,"ja","nein",NA,NA,NA,NA,NA,NA,NA,NA,NA,NA,NA,NA,NA,NA,NA,NA,NA,NA,NA,NA,NA,NA,NA,NA,NA,NA,NA,NA,NA,NA,NA,NA,NA,NA,NA,NA,NA,NA,NA,NA,NA,NA,NA,NA,NA,NA,NA,NA,NA,NA,NA,NA,NA,NA,NA,NA,NA,NA,NA,NA,NA,NA,NA,NA,NA,NA,NA,NA,NA,NA,NA,NA,NA,NA,NA,NA,NA,NA,NA,NA,NA,NA,NA,NA,NA,NA,NA,NA,NA,NA,NA,NA,NA,NA,NA,NA,NA,NA,NA,NA,NA,NA,NA,NA,NA,NA,NA,NA,NA,NA,NA,NA,NA,NA,NA,NA,NA,NA,NA,NA,NA,NA,NA,NA,NA,NA,NA,NA,NA,NA,NA,NA,NA,NA,NA
"1.0 (2026-03-05)","doi:10.11587/BA1ORN","333","Person","Keyl","Hubert","männlich",1977,"FPÖ","Niederösterreich","Landtag","nein",NA,"ja","ja",NA,NA,NA,NA,NA,NA,NA,NA,NA,NA,NA,NA,NA,NA,NA,NA,NA,NA,NA,NA,NA,NA,NA,NA,NA,NA,NA,NA,NA,NA,NA,NA,NA,NA,NA,NA,NA,NA,NA,NA,NA,NA,NA,NA,NA,NA,NA,NA,NA,NA,NA,NA,NA,NA,NA,NA,NA,NA,NA,NA,NA,NA,NA,NA,NA,NA,NA,NA,NA,NA,NA,NA,NA,NA,NA,NA,NA,NA,NA,NA,NA,NA,NA,NA,NA,NA,NA,NA,NA,NA,NA,NA,NA,NA,NA,NA,NA,NA,NA,NA,NA,NA,NA,NA,NA,NA,NA,NA,NA,NA,NA,NA,NA,NA,NA,NA,NA,NA,NA,NA,NA,NA,NA,NA,NA,NA,NA,NA,NA,NA,NA,NA,NA,NA,NA
"1.0 (2026-03-05)","doi:10.11587/BA1ORN","334","Person","Khom","Manuela","weiblich",1963,"ÖVP","Steiermark","Landesregierung","ja","https://www.tiktok.com/@manuela.khom","ja","ja",994,300,90,9467,"Landeshauptmann-Stellvertreterin","https://www.tiktok.com/@manuela.khom/video/7490562586430164246",29500,1391,37,94,"Privat","nein","formal","nein","nein","nein","nicht erkennbar","nein","https://www.tiktok.com/@manuela.khom/video/7467880838273715478",32700,592,8,14,"Privat","nein","formal","nein","nein","nein","nicht erkennbar","nein","https://www.tiktok.com/@manuela.khom/video/7550998613464222998",13200,488,335,8,"Arbeit","nein","formal","nein","nein","nein","nicht erkennbar","nein","https://www.tiktok.com/@manuela.khom/video/7476883326113025302",11000,325,1,53,"Privat","nein","leger","nein","ja","nein","nicht erkennbar","nein","https://www.tiktok.com/@manuela.khom/video/7499086783561403670",12100,304,22,26,"Arbeit","nein","leger","ja","ja","nein","nicht erkennbar","nein","https://www.tiktok.com/@manuela.khom/video/7510646101649673494",9826,258,4,15,"Privat","nein","leger","nein","ja","nein","nicht erkennbar","nein","https://www.tiktok.com/@manuela.khom/video/7507601900011867414",6459,221,15,28,"Arbeit","nein","leger","nein","ja","nein","nicht erkennbar","nein","https://www.tiktok.com/@manuela.khom/video/7522005870054493462",4934,179,6,3,"Arbeit","nein","formal","nein","ja","nein","erkennbar","nein","https://www.tiktok.com/@manuela.khom/video/7475656757281344790",8068,164,2,7,"Privat","nein","formal","nein","ja","nein","nicht erkennbar","nein","https://www.tiktok.com/@manuela.khom/video/7510978376920730902",3596,147,2,1,"Privat","nein","leger","nein","ja","nein","nicht erkennbar","nein"
"1.0 (2026-03-05)","doi:10.11587/BA1ORN","335","Person","Kickert","Jennifer","weiblich",1962,"GRÜNE","Wien","Landtag","nein",NA,"ja","ja",NA,NA,NA,NA,NA,NA,NA,NA,NA,NA,NA,NA,NA,NA,NA,NA,NA,NA,NA,NA,NA,NA,NA,NA,NA,NA,NA,NA,NA,NA,NA,NA,NA,NA,NA,NA,NA,NA,NA,NA,NA,NA,NA,NA,NA,NA,NA,NA,NA,NA,NA,NA,NA,NA,NA,NA,NA,NA,NA,NA,NA,NA,NA,NA,NA,NA,NA,NA,NA,NA,NA,NA,NA,NA,NA,NA,NA,NA,NA,NA,NA,NA,NA,NA,NA,NA,NA,NA,NA,NA,NA,NA,NA,NA,NA,NA,NA,NA,NA,NA,NA,NA,NA,NA,NA,NA,NA,NA,NA,NA,NA,NA,NA,NA,NA,NA,NA,NA,NA,NA,NA,NA,NA,NA,NA,NA,NA,NA,NA,NA,NA,NA,NA,NA,NA
"1.0 (2026-03-05)","doi:10.11587/BA1ORN","336","Person","Kickl","Herbert","männlich",1968,"FPÖ","Österreich","Nationalrat","ja","https://www.tiktok.com/@kicklherbert","ja","ja",148000,1613,444,2402700,"Offizieller Account: Bundesparteiobmann der FPÖ AT","https://www.tiktok.com/@kicklherbert/video/7216378524595129627?is_from_webapp=1&sender_device=pc&web_id=7571410377348728342",772500,61000,5789,5972,"Arbeit","nein","formal","nein","ja","nein","erkennbar","nein","https://www.tiktok.com/@kicklherbert/video/7456745745014721814?is_from_webapp=1&sender_device=pc&web_id=7571410377348728342",1100000,59900,3779,4570,"Arbeit","nein","formal","nein","nein","nein","erkennbar","nein","https://www.tiktok.com/@kicklherbert/video/7419372195358461216?is_from_webapp=1&sender_device=pc&web_id=7571410377348728342",1100000,54200,2887,4409,"Privat","nein","leger","nein","ja","nein","erkennbar","nein","https://www.tiktok.com/@kicklherbert/video/7421140078459702560?is_from_webapp=1&sender_device=pc&web_id=7571410377348728342",684500,52000,2868,3197,"Arbeit","nein","formal","nein","ja","nein","erkennbar","nein","https://www.tiktok.com/@kicklherbert/video/7400390987916299553?is_from_webapp=1&sender_device=pc&web_id=7571410377348728342",883900,47900,2626,8208,"Arbeit","nein","formal","ja","ja","nein","erkennbar","nein","https://www.tiktok.com/@kicklherbert/video/7387089394403937568?is_from_webapp=1&sender_device=pc&web_id=7571410377348728342",1000000,44700,8129,10200,"Privat","nein","leger","nein","nein","nein","erkennbar","nein","https://www.tiktok.com/@kicklherbert/video/7428904784775712033?is_from_webapp=1&sender_device=pc&web_id=7571410377348728342",518000,40800,2251,1741,"Arbeit","nein","formal","nein","nein","nein","erkennbar","nein","https://www.tiktok.com/@kicklherbert/video/7369187941039492384?is_from_webapp=1&sender_device=pc&web_id=7571410377348728342",506700,36900,1527,6391,"Arbeit","nein","formal","nein","nein","nein","erkennbar","nein","https://www.tiktok.com/@kicklherbert/video/7413359373050744096?is_from_webapp=1&sender_device=pc&web_id=7571410377348728342",526900,35000,1260,8189,"Privat","nein","leger","nein","nein","nein","nicht erkennbar","nein","https://www.tiktok.com/@kicklherbert/video/7164429340833320197?is_from_webapp=1&sender_device=pc&web_id=7571410377348728342",493300,33000,1699,4056,"Arbeit","nein","formal","nein","ja","nein","erkennbar","nein"
"1.0 (2026-03-05)","doi:10.11587/BA1ORN","337","Person","Kinz","Hubert","männlich",1960,"FPÖ","Vorarlberg","Landtag","nein",NA,"nein","ja",NA,NA,NA,NA,NA,NA,NA,NA,NA,NA,NA,NA,NA,NA,NA,NA,NA,NA,NA,NA,NA,NA,NA,NA,NA,NA,NA,NA,NA,NA,NA,NA,NA,NA,NA,NA,NA,NA,NA,NA,NA,NA,NA,NA,NA,NA,NA,NA,NA,NA,NA,NA,NA,NA,NA,NA,NA,NA,NA,NA,NA,NA,NA,NA,NA,NA,NA,NA,NA,NA,NA,NA,NA,NA,NA,NA,NA,NA,NA,NA,NA,NA,NA,NA,NA,NA,NA,NA,NA,NA,NA,NA,NA,NA,NA,NA,NA,NA,NA,NA,NA,NA,NA,NA,NA,NA,NA,NA,NA,NA,NA,NA,NA,NA,NA,NA,NA,NA,NA,NA,NA,NA,NA,NA,NA,NA,NA,NA,NA,NA,NA,NA,NA,NA,NA
"1.0 (2026-03-05)","doi:10.11587/BA1ORN","338","Person","Kircher","Sophia","weiblich",1994,"ÖVP","EU","EP","ja","https://www.tiktok.com/@sophiakircher","ja","ja",835,1267,28,1407,"Mitglied des Europäischen Parlaments","https://www.tiktok.com/@sophiakircher/video/7558864774440783126",1982,195,11,12,"Arbeit","nein","formal","nein","nein","nein","nicht erkennbar","nein","https://www.tiktok.com/@sophiakircher/video/7550274453372964118",1712,106,2,1,"Privat","nein","leger","nein","ja","nein","nicht erkennbar","nein","https://www.tiktok.com/@sophiakircher/video/7519530368874089750",1770,79,8,0,"Arbeit","nein","formal","nein","nein","nein","nicht erkennbar","nein","https://www.tiktok.com/@sophiakircher/video/7544805990688984342",1396,70,0,0,"Privat","ja","leger","nein","ja","nein","nicht erkennbar","nein","https://www.tiktok.com/@sophiakircher/video/7376936394863758624",2920,69,2,3,"Privat","nein","formal","nein","ja","nein","nicht erkennbar","nein","https://www.tiktok.com/@sophiakircher/video/7129062128769715461",3154,67,0,7,"Privat","nein","formal","nein","ja","nein","nicht erkennbar","nein","https://www.tiktok.com/@sophiakircher/video/7103832576313330949",1733,67,0,1,"Arbeit","nein","formal","nein","ja","nein","nicht erkennbar","ja","https://www.tiktok.com/@sophiakircher/video/7367828892456865056",2186,66,0,0,"Privat","nein","leger","nein","nein","nein","nicht erkennbar","nein","https://www.tiktok.com/@sophiakircher/video/7118086360421928197",1675,66,0,0,"Arbeit","nein","formal","nein","ja","nein","nicht erkennbar","nein","https://www.tiktok.com/@sophiakircher/video/7114025151984962821",1115,65,0,0,"Privat","nein","leger","nein","ja","nein","nicht erkennbar","nein"
"1.0 (2026-03-05)","doi:10.11587/BA1ORN","339","Person","Kirchmair","Andreas","männlich",1987,"ÖVP","Tirol","Landtag","nein",NA,"ja","ja",NA,NA,NA,NA,NA,NA,NA,NA,NA,NA,NA,NA,NA,NA,NA,NA,NA,NA,NA,NA,NA,NA,NA,NA,NA,NA,NA,NA,NA,NA,NA,NA,NA,NA,NA,NA,NA,NA,NA,NA,NA,NA,NA,NA,NA,NA,NA,NA,NA,NA,NA,NA,NA,NA,NA,NA,NA,NA,NA,NA,NA,NA,NA,NA,NA,NA,NA,NA,NA,NA,NA,NA,NA,NA,NA,NA,NA,NA,NA,NA,NA,NA,NA,NA,NA,NA,NA,NA,NA,NA,NA,NA,NA,NA,NA,NA,NA,NA,NA,NA,NA,NA,NA,NA,NA,NA,NA,NA,NA,NA,NA,NA,NA,NA,NA,NA,NA,NA,NA,NA,NA,NA,NA,NA,NA,NA,NA,NA,NA,NA,NA,NA,NA,NA,NA
"1.0 (2026-03-05)","doi:10.11587/BA1ORN","340","Person","Kirchmayr","Helena","weiblich",1982,"ÖVP","Oberösterreich","Landtag","nein",NA,"ja","ja",NA,NA,NA,NA,NA,NA,NA,NA,NA,NA,NA,NA,NA,NA,NA,NA,NA,NA,NA,NA,NA,NA,NA,NA,NA,NA,NA,NA,NA,NA,NA,NA,NA,NA,NA,NA,NA,NA,NA,NA,NA,NA,NA,NA,NA,NA,NA,NA,NA,NA,NA,NA,NA,NA,NA,NA,NA,NA,NA,NA,NA,NA,NA,NA,NA,NA,NA,NA,NA,NA,NA,NA,NA,NA,NA,NA,NA,NA,NA,NA,NA,NA,NA,NA,NA,NA,NA,NA,NA,NA,NA,NA,NA,NA,NA,NA,NA,NA,NA,NA,NA,NA,NA,NA,NA,NA,NA,NA,NA,NA,NA,NA,NA,NA,NA,NA,NA,NA,NA,NA,NA,NA,NA,NA,NA,NA,NA,NA,NA,NA,NA,NA,NA,NA,NA
"1.0 (2026-03-05)","doi:10.11587/BA1ORN","341","Person","Kittl","Elisabeth","weiblich",1973,"GRÜNE","Österreich","Bundesrat","nein",NA,"ja","ja",NA,NA,NA,NA,NA,NA,NA,NA,NA,NA,NA,NA,NA,NA,NA,NA,NA,NA,NA,NA,NA,NA,NA,NA,NA,NA,NA,NA,NA,NA,NA,NA,NA,NA,NA,NA,NA,NA,NA,NA,NA,NA,NA,NA,NA,NA,NA,NA,NA,NA,NA,NA,NA,NA,NA,NA,NA,NA,NA,NA,NA,NA,NA,NA,NA,NA,NA,NA,NA,NA,NA,NA,NA,NA,NA,NA,NA,NA,NA,NA,NA,NA,NA,NA,NA,NA,NA,NA,NA,NA,NA,NA,NA,NA,NA,NA,NA,NA,NA,NA,NA,NA,NA,NA,NA,NA,NA,NA,NA,NA,NA,NA,NA,NA,NA,NA,NA,NA,NA,NA,NA,NA,NA,NA,NA,NA,NA,NA,NA,NA,NA,NA,NA,NA,NA
"1.0 (2026-03-05)","doi:10.11587/BA1ORN","342","Person","Klausner-Austaller","Sabine","weiblich",1977,"SPÖ","Salzburg","Landtag","nein",NA,"nein","ja",NA,NA,NA,NA,NA,NA,NA,NA,NA,NA,NA,NA,NA,NA,NA,NA,NA,NA,NA,NA,NA,NA,NA,NA,NA,NA,NA,NA,NA,NA,NA,NA,NA,NA,NA,NA,NA,NA,NA,NA,NA,NA,NA,NA,NA,NA,NA,NA,NA,NA,NA,NA,NA,NA,NA,NA,NA,NA,NA,NA,NA,NA,NA,NA,NA,NA,NA,NA,NA,NA,NA,NA,NA,NA,NA,NA,NA,NA,NA,NA,NA,NA,NA,NA,NA,NA,NA,NA,NA,NA,NA,NA,NA,NA,NA,NA,NA,NA,NA,NA,NA,NA,NA,NA,NA,NA,NA,NA,NA,NA,NA,NA,NA,NA,NA,NA,NA,NA,NA,NA,NA,NA,NA,NA,NA,NA,NA,NA,NA,NA,NA,NA,NA,NA,NA
"1.0 (2026-03-05)","doi:10.11587/BA1ORN","343","Person","Klien","Markus","männlich",1977,"FPÖ","Vorarlberg","Landtag","nein",NA,"ja","ja",NA,NA,NA,NA,NA,NA,NA,NA,NA,NA,NA,NA,NA,NA,NA,NA,NA,NA,NA,NA,NA,NA,NA,NA,NA,NA,NA,NA,NA,NA,NA,NA,NA,NA,NA,NA,NA,NA,NA,NA,NA,NA,NA,NA,NA,NA,NA,NA,NA,NA,NA,NA,NA,NA,NA,NA,NA,NA,NA,NA,NA,NA,NA,NA,NA,NA,NA,NA,NA,NA,NA,NA,NA,NA,NA,NA,NA,NA,NA,NA,NA,NA,NA,NA,NA,NA,NA,NA,NA,NA,NA,NA,NA,NA,NA,NA,NA,NA,NA,NA,NA,NA,NA,NA,NA,NA,NA,NA,NA,NA,NA,NA,NA,NA,NA,NA,NA,NA,NA,NA,NA,NA,NA,NA,NA,NA,NA,NA,NA,NA,NA,NA,NA,NA,NA
"1.0 (2026-03-05)","doi:10.11587/BA1ORN","344","Person","Klimt-Weithaler","Claudia","weiblich",1971,"KPÖ","Steiermark","Landtag","ja","https://www.tiktok.com/@claudia.klimtweithaler","nein","ja",814,635,41,9143,"KPÖ-Klubobfrau im Landtag Steiermark. www.kpoe-steiermark.at/mitmachen","https://www.tiktok.com/@claudia.klimtweithaler/video/7453374504518159638",11800,1700,68,117,"Arbeit","nein","formal","nein","nein","nein","erkennbar","nein","https://www.tiktok.com/@claudia.klimtweithaler/video/7527618786640399638",11700,1666,48,105,"Arbeit","nein","formal","nein","nein","nein","erkennbar","nein","https://www.tiktok.com/@claudia.klimtweithaler/video/7575201937323248918",13800,1378,62,117,"Arbeit","nein","formal","nein","nein","nein","erkennbar","nein","https://www.tiktok.com/@claudia.klimtweithaler/video/7438299615847288097",4659,586,26,19,"Privat","nein","leger","ja","nein","nein","erkennbar","nein","https://www.tiktok.com/@claudia.klimtweithaler/video/7435986625869483297",6629,423,11,72,"Privat","nein","leger","ja","ja","nein","erkennbar","nein","https://www.tiktok.com/@claudia.klimtweithaler/video/7431876613190585633",2856,279,12,4,"Privat","nein","formal","ja","ja","nein","erkennbar","nein","https://www.tiktok.com/@claudia.klimtweithaler/video/7532112435449220374",3109,272,15,3,"Arbeit","nein","leger","nein","nein","nein","erkennbar","nein","https://www.tiktok.com/@claudia.klimtweithaler/video/7417468688619638048",2132,261,8,3,"Arbeit","nein","formal","ja","nein","nein","erkennbar","nein","https://www.tiktok.com/@claudia.klimtweithaler/video/7419642842483576096",2822,242,23,7,"Privat","nein","leger","ja","nein","nein","erkennbar","nein","https://www.tiktok.com/@claudia.klimtweithaler/video/7339969908387630368",3761,236,15,0,"Privat","nein","formal","nein","nein","nein","erkennbar","nein"
"1.0 (2026-03-05)","doi:10.11587/BA1ORN","345","Person","Klinger","Wolfgang","männlich",1959,"FPÖ","Oberösterreich","Landtag","nein",NA,"nein","ja",NA,NA,NA,NA,NA,NA,NA,NA,NA,NA,NA,NA,NA,NA,NA,NA,NA,NA,NA,NA,NA,NA,NA,NA,NA,NA,NA,NA,NA,NA,NA,NA,NA,NA,NA,NA,NA,NA,NA,NA,NA,NA,NA,NA,NA,NA,NA,NA,NA,NA,NA,NA,NA,NA,NA,NA,NA,NA,NA,NA,NA,NA,NA,NA,NA,NA,NA,NA,NA,NA,NA,NA,NA,NA,NA,NA,NA,NA,NA,NA,NA,NA,NA,NA,NA,NA,NA,NA,NA,NA,NA,NA,NA,NA,NA,NA,NA,NA,NA,NA,NA,NA,NA,NA,NA,NA,NA,NA,NA,NA,NA,NA,NA,NA,NA,NA,NA,NA,NA,NA,NA,NA,NA,NA,NA,NA,NA,NA,NA,NA,NA,NA,NA,NA,NA
"1.0 (2026-03-05)","doi:10.11587/BA1ORN","346","Person","Klocker","Gerhard","männlich",1968,"Team Kärnten - Liste Köfer","Kärnten","Landtag","nein",NA,"ja","ja",NA,NA,NA,NA,NA,NA,NA,NA,NA,NA,NA,NA,NA,NA,NA,NA,NA,NA,NA,NA,NA,NA,NA,NA,NA,NA,NA,NA,NA,NA,NA,NA,NA,NA,NA,NA,NA,NA,NA,NA,NA,NA,NA,NA,NA,NA,NA,NA,NA,NA,NA,NA,NA,NA,NA,NA,NA,NA,NA,NA,NA,NA,NA,NA,NA,NA,NA,NA,NA,NA,NA,NA,NA,NA,NA,NA,NA,NA,NA,NA,NA,NA,NA,NA,NA,NA,NA,NA,NA,NA,NA,NA,NA,NA,NA,NA,NA,NA,NA,NA,NA,NA,NA,NA,NA,NA,NA,NA,NA,NA,NA,NA,NA,NA,NA,NA,NA,NA,NA,NA,NA,NA,NA,NA,NA,NA,NA,NA,NA,NA,NA,NA,NA,NA,NA
"1.0 (2026-03-05)","doi:10.11587/BA1ORN","347","Person","Knauseder","Gabriele","weiblich",1966,"SPÖ","Oberösterreich","Landtag","nein",NA,"ja","ja",NA,NA,NA,NA,NA,NA,NA,NA,NA,NA,NA,NA,NA,NA,NA,NA,NA,NA,NA,NA,NA,NA,NA,NA,NA,NA,NA,NA,NA,NA,NA,NA,NA,NA,NA,NA,NA,NA,NA,NA,NA,NA,NA,NA,NA,NA,NA,NA,NA,NA,NA,NA,NA,NA,NA,NA,NA,NA,NA,NA,NA,NA,NA,NA,NA,NA,NA,NA,NA,NA,NA,NA,NA,NA,NA,NA,NA,NA,NA,NA,NA,NA,NA,NA,NA,NA,NA,NA,NA,NA,NA,NA,NA,NA,NA,NA,NA,NA,NA,NA,NA,NA,NA,NA,NA,NA,NA,NA,NA,NA,NA,NA,NA,NA,NA,NA,NA,NA,NA,NA,NA,NA,NA,NA,NA,NA,NA,NA,NA,NA,NA,NA,NA,NA,NA
"1.0 (2026-03-05)","doi:10.11587/BA1ORN","348","Person","Kober","Herbert","männlich",1974,"FPÖ","Österreich","Bundesrat","nein",NA,"ja","ja",NA,NA,NA,NA,NA,NA,NA,NA,NA,NA,NA,NA,NA,NA,NA,NA,NA,NA,NA,NA,NA,NA,NA,NA,NA,NA,NA,NA,NA,NA,NA,NA,NA,NA,NA,NA,NA,NA,NA,NA,NA,NA,NA,NA,NA,NA,NA,NA,NA,NA,NA,NA,NA,NA,NA,NA,NA,NA,NA,NA,NA,NA,NA,NA,NA,NA,NA,NA,NA,NA,NA,NA,NA,NA,NA,NA,NA,NA,NA,NA,NA,NA,NA,NA,NA,NA,NA,NA,NA,NA,NA,NA,NA,NA,NA,NA,NA,NA,NA,NA,NA,NA,NA,NA,NA,NA,NA,NA,NA,NA,NA,NA,NA,NA,NA,NA,NA,NA,NA,NA,NA,NA,NA,NA,NA,NA,NA,NA,NA,NA,NA,NA,NA,NA,NA
"1.0 (2026-03-05)","doi:10.11587/BA1ORN","349","Person","Kocevar","Wolfgang","männlich",1969,"SPÖ","Österreich","Nationalrat","ja","https://www.tiktok.com/@wolfgangkocevar","ja","ja",1267,479,31,6539,NA,"https://www.tiktok.com/@wolfgangkocevar/video/7427139974698405153",49500,2990,88,1983,"Privat","nein","formal","nein","ja","nein","nicht erkennbar","ja","https://www.tiktok.com/@wolfgangkocevar/video/7431238001763618081",9850,357,23,77,"Arbeit","nein","formal","nein","nein","nein","nicht erkennbar","nein","https://www.tiktok.com/@wolfgangkocevar/video/7414435409381297441",10900,237,17,116,"Arbeit","nein","formal","ja","nein","nein","nicht erkennbar","nein","https://www.tiktok.com/@wolfgangkocevar/video/7423349458601102624",10500,223,2,150,"Privat","nein","leger","nein","ja","nein","nicht erkennbar","nein","https://www.tiktok.com/@wolfgangkocevar/video/7419740945869966625",24900,183,50,28,"Arbeit","nein","formal","nein","nein","nein","erkennbar","nein","https://www.tiktok.com/@wolfgangkocevar/video/7434081899103964449",3399,182,6,23,"Arbeit","nein","formal","nein","nein","nein","nicht erkennbar","nein","https://www.tiktok.com/@wolfgangkocevar/video/7439390295977921824",2692,158,4,16,"Arbeit","ja","formal","nein","nein","nein","nicht erkennbar","nein","https://www.tiktok.com/@wolfgangkocevar/video/7443508642692795670",2339,154,4,21,"Privat","nein","leger","nein","ja","nein","nicht erkennbar","nein","https://www.tiktok.com/@wolfgangkocevar/video/7419954145685212449",11400,151,4,10,"Arbeit","nein","formal","ja","nein","nein","nicht erkennbar","nein","https://www.tiktok.com/@wolfgangkocevar/video/7451968887324708118",2285,138,8,36,"Privat","nein","leger","nein","ja","nein","nicht erkennbar","ja"
"1.0 (2026-03-05)","doi:10.11587/BA1ORN","350","Person","Kofler","Gudrun","weiblich",1983,"FPÖ","Tirol","Landtag","ja","https://www.tiktok.com/@gudrunkofler","ja","ja",5946,1579,52,38700,"Abgeordnete zum Tiroler Landtag Nur der Freiheit gehört unser Leben!","https://www.tiktok.com/@gudrunkofler/video/7291303799686237472",382600,16600,718,3706,"Privat","ja","leger","ja","ja","nein","nicht erkennbar","nein","https://www.tiktok.com/@gudrunkofler/video/7348874033913466144",28800,2454,193,250,"Arbeit","nein","formal","nein","nein","nein","erkennbar","nein","https://www.tiktok.com/@gudrunkofler/video/7315059778818985249",42900,2029,111,82,"Arbeit","nein","formal","nein","nein","nein","erkennbar","nein","https://www.tiktok.com/@gudrunkofler/video/7449358313273183510",22900,1601,152,243,"Privat","ja","leger","nein","nein","nein","nicht erkennbar","nein","https://www.tiktok.com/@gudrunkofler/video/7312834412477959456",49000,1496,67,19,"Arbeit","nein","formal","nein","nein","nein","erkennbar","nein","https://www.tiktok.com/@gudrunkofler/video/7035177835417308421",20600,1482,142,165,NA,NA,NA,"nein","nein","nein","nicht erkennbar","ja","https://www.tiktok.com/@gudrunkofler/video/7469787913358822678",17600,1192,82,73,"Arbeit","nein","formal","nein","nein","nein","erkennbar","nein","https://www.tiktok.com/@gudrunkofler/video/7029584806308482309",23000,1160,75,336,NA,NA,NA,"nein","nein","nein","nicht erkennbar","nein","https://www.tiktok.com/@gudrunkofler/video/7350328442962906400",31400,997,66,26,"Arbeit","nein","formal","nein","nein","nein","erkennbar","nein","https://www.tiktok.com/@gudrunkofler/video/7053782813283306757",15700,986,53,443,NA,NA,NA,"nein","nein","nein","nicht erkennbar","nein"
"1.0 (2026-03-05)","doi:10.11587/BA1ORN","351","Person","Kofler","Klemens","männlich",1964,"FPÖ","Österreich","Bundesrat","nein",NA,"ja","nein",NA,NA,NA,NA,NA,NA,NA,NA,NA,NA,NA,NA,NA,NA,NA,NA,NA,NA,NA,NA,NA,NA,NA,NA,NA,NA,NA,NA,NA,NA,NA,NA,NA,NA,NA,NA,NA,NA,NA,NA,NA,NA,NA,NA,NA,NA,NA,NA,NA,NA,NA,NA,NA,NA,NA,NA,NA,NA,NA,NA,NA,NA,NA,NA,NA,NA,NA,NA,NA,NA,NA,NA,NA,NA,NA,NA,NA,NA,NA,NA,NA,NA,NA,NA,NA,NA,NA,NA,NA,NA,NA,NA,NA,NA,NA,NA,NA,NA,NA,NA,NA,NA,NA,NA,NA,NA,NA,NA,NA,NA,NA,NA,NA,NA,NA,NA,NA,NA,NA,NA,NA,NA,NA,NA,NA,NA,NA,NA,NA,NA,NA,NA,NA,NA,NA
"1.0 (2026-03-05)","doi:10.11587/BA1ORN","352","Person","Kogler","Werner","männlich",1961,"GRÜNE","Österreich","Nationalrat","ja","https://www.tiktok.com/@werner.kogler","ja","ja",4376,668,273,60000,"Stv. Klubobmann der Grünen im Parlament, Sprecher für Kunst & Kultur.","https://www.tiktok.com/@werner.kogler/video/7429356820445007136",101300,5163,291,449,"Arbeit","nein","formal","nein","nein","nein","nicht erkennbar","nein","https://www.tiktok.com/@werner.kogler/video/7530545044269370646",147100,4809,231,444,"Arbeit","nein","leger","ja","nein","nein","nicht erkennbar","nein","https://www.tiktok.com/@werner.kogler/video/7439351737154096416",119000,4121,838,341,"Arbeit","nein","formal","nein","nein","nein","nicht erkennbar","nein","https://www.tiktok.com/@werner.kogler/video/7419631443820760353",21100,1792,46,132,"Arbeit","nein","leger","nein","nein","nein","nicht erkennbar","nein","https://www.tiktok.com/@werner.kogler/photo/7574359058396859670",23600,132,5,42,"Arbeit","nein","formal","nein","nein","nein","nicht erkennbar","nein","https://www.tiktok.com/@werner.kogler/video/7506051790257884438",37800,1159,13,88,"Arbeit","nein","formal","nein","nein","nein","nicht erkennbar","nein","https://www.tiktok.com/@werner.kogler/video/7439010768202255648",24300,1140,114,70,"Arbeit","nein","formal","nein","nein","nein","nicht erkennbar","nein","https://www.tiktok.com/@werner.kogler/video/7549529890333166870",17900,1072,19,47,"Arbeit","nein","leger","nein","nein","nein","nicht erkennbar","nein","https://www.tiktok.com/@werner.kogler/video/7527650437223157014",46100,990,71,75,"Privat","nein","formal","nein","nein","nein","nicht erkennbar","nein","https://www.tiktok.com/@werner.kogler/video/7417007736937844000",16600,839,7,46,"Privat","nein","leger","nein","nein","nein","nicht erkennbar","nein"
"1.0 (2026-03-05)","doi:10.11587/BA1ORN","353","Person","Kolar","Gabriele","weiblich",1959,"SPÖ","Österreich","Bundesrat","nein",NA,"nein","nein",NA,NA,NA,NA,NA,NA,NA,NA,NA,NA,NA,NA,NA,NA,NA,NA,NA,NA,NA,NA,NA,NA,NA,NA,NA,NA,NA,NA,NA,NA,NA,NA,NA,NA,NA,NA,NA,NA,NA,NA,NA,NA,NA,NA,NA,NA,NA,NA,NA,NA,NA,NA,NA,NA,NA,NA,NA,NA,NA,NA,NA,NA,NA,NA,NA,NA,NA,NA,NA,NA,NA,NA,NA,NA,NA,NA,NA,NA,NA,NA,NA,NA,NA,NA,NA,NA,NA,NA,NA,NA,NA,NA,NA,NA,NA,NA,NA,NA,NA,NA,NA,NA,NA,NA,NA,NA,NA,NA,NA,NA,NA,NA,NA,NA,NA,NA,NA,NA,NA,NA,NA,NA,NA,NA,NA,NA,NA,NA,NA,NA,NA,NA,NA,NA,NA
"1.0 (2026-03-05)","doi:10.11587/BA1ORN","354","Person","Kolland","Sebastian","männlich",1983,"ÖVP","Tirol","Landtag","ja","https://www.tiktok.com/@sebastiankolland1983","ja","ja",1316,366,70,10300,"Ebbser, Unterlandler, Tiroler, Landtagsabgeordneter, Vizebürgermeister, Musikant","https://www.tiktok.com/@sebastiankolland1983/video/7499356500809305366",53500,2309,66,289,"Privat","nein","leger","nein","ja","nein","nicht erkennbar","nein","https://www.tiktok.com/@sebastiankolland1983/video/7456090807662087447",74100,1426,41,147,"Privat","nein","formal","nein","nein","nein","nicht erkennbar","nein","https://www.tiktok.com/@sebastiankolland1983/video/7525570080600509718",41200,1300,7,106,"Privat","nein","leger","nein","ja","nein","nicht erkennbar","nein","https://www.tiktok.com/@sebastiankolland1983/video/7541160063499635970",31600,1146,22,142,"Privat","nein","leger","nein","ja","nein","nicht erkennbar","nein","https://www.tiktok.com/@sebastiankolland1983/video/7530742476634672406",15600,504,16,41,"Privat","nein","leger","nein","ja","nein","nicht erkennbar","nein","https://www.tiktok.com/@sebastiankolland1983/video/7528137226706898198",13200,412,2,38,"Privat","nein","leger","nein","ja","nein","nicht erkennbar","nein","https://www.tiktok.com/@sebastiankolland1983/video/7544350405937925398",3963,174,1,15,"Privat","nein","leger","nein","ja","nein","nicht erkennbar","nein","https://www.tiktok.com/@sebastiankolland1983/video/7536560034528939286",2348,141,3,8,"Privat","nein","leger","nein","ja","nein","nicht erkennbar","nein","https://www.tiktok.com/@sebastiankolland1983/video/7521456899557018902",3470,131,2,13,"Privat","nein","leger","nein","nein","nein","nicht erkennbar","nein","https://www.tiktok.com/@sebastiankolland1983/video/7510125944921738518",2494,129,1,9,"Privat","nein","leger","nein","ja","nein","nicht erkennbar","nein"
"1.0 (2026-03-05)","doi:10.11587/BA1ORN","355","Person","Kollermann","Edith","weiblich",1964,"NEOS","Niederösterreich","Landtag","nein",NA,"ja","ja",NA,NA,NA,NA,NA,NA,NA,NA,NA,NA,NA,NA,NA,NA,NA,NA,NA,NA,NA,NA,NA,NA,NA,NA,NA,NA,NA,NA,NA,NA,NA,NA,NA,NA,NA,NA,NA,NA,NA,NA,NA,NA,NA,NA,NA,NA,NA,NA,NA,NA,NA,NA,NA,NA,NA,NA,NA,NA,NA,NA,NA,NA,NA,NA,NA,NA,NA,NA,NA,NA,NA,NA,NA,NA,NA,NA,NA,NA,NA,NA,NA,NA,NA,NA,NA,NA,NA,NA,NA,NA,NA,NA,NA,NA,NA,NA,NA,NA,NA,NA,NA,NA,NA,NA,NA,NA,NA,NA,NA,NA,NA,NA,NA,NA,NA,NA,NA,NA,NA,NA,NA,NA,NA,NA,NA,NA,NA,NA,NA,NA,NA,NA,NA,NA,NA
"1.0 (2026-03-05)","doi:10.11587/BA1ORN","356","Person","Kolm","Barbara","weiblich",1964,"FPÖ","Österreich","Nationalrat","nein",NA,"nein","ja",NA,NA,NA,NA,NA,NA,NA,NA,NA,NA,NA,NA,NA,NA,NA,NA,NA,NA,NA,NA,NA,NA,NA,NA,NA,NA,NA,NA,NA,NA,NA,NA,NA,NA,NA,NA,NA,NA,NA,NA,NA,NA,NA,NA,NA,NA,NA,NA,NA,NA,NA,NA,NA,NA,NA,NA,NA,NA,NA,NA,NA,NA,NA,NA,NA,NA,NA,NA,NA,NA,NA,NA,NA,NA,NA,NA,NA,NA,NA,NA,NA,NA,NA,NA,NA,NA,NA,NA,NA,NA,NA,NA,NA,NA,NA,NA,NA,NA,NA,NA,NA,NA,NA,NA,NA,NA,NA,NA,NA,NA,NA,NA,NA,NA,NA,NA,NA,NA,NA,NA,NA,NA,NA,NA,NA,NA,NA,NA,NA,NA,NA,NA,NA,NA,NA
"1.0 (2026-03-05)","doi:10.11587/BA1ORN","357","Person","Konrad","Markus","männlich",1987,"FPÖ","Steiermark","Landtag","nein",NA,"ja","ja",NA,NA,NA,NA,NA,NA,NA,NA,NA,NA,NA,NA,NA,NA,NA,NA,NA,NA,NA,NA,NA,NA,NA,NA,NA,NA,NA,NA,NA,NA,NA,NA,NA,NA,NA,NA,NA,NA,NA,NA,NA,NA,NA,NA,NA,NA,NA,NA,NA,NA,NA,NA,NA,NA,NA,NA,NA,NA,NA,NA,NA,NA,NA,NA,NA,NA,NA,NA,NA,NA,NA,NA,NA,NA,NA,NA,NA,NA,NA,NA,NA,NA,NA,NA,NA,NA,NA,NA,NA,NA,NA,NA,NA,NA,NA,NA,NA,NA,NA,NA,NA,NA,NA,NA,NA,NA,NA,NA,NA,NA,NA,NA,NA,NA,NA,NA,NA,NA,NA,NA,NA,NA,NA,NA,NA,NA,NA,NA,NA,NA,NA,NA,NA,NA,NA
"1.0 (2026-03-05)","doi:10.11587/BA1ORN","358","Person","Kornhäusl","Karlheinz","männlich",1982,"ÖVP","Steiermark","Landesregierung","nein",NA,"ja","ja",NA,NA,NA,NA,NA,NA,NA,NA,NA,NA,NA,NA,NA,NA,NA,NA,NA,NA,NA,NA,NA,NA,NA,NA,NA,NA,NA,NA,NA,NA,NA,NA,NA,NA,NA,NA,NA,NA,NA,NA,NA,NA,NA,NA,NA,NA,NA,NA,NA,NA,NA,NA,NA,NA,NA,NA,NA,NA,NA,NA,NA,NA,NA,NA,NA,NA,NA,NA,NA,NA,NA,NA,NA,NA,NA,NA,NA,NA,NA,NA,NA,NA,NA,NA,NA,NA,NA,NA,NA,NA,NA,NA,NA,NA,NA,NA,NA,NA,NA,NA,NA,NA,NA,NA,NA,NA,NA,NA,NA,NA,NA,NA,NA,NA,NA,NA,NA,NA,NA,NA,NA,NA,NA,NA,NA,NA,NA,NA,NA,NA,NA,NA,NA,NA,NA
"1.0 (2026-03-05)","doi:10.11587/BA1ORN","359","Person","Korosec","Ingrid","weiblich",1940,"ÖVP","Wien","Landtag","nein",NA,"ja","ja",NA,NA,NA,NA,NA,NA,NA,NA,NA,NA,NA,NA,NA,NA,NA,NA,NA,NA,NA,NA,NA,NA,NA,NA,NA,NA,NA,NA,NA,NA,NA,NA,NA,NA,NA,NA,NA,NA,NA,NA,NA,NA,NA,NA,NA,NA,NA,NA,NA,NA,NA,NA,NA,NA,NA,NA,NA,NA,NA,NA,NA,NA,NA,NA,NA,NA,NA,NA,NA,NA,NA,NA,NA,NA,NA,NA,NA,NA,NA,NA,NA,NA,NA,NA,NA,NA,NA,NA,NA,NA,NA,NA,NA,NA,NA,NA,NA,NA,NA,NA,NA,NA,NA,NA,NA,NA,NA,NA,NA,NA,NA,NA,NA,NA,NA,NA,NA,NA,NA,NA,NA,NA,NA,NA,NA,NA,NA,NA,NA,NA,NA,NA,NA,NA,NA
"1.0 (2026-03-05)","doi:10.11587/BA1ORN","360","Person","Koschat","Michael","männlich",1974,"FPÖ","Vorarlberg","Landtag","nein",NA,"ja","ja",NA,NA,NA,NA,NA,NA,NA,NA,NA,NA,NA,NA,NA,NA,NA,NA,NA,NA,NA,NA,NA,NA,NA,NA,NA,NA,NA,NA,NA,NA,NA,NA,NA,NA,NA,NA,NA,NA,NA,NA,NA,NA,NA,NA,NA,NA,NA,NA,NA,NA,NA,NA,NA,NA,NA,NA,NA,NA,NA,NA,NA,NA,NA,NA,NA,NA,NA,NA,NA,NA,NA,NA,NA,NA,NA,NA,NA,NA,NA,NA,NA,NA,NA,NA,NA,NA,NA,NA,NA,NA,NA,NA,NA,NA,NA,NA,NA,NA,NA,NA,NA,NA,NA,NA,NA,NA,NA,NA,NA,NA,NA,NA,NA,NA,NA,NA,NA,NA,NA,NA,NA,NA,NA,NA,NA,NA,NA,NA,NA,NA,NA,NA,NA,NA,NA
"1.0 (2026-03-05)","doi:10.11587/BA1ORN","361","Person","Koschat-Koreimann","Marina","weiblich",1982,"Team Kärnten - Liste Köfer","Kärnten","Landtag","nein",NA,"ja","ja",NA,NA,NA,NA,NA,NA,NA,NA,NA,NA,NA,NA,NA,NA,NA,NA,NA,NA,NA,NA,NA,NA,NA,NA,NA,NA,NA,NA,NA,NA,NA,NA,NA,NA,NA,NA,NA,NA,NA,NA,NA,NA,NA,NA,NA,NA,NA,NA,NA,NA,NA,NA,NA,NA,NA,NA,NA,NA,NA,NA,NA,NA,NA,NA,NA,NA,NA,NA,NA,NA,NA,NA,NA,NA,NA,NA,NA,NA,NA,NA,NA,NA,NA,NA,NA,NA,NA,NA,NA,NA,NA,NA,NA,NA,NA,NA,NA,NA,NA,NA,NA,NA,NA,NA,NA,NA,NA,NA,NA,NA,NA,NA,NA,NA,NA,NA,NA,NA,NA,NA,NA,NA,NA,NA,NA,NA,NA,NA,NA,NA,NA,NA,NA,NA,NA
"1.0 (2026-03-05)","doi:10.11587/BA1ORN","362","Person","Kovacevic","Christian","männlich",1983,"SPÖ","Tirol","Landtag","nein",NA,"ja","ja",NA,NA,NA,NA,NA,NA,NA,NA,NA,NA,NA,NA,NA,NA,NA,NA,NA,NA,NA,NA,NA,NA,NA,NA,NA,NA,NA,NA,NA,NA,NA,NA,NA,NA,NA,NA,NA,NA,NA,NA,NA,NA,NA,NA,NA,NA,NA,NA,NA,NA,NA,NA,NA,NA,NA,NA,NA,NA,NA,NA,NA,NA,NA,NA,NA,NA,NA,NA,NA,NA,NA,NA,NA,NA,NA,NA,NA,NA,NA,NA,NA,NA,NA,NA,NA,NA,NA,NA,NA,NA,NA,NA,NA,NA,NA,NA,NA,NA,NA,NA,NA,NA,NA,NA,NA,NA,NA,NA,NA,NA,NA,NA,NA,NA,NA,NA,NA,NA,NA,NA,NA,NA,NA,NA,NA,NA,NA,NA,NA,NA,NA,NA,NA,NA,NA
"1.0 (2026-03-05)","doi:10.11587/BA1ORN","363","Person","Kowarik","Dietbert","männlich",1974,"FPÖ","Wien","Landtag","nein",NA,"nein","ja",NA,NA,NA,NA,NA,NA,NA,NA,NA,NA,NA,NA,NA,NA,NA,NA,NA,NA,NA,NA,NA,NA,NA,NA,NA,NA,NA,NA,NA,NA,NA,NA,NA,NA,NA,NA,NA,NA,NA,NA,NA,NA,NA,NA,NA,NA,NA,NA,NA,NA,NA,NA,NA,NA,NA,NA,NA,NA,NA,NA,NA,NA,NA,NA,NA,NA,NA,NA,NA,NA,NA,NA,NA,NA,NA,NA,NA,NA,NA,NA,NA,NA,NA,NA,NA,NA,NA,NA,NA,NA,NA,NA,NA,NA,NA,NA,NA,NA,NA,NA,NA,NA,NA,NA,NA,NA,NA,NA,NA,NA,NA,NA,NA,NA,NA,NA,NA,NA,NA,NA,NA,NA,NA,NA,NA,NA,NA,NA,NA,NA,NA,NA,NA,NA,NA
"1.0 (2026-03-05)","doi:10.11587/BA1ORN","364","Person","Koza","Markus","männlich",1970,"GRÜNE","Österreich","Nationalrat","nein",NA,"ja","ja",NA,NA,NA,NA,NA,NA,NA,NA,NA,NA,NA,NA,NA,NA,NA,NA,NA,NA,NA,NA,NA,NA,NA,NA,NA,NA,NA,NA,NA,NA,NA,NA,NA,NA,NA,NA,NA,NA,NA,NA,NA,NA,NA,NA,NA,NA,NA,NA,NA,NA,NA,NA,NA,NA,NA,NA,NA,NA,NA,NA,NA,NA,NA,NA,NA,NA,NA,NA,NA,NA,NA,NA,NA,NA,NA,NA,NA,NA,NA,NA,NA,NA,NA,NA,NA,NA,NA,NA,NA,NA,NA,NA,NA,NA,NA,NA,NA,NA,NA,NA,NA,NA,NA,NA,NA,NA,NA,NA,NA,NA,NA,NA,NA,NA,NA,NA,NA,NA,NA,NA,NA,NA,NA,NA,NA,NA,NA,NA,NA,NA,NA,NA,NA,NA,NA
"1.0 (2026-03-05)","doi:10.11587/BA1ORN","365","Person","Krainer","Kai Jan","männlich",1968,"SPÖ","Österreich","Nationalrat","nein",NA,"ja","ja",NA,NA,NA,NA,NA,NA,NA,NA,NA,NA,NA,NA,NA,NA,NA,NA,NA,NA,NA,NA,NA,NA,NA,NA,NA,NA,NA,NA,NA,NA,NA,NA,NA,NA,NA,NA,NA,NA,NA,NA,NA,NA,NA,NA,NA,NA,NA,NA,NA,NA,NA,NA,NA,NA,NA,NA,NA,NA,NA,NA,NA,NA,NA,NA,NA,NA,NA,NA,NA,NA,NA,NA,NA,NA,NA,NA,NA,NA,NA,NA,NA,NA,NA,NA,NA,NA,NA,NA,NA,NA,NA,NA,NA,NA,NA,NA,NA,NA,NA,NA,NA,NA,NA,NA,NA,NA,NA,NA,NA,NA,NA,NA,NA,NA,NA,NA,NA,NA,NA,NA,NA,NA,NA,NA,NA,NA,NA,NA,NA,NA,NA,NA,NA,NA,NA
"1.0 (2026-03-05)","doi:10.11587/BA1ORN","366","Person","Krammer","Josef","männlich",1967,"FPÖ","Kärnten","Landtag","nein",NA,"nein","ja",NA,NA,NA,NA,NA,NA,NA,NA,NA,NA,NA,NA,NA,NA,NA,NA,NA,NA,NA,NA,NA,NA,NA,NA,NA,NA,NA,NA,NA,NA,NA,NA,NA,NA,NA,NA,NA,NA,NA,NA,NA,NA,NA,NA,NA,NA,NA,NA,NA,NA,NA,NA,NA,NA,NA,NA,NA,NA,NA,NA,NA,NA,NA,NA,NA,NA,NA,NA,NA,NA,NA,NA,NA,NA,NA,NA,NA,NA,NA,NA,NA,NA,NA,NA,NA,NA,NA,NA,NA,NA,NA,NA,NA,NA,NA,NA,NA,NA,NA,NA,NA,NA,NA,NA,NA,NA,NA,NA,NA,NA,NA,NA,NA,NA,NA,NA,NA,NA,NA,NA,NA,NA,NA,NA,NA,NA,NA,NA,NA,NA,NA,NA,NA,NA,NA
"1.0 (2026-03-05)","doi:10.11587/BA1ORN","367","Person","Kraus","Peter","männlich",1986,"GRÜNE","Wien","Landesregierung","ja","https://www.tiktok.com/@peterkraus.wien","ja","ja",1613,1630,56,17400,"️ politician | activist | actor ️","https://www.tiktok.com/@peterkraus.wien/video/7521240629259685142",30000,5360,102,133,"Privat","nein","leger","nein","ja",NA,"nicht erkennbar","nein","https://www.tiktok.com/@peterkraus.wien/video/7446778849074924822",38100,3268,39,128,"Privat","nein","formal","nein","ja","nein","nicht erkennbar","nein","https://www.tiktok.com/@peterkraus.wien/video/7510926696514620694",30200,2189,44,56,"Arbeit","nein","formal","nein","ja","nein","nicht erkennbar","nein","https://www.tiktok.com/@peterkraus.wien/video/7433366341110811937",45000,1412,142,52,"Privat","ja","leger","nein","nein","nein","nicht erkennbar","nein","https://www.tiktok.com/@peterkraus.wien/video/7357070359062973729",16800,739,35,32,"Arbeit","ja","leger","nein","ja","nein","nicht erkennbar","nein","https://www.tiktok.com/@peterkraus.wien/video/7484292038800837910",8602,628,45,40,"Arbeit","ja","leger","nein","nein","nein","nicht erkennbar","nein","https://www.tiktok.com/@peterkraus.wien/video/7179635558149328134",18400,603,57,41,"Privat","ja","formal","nein","nein","nein","nicht erkennbar","nein","https://www.tiktok.com/@peterkraus.wien/video/7206983291650510085",6188,275,25,41,"Arbeit","ja","leger","nein","nein","nein","nicht erkennbar","nein","https://www.tiktok.com/@peterkraus.wien/video/7197445741646974214",6137,251,57,27,"Privat","nein","leger","nein","nein","nein","nicht erkennbar","nein","https://www.tiktok.com/@peterkraus.wien/video/7174006292959284485",3409,211,9,11,"Privat","nein","leger","nein","ja","nein","nicht erkennbar","nein"
"1.0 (2026-03-05)","doi:10.11587/BA1ORN","368","Person","Krauss","Maximilian","männlich",1993,"FPÖ","Wien","Landtag","ja","https://www.tiktok.com/@maximilian_krauss","ja","ja",4386,1916,99,50400,"FPÖ Klubobmann in Wien","https://www.tiktok.com/@maximilian_krauss/video/7472853653687143702",127900,10800,437,906,"Arbeit","nein","formal","nein","nein","nein","nicht erkennbar","nein","https://www.tiktok.com/@maximilian_krauss/video/7465008139948100886",32300,2981,180,256,"Privat","nein","formal","nein","nein","nein","nicht erkennbar","nein","https://www.tiktok.com/@maximilian_krauss/video/7559133165177015574",18200,2413,166,137,"Privat","nein","leger","nein","nein","nein","nicht erkennbar","nein","https://www.tiktok.com/@maximilian_krauss/video/7468737215934319894",36000,2324,179,138,"Privat","nein","formal","ja","nein","nein","nicht erkennbar","nein","https://www.tiktok.com/@maximilian_krauss/video/7467637650443242774",24800,2029,196,156,"Privat","nein","leger","nein","nein","nein","nicht erkennbar","nein","https://www.tiktok.com/@maximilian_krauss/video/7480605029322296598",28000,1930,262,129,"Privat","nein","leger","nein","nein","nein","nicht erkennbar","nein","https://www.tiktok.com/@maximilian_krauss/video/7230893404505378075",28600,1681,146,123,"Arbeit","nein","formal","nein","nein","nein","nicht erkennbar","nein","https://www.tiktok.com/@maximilian_krauss/video/7291362571729390880",40700,1508,298,228,"Arbeit","nein","formal","nein","nein","nein","nicht erkennbar","nein","https://www.tiktok.com/@maximilian_krauss/video/7462094551814016278",45800,1378,159,223,"Arbeit","nein","formal","nein","nein","nein","nicht erkennbar","nein","https://www.tiktok.com/@maximilian_krauss/video/7280982165771259168",23500,1055,43,67,"Arbeit","nein","formal","nein","nein","nein","nicht erkennbar","nein"
"1.0 (2026-03-05)","doi:10.11587/BA1ORN","369","Person","Krautgartner","Manuel","männlich",1983,"MFG","Oberösterreich","Landtag","ja","https://www.tiktok.com/@manuelkrautgartner","ja","ja",1939,1097,153,13600,"MFG Klubobmann im OÖ Landtag","https://www.tiktok.com/@manuelkrautgartner/video/7379669106993155361",56500,3931,185,782,"Arbeit","nein","leger","nein","ja","nein","nicht erkennbar","nein","https://www.tiktok.com/@manuelkrautgartner/video/7259428144346696986",12700,970,52,167,"Arbeit","nein","formal","nein","ja","nein","nicht erkennbar","nein","https://www.tiktok.com/@manuelkrautgartner/video/7457855531328343328",10600,788,247,63,"Arbeit","nein","leger","nein","nein","nein","nicht erkennbar","nein","https://www.tiktok.com/@manuelkrautgartner/video/7239300537416437018",11200,686,27,68,"Arbeit","nein","formal","nein","ja","nein","nicht erkennbar","nein","https://www.tiktok.com/@manuelkrautgartner/video/7259799160893836570",7244,592,51,116,"Arbeit","nein","formal","nein","ja","nein","nicht erkennbar","nein","https://www.tiktok.com/@manuelkrautgartner/video/7258689528691510554",8826,464,13,52,"Arbeit","nein","formal","nein","ja","nein","nicht erkennbar","nein","https://www.tiktok.com/@manuelkrautgartner/video/7361834528421317921",7733,410,2,24,"Arbeit","nein","formal","nein","nein","nein","nicht erkennbar","nein","https://www.tiktok.com/@manuelkrautgartner/video/7259067063904390426",3966,388,17,61,"Arbeit","nein","formal","nein","nein","nein","nicht erkennbar","nein","https://www.tiktok.com/@manuelkrautgartner/video/7365055196772273441",3764,378,49,24,"Privat","ja","leger","nein","nein","nein","nicht erkennbar","nein","https://www.tiktok.com/@manuelkrautgartner/video/7240147365229890842",4420,303,30,31,"Arbeit","nein","leger","ja","nein","nein","nicht erkennbar","nein"
"1.0 (2026-03-05)","doi:10.11587/BA1ORN","370","Person","Krautwaschl","Sandra","weiblich",1971,"GRÜNE","Steiermark","Landtag","ja","https://www.tiktok.com/@sandraoptimistinp","ja","ja",513,1675,1,35,"Grüne Steiermark","https://www.tiktok.com/@sandraoptimistinp/video/6952570173907832069",705,35,4,2,"Privat","nein","formal","nein","nein","nein","nicht erkennbar","nein",NA,NA,NA,NA,NA,NA,NA,NA,NA,NA,NA,NA,NA,NA,NA,NA,NA,NA,NA,NA,NA,NA,NA,NA,NA,NA,NA,NA,NA,NA,NA,NA,NA,NA,NA,NA,NA,NA,NA,NA,NA,NA,NA,NA,NA,NA,NA,NA,NA,NA,NA,NA,NA,NA,NA,NA,NA,NA,NA,NA,NA,NA,NA,NA,NA,NA,NA,NA,NA,NA,NA,NA,NA,NA,NA,NA,NA,NA,NA,NA,NA,NA,NA,NA,NA,NA,NA,NA,NA,NA,NA,NA,NA,NA,NA,NA,NA,NA,NA,NA,NA,NA,NA,NA,NA,NA,NA,NA,NA,NA,NA,NA,NA,NA,NA,NA,NA
"1.0 (2026-03-05)","doi:10.11587/BA1ORN","371","Person","Kreutzinger","Thomas","männlich",1973,"FPÖ","Wien","Landtag","nein",NA,"ja","ja",NA,NA,NA,NA,NA,NA,NA,NA,NA,NA,NA,NA,NA,NA,NA,NA,NA,NA,NA,NA,NA,NA,NA,NA,NA,NA,NA,NA,NA,NA,NA,NA,NA,NA,NA,NA,NA,NA,NA,NA,NA,NA,NA,NA,NA,NA,NA,NA,NA,NA,NA,NA,NA,NA,NA,NA,NA,NA,NA,NA,NA,NA,NA,NA,NA,NA,NA,NA,NA,NA,NA,NA,NA,NA,NA,NA,NA,NA,NA,NA,NA,NA,NA,NA,NA,NA,NA,NA,NA,NA,NA,NA,NA,NA,NA,NA,NA,NA,NA,NA,NA,NA,NA,NA,NA,NA,NA,NA,NA,NA,NA,NA,NA,NA,NA,NA,NA,NA,NA,NA,NA,NA,NA,NA,NA,NA,NA,NA,NA,NA,NA,NA,NA,NA,NA
"1.0 (2026-03-05)","doi:10.11587/BA1ORN","372","Person","Krismer-Huber","Helga","weiblich",1972,"GRÜNE","Niederösterreich","Landtag","nein",NA,"ja","ja",NA,NA,NA,NA,NA,NA,NA,NA,NA,NA,NA,NA,NA,NA,NA,NA,NA,NA,NA,NA,NA,NA,NA,NA,NA,NA,NA,NA,NA,NA,NA,NA,NA,NA,NA,NA,NA,NA,NA,NA,NA,NA,NA,NA,NA,NA,NA,NA,NA,NA,NA,NA,NA,NA,NA,NA,NA,NA,NA,NA,NA,NA,NA,NA,NA,NA,NA,NA,NA,NA,NA,NA,NA,NA,NA,NA,NA,NA,NA,NA,NA,NA,NA,NA,NA,NA,NA,NA,NA,NA,NA,NA,NA,NA,NA,NA,NA,NA,NA,NA,NA,NA,NA,NA,NA,NA,NA,NA,NA,NA,NA,NA,NA,NA,NA,NA,NA,NA,NA,NA,NA,NA,NA,NA,NA,NA,NA,NA,NA,NA,NA,NA,NA,NA,NA
"1.0 (2026-03-05)","doi:10.11587/BA1ORN","373","Person","Kroismayr-Baier","Eva-Maria","weiblich",1981,"FPÖ","Steiermark","Landtag","nein",NA,"ja","ja",NA,NA,NA,NA,NA,NA,NA,NA,NA,NA,NA,NA,NA,NA,NA,NA,NA,NA,NA,NA,NA,NA,NA,NA,NA,NA,NA,NA,NA,NA,NA,NA,NA,NA,NA,NA,NA,NA,NA,NA,NA,NA,NA,NA,NA,NA,NA,NA,NA,NA,NA,NA,NA,NA,NA,NA,NA,NA,NA,NA,NA,NA,NA,NA,NA,NA,NA,NA,NA,NA,NA,NA,NA,NA,NA,NA,NA,NA,NA,NA,NA,NA,NA,NA,NA,NA,NA,NA,NA,NA,NA,NA,NA,NA,NA,NA,NA,NA,NA,NA,NA,NA,NA,NA,NA,NA,NA,NA,NA,NA,NA,NA,NA,NA,NA,NA,NA,NA,NA,NA,NA,NA,NA,NA,NA,NA,NA,NA,NA,NA,NA,NA,NA,NA,NA
"1.0 (2026-03-05)","doi:10.11587/BA1ORN","374","Person","Kroiß","Rudolf","männlich",1965,"FPÖ","Oberösterreich","Landtag","nein",NA,"nein","ja",NA,NA,NA,NA,NA,NA,NA,NA,NA,NA,NA,NA,NA,NA,NA,NA,NA,NA,NA,NA,NA,NA,NA,NA,NA,NA,NA,NA,NA,NA,NA,NA,NA,NA,NA,NA,NA,NA,NA,NA,NA,NA,NA,NA,NA,NA,NA,NA,NA,NA,NA,NA,NA,NA,NA,NA,NA,NA,NA,NA,NA,NA,NA,NA,NA,NA,NA,NA,NA,NA,NA,NA,NA,NA,NA,NA,NA,NA,NA,NA,NA,NA,NA,NA,NA,NA,NA,NA,NA,NA,NA,NA,NA,NA,NA,NA,NA,NA,NA,NA,NA,NA,NA,NA,NA,NA,NA,NA,NA,NA,NA,NA,NA,NA,NA,NA,NA,NA,NA,NA,NA,NA,NA,NA,NA,NA,NA,NA,NA,NA,NA,NA,NA,NA,NA
"1.0 (2026-03-05)","doi:10.11587/BA1ORN","375","Person","Krumböck","Florian","männlich",1991,"ÖVP","Niederösterreich","Landtag","ja","https://www.tiktok.com/@florian.krumboeck","ja","ja",543,1769,94,3046,"Spitzenkandidat zur Gemeinderatswahl in St. Pölten am .. ️ Team Krumböck - Volkspartei & Unabhängige","https://www.tiktok.com/@florian.krumboeck/video/7482495170903133462",32600,316,24,42,"Privat","nein","leger","nein","nein","nein","nicht erkennbar","nein","https://www.tiktok.com/@florian.krumboeck/video/7562707537171090710",8566,199,6,12,"Privat","nein","leger","nein","ja","nein","nicht erkennbar","nein","https://www.tiktok.com/@florian.krumboeck/video/7511045089997622530",12200,188,7,16,"Privat","nein","leger","nein","nein","nein","nicht erkennbar","nein","https://www.tiktok.com/@florian.krumboeck/video/7564027815427853590",4139,171,8,14,"Arbeit","nein","leger","nein","nein","nein","nicht erkennbar","nein","https://www.tiktok.com/@florian.krumboeck/video/7540613537371294998",4574,114,0,7,"Privat","ja","formal","nein","nein","nein","nicht erkennbar","nein","https://www.tiktok.com/@florian.krumboeck/video/7185243124548095238",1139,94,10,1,"Arbeit","nein","formal","nein","ja","nein","nicht erkennbar","nein","https://www.tiktok.com/@florian.krumboeck/video/7560099846468668694",4451,82,0,1,"Privat","nein","leger","nein","ja","nein","nicht erkennbar","nein","https://www.tiktok.com/@florian.krumboeck/video/7488957381427203350",1743,61,5,2,"Privat","nein","leger","nein","nein","nein","nicht erkennbar","nein","https://www.tiktok.com/@florian.krumboeck/video/7496761430075608343",3746,57,3,3,"Arbeit","nein","formal","nein","nein","nein","nicht erkennbar","nein","https://www.tiktok.com/@florian.krumboeck/video/7476223909491150102",6976,54,15,3,"Arbeit","nein","formal","nein","nein","nein","erkennbar","nein"
"1.0 (2026-03-05)","doi:10.11587/BA1ORN","376","Person","Kucher","Philip","männlich",1981,"SPÖ","Österreich","Nationalrat","ja","https://www.tiktok.com/@philipkucher","ja","ja",2499,1098,70,14700,"/","https://www.tiktok.com/@philipkucher/video/7439431125501512992",109400,2514,209,298,"Arbeit","nein","formal","nein","nein","nein","nicht erkennbar","nein","https://www.tiktok.com/@philipkucher/video/7496885699103280406",30500,1281,156,159,"Arbeit","nein","formal","nein","nein","nein","nicht erkennbar","nein","https://www.tiktok.com/@philipkucher/video/7462719587700854038",35900,851,17,83,"Arbeit","nein","formal","nein","nein","nein","nicht erkennbar","nein","https://www.tiktok.com/@philipkucher/video/7369277284924099872",32900,742,187,76,"Arbeit","nein","formal","nein","nein","nein","nicht erkennbar","nein","https://www.tiktok.com/@philipkucher/video/7371720804670721312",11600,562,5,72,"Privat","nein","formal","nein","nein","nein","nicht erkennbar","nein","https://www.tiktok.com/@philipkucher/video/7387705229329960225",15500,537,99,27,"Privat","nein","formal","nein","nein","nein","nicht erkennbar","nein","https://www.tiktok.com/@philipkucher/video/7289080901818961185",10100,430,66,30,"Privat","nein","formal","nein","nein","nein","nicht erkennbar","nein","https://www.tiktok.com/@philipkucher/video/7562121210264358166",12300,408,91,38,"Arbeit","nein","formal","nein","nein","nein","nicht erkennbar","nein","https://www.tiktok.com/@philipkucher/video/7479094105541266710",11000,372,112,53,"Arbeit","nein","formal","nein","nein","nein","nicht erkennbar","nein","https://www.tiktok.com/@philipkucher/video/7447136202383248662",9752,355,40,23,"Arbeit","nein","formal","nein","nein","nein","nicht erkennbar","nein"
"1.0 (2026-03-05)","doi:10.11587/BA1ORN","377","Person","Kugler","Gudrun","weiblich",1976,"ÖVP","Österreich","Nationalrat","ja","https://www.tiktok.com/@drgudrunkugler","ja","ja",374,893,40,2898,"Abgeordnete zum Nationalrat","https://www.tiktok.com/@drgudrunkugler/video/7301733839620066592",10500,1229,80,148,"Privat","nein","formal","nein","nein","nein","nicht erkennbar","nein","https://www.tiktok.com/@drgudrunkugler/video/7243715146638544154",26000,180,17,3,"Privat","nein","formal","nein","nein","nein","nicht erkennbar","nein","https://www.tiktok.com/@drgudrunkugler/video/7416610314378120481",11200,147,61,12,"Privat","nein","leger","nein","nein","nein","nicht erkennbar","nein","https://www.tiktok.com/@drgudrunkugler/video/7242579037556641051",15900,123,22,8,"Privat","nein","leger","nein","nein","nein","nicht erkennbar","nein","https://www.tiktok.com/@drgudrunkugler/video/7411485054687317281",12800,101,95,8,"Privat","nein","leger","nein","nein","nein","nicht erkennbar","nein","https://www.tiktok.com/@drgudrunkugler/video/7244093954235387163",14500,82,7,1,"Privat","nein","leger","nein","nein","nein","nicht erkennbar","nein","https://www.tiktok.com/@drgudrunkugler/video/7415726493025815840",6812,74,25,1,"Privat","nein","leger","nein","nein","nein","nicht erkennbar","nein","https://www.tiktok.com/@drgudrunkugler/video/7285654963756240160",1438,59,5,0,"Privat","nein","leger","nein","nein","nein","nicht erkennbar","nein","https://www.tiktok.com/@drgudrunkugler/video/7261250160460582171",1287,58,3,3,"Privat","nein","leger","nein","nein","nein","nicht erkennbar","nein","https://www.tiktok.com/@drgudrunkugler/video/7413669405709651232",3672,41,14,3,"Privat","nein","leger","nein","ja","nein","nicht erkennbar","nein"
"1.0 (2026-03-05)","doi:10.11587/BA1ORN","378","Person","Kumpan-Takacs","Silvia","weiblich",1979,"SPÖ","Österreich","Nationalrat","nein",NA,"ja","ja",NA,NA,NA,NA,NA,NA,NA,NA,NA,NA,NA,NA,NA,NA,NA,NA,NA,NA,NA,NA,NA,NA,NA,NA,NA,NA,NA,NA,NA,NA,NA,NA,NA,NA,NA,NA,NA,NA,NA,NA,NA,NA,NA,NA,NA,NA,NA,NA,NA,NA,NA,NA,NA,NA,NA,NA,NA,NA,NA,NA,NA,NA,NA,NA,NA,NA,NA,NA,NA,NA,NA,NA,NA,NA,NA,NA,NA,NA,NA,NA,NA,NA,NA,NA,NA,NA,NA,NA,NA,NA,NA,NA,NA,NA,NA,NA,NA,NA,NA,NA,NA,NA,NA,NA,NA,NA,NA,NA,NA,NA,NA,NA,NA,NA,NA,NA,NA,NA,NA,NA,NA,NA,NA,NA,NA,NA,NA,NA,NA,NA,NA,NA,NA,NA,NA
"1.0 (2026-03-05)","doi:10.11587/BA1ORN","379","Person","Kunasek","Mario","männlich",1976,"FPÖ","Steiermark","Landesregierung","ja","https://www.tiktok.com/@mario.kunasek","ja","ja",14500,199,487,229300,"Landeshauptmann der Steiermark Landesparteiobmann der FPÖ Steiermark","https://www.tiktok.com/@mario.kunasek/video/7493217183334550806",217600,11400,328,3236,"Arbeit","nein","formal","nein","ja","nein",NA,NA,"https://www.tiktok.com/@mario.kunasek/video/7432441972205423905",344900,5207,641,3011,"Arbeit","nein","leger","nein","nein","nein","nicht erkennbar","nein","https://www.tiktok.com/@mario.kunasek/video/7381481815627795745",89300,5154,215,1397,"Arbeit","nein","formal","nein","nein","nein","erkennbar","nein","https://www.tiktok.com/@mario.kunasek/video/7436003970436402464",74100,5014,122,1297,"Privat","nein","leger","nein","nein","nein","erkennbar","nein","https://www.tiktok.com/@mario.kunasek/video/7420107487342382369",50900,4643,236,69,"Arbeit","nein","formal","ja","nein","nein","erkennbar","nein","https://www.tiktok.com/@mario.kunasek/video/7477576172562435350",62800,4513,108,237,"Arbeit","nein","formal","nein","nein","nein","erkennbar","nein","https://www.tiktok.com/@mario.kunasek/video/7455717416853654806",60800,4260,234,139,"Arbeit","nein","formal","nein","nein","nein","erkennbar","nein","https://www.tiktok.com/@mario.kunasek/video/7428892493292277025",612900,3931,180,241,"Arbeit","nein","formal","nein","nein","nein","erkennbar","nein","https://www.tiktok.com/@mario.kunasek/video/7476095917284658454",72000,3478,88,175,"Arbeit","nein","formal","nein","nein","nein","erkennbar","nein","https://www.tiktok.com/@mario.kunasek/video/7494352292821503254",36200,3384,191,127,"Privat","ja","leger","nein","nein","nein","nicht erkennbar","nein"
"1.0 (2026-03-05)","doi:10.11587/BA1ORN","380","Person","Köfer","Robert","männlich",1966,"ÖVP","Kärnten","Landtag","nein",NA,"nein","ja",NA,NA,NA,NA,NA,NA,NA,NA,NA,NA,NA,NA,NA,NA,NA,NA,NA,NA,NA,NA,NA,NA,NA,NA,NA,NA,NA,NA,NA,NA,NA,NA,NA,NA,NA,NA,NA,NA,NA,NA,NA,NA,NA,NA,NA,NA,NA,NA,NA,NA,NA,NA,NA,NA,NA,NA,NA,NA,NA,NA,NA,NA,NA,NA,NA,NA,NA,NA,NA,NA,NA,NA,NA,NA,NA,NA,NA,NA,NA,NA,NA,NA,NA,NA,NA,NA,NA,NA,NA,NA,NA,NA,NA,NA,NA,NA,NA,NA,NA,NA,NA,NA,NA,NA,NA,NA,NA,NA,NA,NA,NA,NA,NA,NA,NA,NA,NA,NA,NA,NA,NA,NA,NA,NA,NA,NA,NA,NA,NA,NA,NA,NA,NA,NA,NA
"1.0 (2026-03-05)","doi:10.11587/BA1ORN","381","Person","Köfer","Gerhard","männlich",1961,"Team Kärnten - Liste Köfer","Kärnten","Landtag","nein",NA,"ja","ja",NA,NA,NA,NA,NA,NA,NA,NA,NA,NA,NA,NA,NA,NA,NA,NA,NA,NA,NA,NA,NA,NA,NA,NA,NA,NA,NA,NA,NA,NA,NA,NA,NA,NA,NA,NA,NA,NA,NA,NA,NA,NA,NA,NA,NA,NA,NA,NA,NA,NA,NA,NA,NA,NA,NA,NA,NA,NA,NA,NA,NA,NA,NA,NA,NA,NA,NA,NA,NA,NA,NA,NA,NA,NA,NA,NA,NA,NA,NA,NA,NA,NA,NA,NA,NA,NA,NA,NA,NA,NA,NA,NA,NA,NA,NA,NA,NA,NA,NA,NA,NA,NA,NA,NA,NA,NA,NA,NA,NA,NA,NA,NA,NA,NA,NA,NA,NA,NA,NA,NA,NA,NA,NA,NA,NA,NA,NA,NA,NA,NA,NA,NA,NA,NA,NA
"1.0 (2026-03-05)","doi:10.11587/BA1ORN","382","Person","Köllner","Maximilian","männlich",1991,"SPÖ","Österreich","Nationalrat","ja","https://www.tiktok.com/@maximiliankoellner","ja","ja",1666,1940,75,27300,"Nationalratsabgeordneter SPÖ-Sportsprecher Bürgermeister von Illmitz linktr.ee/maximiliankoellner","https://www.tiktok.com/@maximiliankoellner/video/7057168233840807174",174800,14500,199,632,"Arbeit","nein","formal","nein","nein","nein","nicht erkennbar","nein","https://www.tiktok.com/@maximiliankoellner/video/7021595827311332613",96700,2254,143,165,"Arbeit","nein","formal","nein","nein","nein","nicht erkennbar","nein","https://www.tiktok.com/@maximiliankoellner/video/7057465533930818821",11500,1925,43,131,"Arbeit","nein","formal","nein","nein","nein","nicht erkennbar","nein","https://www.tiktok.com/@maximiliankoellner/video/7067228470744550662",25400,865,71,91,"Arbeit","nein","leger","nein","nein","nein","nicht erkennbar","nein","https://www.tiktok.com/@maximiliankoellner/video/7112742218875653382",27300,726,12,39,"Arbeit","nein","formal","nein","nein","nein","nicht erkennbar","nein","https://www.tiktok.com/@maximiliankoellner/video/7390802879709334816",26400,533,74,37,"Arbeit","nein","leger","nein","nein","nein","nicht erkennbar","nein","https://www.tiktok.com/@maximiliankoellner/video/7114295511448046854",13400,482,23,11,"Arbeit","nein","formal","nein","nein","nein","nicht erkennbar","nein","https://www.tiktok.com/@maximiliankoellner/video/7465378914131627286",12100,361,132,16,"Privat","nein","leger","nein","nein","nein","nicht erkennbar","nein","https://www.tiktok.com/@maximiliankoellner/video/7070130456104045830",4515,297,1,7,"Arbeit","nein","formal","nein","nein","nein","nicht erkennbar","nein","https://www.tiktok.com/@maximiliankoellner/video/7062440663350037765",5852,261,3,3,"Privat","nein","formal","nein","nein","nein","nicht erkennbar","nein"
"1.0 (2026-03-05)","doi:10.11587/BA1ORN","383","Person","Költringer","Hannes","männlich",1980,"FPÖ","Salzburg","Landtag","nein",NA,"nein","ja",NA,NA,NA,NA,NA,NA,NA,NA,NA,NA,NA,NA,NA,NA,NA,NA,NA,NA,NA,NA,NA,NA,NA,NA,NA,NA,NA,NA,NA,NA,NA,NA,NA,NA,NA,NA,NA,NA,NA,NA,NA,NA,NA,NA,NA,NA,NA,NA,NA,NA,NA,NA,NA,NA,NA,NA,NA,NA,NA,NA,NA,NA,NA,NA,NA,NA,NA,NA,NA,NA,NA,NA,NA,NA,NA,NA,NA,NA,NA,NA,NA,NA,NA,NA,NA,NA,NA,NA,NA,NA,NA,NA,NA,NA,NA,NA,NA,NA,NA,NA,NA,NA,NA,NA,NA,NA,NA,NA,NA,NA,NA,NA,NA,NA,NA,NA,NA,NA,NA,NA,NA,NA,NA,NA,NA,NA,NA,NA,NA,NA,NA,NA,NA,NA,NA
"1.0 (2026-03-05)","doi:10.11587/BA1ORN","384","Person","Könighofer","Philipp","männlich",1990,"FPÖ","Steiermark","Landtag","nein",NA,"ja","ja",NA,NA,NA,NA,NA,NA,NA,NA,NA,NA,NA,NA,NA,NA,NA,NA,NA,NA,NA,NA,NA,NA,NA,NA,NA,NA,NA,NA,NA,NA,NA,NA,NA,NA,NA,NA,NA,NA,NA,NA,NA,NA,NA,NA,NA,NA,NA,NA,NA,NA,NA,NA,NA,NA,NA,NA,NA,NA,NA,NA,NA,NA,NA,NA,NA,NA,NA,NA,NA,NA,NA,NA,NA,NA,NA,NA,NA,NA,NA,NA,NA,NA,NA,NA,NA,NA,NA,NA,NA,NA,NA,NA,NA,NA,NA,NA,NA,NA,NA,NA,NA,NA,NA,NA,NA,NA,NA,NA,NA,NA,NA,NA,NA,NA,NA,NA,NA,NA,NA,NA,NA,NA,NA,NA,NA,NA,NA,NA,NA,NA,NA,NA,NA,NA,NA
"1.0 (2026-03-05)","doi:10.11587/BA1ORN","385","Person","Königsberger-Ludwig","Ulrike","weiblich",1965,"SPÖ","Österreich","Bundesregierung","nein",NA,"ja","ja",NA,NA,NA,NA,NA,NA,NA,NA,NA,NA,NA,NA,NA,NA,NA,NA,NA,NA,NA,NA,NA,NA,NA,NA,NA,NA,NA,NA,NA,NA,NA,NA,NA,NA,NA,NA,NA,NA,NA,NA,NA,NA,NA,NA,NA,NA,NA,NA,NA,NA,NA,NA,NA,NA,NA,NA,NA,NA,NA,NA,NA,NA,NA,NA,NA,NA,NA,NA,NA,NA,NA,NA,NA,NA,NA,NA,NA,NA,NA,NA,NA,NA,NA,NA,NA,NA,NA,NA,NA,NA,NA,NA,NA,NA,NA,NA,NA,NA,NA,NA,NA,NA,NA,NA,NA,NA,NA,NA,NA,NA,NA,NA,NA,NA,NA,NA,NA,NA,NA,NA,NA,NA,NA,NA,NA,NA,NA,NA,NA,NA,NA,NA,NA,NA,NA
"1.0 (2026-03-05)","doi:10.11587/BA1ORN","386","Person","Kühberger","Andreas","männlich",1974,"ÖVP","Österreich","Nationalrat","nein",NA,"ja","ja",NA,NA,NA,NA,NA,NA,NA,NA,NA,NA,NA,NA,NA,NA,NA,NA,NA,NA,NA,NA,NA,NA,NA,NA,NA,NA,NA,NA,NA,NA,NA,NA,NA,NA,NA,NA,NA,NA,NA,NA,NA,NA,NA,NA,NA,NA,NA,NA,NA,NA,NA,NA,NA,NA,NA,NA,NA,NA,NA,NA,NA,NA,NA,NA,NA,NA,NA,NA,NA,NA,NA,NA,NA,NA,NA,NA,NA,NA,NA,NA,NA,NA,NA,NA,NA,NA,NA,NA,NA,NA,NA,NA,NA,NA,NA,NA,NA,NA,NA,NA,NA,NA,NA,NA,NA,NA,NA,NA,NA,NA,NA,NA,NA,NA,NA,NA,NA,NA,NA,NA,NA,NA,NA,NA,NA,NA,NA,NA,NA,NA,NA,NA,NA,NA,NA
"1.0 (2026-03-05)","doi:10.11587/BA1ORN","387","Person","Lackner","Fabienne","weiblich",1997,"NEOS","Vorarlberg","Landtag","ja","https://www.tiktok.com/@fabiennelackner","ja","ja",800,1242,66,4811,"| NEOS-Landtagsabgeordnete Bürgermeisterkandidatin Hinter die Kulissen","https://www.tiktok.com/@fabiennelackner/video/7359337015697050913",23600,1196,56,77,"Privat","nein","formal","nein","ja","nein","erkennbar","nein","https://www.tiktok.com/@fabiennelackner/video/7119384754088054022",2048,192,8,15,"Arbeit","nein","formal","nein","ja","nein","nicht erkennbar","nein","https://www.tiktok.com/@fabiennelackner/video/7318417817219501345",8332,183,22,15,NA,NA,NA,"nein","nein","nein","nicht erkennbar","ja","https://www.tiktok.com/@fabiennelackner/video/7415354479060520224",2128,160,6,11,"Arbeit","nein","formal","nein","ja","nein","erkennbar","nein","https://www.tiktok.com/@fabiennelackner/video/7456017415563087106",3426,140,8,1,"Arbeit","nein","formal","nein","ja","nein","nicht erkennbar","nein","https://www.tiktok.com/@fabiennelackner/video/7095271839680744710",2978,36,2,9,"Privat","nein","formal","nein","ja","nein","nicht erkennbar","nein","https://www.tiktok.com/@fabiennelackner/photo/7306223281768582433",2061,92,5,10,"Privat","nein","leger","nein","ja","nein","erkennbar","ja","https://www.tiktok.com/@fabiennelackner/video/7108783852012752133",1311,92,0,3,"Privat","nein","formal","nein","ja","nein","nicht erkennbar","nein","https://www.tiktok.com/@fabiennelackner/video/7069878198049262854",2187,91,2,2,"Arbeit","nein","formal","nein","ja","nein","nicht erkennbar","ja","https://www.tiktok.com/@fabiennelackner/video/7294198017186450721",1626,90,14,3,"Arbeit","nein","formal","nein","ja","nein","erkennbar","ja"
"1.0 (2026-03-05)","doi:10.11587/BA1ORN","388","Person","Lagger-Pöllinger","Marika","weiblich",1969,"SPÖ","Kärnten","Landtag","nein",NA,"nein","ja",NA,NA,NA,NA,NA,NA,NA,NA,NA,NA,NA,NA,NA,NA,NA,NA,NA,NA,NA,NA,NA,NA,NA,NA,NA,NA,NA,NA,NA,NA,NA,NA,NA,NA,NA,NA,NA,NA,NA,NA,NA,NA,NA,NA,NA,NA,NA,NA,NA,NA,NA,NA,NA,NA,NA,NA,NA,NA,NA,NA,NA,NA,NA,NA,NA,NA,NA,NA,NA,NA,NA,NA,NA,NA,NA,NA,NA,NA,NA,NA,NA,NA,NA,NA,NA,NA,NA,NA,NA,NA,NA,NA,NA,NA,NA,NA,NA,NA,NA,NA,NA,NA,NA,NA,NA,NA,NA,NA,NA,NA,NA,NA,NA,NA,NA,NA,NA,NA,NA,NA,NA,NA,NA,NA,NA,NA,NA,NA,NA,NA,NA,NA,NA,NA,NA
"1.0 (2026-03-05)","doi:10.11587/BA1ORN","389","Person","Laimer","Robert","männlich",1966,"SPÖ","Österreich","Nationalrat","ja","https://www.tiktok.com/@robertlaimer.at","ja","ja",1044,581,54,9461,"️ Abgeordneter zum Nationalrat SPÖ Bereichssprecher für Landesverteidigung","https://www.tiktok.com/@robertlaimer.at/video/7390274001064496417",93400,7023,372,811,"Arbeit","nein","formal","nein","ja","nein","nicht erkennbar","nein","https://www.tiktok.com/@robertlaimer.at/video/7488040698944425238",41400,533,98,109,"Arbeit","nein","formal","nein","nein","nein","erkennbar","nein","https://www.tiktok.com/@robertlaimer.at/video/7408654904610409760",30300,512,32,104,"Arbeit","nein","formal","nein","nein","nein","nicht erkennbar","nein","https://www.tiktok.com/@robertlaimer.at/video/7378432662471462177",3972,147,3,6,"Privat","nein","formal","ja","nein","nein","erkennbar","nein","https://www.tiktok.com/@robertlaimer.at/video/7378761586439146784",1161,89,1,2,"Arbeit","nein","formal","nein","nein","nein","nicht erkennbar","nein","https://www.tiktok.com/@robertlaimer.at/video/7392681728705318176",1069,61,11,1,"Arbeit","nein","formal","nein","ja","nein","nicht erkennbar","nein","https://www.tiktok.com/@robertlaimer.at/video/7439345604406365473",3831,58,15,6,"Arbeit","nein","formal","nein","nein","nein","nicht erkennbar","nein","https://www.tiktok.com/@robertlaimer.at/video/7475693371684654358",829,54,1,5,"Arbeit","nein","formal","nein","nein","nein","nicht erkennbar","nein","https://www.tiktok.com/@robertlaimer.at/video/7366463942241111328",2913,54,24,2,"Privat","nein","leger","nein","nein","nein","nicht erkennbar","nein","https://www.tiktok.com/@robertlaimer.at/video/7516858898792385814",617,50,5,3,"Arbeit","nein","formal","nein","nein","nein","nicht erkennbar","nein"
"1.0 (2026-03-05)","doi:10.11587/BA1ORN","390","Person","Landbauer","Udo","männlich",1986,"FPÖ","Niederösterreich","Landesregierung","ja","https://www.tiktok.com/@udo_landbauer","ja","ja",8670,1460,202,96800,"Landesparteiobmann FPÖ Niederösterreich https://t.me/landbauer","https://www.tiktok.com/@udo_landbauer/video/7450055397232151830",187900,10200,392,754,"Arbeit","nein","formal","nein","nein","nein","nicht erkennbar","ja","https://www.tiktok.com/@udo_landbauer/video/7410723913040252192",124700,8921,751,532,"Arbeit","nein","formal","nein","ja","nein","nicht erkennbar","nein","https://www.tiktok.com/@udo_landbauer/video/7490479452116290838",71500,4796,472,341,"Arbeit","nein","formal","ja","ja","nein","nicht erkennbar","nein","https://www.tiktok.com/@udo_landbauer/video/7031976670089202950",34500,2809,116,103,"Arbeit","nein","formal","nein","ja","nein","erkennbar","nein","https://www.tiktok.com/@udo_landbauer/video/7447776554714762518",53000,2781,213,113,"Arbeit","ja","formal","nein","nein","nein","erkennbar","nein","https://www.tiktok.com/@udo_landbauer/video/7339173694557703456",47000,2669,211,210,"Arbeit","nein","formal","nein","ja","nein","erkennbar","nein","https://www.tiktok.com/@udo_landbauer/video/7380701998850526497",38300,2468,197,181,"Arbeit","nein","formal","nein","ja","nein","erkennbar","nein","https://www.tiktok.com/@udo_landbauer/video/7491955787598744854",34800,2000,92,89,"Arbeit","nein","formal","nein","nein","nein","erkennbar","nein","https://www.tiktok.com/@udo_landbauer/video/7366542086335712544",54900,1926,357,206,"Arbeit","nein","formal","nein","nein","nein","erkennbar","nein","https://www.tiktok.com/@udo_landbauer/video/7250808981239647514",23200,1799,36,188,"Privat","nein","leger","ja","ja","nein","nicht erkennbar","nein"
"1.0 (2026-03-05)","doi:10.11587/BA1ORN","391","Person","Langer-Weninger","Michaela","weiblich",1979,"ÖVP","Oberösterreich","Landesregierung","ja","https://www.tiktok.com/@michaela_langer_weninger","ja","ja",192,832,4,156,"Landesrätin der Oö. Regionen Zuständig für: ‍️️","https://www.tiktok.com/@michaela_langer_weninger/video/7267900221257043232",3795,73,10,1,"Arbeit","nein","formal","nein","nein","nein","nicht erkennbar","nein","https://www.tiktok.com/@michaela_langer_weninger/video/7270424156162903328",403,36,6,1,"Arbeit","nein","formal","nein","nein","nein","nicht erkennbar","nein","https://www.tiktok.com/@michaela_langer_weninger/video/7265207557403200801",1576,28,3,2,"Arbeit","nein","formal","nein","nein","nein","nicht erkennbar","nein","https://www.tiktok.com/@michaela_langer_weninger/video/7272994450404674848",413,4,4,0,"Arbeit","nein","formal","nein","nein","nein","nicht erkennbar","nein",NA,NA,NA,NA,NA,NA,NA,NA,NA,NA,NA,NA,NA,NA,NA,NA,NA,NA,NA,NA,NA,NA,NA,NA,NA,NA,NA,NA,NA,NA,NA,NA,NA,NA,NA,NA,NA,NA,NA,NA,NA,NA,NA,NA,NA,NA,NA,NA,NA,NA,NA,NA,NA,NA,NA,NA,NA,NA,NA,NA,NA,NA,NA,NA,NA,NA,NA,NA,NA,NA,NA,NA,NA,NA,NA,NA,NA,NA
"1.0 (2026-03-05)","doi:10.11587/BA1ORN","392","Person","Laschan","Claudia","weiblich",1964,"SPÖ","Wien","Landtag","nein",NA,"nein","nein",NA,NA,NA,NA,NA,NA,NA,NA,NA,NA,NA,NA,NA,NA,NA,NA,NA,NA,NA,NA,NA,NA,NA,NA,NA,NA,NA,NA,NA,NA,NA,NA,NA,NA,NA,NA,NA,NA,NA,NA,NA,NA,NA,NA,NA,NA,NA,NA,NA,NA,NA,NA,NA,NA,NA,NA,NA,NA,NA,NA,NA,NA,NA,NA,NA,NA,NA,NA,NA,NA,NA,NA,NA,NA,NA,NA,NA,NA,NA,NA,NA,NA,NA,NA,NA,NA,NA,NA,NA,NA,NA,NA,NA,NA,NA,NA,NA,NA,NA,NA,NA,NA,NA,NA,NA,NA,NA,NA,NA,NA,NA,NA,NA,NA,NA,NA,NA,NA,NA,NA,NA,NA,NA,NA,NA,NA,NA,NA,NA,NA,NA,NA,NA,NA,NA
"1.0 (2026-03-05)","doi:10.11587/BA1ORN","393","Person","Laschober-Luif","Carina","weiblich",1981,"ÖVP","Burgenland","Landtag","ja","https://www.tiktok.com/@carinalaschoberluif","ja","ja",1384,1663,42,8074,"Landwirtschaft & Lebensmittel Landleben & Landtagsarbeit Pinkafeld & Hochart","https://www.tiktok.com/@carinalaschoberluif/video/7335939007223762209",33400,2881,5,270,"Privat","nein","leger","nein","ja","ja","nicht erkennbar","nein","https://www.tiktok.com/@carinalaschoberluif/video/7199012922293488901",28900,1890,5,181,"Privat","nein","leger","nein","ja","nein","nicht erkennbar","nein","https://www.tiktok.com/@carinalaschoberluif/video/7194140775465241862",11000,580,0,51,"Privat","nein","leger","nein","ja","nein","nicht erkennbar","nein","https://www.tiktok.com/@carinalaschoberluif/video/7464263761688399126",16700,317,0,30,"Privat","nein","leger","nein","ja","nein","nicht erkennbar","nein","https://www.tiktok.com/@carinalaschoberluif/video/7473210944294882582",18300,199,2,53,"Privat","ja","leger","nein","nein","nein","nicht erkennbar","nein","https://www.tiktok.com/@carinalaschoberluif/video/7329184810507799841",5583,182,0,12,"Privat","nein","leger","nein","ja","nein","nicht erkennbar","nein","https://www.tiktok.com/@carinalaschoberluif/video/7115738198868757766",2582,1,0,1,"Privat","ja","leger","nein","nein","nein","nicht erkennbar","nein","https://www.tiktok.com/@carinalaschoberluif/video/7502083424321129750",3050,98,2,4,"Privat","nein","leger","nein","ja","nein","nicht erkennbar","nein","https://www.tiktok.com/@carinalaschoberluif/video/7469037972990577942",2371,94,0,8,"Privat","nein","leger","nein","ja","nein","nicht erkennbar","nein","https://www.tiktok.com/@carinalaschoberluif/video/7334842189588991265",1581,83,0,4,"Privat","nein","leger","nein","ja","nein","nicht erkennbar","nein"
"1.0 (2026-03-05)","doi:10.11587/BA1ORN","394","Person","Lassnig","Sandra","weiblich",1985,"ÖVP","Österreich","Bundesrat","nein",NA,"nein","ja",NA,NA,NA,NA,NA,NA,NA,NA,NA,NA,NA,NA,NA,NA,NA,NA,NA,NA,NA,NA,NA,NA,NA,NA,NA,NA,NA,NA,NA,NA,NA,NA,NA,NA,NA,NA,NA,NA,NA,NA,NA,NA,NA,NA,NA,NA,NA,NA,NA,NA,NA,NA,NA,NA,NA,NA,NA,NA,NA,NA,NA,NA,NA,NA,NA,NA,NA,NA,NA,NA,NA,NA,NA,NA,NA,NA,NA,NA,NA,NA,NA,NA,NA,NA,NA,NA,NA,NA,NA,NA,NA,NA,NA,NA,NA,NA,NA,NA,NA,NA,NA,NA,NA,NA,NA,NA,NA,NA,NA,NA,NA,NA,NA,NA,NA,NA,NA,NA,NA,NA,NA,NA,NA,NA,NA,NA,NA,NA,NA,NA,NA,NA,NA,NA,NA
"1.0 (2026-03-05)","doi:10.11587/BA1ORN","395","Person","Lausch","Christian","männlich",1969,"FPÖ","Österreich","Nationalrat","nein",NA,"nein","ja",NA,NA,NA,NA,NA,NA,NA,NA,NA,NA,NA,NA,NA,NA,NA,NA,NA,NA,NA,NA,NA,NA,NA,NA,NA,NA,NA,NA,NA,NA,NA,NA,NA,NA,NA,NA,NA,NA,NA,NA,NA,NA,NA,NA,NA,NA,NA,NA,NA,NA,NA,NA,NA,NA,NA,NA,NA,NA,NA,NA,NA,NA,NA,NA,NA,NA,NA,NA,NA,NA,NA,NA,NA,NA,NA,NA,NA,NA,NA,NA,NA,NA,NA,NA,NA,NA,NA,NA,NA,NA,NA,NA,NA,NA,NA,NA,NA,NA,NA,NA,NA,NA,NA,NA,NA,NA,NA,NA,NA,NA,NA,NA,NA,NA,NA,NA,NA,NA,NA,NA,NA,NA,NA,NA,NA,NA,NA,NA,NA,NA,NA,NA,NA,NA,NA
"1.0 (2026-03-05)","doi:10.11587/BA1ORN","396","Person","Lecher","Hanno","männlich",1971,"ÖVP","Vorarlberg","Landtag","nein",NA,"ja","ja",NA,NA,NA,NA,NA,NA,NA,NA,NA,NA,NA,NA,NA,NA,NA,NA,NA,NA,NA,NA,NA,NA,NA,NA,NA,NA,NA,NA,NA,NA,NA,NA,NA,NA,NA,NA,NA,NA,NA,NA,NA,NA,NA,NA,NA,NA,NA,NA,NA,NA,NA,NA,NA,NA,NA,NA,NA,NA,NA,NA,NA,NA,NA,NA,NA,NA,NA,NA,NA,NA,NA,NA,NA,NA,NA,NA,NA,NA,NA,NA,NA,NA,NA,NA,NA,NA,NA,NA,NA,NA,NA,NA,NA,NA,NA,NA,NA,NA,NA,NA,NA,NA,NA,NA,NA,NA,NA,NA,NA,NA,NA,NA,NA,NA,NA,NA,NA,NA,NA,NA,NA,NA,NA,NA,NA,NA,NA,NA,NA,NA,NA,NA,NA,NA,NA
"1.0 (2026-03-05)","doi:10.11587/BA1ORN","397","Person","Ledl-Rossmann","Sonja","weiblich",1974,"ÖVP","Tirol","Landtag","nein",NA,"nein","ja",NA,NA,NA,NA,NA,NA,NA,NA,NA,NA,NA,NA,NA,NA,NA,NA,NA,NA,NA,NA,NA,NA,NA,NA,NA,NA,NA,NA,NA,NA,NA,NA,NA,NA,NA,NA,NA,NA,NA,NA,NA,NA,NA,NA,NA,NA,NA,NA,NA,NA,NA,NA,NA,NA,NA,NA,NA,NA,NA,NA,NA,NA,NA,NA,NA,NA,NA,NA,NA,NA,NA,NA,NA,NA,NA,NA,NA,NA,NA,NA,NA,NA,NA,NA,NA,NA,NA,NA,NA,NA,NA,NA,NA,NA,NA,NA,NA,NA,NA,NA,NA,NA,NA,NA,NA,NA,NA,NA,NA,NA,NA,NA,NA,NA,NA,NA,NA,NA,NA,NA,NA,NA,NA,NA,NA,NA,NA,NA,NA,NA,NA,NA,NA,NA,NA
"1.0 (2026-03-05)","doi:10.11587/BA1ORN","398","Person","Leichtfried","Jörg","männlich",1967,"SPÖ","Österreich","Bundesregierung","nein",NA,"ja","ja",NA,NA,NA,NA,NA,NA,NA,NA,NA,NA,NA,NA,NA,NA,NA,NA,NA,NA,NA,NA,NA,NA,NA,NA,NA,NA,NA,NA,NA,NA,NA,NA,NA,NA,NA,NA,NA,NA,NA,NA,NA,NA,NA,NA,NA,NA,NA,NA,NA,NA,NA,NA,NA,NA,NA,NA,NA,NA,NA,NA,NA,NA,NA,NA,NA,NA,NA,NA,NA,NA,NA,NA,NA,NA,NA,NA,NA,NA,NA,NA,NA,NA,NA,NA,NA,NA,NA,NA,NA,NA,NA,NA,NA,NA,NA,NA,NA,NA,NA,NA,NA,NA,NA,NA,NA,NA,NA,NA,NA,NA,NA,NA,NA,NA,NA,NA,NA,NA,NA,NA,NA,NA,NA,NA,NA,NA,NA,NA,NA,NA,NA,NA,NA,NA,NA
"1.0 (2026-03-05)","doi:10.11587/BA1ORN","399","Person","Leikam","Günter","männlich",1966,"SPÖ","Kärnten","Landtag","nein",NA,"nein","ja",NA,NA,NA,NA,NA,NA,NA,NA,NA,NA,NA,NA,NA,NA,NA,NA,NA,NA,NA,NA,NA,NA,NA,NA,NA,NA,NA,NA,NA,NA,NA,NA,NA,NA,NA,NA,NA,NA,NA,NA,NA,NA,NA,NA,NA,NA,NA,NA,NA,NA,NA,NA,NA,NA,NA,NA,NA,NA,NA,NA,NA,NA,NA,NA,NA,NA,NA,NA,NA,NA,NA,NA,NA,NA,NA,NA,NA,NA,NA,NA,NA,NA,NA,NA,NA,NA,NA,NA,NA,NA,NA,NA,NA,NA,NA,NA,NA,NA,NA,NA,NA,NA,NA,NA,NA,NA,NA,NA,NA,NA,NA,NA,NA,NA,NA,NA,NA,NA,NA,NA,NA,NA,NA,NA,NA,NA,NA,NA,NA,NA,NA,NA,NA,NA,NA
"1.0 (2026-03-05)","doi:10.11587/BA1ORN","400","Person","Leinfellner","Markus","männlich",1980,"FPÖ","Österreich","Nationalrat","ja","https://www.tiktok.com/@markusleinfellner","ja","ja",1460,698,1460,7156,"️ Abgeordneter zum Nationalrat Bezirksparteiobmann der FPÖ Voitsberg","https://www.tiktok.com/@markusleinfellner/video/7414045422102220065",31100,1336,6,70,"Privat","nein","leger","ja","nein","nein","nicht erkennbar","nein","https://www.tiktok.com/@markusleinfellner/video/7411561904805612833",25400,1295,238,72,"Privat","nein","leger","nein","nein","nein","erkennbar","nein","https://www.tiktok.com/@markusleinfellner/video/7346179315429608736",15300,682,83,38,"Arbeit","nein","formal","nein","nein","nein","nicht erkennbar","nein","https://www.tiktok.com/@markusleinfellner/video/7376671110458363169",7684,534,51,28,"Arbeit","nein","formal","nein","nein","nein","erkennbar","nein","https://www.tiktok.com/@markusleinfellner/video/7418879139245034784",2778,338,45,6,"Privat","nein","leger","ja","nein","nein","erkennbar","nein","https://www.tiktok.com/@markusleinfellner/video/7393640241954934049",3735,249,33,16,"Arbeit","nein","formal","nein","nein","nein","erkennbar","nein","https://www.tiktok.com/@markusleinfellner/video/7385876662505770272",4204,234,20,20,"Arbeit","nein","formal","nein","nein","nein","erkennbar","nein","https://www.tiktok.com/@markusleinfellner/video/7315042447183170848",3767,226,13,14,"Arbeit","nein","formal","nein","nein","nein","erkennbar","nein","https://www.tiktok.com/@markusleinfellner/video/7526497195131014402",2970,220,16,13,"Arbeit","nein","formal","nein","nein","nein","erkennbar","nein","https://www.tiktok.com/@markusleinfellner/video/7377088757729611040",3264,209,23,15,"Arbeit","nein","formal","nein","nein","nein","erkennbar","nein"
"1.0 (2026-03-05)","doi:10.11587/BA1ORN","401","Person","Leiter","Mario","männlich",1965,"SPÖ","Vorarlberg","Landtag","nein",NA,"ja","ja",NA,NA,NA,NA,NA,NA,NA,NA,NA,NA,NA,NA,NA,NA,NA,NA,NA,NA,NA,NA,NA,NA,NA,NA,NA,NA,NA,NA,NA,NA,NA,NA,NA,NA,NA,NA,NA,NA,NA,NA,NA,NA,NA,NA,NA,NA,NA,NA,NA,NA,NA,NA,NA,NA,NA,NA,NA,NA,NA,NA,NA,NA,NA,NA,NA,NA,NA,NA,NA,NA,NA,NA,NA,NA,NA,NA,NA,NA,NA,NA,NA,NA,NA,NA,NA,NA,NA,NA,NA,NA,NA,NA,NA,NA,NA,NA,NA,NA,NA,NA,NA,NA,NA,NA,NA,NA,NA,NA,NA,NA,NA,NA,NA,NA,NA,NA,NA,NA,NA,NA,NA,NA,NA,NA,NA,NA,NA,NA,NA,NA,NA,NA,NA,NA,NA
"1.0 (2026-03-05)","doi:10.11587/BA1ORN","402","Person","Leitner","Nicole","weiblich",1976,"ÖVP","Salzburg","Landtag","nein",NA,"ja","ja",NA,NA,NA,NA,NA,NA,NA,NA,NA,NA,NA,NA,NA,NA,NA,NA,NA,NA,NA,NA,NA,NA,NA,NA,NA,NA,NA,NA,NA,NA,NA,NA,NA,NA,NA,NA,NA,NA,NA,NA,NA,NA,NA,NA,NA,NA,NA,NA,NA,NA,NA,NA,NA,NA,NA,NA,NA,NA,NA,NA,NA,NA,NA,NA,NA,NA,NA,NA,NA,NA,NA,NA,NA,NA,NA,NA,NA,NA,NA,NA,NA,NA,NA,NA,NA,NA,NA,NA,NA,NA,NA,NA,NA,NA,NA,NA,NA,NA,NA,NA,NA,NA,NA,NA,NA,NA,NA,NA,NA,NA,NA,NA,NA,NA,NA,NA,NA,NA,NA,NA,NA,NA,NA,NA,NA,NA,NA,NA,NA,NA,NA,NA,NA,NA,NA
"1.0 (2026-03-05)","doi:10.11587/BA1ORN","403","Person","Lengauer","Günther","männlich",1969,"ÖVP","Oberösterreich","Landtag","nein",NA,"ja","ja",NA,NA,NA,NA,NA,NA,NA,NA,NA,NA,NA,NA,NA,NA,NA,NA,NA,NA,NA,NA,NA,NA,NA,NA,NA,NA,NA,NA,NA,NA,NA,NA,NA,NA,NA,NA,NA,NA,NA,NA,NA,NA,NA,NA,NA,NA,NA,NA,NA,NA,NA,NA,NA,NA,NA,NA,NA,NA,NA,NA,NA,NA,NA,NA,NA,NA,NA,NA,NA,NA,NA,NA,NA,NA,NA,NA,NA,NA,NA,NA,NA,NA,NA,NA,NA,NA,NA,NA,NA,NA,NA,NA,NA,NA,NA,NA,NA,NA,NA,NA,NA,NA,NA,NA,NA,NA,NA,NA,NA,NA,NA,NA,NA,NA,NA,NA,NA,NA,NA,NA,NA,NA,NA,NA,NA,NA,NA,NA,NA,NA,NA,NA,NA,NA,NA
"1.0 (2026-03-05)","doi:10.11587/BA1ORN","404","Person","Lentsch","Benedikt","männlich",1987,"SPÖ","Tirol","Landtag","nein",NA,"ja","ja",NA,NA,NA,NA,NA,NA,NA,NA,NA,NA,NA,NA,NA,NA,NA,NA,NA,NA,NA,NA,NA,NA,NA,NA,NA,NA,NA,NA,NA,NA,NA,NA,NA,NA,NA,NA,NA,NA,NA,NA,NA,NA,NA,NA,NA,NA,NA,NA,NA,NA,NA,NA,NA,NA,NA,NA,NA,NA,NA,NA,NA,NA,NA,NA,NA,NA,NA,NA,NA,NA,NA,NA,NA,NA,NA,NA,NA,NA,NA,NA,NA,NA,NA,NA,NA,NA,NA,NA,NA,NA,NA,NA,NA,NA,NA,NA,NA,NA,NA,NA,NA,NA,NA,NA,NA,NA,NA,NA,NA,NA,NA,NA,NA,NA,NA,NA,NA,NA,NA,NA,NA,NA,NA,NA,NA,NA,NA,NA,NA,NA,NA,NA,NA,NA,NA
"1.0 (2026-03-05)","doi:10.11587/BA1ORN","405","Person","Lercher","Maximilian","männlich",1986,"SPÖ","Steiermark","Landtag","nein",NA,"ja","ja",NA,NA,NA,NA,NA,NA,NA,NA,NA,NA,NA,NA,NA,NA,NA,NA,NA,NA,NA,NA,NA,NA,NA,NA,NA,NA,NA,NA,NA,NA,NA,NA,NA,NA,NA,NA,NA,NA,NA,NA,NA,NA,NA,NA,NA,NA,NA,NA,NA,NA,NA,NA,NA,NA,NA,NA,NA,NA,NA,NA,NA,NA,NA,NA,NA,NA,NA,NA,NA,NA,NA,NA,NA,NA,NA,NA,NA,NA,NA,NA,NA,NA,NA,NA,NA,NA,NA,NA,NA,NA,NA,NA,NA,NA,NA,NA,NA,NA,NA,NA,NA,NA,NA,NA,NA,NA,NA,NA,NA,NA,NA,NA,NA,NA,NA,NA,NA,NA,NA,NA,NA,NA,NA,NA,NA,NA,NA,NA,NA,NA,NA,NA,NA,NA,NA
"1.0 (2026-03-05)","doi:10.11587/BA1ORN","406","Person","Linder","Maximilian","männlich",1965,"FPÖ","Österreich","Nationalrat","nein",NA,"nein","ja",NA,NA,NA,NA,NA,NA,NA,NA,NA,NA,NA,NA,NA,NA,NA,NA,NA,NA,NA,NA,NA,NA,NA,NA,NA,NA,NA,NA,NA,NA,NA,NA,NA,NA,NA,NA,NA,NA,NA,NA,NA,NA,NA,NA,NA,NA,NA,NA,NA,NA,NA,NA,NA,NA,NA,NA,NA,NA,NA,NA,NA,NA,NA,NA,NA,NA,NA,NA,NA,NA,NA,NA,NA,NA,NA,NA,NA,NA,NA,NA,NA,NA,NA,NA,NA,NA,NA,NA,NA,NA,NA,NA,NA,NA,NA,NA,NA,NA,NA,NA,NA,NA,NA,NA,NA,NA,NA,NA,NA,NA,NA,NA,NA,NA,NA,NA,NA,NA,NA,NA,NA,NA,NA,NA,NA,NA,NA,NA,NA,NA,NA,NA,NA,NA,NA
"1.0 (2026-03-05)","doi:10.11587/BA1ORN","407","Person","Lindinger","Klaus","männlich",1988,"ÖVP","Österreich","Nationalrat","nein",NA,"ja","ja",NA,NA,NA,NA,NA,NA,NA,NA,NA,NA,NA,NA,NA,NA,NA,NA,NA,NA,NA,NA,NA,NA,NA,NA,NA,NA,NA,NA,NA,NA,NA,NA,NA,NA,NA,NA,NA,NA,NA,NA,NA,NA,NA,NA,NA,NA,NA,NA,NA,NA,NA,NA,NA,NA,NA,NA,NA,NA,NA,NA,NA,NA,NA,NA,NA,NA,NA,NA,NA,NA,NA,NA,NA,NA,NA,NA,NA,NA,NA,NA,NA,NA,NA,NA,NA,NA,NA,NA,NA,NA,NA,NA,NA,NA,NA,NA,NA,NA,NA,NA,NA,NA,NA,NA,NA,NA,NA,NA,NA,NA,NA,NA,NA,NA,NA,NA,NA,NA,NA,NA,NA,NA,NA,NA,NA,NA,NA,NA,NA,NA,NA,NA,NA,NA,NA
"1.0 (2026-03-05)","doi:10.11587/BA1ORN","408","Person","Lindner","Mario","männlich",1982,"SPÖ","Österreich","Nationalrat","ja","https://www.tiktok.com/@mario.lindner","ja","ja",2627,1627,238,55500,"NR Abg. Gleichbehandlung | Einsatzorganisationen | Diversitiy & LGBTIQ+","https://www.tiktok.com/@mario.lindner/video/7519162027059711254",62000,10100,216,732,"Arbeit","nein","formal","nein","nein","nein","nicht erkennbar","nein","https://www.tiktok.com/@mario.lindner/video/7043500345120607494",204000,8918,431,44,"Privat","nein",NA,"nein","nein","nein","nicht erkennbar","nein","https://www.tiktok.com/@mario.lindner/video/7487190910829120790",38900,3514,188,239,"Arbeit","nein","formal","nein","nein","nein","nicht erkennbar","nein","https://www.tiktok.com/@mario.lindner/video/7111225916554251526",68300,2906,81,194,"Arbeit","nein","formal","nein","nein","nein","nicht erkennbar","nein","https://www.tiktok.com/@mario.lindner/video/7054981181032451334",41600,2679,97,210,NA,NA,NA,"nein","nein","nein","nicht erkennbar","nein","https://www.tiktok.com/@mario.lindner/video/7575222308579691779",57700,2124,109,31,"Privat","ja","leger","nein","nein","nein","nicht erkennbar","nein","https://www.tiktok.com/@mario.lindner/video/7016282555263569157",43700,2076,90,382,"Arbeit","nein","formal","nein","ja","nein","nicht erkennbar","nein","https://www.tiktok.com/@mario.lindner/video/7177377774276054277",39100,1367,182,300,"Arbeit","nein","formal","nein","nein","nein","erkennbar","nein","https://www.tiktok.com/@mario.lindner/video/7387851325280685344",22100,1295,563,74,"Privat","nein","leger","nein","ja","nein","nicht erkennbar","nein","https://www.tiktok.com/@mario.lindner/video/6974667844826959110",9860,811,24,12,"Privat","nein","leger","nein","ja","nein","nicht erkennbar","nein"
"1.0 (2026-03-05)","doi:10.11587/BA1ORN","409","Person","Linsbauer","Franz","männlich",1968,"ÖVP","Niederösterreich","Landtag","nein",NA,"ja","ja",NA,NA,NA,NA,NA,NA,NA,NA,NA,NA,NA,NA,NA,NA,NA,NA,NA,NA,NA,NA,NA,NA,NA,NA,NA,NA,NA,NA,NA,NA,NA,NA,NA,NA,NA,NA,NA,NA,NA,NA,NA,NA,NA,NA,NA,NA,NA,NA,NA,NA,NA,NA,NA,NA,NA,NA,NA,NA,NA,NA,NA,NA,NA,NA,NA,NA,NA,NA,NA,NA,NA,NA,NA,NA,NA,NA,NA,NA,NA,NA,NA,NA,NA,NA,NA,NA,NA,NA,NA,NA,NA,NA,NA,NA,NA,NA,NA,NA,NA,NA,NA,NA,NA,NA,NA,NA,NA,NA,NA,NA,NA,NA,NA,NA,NA,NA,NA,NA,NA,NA,NA,NA,NA,NA,NA,NA,NA,NA,NA,NA,NA,NA,NA,NA,NA
"1.0 (2026-03-05)","doi:10.11587/BA1ORN","410","Person","Litzke","Manuel","männlich",1999,"FPÖ","Österreich","Nationalrat","nein",NA,"ja","ja",NA,NA,NA,NA,NA,NA,NA,NA,NA,NA,NA,NA,NA,NA,NA,NA,NA,NA,NA,NA,NA,NA,NA,NA,NA,NA,NA,NA,NA,NA,NA,NA,NA,NA,NA,NA,NA,NA,NA,NA,NA,NA,NA,NA,NA,NA,NA,NA,NA,NA,NA,NA,NA,NA,NA,NA,NA,NA,NA,NA,NA,NA,NA,NA,NA,NA,NA,NA,NA,NA,NA,NA,NA,NA,NA,NA,NA,NA,NA,NA,NA,NA,NA,NA,NA,NA,NA,NA,NA,NA,NA,NA,NA,NA,NA,NA,NA,NA,NA,NA,NA,NA,NA,NA,NA,NA,NA,NA,NA,NA,NA,NA,NA,NA,NA,NA,NA,NA,NA,NA,NA,NA,NA,NA,NA,NA,NA,NA,NA,NA,NA,NA,NA,NA,NA
"1.0 (2026-03-05)","doi:10.11587/BA1ORN","411","Person","Lobner","René","männlich",1978,"ÖVP","Niederösterreich","Landtag","nein",NA,"ja","ja",NA,NA,NA,NA,NA,NA,NA,NA,NA,NA,NA,NA,NA,NA,NA,NA,NA,NA,NA,NA,NA,NA,NA,NA,NA,NA,NA,NA,NA,NA,NA,NA,NA,NA,NA,NA,NA,NA,NA,NA,NA,NA,NA,NA,NA,NA,NA,NA,NA,NA,NA,NA,NA,NA,NA,NA,NA,NA,NA,NA,NA,NA,NA,NA,NA,NA,NA,NA,NA,NA,NA,NA,NA,NA,NA,NA,NA,NA,NA,NA,NA,NA,NA,NA,NA,NA,NA,NA,NA,NA,NA,NA,NA,NA,NA,NA,NA,NA,NA,NA,NA,NA,NA,NA,NA,NA,NA,NA,NA,NA,NA,NA,NA,NA,NA,NA,NA,NA,NA,NA,NA,NA,NA,NA,NA,NA,NA,NA,NA,NA,NA,NA,NA,NA,NA
"1.0 (2026-03-05)","doi:10.11587/BA1ORN","412","Person","Lobnik","Manuela","weiblich",1994,"SPÖ","Kärnten","Landtag","nein",NA,"nein","ja",NA,NA,NA,NA,NA,NA,NA,NA,NA,NA,NA,NA,NA,NA,NA,NA,NA,NA,NA,NA,NA,NA,NA,NA,NA,NA,NA,NA,NA,NA,NA,NA,NA,NA,NA,NA,NA,NA,NA,NA,NA,NA,NA,NA,NA,NA,NA,NA,NA,NA,NA,NA,NA,NA,NA,NA,NA,NA,NA,NA,NA,NA,NA,NA,NA,NA,NA,NA,NA,NA,NA,NA,NA,NA,NA,NA,NA,NA,NA,NA,NA,NA,NA,NA,NA,NA,NA,NA,NA,NA,NA,NA,NA,NA,NA,NA,NA,NA,NA,NA,NA,NA,NA,NA,NA,NA,NA,NA,NA,NA,NA,NA,NA,NA,NA,NA,NA,NA,NA,NA,NA,NA,NA,NA,NA,NA,NA,NA,NA,NA,NA,NA,NA,NA,NA
"1.0 (2026-03-05)","doi:10.11587/BA1ORN","413","Person","Lopatka","Reinhold","männlich",1960,"ÖVP","EU","EP","nein",NA,"ja","ja",NA,NA,NA,NA,NA,NA,NA,NA,NA,NA,NA,NA,NA,NA,NA,NA,NA,NA,NA,NA,NA,NA,NA,NA,NA,NA,NA,NA,NA,NA,NA,NA,NA,NA,NA,NA,NA,NA,NA,NA,NA,NA,NA,NA,NA,NA,NA,NA,NA,NA,NA,NA,NA,NA,NA,NA,NA,NA,NA,NA,NA,NA,NA,NA,NA,NA,NA,NA,NA,NA,NA,NA,NA,NA,NA,NA,NA,NA,NA,NA,NA,NA,NA,NA,NA,NA,NA,NA,NA,NA,NA,NA,NA,NA,NA,NA,NA,NA,NA,NA,NA,NA,NA,NA,NA,NA,NA,NA,NA,NA,NA,NA,NA,NA,NA,NA,NA,NA,NA,NA,NA,NA,NA,NA,NA,NA,NA,NA,NA,NA,NA,NA,NA,NA,NA
"1.0 (2026-03-05)","doi:10.11587/BA1ORN","414","Person","Ludwig","Michael","männlich",1961,"SPÖ","Wien","Landesregierung","ja","https://www.tiktok.com/@bgm.michaelludwig","ja","ja",13300,1643,341,142600,"Der offizielle Account des Wiener Bürgermeisters.","https://www.tiktok.com/@bgm.michaelludwig/video/7021548631085927685",325500,22900,348,603,"Arbeit","nein","formal","nein","nein","nein","nicht erkennbar","nein","https://www.tiktok.com/@bgm.michaelludwig/video/7116528993750273286",168800,7146,171,460,"Privat","nein","formal","nein","nein","nein","nicht erkennbar","nein","https://www.tiktok.com/@bgm.michaelludwig/video/7012618124306418949",247300,6291,74,229,"Arbeit","nein","formal","nein","nein","nein","nicht erkennbar","nein","https://www.tiktok.com/@bgm.michaelludwig/video/7005556621166316806",169900,5293,99,163,"Arbeit","nein","formal","nein","ja","nein","nicht erkennbar","nein","https://www.tiktok.com/@bgm.michaelludwig/video/7568866462371237142",49500,2978,135,249,"Arbeit","nein","formal","nein","ja","nein","nicht erkennbar","nein","https://www.tiktok.com/@bgm.michaelludwig/video/7054928105403682054",55200,2667,54,127,"Privat","nein","formal","nein","ja","nein","nicht erkennbar","ja","https://www.tiktok.com/@bgm.michaelludwig/video/7056791496544046342",93000,2529,118,78,"Privat","nein","formal","nein","ja","nein","nicht erkennbar","nein","https://www.tiktok.com/@bgm.michaelludwig/video/7026732085943536901",50000,2339,86,77,"Privat","nein","formal","nein","nein","nein","nicht erkennbar","nein","https://www.tiktok.com/@bgm.michaelludwig/video/7036373500940143878",31700,2178,62,92,"Arbeit","nein","formal","nein","nein","nein","nicht erkennbar","nein","https://www.tiktok.com/@bgm.michaelludwig/video/7569603953709550881",67900,2121,95,59,"Privat","nein","leger","nein","ja","nein","nicht erkennbar","nein"
"1.0 (2026-03-05)","doi:10.11587/BA1ORN","415","Person","Ludwig-Faymann","Martina","weiblich",1967,"SPÖ","Wien","Landtag","nein",NA,"ja","nein",NA,NA,NA,NA,NA,NA,NA,NA,NA,NA,NA,NA,NA,NA,NA,NA,NA,NA,NA,NA,NA,NA,NA,NA,NA,NA,NA,NA,NA,NA,NA,NA,NA,NA,NA,NA,NA,NA,NA,NA,NA,NA,NA,NA,NA,NA,NA,NA,NA,NA,NA,NA,NA,NA,NA,NA,NA,NA,NA,NA,NA,NA,NA,NA,NA,NA,NA,NA,NA,NA,NA,NA,NA,NA,NA,NA,NA,NA,NA,NA,NA,NA,NA,NA,NA,NA,NA,NA,NA,NA,NA,NA,NA,NA,NA,NA,NA,NA,NA,NA,NA,NA,NA,NA,NA,NA,NA,NA,NA,NA,NA,NA,NA,NA,NA,NA,NA,NA,NA,NA,NA,NA,NA,NA,NA,NA,NA,NA,NA,NA,NA,NA,NA,NA,NA
"1.0 (2026-03-05)","doi:10.11587/BA1ORN","416","Person","Lugner","Leo","männlich",1987,"FPÖ","Wien","Landtag","ja","https://www.tiktok.com/@leolugner","ja","ja",28600,1987,126,582900,"Abgeordneter zum Wiener Landtag & Gemeinderat Unternehmer/FPÖ/Mariahilf","https://www.tiktok.com/@leolugner/video/7418271184443182369",1800000,112000,3844,16100,"Privat","nein","formal","ja","ja","nein","erkennbar","ja","https://www.tiktok.com/@leolugner/video/7411582075519765792",893200,55600,2902,7857,"Privat","nein","formal","ja","ja","nein","erkennbar","nein","https://www.tiktok.com/@leolugner/video/6927564941503352069",623820,43600,791,2565,"Privat","nein",NA,NA,"nein","nein","nicht erkennbar","ja","https://www.tiktok.com/@leolugner/video/7417173346439220513",346100,31400,809,3776,"Arbeit","nein","formal","ja","ja","nein","erkennbar","nein","https://www.tiktok.com/@leolugner/video/7509870002816814358",392000,30800,95,320,"Arbeit","nein","leger","nein","ja","nein","nicht erkennbar","nein","https://www.tiktok.com/@leolugner/video/7417761206573878561",44400,5000,127,458,"Privat","nein","formal","nein","ja","nein","erkennbar","nein","https://www.tiktok.com/@leolugner/video/7515465150950886678",71100,7856,131,779,"Arbeit","nein","formal","nein","ja","nein","nicht erkennbar","nein","https://www.tiktok.com/@leolugner/video/7399709501953396001",4427,332,25,12,"Arbeit","nein","formal","nein","nein","nein","erkennbar","nein","https://www.tiktok.com/@leolugner/video/7418657011375574305",23200,1319,107,55,"Arbeit","nein","formal","nein","nein","nein","erkennbar","nein","https://www.tiktok.com/@leolugner/video/7549275224953408790",8369,412,34,17,"Arbeit","nein","formal","nein","nein","nein","erkennbar","nein"
"1.0 (2026-03-05)","doi:10.11587/BA1ORN","417","Person","Löcker","Theodor Felix","männlich",2003,"GRÜNE","Wien","Landtag","ja","https://www.tiktok.com/@theo_loecker","ja","nein",1100,2454,48,18000,"Jüngster Gemeinderat ()Wien. Grüner mit und","https://www.tiktok.com/@theo_loecker/video/7496897537446661398",51200,4138,425,319,"Privat","ja","leger","nein","nein","nein","nicht erkennbar","nein","https://www.tiktok.com/@theo_loecker/video/7494675309137104150",47400,2626,216,83,"Privat","ja","leger","nein","nein","nein","nicht erkennbar","nein","https://www.tiktok.com/@theo_loecker/video/7574474344131513603",15500,1929,23,79,"Arbeit","nein","formal","nein","ja","nein","erkennbar","nein","https://www.tiktok.com/@theo_loecker/video/7489110578724687126",29800,1480,20,67,"Privat","nein","leger","nein","nein","nein","nicht erkennbar","nein","https://www.tiktok.com/@theo_loecker/video/7545517054560914710",16700,1077,52,50,"Privat","ja","leger","nein","nein","nein","nicht erkennbar","nein","https://www.tiktok.com/@theo_loecker/video/7579666767908211990",4671,196,19,23,"Privat","ja","leger","nein","nein","nein","nicht erkennbar","nein","https://www.tiktok.com/@theo_loecker/video/7526517654832631062",18400,45200,18,14,"Arbeit","nein","leger","nein","nein","nein","nicht erkennbar","nein","https://www.tiktok.com/@theo_loecker/video/7564799973548723478",9803,451,114,24,"Arbeit","nein","formal","nein","nein","nein","nicht erkennbar","nein","https://www.tiktok.com/@theo_loecker/video/7497577751902293270",13100,435,18,16,"Privat","nein","leger","nein","nein","nein","nicht erkennbar","nein","https://www.tiktok.com/@theo_loecker/video/7493597982751952151",5814,313,189,12,"Privat","ja","leger","nein","nein","nein","nicht erkennbar","nein"
"1.0 (2026-03-05)","doi:10.11587/BA1ORN","418","Person","Mader","Christian","männlich",1979,"ÖVP","Oberösterreich","Landtag","nein",NA,"ja","ja",NA,NA,NA,NA,NA,NA,NA,NA,NA,NA,NA,NA,NA,NA,NA,NA,NA,NA,NA,NA,NA,NA,NA,NA,NA,NA,NA,NA,NA,NA,NA,NA,NA,NA,NA,NA,NA,NA,NA,NA,NA,NA,NA,NA,NA,NA,NA,NA,NA,NA,NA,NA,NA,NA,NA,NA,NA,NA,NA,NA,NA,NA,NA,NA,NA,NA,NA,NA,NA,NA,NA,NA,NA,NA,NA,NA,NA,NA,NA,NA,NA,NA,NA,NA,NA,NA,NA,NA,NA,NA,NA,NA,NA,NA,NA,NA,NA,NA,NA,NA,NA,NA,NA,NA,NA,NA,NA,NA,NA,NA,NA,NA,NA,NA,NA,NA,NA,NA,NA,NA,NA,NA,NA,NA,NA,NA,NA,NA,NA,NA,NA,NA,NA,NA,NA
"1.0 (2026-03-05)","doi:10.11587/BA1ORN","419","Person","Mader","Thomas","männlich",1965,"SPÖ","Wien","Landtag","nein",NA,"ja","ja",NA,NA,NA,NA,NA,NA,NA,NA,NA,NA,NA,NA,NA,NA,NA,NA,NA,NA,NA,NA,NA,NA,NA,NA,NA,NA,NA,NA,NA,NA,NA,NA,NA,NA,NA,NA,NA,NA,NA,NA,NA,NA,NA,NA,NA,NA,NA,NA,NA,NA,NA,NA,NA,NA,NA,NA,NA,NA,NA,NA,NA,NA,NA,NA,NA,NA,NA,NA,NA,NA,NA,NA,NA,NA,NA,NA,NA,NA,NA,NA,NA,NA,NA,NA,NA,NA,NA,NA,NA,NA,NA,NA,NA,NA,NA,NA,NA,NA,NA,NA,NA,NA,NA,NA,NA,NA,NA,NA,NA,NA,NA,NA,NA,NA,NA,NA,NA,NA,NA,NA,NA,NA,NA,NA,NA,NA,NA,NA,NA,NA,NA,NA,NA,NA,NA
"1.0 (2026-03-05)","doi:10.11587/BA1ORN","420","Person","Mahdalik","Anton","männlich",1966,"FPÖ","Wien","Landtag","nein",NA,"ja","ja",NA,NA,NA,NA,NA,NA,NA,NA,NA,NA,NA,NA,NA,NA,NA,NA,NA,NA,NA,NA,NA,NA,NA,NA,NA,NA,NA,NA,NA,NA,NA,NA,NA,NA,NA,NA,NA,NA,NA,NA,NA,NA,NA,NA,NA,NA,NA,NA,NA,NA,NA,NA,NA,NA,NA,NA,NA,NA,NA,NA,NA,NA,NA,NA,NA,NA,NA,NA,NA,NA,NA,NA,NA,NA,NA,NA,NA,NA,NA,NA,NA,NA,NA,NA,NA,NA,NA,NA,NA,NA,NA,NA,NA,NA,NA,NA,NA,NA,NA,NA,NA,NA,NA,NA,NA,NA,NA,NA,NA,NA,NA,NA,NA,NA,NA,NA,NA,NA,NA,NA,NA,NA,NA,NA,NA,NA,NA,NA,NA,NA,NA,NA,NA,NA,NA
"1.0 (2026-03-05)","doi:10.11587/BA1ORN","421","Person","Mahr","Herwig","männlich",1959,"FPÖ","Oberösterreich","Landtag","nein",NA,"nein","ja",NA,NA,NA,NA,NA,NA,NA,NA,NA,NA,NA,NA,NA,NA,NA,NA,NA,NA,NA,NA,NA,NA,NA,NA,NA,NA,NA,NA,NA,NA,NA,NA,NA,NA,NA,NA,NA,NA,NA,NA,NA,NA,NA,NA,NA,NA,NA,NA,NA,NA,NA,NA,NA,NA,NA,NA,NA,NA,NA,NA,NA,NA,NA,NA,NA,NA,NA,NA,NA,NA,NA,NA,NA,NA,NA,NA,NA,NA,NA,NA,NA,NA,NA,NA,NA,NA,NA,NA,NA,NA,NA,NA,NA,NA,NA,NA,NA,NA,NA,NA,NA,NA,NA,NA,NA,NA,NA,NA,NA,NA,NA,NA,NA,NA,NA,NA,NA,NA,NA,NA,NA,NA,NA,NA,NA,NA,NA,NA,NA,NA,NA,NA,NA,NA,NA
"1.0 (2026-03-05)","doi:10.11587/BA1ORN","422","Person","Mahrer","Karl","männlich",1955,"ÖVP","Wien","Landtag","nein",NA,"ja","ja",NA,NA,NA,NA,NA,NA,NA,NA,NA,NA,NA,NA,NA,NA,NA,NA,NA,NA,NA,NA,NA,NA,NA,NA,NA,NA,NA,NA,NA,NA,NA,NA,NA,NA,NA,NA,NA,NA,NA,NA,NA,NA,NA,NA,NA,NA,NA,NA,NA,NA,NA,NA,NA,NA,NA,NA,NA,NA,NA,NA,NA,NA,NA,NA,NA,NA,NA,NA,NA,NA,NA,NA,NA,NA,NA,NA,NA,NA,NA,NA,NA,NA,NA,NA,NA,NA,NA,NA,NA,NA,NA,NA,NA,NA,NA,NA,NA,NA,NA,NA,NA,NA,NA,NA,NA,NA,NA,NA,NA,NA,NA,NA,NA,NA,NA,NA,NA,NA,NA,NA,NA,NA,NA,NA,NA,NA,NA,NA,NA,NA,NA,NA,NA,NA,NA
"1.0 (2026-03-05)","doi:10.11587/BA1ORN","423","Person","Maier","Michael","männlich",1975,"ÖVP","Kärnten","Landtag","nein",NA,"nein","nein",NA,NA,NA,NA,NA,NA,NA,NA,NA,NA,NA,NA,NA,NA,NA,NA,NA,NA,NA,NA,NA,NA,NA,NA,NA,NA,NA,NA,NA,NA,NA,NA,NA,NA,NA,NA,NA,NA,NA,NA,NA,NA,NA,NA,NA,NA,NA,NA,NA,NA,NA,NA,NA,NA,NA,NA,NA,NA,NA,NA,NA,NA,NA,NA,NA,NA,NA,NA,NA,NA,NA,NA,NA,NA,NA,NA,NA,NA,NA,NA,NA,NA,NA,NA,NA,NA,NA,NA,NA,NA,NA,NA,NA,NA,NA,NA,NA,NA,NA,NA,NA,NA,NA,NA,NA,NA,NA,NA,NA,NA,NA,NA,NA,NA,NA,NA,NA,NA,NA,NA,NA,NA,NA,NA,NA,NA,NA,NA,NA,NA,NA,NA,NA,NA,NA
"1.0 (2026-03-05)","doi:10.11587/BA1ORN","424","Person","Maier","Dominic","männlich",1989,"FPÖ","Salzburg","Landtag","ja","https://www.tiktok.com/@dominic__maier","ja","ja",289,1169,14,693,"Abgeordneter zum Salzburger Landtag, Politikwissenschafter, Historiker, Soldat","https://www.tiktok.com/@dominic__maier/video/7145099272034258181",3766,157,6,10,"Privat","nein","formal","nein","ja","nein","erkennbar","nein","https://www.tiktok.com/@dominic__maier/video/7140210717315075333",1555,116,0,2,"Arbeit","nein","leger","nein","ja","nein","nicht erkennbar","nein","https://www.tiktok.com/@dominic__maier/video/7192148367965834501",1369,95,0,1,"Privat","nein","leger","nein","ja","nein","erkennbar","nein","https://www.tiktok.com/@dominic__maier/video/7207424461300124934",2854,90,0,4,"Privat","nein","leger","nein","nein","nein","erkennbar","nein","https://www.tiktok.com/@dominic__maier/video/7248494890416409883",785,39,2,1,"Privat","nein","formal","nein","ja","nein","erkennbar","nein","https://www.tiktok.com/@dominic__maier/video/7209707878754553093",472,33,1,1,"Privat","nein","formal","nein","ja","nein","erkennbar","nein","https://www.tiktok.com/@dominic__maier/video/7140610741706575109",867,31,0,0,"Privat","nein","leger","nein","ja","nein","erkennbar","nein","https://www.tiktok.com/@dominic__maier/video/7236041967405157659",954,26,2,3,"Privat","nein","formal","ja","nein","nein","erkennbar","nein","https://www.tiktok.com/@dominic__maier/video/7140966483277909253",899,21,0,1,"Privat","nein","leger","nein","ja","nein","erkennbar","nein","https://www.tiktok.com/@dominic__maier/video/7147688419173338373",949,20,0,2,"Privat","nein","leger","ja","ja","nein","erkennbar","nein"
"1.0 (2026-03-05)","doi:10.11587/BA1ORN","425","Person","Maier","Thomas","männlich",1991,"FPÖ","Steiermark","Landtag","nein",NA,"ja","ja",NA,NA,NA,NA,NA,NA,NA,NA,NA,NA,NA,NA,NA,NA,NA,NA,NA,NA,NA,NA,NA,NA,NA,NA,NA,NA,NA,NA,NA,NA,NA,NA,NA,NA,NA,NA,NA,NA,NA,NA,NA,NA,NA,NA,NA,NA,NA,NA,NA,NA,NA,NA,NA,NA,NA,NA,NA,NA,NA,NA,NA,NA,NA,NA,NA,NA,NA,NA,NA,NA,NA,NA,NA,NA,NA,NA,NA,NA,NA,NA,NA,NA,NA,NA,NA,NA,NA,NA,NA,NA,NA,NA,NA,NA,NA,NA,NA,NA,NA,NA,NA,NA,NA,NA,NA,NA,NA,NA,NA,NA,NA,NA,NA,NA,NA,NA,NA,NA,NA,NA,NA,NA,NA,NA,NA,NA,NA,NA,NA,NA,NA,NA,NA,NA,NA
"1.0 (2026-03-05)","doi:10.11587/BA1ORN","426","Person","Maier","Reinhold","männlich",1977,"FPÖ","Österreich","Nationalrat","nein",NA,"nein","ja",NA,NA,NA,NA,NA,NA,NA,NA,NA,NA,NA,NA,NA,NA,NA,NA,NA,NA,NA,NA,NA,NA,NA,NA,NA,NA,NA,NA,NA,NA,NA,NA,NA,NA,NA,NA,NA,NA,NA,NA,NA,NA,NA,NA,NA,NA,NA,NA,NA,NA,NA,NA,NA,NA,NA,NA,NA,NA,NA,NA,NA,NA,NA,NA,NA,NA,NA,NA,NA,NA,NA,NA,NA,NA,NA,NA,NA,NA,NA,NA,NA,NA,NA,NA,NA,NA,NA,NA,NA,NA,NA,NA,NA,NA,NA,NA,NA,NA,NA,NA,NA,NA,NA,NA,NA,NA,NA,NA,NA,NA,NA,NA,NA,NA,NA,NA,NA,NA,NA,NA,NA,NA,NA,NA,NA,NA,NA,NA,NA,NA,NA,NA,NA,NA,NA
"1.0 (2026-03-05)","doi:10.11587/BA1ORN","427","Person","Mainusch","Dominik","männlich",1991,"ÖVP","Tirol","Landtag","ja","https://www.tiktok.com/@dominikmainusch51","ja","ja",592,137,1,242,NA,"https://www.tiktok.com/@dominikmainusch51/video/7523087100602797334",5143,242,8,29,"Arbeit","nein","formal","nein","ja","nein","nicht erkennbar","nein",NA,NA,NA,NA,NA,NA,NA,NA,NA,NA,NA,NA,NA,NA,NA,NA,NA,NA,NA,NA,NA,NA,NA,NA,NA,NA,NA,NA,NA,NA,NA,NA,NA,NA,NA,NA,NA,NA,NA,NA,NA,NA,NA,NA,NA,NA,NA,NA,NA,NA,NA,NA,NA,NA,NA,NA,NA,NA,NA,NA,NA,NA,NA,NA,NA,NA,NA,NA,NA,NA,NA,NA,NA,NA,NA,NA,NA,NA,NA,NA,NA,NA,NA,NA,NA,NA,NA,NA,NA,NA,NA,NA,NA,NA,NA,NA,NA,NA,NA,NA,NA,NA,NA,NA,NA,NA,NA,NA,NA,NA,NA,NA,NA,NA,NA,NA,NA
"1.0 (2026-03-05)","doi:10.11587/BA1ORN","428","Person","Mair","Gebi","männlich",1984,"GRÜNE","Tirol","Landtag","ja","https://www.tiktok.com/@gebimair","ja","ja",1551,1251,265,15900,"Umweltfighter im Tiroler Landtag. ️","https://www.tiktok.com/@gebimair/video/7544026296628612374",23600,971,39,211,"Privat","nein","leger","nein","ja","nein","erkennbar","nein","https://www.tiktok.com/@gebimair/video/7123666120791362821",23100,785,4,4,"Privat","nein",NA,"nein","nein","nein","nicht erkennbar","nein","https://www.tiktok.com/@gebimair/video/7378161733782850848",17500,722,600,17,"Privat","nein","formal","ja","ja","nein","erkennbar","nein","https://www.tiktok.com/@gebimair/video/7504408506615778582",18400,701,5,300,"Arbeit","nein",NA,"nein","nein","nein","nicht erkennbar","nein","https://www.tiktok.com/@gebimair/video/7432400482074676513",465600,362,19,10,"Privat","ja","leger","nein","nein","ja","nicht erkennbar","nein","https://www.tiktok.com/@gebimair/video/7561151445530184982",19100,347,56,38,"Privat","nein","formal","nein","ja","nein","nicht erkennbar","nein","https://www.tiktok.com/@gebimair/video/7475849415299714326",14300,339,23,45,"Privat","nein","formal","nein","ja","nein","nicht erkennbar","nein","https://www.tiktok.com/@gebimair/video/7122906711152774405",22700,331,60,19,"Privat","nein","leger","nein","ja","nein","erkennbar","nein","https://www.tiktok.com/@gebimair/video/7243648459524328730",22900,319,145,96,"Privat","nein",NA,"nein","nein","nein","nicht erkennbar","nein","https://www.tiktok.com/@gebimair/video/7390739314381966625",15400,304,29,22,"Arbeit","nein","formal","nein","ja","nein","nicht erkennbar","nein"
"1.0 (2026-03-05)","doi:10.11587/BA1ORN","429","Person","Mair","Astrid","weiblich",1981,"ÖVP","Tirol","Landesregierung","nein",NA,"ja","ja",NA,NA,NA,NA,NA,NA,NA,NA,NA,NA,NA,NA,NA,NA,NA,NA,NA,NA,NA,NA,NA,NA,NA,NA,NA,NA,NA,NA,NA,NA,NA,NA,NA,NA,NA,NA,NA,NA,NA,NA,NA,NA,NA,NA,NA,NA,NA,NA,NA,NA,NA,NA,NA,NA,NA,NA,NA,NA,NA,NA,NA,NA,NA,NA,NA,NA,NA,NA,NA,NA,NA,NA,NA,NA,NA,NA,NA,NA,NA,NA,NA,NA,NA,NA,NA,NA,NA,NA,NA,NA,NA,NA,NA,NA,NA,NA,NA,NA,NA,NA,NA,NA,NA,NA,NA,NA,NA,NA,NA,NA,NA,NA,NA,NA,NA,NA,NA,NA,NA,NA,NA,NA,NA,NA,NA,NA,NA,NA,NA,NA,NA,NA,NA,NA,NA
"1.0 (2026-03-05)","doi:10.11587/BA1ORN","430","Person","Mair","Klaus","männlich",1977,"ÖVP","Österreich","Nationalrat","nein",NA,"ja","ja",NA,NA,NA,NA,NA,NA,NA,NA,NA,NA,NA,NA,NA,NA,NA,NA,NA,NA,NA,NA,NA,NA,NA,NA,NA,NA,NA,NA,NA,NA,NA,NA,NA,NA,NA,NA,NA,NA,NA,NA,NA,NA,NA,NA,NA,NA,NA,NA,NA,NA,NA,NA,NA,NA,NA,NA,NA,NA,NA,NA,NA,NA,NA,NA,NA,NA,NA,NA,NA,NA,NA,NA,NA,NA,NA,NA,NA,NA,NA,NA,NA,NA,NA,NA,NA,NA,NA,NA,NA,NA,NA,NA,NA,NA,NA,NA,NA,NA,NA,NA,NA,NA,NA,NA,NA,NA,NA,NA,NA,NA,NA,NA,NA,NA,NA,NA,NA,NA,NA,NA,NA,NA,NA,NA,NA,NA,NA,NA,NA,NA,NA,NA,NA,NA,NA
"1.0 (2026-03-05)","doi:10.11587/BA1ORN","431","Person","Mak","Hannes","männlich",1982,"ÖVP","Kärnten","Landtag","nein",NA,"ja","ja",NA,NA,NA,NA,NA,NA,NA,NA,NA,NA,NA,NA,NA,NA,NA,NA,NA,NA,NA,NA,NA,NA,NA,NA,NA,NA,NA,NA,NA,NA,NA,NA,NA,NA,NA,NA,NA,NA,NA,NA,NA,NA,NA,NA,NA,NA,NA,NA,NA,NA,NA,NA,NA,NA,NA,NA,NA,NA,NA,NA,NA,NA,NA,NA,NA,NA,NA,NA,NA,NA,NA,NA,NA,NA,NA,NA,NA,NA,NA,NA,NA,NA,NA,NA,NA,NA,NA,NA,NA,NA,NA,NA,NA,NA,NA,NA,NA,NA,NA,NA,NA,NA,NA,NA,NA,NA,NA,NA,NA,NA,NA,NA,NA,NA,NA,NA,NA,NA,NA,NA,NA,NA,NA,NA,NA,NA,NA,NA,NA,NA,NA,NA,NA,NA,NA
"1.0 (2026-03-05)","doi:10.11587/BA1ORN","432","Person","Malle","Markus","männlich",1971,"ÖVP","Kärnten","Landtag","ja","https://www.tiktok.com/@markus.malle","ja","ja",1204,1297,64,7238,NA,"https://www.tiktok.com/@markus.malle/video/7362074020692495649",26300,2337,407,635,"Privat","nein","formal","nein","nein","nein","nicht erkennbar","nein","https://www.tiktok.com/@markus.malle/video/7428155955638062369",37400,1825,17,113,"Privat","nein","formal","nein","ja","nein","nicht erkennbar","nein","https://www.tiktok.com/@markus.malle/video/7496864418362330390",74500,1464,129,90,"Privat","nein","formal","nein","nein","nein","nicht erkennbar","nein","https://www.tiktok.com/@markus.malle/video/7364365849316068640",5296,190,1,3,"Privat","nein",NA,"nein","ja","nein","nicht erkennbar","nein","https://www.tiktok.com/@markus.malle/video/7485673003116793110",6340,177,34,43,"Arbeit","nein","formal","nein","nein","nein","nicht erkennbar","nein","https://www.tiktok.com/@markus.malle/video/7434442969131781408",4244,75,6,13,"Arbeit","nein","formal","nein","nein","nein","nicht erkennbar","nein","https://www.tiktok.com/@markus.malle/video/7258649879440870682",2268,66,0,5,"Privat","nein",NA,"nein","nein","nein","nicht erkennbar","nein","https://www.tiktok.com/@markus.malle/video/7369544999484001568",2939,57,5,6,"Arbeit","nein","formal","nein","ja","nein","nicht erkennbar","nein","https://www.tiktok.com/@markus.malle/video/7378878090388213024",1187,54,2,1,"Privat","nein","formal","nein","ja","nein","nicht erkennbar","nein","https://www.tiktok.com/@markus.malle/video/7092781152011963654",292,50,0,0,"Privat","nein","leger","nein","nein","nein","nicht erkennbar","nein"
"1.0 (2026-03-05)","doi:10.11587/BA1ORN","433","Person","Malle","Julia","weiblich",1983,"GRÜNE","Wien","Landtag","nein",NA,"ja","ja",NA,NA,NA,NA,NA,NA,NA,NA,NA,NA,NA,NA,NA,NA,NA,NA,NA,NA,NA,NA,NA,NA,NA,NA,NA,NA,NA,NA,NA,NA,NA,NA,NA,NA,NA,NA,NA,NA,NA,NA,NA,NA,NA,NA,NA,NA,NA,NA,NA,NA,NA,NA,NA,NA,NA,NA,NA,NA,NA,NA,NA,NA,NA,NA,NA,NA,NA,NA,NA,NA,NA,NA,NA,NA,NA,NA,NA,NA,NA,NA,NA,NA,NA,NA,NA,NA,NA,NA,NA,NA,NA,NA,NA,NA,NA,NA,NA,NA,NA,NA,NA,NA,NA,NA,NA,NA,NA,NA,NA,NA,NA,NA,NA,NA,NA,NA,NA,NA,NA,NA,NA,NA,NA,NA,NA,NA,NA,NA,NA,NA,NA,NA,NA,NA,NA
"1.0 (2026-03-05)","doi:10.11587/BA1ORN","434","Person","Mandl","Lukas","männlich",1979,"ÖVP","EU","EP","ja","https://www.tiktok.com/@lukasmandl.eu","ja","ja",1623,1022,120,14400,"Österreichischer Europaabgeordneter","https://www.tiktok.com/@lukasmandl.eu/video/7352862661798923553",54300,4036,460,206,"Arbeit","nein","formal","nein","nein","nein","nicht erkennbar","nein","https://www.tiktok.com/@lukasmandl.eu/video/7351362925568838945",18300,1487,84,21,"Privat","nein","formal","nein","ja","nein","nicht erkennbar","ja","https://www.tiktok.com/@lukasmandl.eu/video/7351893392135163168",17300,1295,70,66,"Privat","nein","formal","nein","ja","nein","nicht erkennbar","ja","https://www.tiktok.com/@lukasmandl.eu/video/7352892444997848352",10900,747,37,2,"Arbeit","nein","formal","nein","ja","nein","nicht erkennbar","ja","https://www.tiktok.com/@lukasmandl.eu/video/7348369075669683488",8472,626,30,19,"Arbeit","nein","formal","nein","ja","nein","nicht erkennbar","ja","https://www.tiktok.com/@lukasmandl.eu/video/7353937941447675169",6856,467,22,29,"Arbeit","nein","formal","nein","nein","nein","nicht erkennbar","nein","https://www.tiktok.com/@lukasmandl.eu/video/7351110061537725729",4779,279,5,0,"Privat","nein","formal","nein","ja","nein","nicht erkennbar","ja","https://www.tiktok.com/@lukasmandl.eu/video/7348071803702594848",4663,261,2,4,"Arbeit","nein","formal","nein","ja","nein","nicht erkennbar","ja","https://www.tiktok.com/@lukasmandl.eu/video/7439785407971151136",3574,193,17,2,"Privat","nein","formal","nein","nein","nein","nicht erkennbar","nein","https://www.tiktok.com/@lukasmandl.eu/video/7352661896178208032",3766,189,4,0,"Arbeit","nein","formal","nein","ja","nein","nicht erkennbar","ja"
"1.0 (2026-03-05)","doi:10.11587/BA1ORN","435","Person","Manhal","Elisabeth","weiblich",1977,"ÖVP","Oberösterreich","Landtag","nein",NA,"ja","ja",NA,NA,NA,NA,NA,NA,NA,NA,NA,NA,NA,NA,NA,NA,NA,NA,NA,NA,NA,NA,NA,NA,NA,NA,NA,NA,NA,NA,NA,NA,NA,NA,NA,NA,NA,NA,NA,NA,NA,NA,NA,NA,NA,NA,NA,NA,NA,NA,NA,NA,NA,NA,NA,NA,NA,NA,NA,NA,NA,NA,NA,NA,NA,NA,NA,NA,NA,NA,NA,NA,NA,NA,NA,NA,NA,NA,NA,NA,NA,NA,NA,NA,NA,NA,NA,NA,NA,NA,NA,NA,NA,NA,NA,NA,NA,NA,NA,NA,NA,NA,NA,NA,NA,NA,NA,NA,NA,NA,NA,NA,NA,NA,NA,NA,NA,NA,NA,NA,NA,NA,NA,NA,NA,NA,NA,NA,NA,NA,NA,NA,NA,NA,NA,NA,NA
"1.0 (2026-03-05)","doi:10.11587/BA1ORN","436","Person","Marchetti","Nico","männlich",1990,"ÖVP","Österreich","Nationalrat","nein",NA,"ja","ja",NA,NA,NA,NA,NA,NA,NA,NA,NA,NA,NA,NA,NA,NA,NA,NA,NA,NA,NA,NA,NA,NA,NA,NA,NA,NA,NA,NA,NA,NA,NA,NA,NA,NA,NA,NA,NA,NA,NA,NA,NA,NA,NA,NA,NA,NA,NA,NA,NA,NA,NA,NA,NA,NA,NA,NA,NA,NA,NA,NA,NA,NA,NA,NA,NA,NA,NA,NA,NA,NA,NA,NA,NA,NA,NA,NA,NA,NA,NA,NA,NA,NA,NA,NA,NA,NA,NA,NA,NA,NA,NA,NA,NA,NA,NA,NA,NA,NA,NA,NA,NA,NA,NA,NA,NA,NA,NA,NA,NA,NA,NA,NA,NA,NA,NA,NA,NA,NA,NA,NA,NA,NA,NA,NA,NA,NA,NA,NA,NA,NA,NA,NA,NA,NA,NA
"1.0 (2026-03-05)","doi:10.11587/BA1ORN","437","Person","Margreiter","Doris","weiblich",1968,"SPÖ","Oberösterreich","Landtag","ja","https://www.tiktok.com/@dorismargreiter","ja","ja",429,983,9,360,"Landtagsabgeordnete der @SPÖ_Oberösterreich Bildung | Tourismus","https://www.tiktok.com/@dorismargreiter/video/7487896476979449110",2326,99,7,5,"Privat","nein","leger","nein","nein","nein","erkennbar","nein","https://www.tiktok.com/@dorismargreiter/video/7209188981978828037",1249,58,9,1,"Arbeit","nein","formal","ja","nein","nein","erkennbar","nein","https://www.tiktok.com/@dorismargreiter/video/7491293700593650966",1475,46,0,3,"Arbeit","nein","formal","nein","nein","nein","erkennbar","nein","https://www.tiktok.com/@dorismargreiter/video/7494723039158996246",2810,44,2,6,"Privat","nein","leger","nein","nein","nein","erkennbar","nein","https://www.tiktok.com/@dorismargreiter/video/7532569383852444950",2669,43,3,3,"Arbeit","nein","leger","nein","nein","nein","erkennbar","nein","https://www.tiktok.com/@dorismargreiter/video/7522567420180057366",2643,26,0,1,"Privat","nein","leger","nein","nein","nein","erkennbar","nein","https://www.tiktok.com/@dorismargreiter/photo/7499951168043355414",2239,20,0,1,"Privat","nein","formal","nein","ja","nein","erkennbar","nein","https://www.tiktok.com/@dorismargreiter/video/7501306903209807106",79,15,0,0,"Privat","nein","leger","nein","ja","nein","erkennbar","nein","https://www.tiktok.com/@dorismargreiter/video/7569156029582183702",325,7,1,1,"Privat","nein","leger","nein","ja","nein","erkennbar","nein",NA,NA,NA,NA,NA,NA,NA,NA,NA,NA,NA,NA,NA
"1.0 (2026-03-05)","doi:10.11587/BA1ORN","438","Person","Markut","Karl","männlich",1954,"Team Kärnten - Liste Köfer","Kärnten","Landtag","nein",NA,"nein","nein",NA,NA,NA,NA,NA,NA,NA,NA,NA,NA,NA,NA,NA,NA,NA,NA,NA,NA,NA,NA,NA,NA,NA,NA,NA,NA,NA,NA,NA,NA,NA,NA,NA,NA,NA,NA,NA,NA,NA,NA,NA,NA,NA,NA,NA,NA,NA,NA,NA,NA,NA,NA,NA,NA,NA,NA,NA,NA,NA,NA,NA,NA,NA,NA,NA,NA,NA,NA,NA,NA,NA,NA,NA,NA,NA,NA,NA,NA,NA,NA,NA,NA,NA,NA,NA,NA,NA,NA,NA,NA,NA,NA,NA,NA,NA,NA,NA,NA,NA,NA,NA,NA,NA,NA,NA,NA,NA,NA,NA,NA,NA,NA,NA,NA,NA,NA,NA,NA,NA,NA,NA,NA,NA,NA,NA,NA,NA,NA,NA,NA,NA,NA,NA,NA,NA
"1.0 (2026-03-05)","doi:10.11587/BA1ORN","439","Person","Marschik","Daniel","männlich",1995,"FPÖ","Tirol","Landtag","ja","https://www.tiktok.com/@danielmarschik","ja","ja",346,1153,3,283,"Abgeordneter zum Tiroler Landtag","https://www.tiktok.com/@danielmarschik/video/7389748493461572897",1662,151,8,15,"Arbeit","nein","formal","nein","nein","nein","erkennbar","nein","https://www.tiktok.com/@danielmarschik/video/7312323145774452001",504,87,4,8,"Arbeit","nein","formal","nein","nein","nein","erkennbar","nein","https://www.tiktok.com/@danielmarschik/video/7281507716349087009",1173,45,0,3,"Privat","ja","formal","nein","nein","nein","erkennbar","nein",NA,NA,NA,NA,NA,NA,NA,NA,NA,NA,NA,NA,NA,NA,NA,NA,NA,NA,NA,NA,NA,NA,NA,NA,NA,NA,NA,NA,NA,NA,NA,NA,NA,NA,NA,NA,NA,NA,NA,NA,NA,NA,NA,NA,NA,NA,NA,NA,NA,NA,NA,NA,NA,NA,NA,NA,NA,NA,NA,NA,NA,NA,NA,NA,NA,NA,NA,NA,NA,NA,NA,NA,NA,NA,NA,NA,NA,NA,NA,NA,NA,NA,NA,NA,NA,NA,NA,NA,NA,NA,NA
"1.0 (2026-03-05)","doi:10.11587/BA1ORN","440","Person","Marte","Veronika","weiblich",1982,"ÖVP","Vorarlberg","Landtag","nein",NA,"ja","ja",NA,NA,NA,NA,NA,NA,NA,NA,NA,NA,NA,NA,NA,NA,NA,NA,NA,NA,NA,NA,NA,NA,NA,NA,NA,NA,NA,NA,NA,NA,NA,NA,NA,NA,NA,NA,NA,NA,NA,NA,NA,NA,NA,NA,NA,NA,NA,NA,NA,NA,NA,NA,NA,NA,NA,NA,NA,NA,NA,NA,NA,NA,NA,NA,NA,NA,NA,NA,NA,NA,NA,NA,NA,NA,NA,NA,NA,NA,NA,NA,NA,NA,NA,NA,NA,NA,NA,NA,NA,NA,NA,NA,NA,NA,NA,NA,NA,NA,NA,NA,NA,NA,NA,NA,NA,NA,NA,NA,NA,NA,NA,NA,NA,NA,NA,NA,NA,NA,NA,NA,NA,NA,NA,NA,NA,NA,NA,NA,NA,NA,NA,NA,NA,NA,NA
"1.0 (2026-03-05)","doi:10.11587/BA1ORN","441","Person","Marterbauer","Markus","männlich",1965,"SPÖ","Österreich","Bundesregierung","nein",NA,"nein","nein",NA,NA,NA,NA,NA,NA,NA,NA,NA,NA,NA,NA,NA,NA,NA,NA,NA,NA,NA,NA,NA,NA,NA,NA,NA,NA,NA,NA,NA,NA,NA,NA,NA,NA,NA,NA,NA,NA,NA,NA,NA,NA,NA,NA,NA,NA,NA,NA,NA,NA,NA,NA,NA,NA,NA,NA,NA,NA,NA,NA,NA,NA,NA,NA,NA,NA,NA,NA,NA,NA,NA,NA,NA,NA,NA,NA,NA,NA,NA,NA,NA,NA,NA,NA,NA,NA,NA,NA,NA,NA,NA,NA,NA,NA,NA,NA,NA,NA,NA,NA,NA,NA,NA,NA,NA,NA,NA,NA,NA,NA,NA,NA,NA,NA,NA,NA,NA,NA,NA,NA,NA,NA,NA,NA,NA,NA,NA,NA,NA,NA,NA,NA,NA,NA,NA
"1.0 (2026-03-05)","doi:10.11587/BA1ORN","442","Person","Mattle","Anton","männlich",1963,"ÖVP","Tirol","Landesregierung","ja","https://www.tiktok.com/@anton_mattle","ja","ja",4357,149,297,78500,"Landeshauptmann von Tirol toniinformiert tonidabei teamtoni","https://www.tiktok.com/@anton_mattle/video/7404053194684370208",669100,6667,195,1757,"Privat","nein","leger","nein","nein","nein","nicht erkennbar","nein","https://www.tiktok.com/@anton_mattle/video/7415255063884533024",78300,3777,115,130,"Privat","nein",NA,"nein","nein","nein","nicht erkennbar","nein","https://www.tiktok.com/@anton_mattle/video/7429974681152736544",67700,3612,51,258,"Privat","nein",NA,"nein","nein","nein","nicht erkennbar","nein","https://www.tiktok.com/@anton_mattle/video/7366653390094388513",127200,2052,170,510,"Arbeit","nein","formal","nein","nein","nein","nicht erkennbar","nein","https://www.tiktok.com/@anton_mattle/video/7467238096086535446",33600,1496,99,138,"Arbeit","nein",NA,"nein","nein","nein","nicht erkennbar","nein","https://www.tiktok.com/@anton_mattle/video/7479153383744474390",28800,1467,31,183,"Privat","nein",NA,"nein","nein","nein","nicht erkennbar","nein","https://www.tiktok.com/@anton_mattle/video/7366222674009394465",55800,1422,40,52,"Privat","nein","formal","nein","nein","nein","nicht erkennbar","nein","https://www.tiktok.com/@anton_mattle/video/7468763448013327638",27300,1231,10,148,"Privat","nein",NA,"nein","nein","nein","nicht erkennbar","nein","https://www.tiktok.com/@anton_mattle/video/7522171746087177494",34700,1227,9,120,"Privat","nein","leger","nein","nein","nein","nicht erkennbar","nein","https://www.tiktok.com/@anton_mattle/video/7469026701264112918",2100,1128,32,87,"Privat","nein",NA,"nein","nein","nein","nicht erkennbar","nein"
"1.0 (2026-03-05)","doi:10.11587/BA1ORN","443","Person","Matznetter","Christoph","männlich",1959,"SPÖ","Österreich","Bundesrat","ja","https://www.tiktok.com/@c.matznetter","ja","ja",414,573,6,190,NA,"https://www.tiktok.com/@c.matznetter/video/7361901822954589473",1556,69,4,1,"Arbeit","nein","formal","nein","nein","nein","nicht erkennbar","nein","https://www.tiktok.com/@c.matznetter/video/7361901754553863457",837,32,1,0,"Arbeit","nein","formal","nein","nein","nein","nicht erkennbar","nein","https://www.tiktok.com/@c.matznetter/video/7361901907079712032",911,31,1,0,"Arbeit","nein","formal","nein","nein","nein","nicht erkennbar","nein","https://www.tiktok.com/@c.matznetter/video/7361901789513403681",903,27,3,0,"Arbeit","nein","formal","nein","nein","nein","nicht erkennbar","nein","https://www.tiktok.com/@c.matznetter/video/7361901222636293408",880,16,0,0,"Arbeit","nein","formal","nein","nein","nein","nicht erkennbar","nein","https://www.tiktok.com/@c.matznetter/video/7361901689185619232",333,15,0,0,"Arbeit","nein","formal","nein","nein","nein","nicht erkennbar","nein",NA,NA,NA,NA,NA,NA,NA,NA,NA,NA,NA,NA,NA,NA,NA,NA,NA,NA,NA,NA,NA,NA,NA,NA,NA,NA,NA,NA,NA,NA,NA,NA,NA,NA,NA,NA,NA,NA,NA,NA,NA,NA,NA,NA,NA,NA,NA,NA,NA,NA,NA,NA
"1.0 (2026-03-05)","doi:10.11587/BA1ORN","444","Person","Maurer","Markus","männlich",1970,"SPÖ","Salzburg","Landtag","nein",NA,"ja","ja",NA,NA,NA,NA,NA,NA,NA,NA,NA,NA,NA,NA,NA,NA,NA,NA,NA,NA,NA,NA,NA,NA,NA,NA,NA,NA,NA,NA,NA,NA,NA,NA,NA,NA,NA,NA,NA,NA,NA,NA,NA,NA,NA,NA,NA,NA,NA,NA,NA,NA,NA,NA,NA,NA,NA,NA,NA,NA,NA,NA,NA,NA,NA,NA,NA,NA,NA,NA,NA,NA,NA,NA,NA,NA,NA,NA,NA,NA,NA,NA,NA,NA,NA,NA,NA,NA,NA,NA,NA,NA,NA,NA,NA,NA,NA,NA,NA,NA,NA,NA,NA,NA,NA,NA,NA,NA,NA,NA,NA,NA,NA,NA,NA,NA,NA,NA,NA,NA,NA,NA,NA,NA,NA,NA,NA,NA,NA,NA,NA,NA,NA,NA,NA,NA,NA
"1.0 (2026-03-05)","doi:10.11587/BA1ORN","445","Person","Maurer","Sigrid","weiblich",1985,"GRÜNE","Österreich","Nationalrat","ja","https://www.tiktok.com/@sigi_maurer","ja","ja",3289,662,154,42700,"Stellvertretende Klubobfrau der Grünen","https://www.tiktok.com/@sigi_maurer/video/7499049531288440086",166600,3418,315,391,"Privat","ja","leger","nein","nein","nein","nicht erkennbar","nein","https://www.tiktok.com/@sigi_maurer/video/7332738778236243233",90300,2578,451,161,"Privat","nein","leger","nein","nein","nein","erkennbar","ja","https://www.tiktok.com/@sigi_maurer/video/7460125517228887318",57800,1788,17,85,"Arbeit","ja","formal","nein","nein","nein","nicht erkennbar","nein","https://www.tiktok.com/@sigi_maurer/video/7328704046032817440",19400,1450,135,29,"Privat","nein",NA,"nein","nein","nein","nicht erkennbar","nein","https://www.tiktok.com/@sigi_maurer/video/7417732441185553697",23500,1096,40,89,"Privat","ja","leger","nein","nein","nein","erkennbar","ja","https://www.tiktok.com/@sigi_maurer/video/7458271636555353366",39900,1044,205,51,"Privat","ja","leger","nein","nein","nein","nicht erkennbar","nein","https://www.tiktok.com/@sigi_maurer/video/7390361728204279072",18600,703,139,39,"Privat","nein","leger","nein","nein","nein","erkennbar","nein","https://www.tiktok.com/@sigi_maurer/video/7446735667989646615",39600,624,340,23,"Privat","ja","leger","nein","nein","nein","nicht erkennbar","nein","https://www.tiktok.com/@sigi_maurer/video/7353970226402266400",46500,502,187,212,"Privat","nein","leger","nein","ja","nein","nicht erkennbar","nein","https://www.tiktok.com/@sigi_maurer/video/7384847276927110432",29100,461,243,285,"Privat","ja","leger","nein","nein","nein","nicht erkennbar","nein"
"1.0 (2026-03-05)","doi:10.11587/BA1ORN","446","Person","Mautz","Andrea","weiblich",1976,"SPÖ","Wien","Landtag","nein",NA,"ja","ja",NA,NA,NA,NA,NA,NA,NA,NA,NA,NA,NA,NA,NA,NA,NA,NA,NA,NA,NA,NA,NA,NA,NA,NA,NA,NA,NA,NA,NA,NA,NA,NA,NA,NA,NA,NA,NA,NA,NA,NA,NA,NA,NA,NA,NA,NA,NA,NA,NA,NA,NA,NA,NA,NA,NA,NA,NA,NA,NA,NA,NA,NA,NA,NA,NA,NA,NA,NA,NA,NA,NA,NA,NA,NA,NA,NA,NA,NA,NA,NA,NA,NA,NA,NA,NA,NA,NA,NA,NA,NA,NA,NA,NA,NA,NA,NA,NA,NA,NA,NA,NA,NA,NA,NA,NA,NA,NA,NA,NA,NA,NA,NA,NA,NA,NA,NA,NA,NA,NA,NA,NA,NA,NA,NA,NA,NA,NA,NA,NA,NA,NA,NA,NA,NA,NA
"1.0 (2026-03-05)","doi:10.11587/BA1ORN","447","Person","Mayer","Georg","männlich",1973,"FPÖ","EU","EP","nein",NA,"ja","ja",NA,NA,NA,NA,NA,NA,NA,NA,NA,NA,NA,NA,NA,NA,NA,NA,NA,NA,NA,NA,NA,NA,NA,NA,NA,NA,NA,NA,NA,NA,NA,NA,NA,NA,NA,NA,NA,NA,NA,NA,NA,NA,NA,NA,NA,NA,NA,NA,NA,NA,NA,NA,NA,NA,NA,NA,NA,NA,NA,NA,NA,NA,NA,NA,NA,NA,NA,NA,NA,NA,NA,NA,NA,NA,NA,NA,NA,NA,NA,NA,NA,NA,NA,NA,NA,NA,NA,NA,NA,NA,NA,NA,NA,NA,NA,NA,NA,NA,NA,NA,NA,NA,NA,NA,NA,NA,NA,NA,NA,NA,NA,NA,NA,NA,NA,NA,NA,NA,NA,NA,NA,NA,NA,NA,NA,NA,NA,NA,NA,NA,NA,NA,NA,NA,NA
"1.0 (2026-03-05)","doi:10.11587/BA1ORN","448","Person","Mayer","Wolfgang","männlich",1978,"ÖVP","Salzburg","Landtag","nein",NA,"nein","ja",NA,NA,NA,NA,NA,NA,NA,NA,NA,NA,NA,NA,NA,NA,NA,NA,NA,NA,NA,NA,NA,NA,NA,NA,NA,NA,NA,NA,NA,NA,NA,NA,NA,NA,NA,NA,NA,NA,NA,NA,NA,NA,NA,NA,NA,NA,NA,NA,NA,NA,NA,NA,NA,NA,NA,NA,NA,NA,NA,NA,NA,NA,NA,NA,NA,NA,NA,NA,NA,NA,NA,NA,NA,NA,NA,NA,NA,NA,NA,NA,NA,NA,NA,NA,NA,NA,NA,NA,NA,NA,NA,NA,NA,NA,NA,NA,NA,NA,NA,NA,NA,NA,NA,NA,NA,NA,NA,NA,NA,NA,NA,NA,NA,NA,NA,NA,NA,NA,NA,NA,NA,NA,NA,NA,NA,NA,NA,NA,NA,NA,NA,NA,NA,NA,NA
"1.0 (2026-03-05)","doi:10.11587/BA1ORN","449","Person","Mayer","Lorenz","männlich",1995,"ÖVP","Wien","Landtag","nein",NA,"ja","nein",NA,NA,NA,NA,NA,NA,NA,NA,NA,NA,NA,NA,NA,NA,NA,NA,NA,NA,NA,NA,NA,NA,NA,NA,NA,NA,NA,NA,NA,NA,NA,NA,NA,NA,NA,NA,NA,NA,NA,NA,NA,NA,NA,NA,NA,NA,NA,NA,NA,NA,NA,NA,NA,NA,NA,NA,NA,NA,NA,NA,NA,NA,NA,NA,NA,NA,NA,NA,NA,NA,NA,NA,NA,NA,NA,NA,NA,NA,NA,NA,NA,NA,NA,NA,NA,NA,NA,NA,NA,NA,NA,NA,NA,NA,NA,NA,NA,NA,NA,NA,NA,NA,NA,NA,NA,NA,NA,NA,NA,NA,NA,NA,NA,NA,NA,NA,NA,NA,NA,NA,NA,NA,NA,NA,NA,NA,NA,NA,NA,NA,NA,NA,NA,NA,NA
"1.0 (2026-03-05)","doi:10.11587/BA1ORN","450","Person","Mayerl","Martin","männlich",1970,"ÖVP","Tirol","Landtag","nein",NA,"ja","ja",NA,NA,NA,NA,NA,NA,NA,NA,NA,NA,NA,NA,NA,NA,NA,NA,NA,NA,NA,NA,NA,NA,NA,NA,NA,NA,NA,NA,NA,NA,NA,NA,NA,NA,NA,NA,NA,NA,NA,NA,NA,NA,NA,NA,NA,NA,NA,NA,NA,NA,NA,NA,NA,NA,NA,NA,NA,NA,NA,NA,NA,NA,NA,NA,NA,NA,NA,NA,NA,NA,NA,NA,NA,NA,NA,NA,NA,NA,NA,NA,NA,NA,NA,NA,NA,NA,NA,NA,NA,NA,NA,NA,NA,NA,NA,NA,NA,NA,NA,NA,NA,NA,NA,NA,NA,NA,NA,NA,NA,NA,NA,NA,NA,NA,NA,NA,NA,NA,NA,NA,NA,NA,NA,NA,NA,NA,NA,NA,NA,NA,NA,NA,NA,NA,NA
"1.0 (2026-03-05)","doi:10.11587/BA1ORN","451","Person","Mayr","Severin","männlich",1979,"GRÜNE","Oberösterreich","Landtag","ja","https://www.tiktok.com/@severinmayr","nein","nein",116,1096,1,22,"Grün Oberösterreich Landtagsabgeordneter ️","https://www.tiktok.com/@severinmayr/video/7167316224647433478",1300,22,0,0,"Privat","ja","leger","nein","ja","nein","nicht erkennbar","nein",NA,NA,NA,NA,NA,NA,NA,NA,NA,NA,NA,NA,NA,NA,NA,NA,NA,NA,NA,NA,NA,NA,NA,NA,NA,NA,NA,NA,NA,NA,NA,NA,NA,NA,NA,NA,NA,NA,NA,NA,NA,NA,NA,NA,NA,NA,NA,NA,NA,NA,NA,NA,NA,NA,NA,NA,NA,NA,NA,NA,NA,NA,NA,NA,NA,NA,NA,NA,NA,NA,NA,NA,NA,NA,NA,NA,NA,NA,NA,NA,NA,NA,NA,NA,NA,NA,NA,NA,NA,NA,NA,NA,NA,NA,NA,NA,NA,NA,NA,NA,NA,NA,NA,NA,NA,NA,NA,NA,NA,NA,NA,NA,NA,NA,NA,NA,NA
"1.0 (2026-03-05)","doi:10.11587/BA1ORN","452","Person","Meichtry","Daniela","weiblich",1961,"SPÖ","Tirol","Landtag","nein",NA,"nein","ja",NA,NA,NA,NA,NA,NA,NA,NA,NA,NA,NA,NA,NA,NA,NA,NA,NA,NA,NA,NA,NA,NA,NA,NA,NA,NA,NA,NA,NA,NA,NA,NA,NA,NA,NA,NA,NA,NA,NA,NA,NA,NA,NA,NA,NA,NA,NA,NA,NA,NA,NA,NA,NA,NA,NA,NA,NA,NA,NA,NA,NA,NA,NA,NA,NA,NA,NA,NA,NA,NA,NA,NA,NA,NA,NA,NA,NA,NA,NA,NA,NA,NA,NA,NA,NA,NA,NA,NA,NA,NA,NA,NA,NA,NA,NA,NA,NA,NA,NA,NA,NA,NA,NA,NA,NA,NA,NA,NA,NA,NA,NA,NA,NA,NA,NA,NA,NA,NA,NA,NA,NA,NA,NA,NA,NA,NA,NA,NA,NA,NA,NA,NA,NA,NA,NA
"1.0 (2026-03-05)","doi:10.11587/BA1ORN","453","Person","Meidlinger","Christian","männlich",1963,"SPÖ","Wien","Landtag","nein",NA,"nein","nein",NA,NA,NA,NA,NA,NA,NA,NA,NA,NA,NA,NA,NA,NA,NA,NA,NA,NA,NA,NA,NA,NA,NA,NA,NA,NA,NA,NA,NA,NA,NA,NA,NA,NA,NA,NA,NA,NA,NA,NA,NA,NA,NA,NA,NA,NA,NA,NA,NA,NA,NA,NA,NA,NA,NA,NA,NA,NA,NA,NA,NA,NA,NA,NA,NA,NA,NA,NA,NA,NA,NA,NA,NA,NA,NA,NA,NA,NA,NA,NA,NA,NA,NA,NA,NA,NA,NA,NA,NA,NA,NA,NA,NA,NA,NA,NA,NA,NA,NA,NA,NA,NA,NA,NA,NA,NA,NA,NA,NA,NA,NA,NA,NA,NA,NA,NA,NA,NA,NA,NA,NA,NA,NA,NA,NA,NA,NA,NA,NA,NA,NA,NA,NA,NA,NA
"1.0 (2026-03-05)","doi:10.11587/BA1ORN","454","Person","Meinl-Reisinger","Beate","weiblich",1978,"NEOS","Österreich","Bundesregierung","ja","https://www.tiktok.com/@beatemeinlreisinger","ja","ja",2315,722,58,26200,"Hallo TikTok!","https://www.tiktok.com/@beatemeinlreisinger/video/7459345393348775190",53700,4051,40,202,"Arbeit","nein","formal","nein","ja","nein","nicht erkennbar","nein","https://www.tiktok.com/@beatemeinlreisinger/video/7409972175920205089",61600,3624,31,273,"Privat","nein","leger","nein","nein","nein","nicht erkennbar","nein","https://www.tiktok.com/@beatemeinlreisinger/video/7413320184397581601",46500,2770,38,199,"Privat","nein","formal","nein","ja","nein","erkennbar","ja","https://www.tiktok.com/@beatemeinlreisinger/video/7379547121013230881",50300,2470,24,173,"Arbeit","nein","formal","nein","nein","nein","erkennbar","ja","https://www.tiktok.com/@beatemeinlreisinger/video/7335018973303541025",26300,1172,68,61,"Arbeit","nein","formal","nein","nein","nein","nicht erkennbar","ja","https://www.tiktok.com/@beatemeinlreisinger/video/7447478884297198870",53400,1110,160,49,"Arbeit","nein","formal","nein","ja","nein","nicht erkennbar","nein","https://www.tiktok.com/@beatemeinlreisinger/video/7410440198611324192",30300,1080,118,108,"Arbeit","nein","formal","nein","nein","nein","nicht erkennbar","nein","https://www.tiktok.com/@beatemeinlreisinger/video/7378785158318542112",28700,927,60,20,"Arbeit","nein","formal","nein","ja","nein","erkennbar","nein","https://www.tiktok.com/@beatemeinlreisinger/video/7358779429792877856",39200,792,188,63,"Arbeit","nein","formal","nein","nein","nein","nicht erkennbar","ja","https://www.tiktok.com/@beatemeinlreisinger/video/7369496205988056353",27400,639,139,57,"Privat","nein","formal","nein","nein","nein","erkennbar","nein"
"1.0 (2026-03-05)","doi:10.11587/BA1ORN","455","Person","Meisl","Roland","männlich",1972,"SPÖ","Salzburg","Landtag","nein",NA,"nein","ja",NA,NA,NA,NA,NA,NA,NA,NA,NA,NA,NA,NA,NA,NA,NA,NA,NA,NA,NA,NA,NA,NA,NA,NA,NA,NA,NA,NA,NA,NA,NA,NA,NA,NA,NA,NA,NA,NA,NA,NA,NA,NA,NA,NA,NA,NA,NA,NA,NA,NA,NA,NA,NA,NA,NA,NA,NA,NA,NA,NA,NA,NA,NA,NA,NA,NA,NA,NA,NA,NA,NA,NA,NA,NA,NA,NA,NA,NA,NA,NA,NA,NA,NA,NA,NA,NA,NA,NA,NA,NA,NA,NA,NA,NA,NA,NA,NA,NA,NA,NA,NA,NA,NA,NA,NA,NA,NA,NA,NA,NA,NA,NA,NA,NA,NA,NA,NA,NA,NA,NA,NA,NA,NA,NA,NA,NA,NA,NA,NA,NA,NA,NA,NA,NA,NA
"1.0 (2026-03-05)","doi:10.11587/BA1ORN","456","Person","Meißl","Arnd","männlich",1968,"FPÖ","Steiermark","Landtag","nein",NA,"ja","ja",NA,NA,NA,NA,NA,NA,NA,NA,NA,NA,NA,NA,NA,NA,NA,NA,NA,NA,NA,NA,NA,NA,NA,NA,NA,NA,NA,NA,NA,NA,NA,NA,NA,NA,NA,NA,NA,NA,NA,NA,NA,NA,NA,NA,NA,NA,NA,NA,NA,NA,NA,NA,NA,NA,NA,NA,NA,NA,NA,NA,NA,NA,NA,NA,NA,NA,NA,NA,NA,NA,NA,NA,NA,NA,NA,NA,NA,NA,NA,NA,NA,NA,NA,NA,NA,NA,NA,NA,NA,NA,NA,NA,NA,NA,NA,NA,NA,NA,NA,NA,NA,NA,NA,NA,NA,NA,NA,NA,NA,NA,NA,NA,NA,NA,NA,NA,NA,NA,NA,NA,NA,NA,NA,NA,NA,NA,NA,NA,NA,NA,NA,NA,NA,NA,NA
"1.0 (2026-03-05)","doi:10.11587/BA1ORN","457","Person","Melinz","Alexander","männlich",1989,"KPÖ","Steiermark","Landtag","ja","https://www.tiktok.com/@alex.melinz","ja","ja",503,194,33,5312,"Landesparteivorsitzender und Landtagsabgeordneter der KPÖ Steiermark","https://www.tiktok.com/@alex.melinz/video/7567366800409775382",6326,1023,36,85,"Arbeit","nein","formal","nein","nein","nein","erkennbar","nein","https://www.tiktok.com/@alex.melinz/video/7576670080348474646",7564,481,65,379,"Privat","nein","leger","ja","nein","nein","erkennbar","nein","https://www.tiktok.com/@alex.melinz/video/7522493281624657174",4378,454,53,29,"Arbeit","nein","formal","nein","nein","nein","erkennbar","nein","https://www.tiktok.com/@alex.melinz/video/7580012041876884758",4599,289,95,47,"Privat","nein","leger","ja","nein","nein","erkennbar","nein","https://www.tiktok.com/@alex.melinz/video/7580749357201231126",3204,285,21,225,"Arbeit","nein","formal","nein","nein","nein","erkennbar","nein","https://www.tiktok.com/@alex.melinz/video/7575200921299340566",13400,252,66,19,"Privat","nein","leger","nein","nein","nein","erkennbar","nein","https://www.tiktok.com/@alex.melinz/video/7565463683875261718",3671,206,9,12,"Arbeit","nein","formal","nein","ja","nein","erkennbar","ja","https://www.tiktok.com/@alex.melinz/video/7525533819898826006",1236,167,4,18,"Arbeit","nein","formal","nein","ja","nein","erkennbar","ja","https://www.tiktok.com/@alex.melinz/video/7520266699526982934",1020,144,8,32,"Arbeit","nein","formal","nein","nein","nein","erkennbar","nein","https://www.tiktok.com/@alex.melinz/video/7562550102217215254",2017,140,18,17,"Privat","ja","leger","nein","nein","nein","erkennbar","nein"
"1.0 (2026-03-05)","doi:10.11587/BA1ORN","458","Person","Mertel","Manfred","männlich",1954,"SPÖ","Österreich","Bundesrat","nein",NA,"nein","nein",NA,NA,NA,NA,NA,NA,NA,NA,NA,NA,NA,NA,NA,NA,NA,NA,NA,NA,NA,NA,NA,NA,NA,NA,NA,NA,NA,NA,NA,NA,NA,NA,NA,NA,NA,NA,NA,NA,NA,NA,NA,NA,NA,NA,NA,NA,NA,NA,NA,NA,NA,NA,NA,NA,NA,NA,NA,NA,NA,NA,NA,NA,NA,NA,NA,NA,NA,NA,NA,NA,NA,NA,NA,NA,NA,NA,NA,NA,NA,NA,NA,NA,NA,NA,NA,NA,NA,NA,NA,NA,NA,NA,NA,NA,NA,NA,NA,NA,NA,NA,NA,NA,NA,NA,NA,NA,NA,NA,NA,NA,NA,NA,NA,NA,NA,NA,NA,NA,NA,NA,NA,NA,NA,NA,NA,NA,NA,NA,NA,NA,NA,NA,NA,NA,NA
"1.0 (2026-03-05)","doi:10.11587/BA1ORN","459","Person","Michlmayr","Lukas","männlich",1987,"ÖVP","Niederösterreich","Landtag","nein",NA,"ja","ja",NA,NA,NA,NA,NA,NA,NA,NA,NA,NA,NA,NA,NA,NA,NA,NA,NA,NA,NA,NA,NA,NA,NA,NA,NA,NA,NA,NA,NA,NA,NA,NA,NA,NA,NA,NA,NA,NA,NA,NA,NA,NA,NA,NA,NA,NA,NA,NA,NA,NA,NA,NA,NA,NA,NA,NA,NA,NA,NA,NA,NA,NA,NA,NA,NA,NA,NA,NA,NA,NA,NA,NA,NA,NA,NA,NA,NA,NA,NA,NA,NA,NA,NA,NA,NA,NA,NA,NA,NA,NA,NA,NA,NA,NA,NA,NA,NA,NA,NA,NA,NA,NA,NA,NA,NA,NA,NA,NA,NA,NA,NA,NA,NA,NA,NA,NA,NA,NA,NA,NA,NA,NA,NA,NA,NA,NA,NA,NA,NA,NA,NA,NA,NA,NA,NA
"1.0 (2026-03-05)","doi:10.11587/BA1ORN","460","Person","Miesenberger","Johanna","weiblich",1974,"ÖVP","Österreich","Bundesrat","ja","https://www.tiktok.com/@johannamiesenberger","ja","ja",148,1050,3,44,NA,"https://www.tiktok.com/@johannamiesenberger/video/7205095522443595013",1069,20,0,0,NA,NA,NA,"nein","ja",NA,"nicht erkennbar","nein","https://www.tiktok.com/@johannamiesenberger/video/7189358094198148357",1024,14,0,0,"Arbeit","nein","formal","nein","ja","nein","nicht erkennbar","nein","https://www.tiktok.com/@johannamiesenberger/video/7184328762010438918",1092,10,1,0,NA,NA,NA,"nein","ja","nein","nicht erkennbar","nein",NA,NA,NA,NA,NA,NA,NA,NA,NA,NA,NA,NA,NA,NA,NA,NA,NA,NA,NA,NA,NA,NA,NA,NA,NA,NA,NA,NA,NA,NA,NA,NA,NA,NA,NA,NA,NA,NA,NA,NA,NA,NA,NA,NA,NA,NA,NA,NA,NA,NA,NA,NA,NA,NA,NA,NA,NA,NA,NA,NA,NA,NA,NA,NA,NA,NA,NA,NA,NA,NA,NA,NA,NA,NA,NA,NA,NA,NA,NA,NA,NA,NA,NA,NA,NA,NA,NA,NA,NA,NA,NA
"1.0 (2026-03-05)","doi:10.11587/BA1ORN","461","Person","Mikl-Leitner","Johanna","weiblich",1964,"ÖVP","Niederösterreich","Landesregierung","ja","https://www.tiktok.com/@johanna.mikl.leitner","ja","ja",1867,1376,28,6446,"Landeshauptfrau von Niederösterreich","https://www.tiktok.com/@johanna.mikl.leitner/video/7099084161666895109",118700,3186,48,58,"Privat","nein","formal","nein","nein","nein","nicht erkennbar","nein","https://www.tiktok.com/@johanna.mikl.leitner/video/7076039856769584390",5022,343,3,4,"Privat","nein","leger","nein","nein","nein","nicht erkennbar","nein","https://www.tiktok.com/@johanna.mikl.leitner/video/7065201354163195142",13900,210,29,153,"Arbeit","nein","formal","nein","ja","nein","nicht erkennbar","nein","https://www.tiktok.com/@johanna.mikl.leitner/video/7122401069824609541",10200,176,72,26,"Arbeit","nein","formal","nein","ja","nein","nicht erkennbar","nein","https://www.tiktok.com/@johanna.mikl.leitner/video/7067917201600187654",5430,175,4,17,"Arbeit","nein","formal","nein","nein","nein","nicht erkennbar","nein","https://www.tiktok.com/@johanna.mikl.leitner/video/7136142887292652805",9695,154,4,5,"Arbeit","nein","formal","nein","nein","nein","nicht erkennbar","nein","https://www.tiktok.com/@johanna.mikl.leitner/video/7089415413393526021",7679,137,8,9,"Privat","nein","leger","nein","ja","nein","nicht erkennbar","nein","https://www.tiktok.com/@johanna.mikl.leitner/video/7085228846630423813",4731,132,12,10,"Privat","nein","leger","nein","nein","nein","nicht erkennbar","nein","https://www.tiktok.com/@johanna.mikl.leitner/video/7098716004871638277",3360,127,9,4,"Arbeit","nein","formal","nein","ja","nein","nicht erkennbar","nein","https://www.tiktok.com/@johanna.mikl.leitner/video/7074980114680810757",5723,126,10,7,"Privat","nein","formal","nein","ja","nein","nicht erkennbar","nein"
"1.0 (2026-03-05)","doi:10.11587/BA1ORN","462","Person","Minnich","Andreas","männlich",1974,"ÖVP","Österreich","Nationalrat","ja","https://www.tiktok.com/@andreas.minnich","ja","ja",183,651,3,49,"Unternehmer im Modehandel und Politiker","https://www.tiktok.com/@andreas.minnich/video/7332822913483148576",547,21,2,0,"Privat","ja","formal","nein","nein","nein","nicht erkennbar","nein","https://www.tiktok.com/@andreas.minnich/video/7332821107004689697",217,17,0,0,"Privat","ja","leger","nein","nein","nein","nicht erkennbar","nein","https://www.tiktok.com/@andreas.minnich/video/7332399315689721121",153,11,0,0,NA,NA,"formal","nein","ja","nein","nicht erkennbar","nein",NA,NA,NA,NA,NA,NA,NA,NA,NA,NA,NA,NA,NA,NA,NA,NA,NA,NA,NA,NA,NA,NA,NA,NA,NA,NA,NA,NA,NA,NA,NA,NA,NA,NA,NA,NA,NA,NA,NA,NA,NA,NA,NA,NA,NA,NA,NA,NA,NA,NA,NA,NA,NA,NA,NA,NA,NA,NA,NA,NA,NA,NA,NA,NA,NA,NA,NA,NA,NA,NA,NA,NA,NA,NA,NA,NA,NA,NA,NA,NA,NA,NA,NA,NA,NA,NA,NA,NA,NA,NA,NA
"1.0 (2026-03-05)","doi:10.11587/BA1ORN","463","Person","Moitzi","Wolfgang","männlich",1984,"SPÖ","Österreich","Nationalrat","ja","https://www.tiktok.com/@wmoitzi","ja","ja",635,1131,44,2438,"️ Nationalratsabgeordneter Sozialdemokrat Bergliebhaber ️ Obersteirer","https://www.tiktok.com/@wmoitzi/video/7456789779808554242?is_from_webapp=1&sender_device=pc&web_id=7571410377348728342",6172,183,61,37,NA,NA,NA,"nein","ja",NA,"nicht erkennbar","nein","https://www.tiktok.com/@wmoitzi/video/7407296351727389985?is_from_webapp=1&sender_device=pc&web_id=7571410377348728342",8944,175,61,9,"Privat","nein","leger","ja","nein","ja","nicht erkennbar","nein","https://www.tiktok.com/@wmoitzi/video/7174042939658685702?is_from_webapp=1&sender_device=pc&web_id=7571410377348728342",3233,130,4,8,"Arbeit","nein","formal","ja","nein","nein","erkennbar","nein","https://www.tiktok.com/@wmoitzi/video/7561037733062298902?is_from_webapp=1&sender_device=pc&web_id=7571410377348728342",3995,126,0,7,"Privat","nein","formal","nein","ja","nein","nicht erkennbar","nein","https://www.tiktok.com/@wmoitzi/video/7410278691852356897?is_from_webapp=1&sender_device=pc&web_id=7571410377348728342",2240,122,3,4,"Privat","nein","leger","nein","ja","nein","erkennbar","nein","https://www.tiktok.com/@wmoitzi/video/7384739387453623585?is_from_webapp=1&sender_device=pc&web_id=7571410377348728342",1979,114,0,1,"Privat","nein","leger","nein","nein","nein","nicht erkennbar","nein","https://www.tiktok.com/@wmoitzi/video/7245120371244928282?is_from_webapp=1&sender_device=pc&web_id=7571410377348728342",2222,102,2,6,"Arbeit","nein","leger","ja","nein","nein","erkennbar","nein","https://www.tiktok.com/@wmoitzi/video/7426774273521388833?is_from_webapp=1&sender_device=pc&web_id=7571410377348728342",3266,86,16,3,"Arbeit","nein","formal","nein","nein","nein","erkennbar","nein","https://www.tiktok.com/@wmoitzi/video/7518121535131913494?is_from_webapp=1&sender_device=pc&web_id=7571410377348728342",1914,83,21,0,"Arbeit","nein","formal","nein","nein","nein","nicht erkennbar","nein","https://www.tiktok.com/@wmoitzi/video/7226423051506814235?is_from_webapp=1&sender_device=pc&web_id=7571410377348728342",1276,74,1,0,"Arbeit","nein","formal","nein","nein","nein","nicht erkennbar","nein"
"1.0 (2026-03-05)","doi:10.11587/BA1ORN","464","Person","Mold","Franz","männlich",1962,"ÖVP","Niederösterreich","Landtag","ja","https://www.tiktok.com/@team.bgm.franz.mo","ja","ja",27,153,18,471,NA,"https://www.tiktok.com/@team.bgm.franz.mo/video/7551717326199033110",22800,226,49,38,"Arbeit","nein","formal","nein","nein","nein","nicht erkennbar","nein","https://www.tiktok.com/@team.bgm.franz.mo/video/7518238103811771670",7566,139,1,7,"Arbeit","nein","formal","nein","nein","nein","nicht erkennbar","nein","https://www.tiktok.com/@team.bgm.franz.mo/photo/7541722349100338454",419,3,0,0,"Arbeit","nein","formal","nein","ja","nein","nicht erkennbar","nein",NA,NA,NA,NA,NA,NA,NA,NA,NA,NA,NA,NA,NA,NA,NA,NA,NA,NA,NA,NA,NA,NA,NA,NA,NA,NA,NA,NA,NA,NA,NA,NA,NA,NA,NA,NA,NA,NA,NA,NA,NA,NA,NA,NA,NA,NA,NA,NA,NA,NA,NA,NA,NA,NA,NA,NA,NA,NA,NA,NA,NA,NA,NA,NA,NA,NA,NA,NA,NA,NA,NA,NA,NA,NA,NA,NA,NA,NA,NA,NA,NA,NA,NA,NA,NA,NA,NA,NA,NA,NA,NA
"1.0 (2026-03-05)","doi:10.11587/BA1ORN","465","Person","Moser","Silvia","weiblich",1965,"GRÜNE","Niederösterreich","Landtag","nein",NA,"ja","ja",NA,NA,NA,NA,NA,NA,NA,NA,NA,NA,NA,NA,NA,NA,NA,NA,NA,NA,NA,NA,NA,NA,NA,NA,NA,NA,NA,NA,NA,NA,NA,NA,NA,NA,NA,NA,NA,NA,NA,NA,NA,NA,NA,NA,NA,NA,NA,NA,NA,NA,NA,NA,NA,NA,NA,NA,NA,NA,NA,NA,NA,NA,NA,NA,NA,NA,NA,NA,NA,NA,NA,NA,NA,NA,NA,NA,NA,NA,NA,NA,NA,NA,NA,NA,NA,NA,NA,NA,NA,NA,NA,NA,NA,NA,NA,NA,NA,NA,NA,NA,NA,NA,NA,NA,NA,NA,NA,NA,NA,NA,NA,NA,NA,NA,NA,NA,NA,NA,NA,NA,NA,NA,NA,NA,NA,NA,NA,NA,NA,NA,NA,NA,NA,NA,NA
"1.0 (2026-03-05)","doi:10.11587/BA1ORN","466","Person","Muchitsch","Josef","männlich",1967,"SPÖ","Österreich","Nationalrat","nein",NA,"ja","ja",NA,NA,NA,NA,NA,NA,NA,NA,NA,NA,NA,NA,NA,NA,NA,NA,NA,NA,NA,NA,NA,NA,NA,NA,NA,NA,NA,NA,NA,NA,NA,NA,NA,NA,NA,NA,NA,NA,NA,NA,NA,NA,NA,NA,NA,NA,NA,NA,NA,NA,NA,NA,NA,NA,NA,NA,NA,NA,NA,NA,NA,NA,NA,NA,NA,NA,NA,NA,NA,NA,NA,NA,NA,NA,NA,NA,NA,NA,NA,NA,NA,NA,NA,NA,NA,NA,NA,NA,NA,NA,NA,NA,NA,NA,NA,NA,NA,NA,NA,NA,NA,NA,NA,NA,NA,NA,NA,NA,NA,NA,NA,NA,NA,NA,NA,NA,NA,NA,NA,NA,NA,NA,NA,NA,NA,NA,NA,NA,NA,NA,NA,NA,NA,NA,NA
"1.0 (2026-03-05)","doi:10.11587/BA1ORN","467","Person","Muthsam","Amelie","weiblich",2002,"SPÖ","Österreich","Bundesrat","ja","https://www.tiktok.com/@amelie.muthsam","ja","ja",1034,174,39,48500,"Vorsitzende SJNÖ Jüngste im Parlament - Bundesrätin aus NÖ ️ Krems/Donau","https://www.tiktok.com/@amelie.muthsam/video/7555957652912655638",103600,30400,130,1992,"Arbeit","nein","formal","nein","ja","nein","nicht erkennbar","nein","https://www.tiktok.com/@amelie.muthsam/video/7537763953863052566",36500,7043,57,120,"Privat","nein","formal","nein","ja","nein","nicht erkennbar","nein","https://www.tiktok.com/@amelie.muthsam/video/7516188519052692758",12900,1898,16,61,"Privat","nein","leger","nein","ja","nein","nicht erkennbar","nein","https://www.tiktok.com/@amelie.muthsam/photo/7509499178830056726",36700,1856,73,76,"Arbeit","nein","formal","nein","ja","nein","nicht erkennbar","ja","https://www.tiktok.com/@amelie.muthsam/video/7510728318606478614",13100,1053,15,11,"Privat","nein","leger","nein","ja","nein","nicht erkennbar","ja","https://www.tiktok.com/@amelie.muthsam/video/7533217140766264598",7066,848,12,49,"Arbeit","nein","formal","nein","nein","nein","nicht erkennbar","nein","https://www.tiktok.com/@amelie.muthsam/video/7554464511382621462",9048,663,1,0,"Privat","nein","formal","nein","ja","nein","nicht erkennbar","nein","https://www.tiktok.com/@amelie.muthsam/video/7528157194840231190",8245,437,7,17,"Arbeit","nein","formal","nein","ja","nein","nicht erkennbar","ja","https://www.tiktok.com/@amelie.muthsam/video/7550751593491205398",4868,327,6,7,"Arbeit","nein","formal","nein","ja","nein","nicht erkennbar","ja","https://www.tiktok.com/@amelie.muthsam/video/7510977909591608578",7164,315,13,22,"Arbeit","nein","formal","nein","nein","nein","nicht erkennbar","nein"
"1.0 (2026-03-05)","doi:10.11587/BA1ORN","468","Person","Mölzer","Wendelin","männlich",1980,"FPÖ","Österreich","Nationalrat","nein",NA,"nein","ja",NA,NA,NA,NA,NA,NA,NA,NA,NA,NA,NA,NA,NA,NA,NA,NA,NA,NA,NA,NA,NA,NA,NA,NA,NA,NA,NA,NA,NA,NA,NA,NA,NA,NA,NA,NA,NA,NA,NA,NA,NA,NA,NA,NA,NA,NA,NA,NA,NA,NA,NA,NA,NA,NA,NA,NA,NA,NA,NA,NA,NA,NA,NA,NA,NA,NA,NA,NA,NA,NA,NA,NA,NA,NA,NA,NA,NA,NA,NA,NA,NA,NA,NA,NA,NA,NA,NA,NA,NA,NA,NA,NA,NA,NA,NA,NA,NA,NA,NA,NA,NA,NA,NA,NA,NA,NA,NA,NA,NA,NA,NA,NA,NA,NA,NA,NA,NA,NA,NA,NA,NA,NA,NA,NA,NA,NA,NA,NA,NA,NA,NA,NA,NA,NA,NA
"1.0 (2026-03-05)","doi:10.11587/BA1ORN","469","Person","Mörth","Robert","männlich",1983,"FPÖ","Steiermark","Landtag","nein",NA,"ja","ja",NA,NA,NA,NA,NA,NA,NA,NA,NA,NA,NA,NA,NA,NA,NA,NA,NA,NA,NA,NA,NA,NA,NA,NA,NA,NA,NA,NA,NA,NA,NA,NA,NA,NA,NA,NA,NA,NA,NA,NA,NA,NA,NA,NA,NA,NA,NA,NA,NA,NA,NA,NA,NA,NA,NA,NA,NA,NA,NA,NA,NA,NA,NA,NA,NA,NA,NA,NA,NA,NA,NA,NA,NA,NA,NA,NA,NA,NA,NA,NA,NA,NA,NA,NA,NA,NA,NA,NA,NA,NA,NA,NA,NA,NA,NA,NA,NA,NA,NA,NA,NA,NA,NA,NA,NA,NA,NA,NA,NA,NA,NA,NA,NA,NA,NA,NA,NA,NA,NA,NA,NA,NA,NA,NA,NA,NA,NA,NA,NA,NA,NA,NA,NA,NA,NA
"1.0 (2026-03-05)","doi:10.11587/BA1ORN","470","Person","Mühlbacher","Klaus","männlich",1971,"ÖVP","Oberösterreich","Landtag","nein",NA,"ja","ja",NA,NA,NA,NA,NA,NA,NA,NA,NA,NA,NA,NA,NA,NA,NA,NA,NA,NA,NA,NA,NA,NA,NA,NA,NA,NA,NA,NA,NA,NA,NA,NA,NA,NA,NA,NA,NA,NA,NA,NA,NA,NA,NA,NA,NA,NA,NA,NA,NA,NA,NA,NA,NA,NA,NA,NA,NA,NA,NA,NA,NA,NA,NA,NA,NA,NA,NA,NA,NA,NA,NA,NA,NA,NA,NA,NA,NA,NA,NA,NA,NA,NA,NA,NA,NA,NA,NA,NA,NA,NA,NA,NA,NA,NA,NA,NA,NA,NA,NA,NA,NA,NA,NA,NA,NA,NA,NA,NA,NA,NA,NA,NA,NA,NA,NA,NA,NA,NA,NA,NA,NA,NA,NA,NA,NA,NA,NA,NA,NA,NA,NA,NA,NA,NA,NA
"1.0 (2026-03-05)","doi:10.11587/BA1ORN","471","Person","Mühlberghuber","Edith","weiblich",1964,"FPÖ","Niederösterreich","Landtag","nein",NA,"ja","ja",NA,NA,NA,NA,NA,NA,NA,NA,NA,NA,NA,NA,NA,NA,NA,NA,NA,NA,NA,NA,NA,NA,NA,NA,NA,NA,NA,NA,NA,NA,NA,NA,NA,NA,NA,NA,NA,NA,NA,NA,NA,NA,NA,NA,NA,NA,NA,NA,NA,NA,NA,NA,NA,NA,NA,NA,NA,NA,NA,NA,NA,NA,NA,NA,NA,NA,NA,NA,NA,NA,NA,NA,NA,NA,NA,NA,NA,NA,NA,NA,NA,NA,NA,NA,NA,NA,NA,NA,NA,NA,NA,NA,NA,NA,NA,NA,NA,NA,NA,NA,NA,NA,NA,NA,NA,NA,NA,NA,NA,NA,NA,NA,NA,NA,NA,NA,NA,NA,NA,NA,NA,NA,NA,NA,NA,NA,NA,NA,NA,NA,NA,NA,NA,NA,NA
"1.0 (2026-03-05)","doi:10.11587/BA1ORN","472","Person","Müller","Manuel","männlich",1979,"SPÖ","Kärnten","Landtag","ja","https://www.tiktok.com/@manuelmueller21","ja","ja",421,991,1,254,NA,"https://www.tiktok.com/@manuelmueller21/video/7206238372862496006",4410,254,7,45,"Privat","nein","formal","nein","ja","nein","nicht erkennbar","nein",NA,NA,NA,NA,NA,NA,NA,NA,NA,NA,NA,NA,NA,NA,NA,NA,NA,NA,NA,NA,NA,NA,NA,NA,NA,NA,NA,NA,NA,NA,NA,NA,NA,NA,NA,NA,NA,NA,NA,NA,NA,NA,NA,NA,NA,NA,NA,NA,NA,NA,NA,NA,NA,NA,NA,NA,NA,NA,NA,NA,NA,NA,NA,NA,NA,NA,NA,NA,NA,NA,NA,NA,NA,NA,NA,NA,NA,NA,NA,NA,NA,NA,NA,NA,NA,NA,NA,NA,NA,NA,NA,NA,NA,NA,NA,NA,NA,NA,NA,NA,NA,NA,NA,NA,NA,NA,NA,NA,NA,NA,NA,NA,NA,NA,NA,NA,NA
"1.0 (2026-03-05)","doi:10.11587/BA1ORN","473","Person","Müller","Christoph","männlich",1998,"NEOS","Niederösterreich","Landtag","ja","https://www.tiktok.com/@chrisi.mueller","ja","ja",281,537,5,175,"| p’dorf Was mit Politik bei @neos_eu Kämpft für","https://www.tiktok.com/@chrisi.mueller/video/7463878586714361110",2178,88,4,0,"Arbeit","nein","leger","nein","nein","nein","nicht erkennbar","nein","https://www.tiktok.com/@chrisi.mueller/video/7375058413199379745",743,35,1,3,"Arbeit","nein","formal","nein","nein","nein","nicht erkennbar","nein","https://www.tiktok.com/@chrisi.mueller/video/7374831379164515616",1041,35,1,1,"Arbeit","nein","formal","ja","nein","nein","nicht erkennbar","nein","https://www.tiktok.com/@chrisi.mueller/video/7377456248037379361",394,13,0,0,"Arbeit","nein","formal","ja","nein","nein","erkennbar","nein",NA,NA,NA,NA,NA,NA,NA,NA,NA,NA,NA,NA,NA,NA,NA,NA,NA,NA,NA,NA,NA,NA,NA,NA,NA,NA,NA,NA,NA,NA,NA,NA,NA,NA,NA,NA,NA,NA,NA,NA,NA,NA,NA,NA,NA,NA,NA,NA,NA,NA,NA,NA,NA,NA,NA,NA,NA,NA,NA,NA,NA,NA,NA,NA,NA,NA,NA,NA,NA,NA,NA,NA,NA,NA,NA,NA,NA,NA
"1.0 (2026-03-05)","doi:10.11587/BA1ORN","474","Person","Naderer","Josef","männlich",1971,"ÖVP","Oberösterreich","Landtag","nein",NA,"ja","ja",NA,NA,NA,NA,NA,NA,NA,NA,NA,NA,NA,NA,NA,NA,NA,NA,NA,NA,NA,NA,NA,NA,NA,NA,NA,NA,NA,NA,NA,NA,NA,NA,NA,NA,NA,NA,NA,NA,NA,NA,NA,NA,NA,NA,NA,NA,NA,NA,NA,NA,NA,NA,NA,NA,NA,NA,NA,NA,NA,NA,NA,NA,NA,NA,NA,NA,NA,NA,NA,NA,NA,NA,NA,NA,NA,NA,NA,NA,NA,NA,NA,NA,NA,NA,NA,NA,NA,NA,NA,NA,NA,NA,NA,NA,NA,NA,NA,NA,NA,NA,NA,NA,NA,NA,NA,NA,NA,NA,NA,NA,NA,NA,NA,NA,NA,NA,NA,NA,NA,NA,NA,NA,NA,NA,NA,NA,NA,NA,NA,NA,NA,NA,NA,NA,NA
"1.0 (2026-03-05)","doi:10.11587/BA1ORN","475","Person","Nell","Michael","männlich",1982,"ÖVP","Oberösterreich","Landtag","nein",NA,"nein","nein",NA,NA,NA,NA,NA,NA,NA,NA,NA,NA,NA,NA,NA,NA,NA,NA,NA,NA,NA,NA,NA,NA,NA,NA,NA,NA,NA,NA,NA,NA,NA,NA,NA,NA,NA,NA,NA,NA,NA,NA,NA,NA,NA,NA,NA,NA,NA,NA,NA,NA,NA,NA,NA,NA,NA,NA,NA,NA,NA,NA,NA,NA,NA,NA,NA,NA,NA,NA,NA,NA,NA,NA,NA,NA,NA,NA,NA,NA,NA,NA,NA,NA,NA,NA,NA,NA,NA,NA,NA,NA,NA,NA,NA,NA,NA,NA,NA,NA,NA,NA,NA,NA,NA,NA,NA,NA,NA,NA,NA,NA,NA,NA,NA,NA,NA,NA,NA,NA,NA,NA,NA,NA,NA,NA,NA,NA,NA,NA,NA,NA,NA,NA,NA,NA,NA
"1.0 (2026-03-05)","doi:10.11587/BA1ORN","476","Person","Nemeth","Norbert","männlich",1969,"FPÖ","Österreich","Nationalrat","nein",NA,"nein","nein",NA,NA,NA,NA,NA,NA,NA,NA,NA,NA,NA,NA,NA,NA,NA,NA,NA,NA,NA,NA,NA,NA,NA,NA,NA,NA,NA,NA,NA,NA,NA,NA,NA,NA,NA,NA,NA,NA,NA,NA,NA,NA,NA,NA,NA,NA,NA,NA,NA,NA,NA,NA,NA,NA,NA,NA,NA,NA,NA,NA,NA,NA,NA,NA,NA,NA,NA,NA,NA,NA,NA,NA,NA,NA,NA,NA,NA,NA,NA,NA,NA,NA,NA,NA,NA,NA,NA,NA,NA,NA,NA,NA,NA,NA,NA,NA,NA,NA,NA,NA,NA,NA,NA,NA,NA,NA,NA,NA,NA,NA,NA,NA,NA,NA,NA,NA,NA,NA,NA,NA,NA,NA,NA,NA,NA,NA,NA,NA,NA,NA,NA,NA,NA,NA,NA
"1.0 (2026-03-05)","doi:10.11587/BA1ORN","477","Person","Nepp","Dominik","männlich",1982,"FPÖ","Wien","Landesregierung","ja","https://www.tiktok.com/@dominik_nepp","ja","ja",3334,1941,40,26400,"Mitglied der Wiener Landesregierung Stadtrat in Wien dominiknepp.at","https://www.tiktok.com/@dominik_nepp/video/7034951359178804485",104500,8064,269,362,"Arbeit","nein","formal","nein","ja","nein","erkennbar","nein","https://www.tiktok.com/@dominik_nepp/video/7473211787001875734",29000,2237,175,131,"Arbeit","nein","formal","nein","nein","nein","nicht erkennbar","nein","https://www.tiktok.com/@dominik_nepp/video/7479779425526025494",22800,1661,95,75,"Arbeit","nein","formal","nein","nein","nein","erkennbar","nein","https://www.tiktok.com/@dominik_nepp/video/6858611633254681862",106100,1646,178,52,"Privat","nein","formal","nein","nein","nein","nicht erkennbar","nein","https://www.tiktok.com/@dominik_nepp/video/7182672929887407366",26600,1115,120,53,"Arbeit","nein","formal","nein","nein","nein","nicht erkennbar","nein","https://www.tiktok.com/@dominik_nepp/video/7203411984849718533",21400,1108,43,75,"Arbeit","nein","formal","nein","ja","nein","nicht erkennbar","nein","https://www.tiktok.com/@dominik_nepp/video/7244241160280001818",13800,1081,93,132,"Arbeit","nein","formal","nein","ja","nein","nicht erkennbar","nein","https://www.tiktok.com/@dominik_nepp/video/7462765569155075350",15000,940,113,36,"Arbeit","nein","formal","nein","nein","nein","nicht erkennbar","nein","https://www.tiktok.com/@dominik_nepp/video/7236762947865890075",10800,822,109,87,"Arbeit","nein","formal","nein","ja","nein","nicht erkennbar","nein","https://www.tiktok.com/@dominik_nepp/video/7484199801056234774",10100,671,72,31,"Arbeit","nein","formal","nein","nein","nein","nicht erkennbar","nein"
"1.0 (2026-03-05)","doi:10.11587/BA1ORN","478","Person","Neumann","Maria","weiblich",1970,"ÖVP","Österreich","Nationalrat","nein",NA,"ja","ja",NA,NA,NA,NA,NA,NA,NA,NA,NA,NA,NA,NA,NA,NA,NA,NA,NA,NA,NA,NA,NA,NA,NA,NA,NA,NA,NA,NA,NA,NA,NA,NA,NA,NA,NA,NA,NA,NA,NA,NA,NA,NA,NA,NA,NA,NA,NA,NA,NA,NA,NA,NA,NA,NA,NA,NA,NA,NA,NA,NA,NA,NA,NA,NA,NA,NA,NA,NA,NA,NA,NA,NA,NA,NA,NA,NA,NA,NA,NA,NA,NA,NA,NA,NA,NA,NA,NA,NA,NA,NA,NA,NA,NA,NA,NA,NA,NA,NA,NA,NA,NA,NA,NA,NA,NA,NA,NA,NA,NA,NA,NA,NA,NA,NA,NA,NA,NA,NA,NA,NA,NA,NA,NA,NA,NA,NA,NA,NA,NA,NA,NA,NA,NA,NA,NA
"1.0 (2026-03-05)","doi:10.11587/BA1ORN","479","Person","Neumann-Hartberger","Irene","weiblich",1974,"ÖVP","Österreich","Nationalrat","nein",NA,"ja","ja",NA,NA,NA,NA,NA,NA,NA,NA,NA,NA,NA,NA,NA,NA,NA,NA,NA,NA,NA,NA,NA,NA,NA,NA,NA,NA,NA,NA,NA,NA,NA,NA,NA,NA,NA,NA,NA,NA,NA,NA,NA,NA,NA,NA,NA,NA,NA,NA,NA,NA,NA,NA,NA,NA,NA,NA,NA,NA,NA,NA,NA,NA,NA,NA,NA,NA,NA,NA,NA,NA,NA,NA,NA,NA,NA,NA,NA,NA,NA,NA,NA,NA,NA,NA,NA,NA,NA,NA,NA,NA,NA,NA,NA,NA,NA,NA,NA,NA,NA,NA,NA,NA,NA,NA,NA,NA,NA,NA,NA,NA,NA,NA,NA,NA,NA,NA,NA,NA,NA,NA,NA,NA,NA,NA,NA,NA,NA,NA,NA,NA,NA,NA,NA,NA,NA
"1.0 (2026-03-05)","doi:10.11587/BA1ORN","480","Person","Neumayer","Jörg","männlich",1984,"SPÖ","Wien","Landtag","nein",NA,"ja","ja",NA,NA,NA,NA,NA,NA,NA,NA,NA,NA,NA,NA,NA,NA,NA,NA,NA,NA,NA,NA,NA,NA,NA,NA,NA,NA,NA,NA,NA,NA,NA,NA,NA,NA,NA,NA,NA,NA,NA,NA,NA,NA,NA,NA,NA,NA,NA,NA,NA,NA,NA,NA,NA,NA,NA,NA,NA,NA,NA,NA,NA,NA,NA,NA,NA,NA,NA,NA,NA,NA,NA,NA,NA,NA,NA,NA,NA,NA,NA,NA,NA,NA,NA,NA,NA,NA,NA,NA,NA,NA,NA,NA,NA,NA,NA,NA,NA,NA,NA,NA,NA,NA,NA,NA,NA,NA,NA,NA,NA,NA,NA,NA,NA,NA,NA,NA,NA,NA,NA,NA,NA,NA,NA,NA,NA,NA,NA,NA,NA,NA,NA,NA,NA,NA,NA
"1.0 (2026-03-05)","doi:10.11587/BA1ORN","481","Person","Neurauter","Klara","weiblich",1950,"ÖVP","Österreich","Bundesrat","nein",NA,"ja","ja",NA,NA,NA,NA,NA,NA,NA,NA,NA,NA,NA,NA,NA,NA,NA,NA,NA,NA,NA,NA,NA,NA,NA,NA,NA,NA,NA,NA,NA,NA,NA,NA,NA,NA,NA,NA,NA,NA,NA,NA,NA,NA,NA,NA,NA,NA,NA,NA,NA,NA,NA,NA,NA,NA,NA,NA,NA,NA,NA,NA,NA,NA,NA,NA,NA,NA,NA,NA,NA,NA,NA,NA,NA,NA,NA,NA,NA,NA,NA,NA,NA,NA,NA,NA,NA,NA,NA,NA,NA,NA,NA,NA,NA,NA,NA,NA,NA,NA,NA,NA,NA,NA,NA,NA,NA,NA,NA,NA,NA,NA,NA,NA,NA,NA,NA,NA,NA,NA,NA,NA,NA,NA,NA,NA,NA,NA,NA,NA,NA,NA,NA,NA,NA,NA,NA
"1.0 (2026-03-05)","doi:10.11587/BA1ORN","482","Person","Neßler","Barbara","weiblich",1991,"GRÜNE","Österreich","Nationalrat","ja","https://www.tiktok.com/@barbara_nessler","ja","ja",1762,942,140,24800,"Innsbruck Feminismus & Klimaschutz Abgeordnete zum Nationalrat gruene.at/organisation/parlamen","https://www.tiktok.com/@barbara_nessler/video/7497294535924485378",78400,7589,294,684,"Arbeit","nein","formal","nein","nein","nein","nicht erkennbar","nein","https://www.tiktok.com/@barbara_nessler/video/7460527498632154390",44900,2066,158,263,"Arbeit","nein","formal","nein","nein","nein","nicht erkennbar","nein","https://www.tiktok.com/@barbara_nessler/video/7504340109609667862",31100,1028,7,65,"Arbeit","nein","formal","nein","ja","nein","nicht erkennbar","nein","https://www.tiktok.com/@barbara_nessler/video/7224542661946985755",9517,658,34,39,"Arbeit","nein","formal","nein","ja","nein","nicht erkennbar","nein","https://www.tiktok.com/@barbara_nessler/video/7293181187722333472",11700,577,18,32,"Arbeit","nein","formal","nein","ja","nein","nicht erkennbar","nein","https://www.tiktok.com/@barbara_nessler/video/7429392677977869600",16000,472,72,49,"Privat","ja","leger","nein","nein","nein","nicht erkennbar","nein","https://www.tiktok.com/@barbara_nessler/video/7431225338555927841",9502,399,41,20,"Arbeit","nein","formal","nein","nein","nein","nicht erkennbar","nein","https://www.tiktok.com/@barbara_nessler/video/7500989769342602518",9798,394,7,18,"Privat","nein","leger","nein","ja","nein","nicht erkennbar","nein","https://www.tiktok.com/@barbara_nessler/video/7581808157635235094",8497,382,150,24,"Arbeit","nein","formal","nein","nein","nein","nicht erkennbar","nein","https://www.tiktok.com/@barbara_nessler/video/7380373543231507744",3738,344,16,13,"Arbeit","nein","formal","nein","ja",NA,"nicht erkennbar","nein"
"1.0 (2026-03-05)","doi:10.11587/BA1ORN","483","Person","Niedermühlbichler","Georg","männlich",1966,"SPÖ","Wien","Landtag","nein",NA,"ja","ja",NA,NA,NA,NA,NA,NA,NA,NA,NA,NA,NA,NA,NA,NA,NA,NA,NA,NA,NA,NA,NA,NA,NA,NA,NA,NA,NA,NA,NA,NA,NA,NA,NA,NA,NA,NA,NA,NA,NA,NA,NA,NA,NA,NA,NA,NA,NA,NA,NA,NA,NA,NA,NA,NA,NA,NA,NA,NA,NA,NA,NA,NA,NA,NA,NA,NA,NA,NA,NA,NA,NA,NA,NA,NA,NA,NA,NA,NA,NA,NA,NA,NA,NA,NA,NA,NA,NA,NA,NA,NA,NA,NA,NA,NA,NA,NA,NA,NA,NA,NA,NA,NA,NA,NA,NA,NA,NA,NA,NA,NA,NA,NA,NA,NA,NA,NA,NA,NA,NA,NA,NA,NA,NA,NA,NA,NA,NA,NA,NA,NA,NA,NA,NA,NA,NA
"1.0 (2026-03-05)","doi:10.11587/BA1ORN","484","Person","Niegl","Michael","männlich",1967,"FPÖ","Wien","Landtag","nein",NA,"ja","ja",NA,NA,NA,NA,NA,NA,NA,NA,NA,NA,NA,NA,NA,NA,NA,NA,NA,NA,NA,NA,NA,NA,NA,NA,NA,NA,NA,NA,NA,NA,NA,NA,NA,NA,NA,NA,NA,NA,NA,NA,NA,NA,NA,NA,NA,NA,NA,NA,NA,NA,NA,NA,NA,NA,NA,NA,NA,NA,NA,NA,NA,NA,NA,NA,NA,NA,NA,NA,NA,NA,NA,NA,NA,NA,NA,NA,NA,NA,NA,NA,NA,NA,NA,NA,NA,NA,NA,NA,NA,NA,NA,NA,NA,NA,NA,NA,NA,NA,NA,NA,NA,NA,NA,NA,NA,NA,NA,NA,NA,NA,NA,NA,NA,NA,NA,NA,NA,NA,NA,NA,NA,NA,NA,NA,NA,NA,NA,NA,NA,NA,NA,NA,NA,NA,NA
"1.0 (2026-03-05)","doi:10.11587/BA1ORN","485","Person","Nitsche","Veronika","weiblich",1971,"GRÜNE","Steiermark","Landtag","nein",NA,"ja","ja",NA,NA,NA,NA,NA,NA,NA,NA,NA,NA,NA,NA,NA,NA,NA,NA,NA,NA,NA,NA,NA,NA,NA,NA,NA,NA,NA,NA,NA,NA,NA,NA,NA,NA,NA,NA,NA,NA,NA,NA,NA,NA,NA,NA,NA,NA,NA,NA,NA,NA,NA,NA,NA,NA,NA,NA,NA,NA,NA,NA,NA,NA,NA,NA,NA,NA,NA,NA,NA,NA,NA,NA,NA,NA,NA,NA,NA,NA,NA,NA,NA,NA,NA,NA,NA,NA,NA,NA,NA,NA,NA,NA,NA,NA,NA,NA,NA,NA,NA,NA,NA,NA,NA,NA,NA,NA,NA,NA,NA,NA,NA,NA,NA,NA,NA,NA,NA,NA,NA,NA,NA,NA,NA,NA,NA,NA,NA,NA,NA,NA,NA,NA,NA,NA,NA
"1.0 (2026-03-05)","doi:10.11587/BA1ORN","486","Person","Nittmann","Ulrike","weiblich",1969,"FPÖ","Wien","Landesregierung","nein",NA,"ja","nein",NA,NA,NA,NA,NA,NA,NA,NA,NA,NA,NA,NA,NA,NA,NA,NA,NA,NA,NA,NA,NA,NA,NA,NA,NA,NA,NA,NA,NA,NA,NA,NA,NA,NA,NA,NA,NA,NA,NA,NA,NA,NA,NA,NA,NA,NA,NA,NA,NA,NA,NA,NA,NA,NA,NA,NA,NA,NA,NA,NA,NA,NA,NA,NA,NA,NA,NA,NA,NA,NA,NA,NA,NA,NA,NA,NA,NA,NA,NA,NA,NA,NA,NA,NA,NA,NA,NA,NA,NA,NA,NA,NA,NA,NA,NA,NA,NA,NA,NA,NA,NA,NA,NA,NA,NA,NA,NA,NA,NA,NA,NA,NA,NA,NA,NA,NA,NA,NA,NA,NA,NA,NA,NA,NA,NA,NA,NA,NA,NA,NA,NA,NA,NA,NA,NA
"1.0 (2026-03-05)","doi:10.11587/BA1ORN","487","Person","Novak","Barbara","weiblich",1976,"SPÖ","Wien","Landesregierung","nein",NA,"ja","ja",NA,NA,NA,NA,NA,NA,NA,NA,NA,NA,NA,NA,NA,NA,NA,NA,NA,NA,NA,NA,NA,NA,NA,NA,NA,NA,NA,NA,NA,NA,NA,NA,NA,NA,NA,NA,NA,NA,NA,NA,NA,NA,NA,NA,NA,NA,NA,NA,NA,NA,NA,NA,NA,NA,NA,NA,NA,NA,NA,NA,NA,NA,NA,NA,NA,NA,NA,NA,NA,NA,NA,NA,NA,NA,NA,NA,NA,NA,NA,NA,NA,NA,NA,NA,NA,NA,NA,NA,NA,NA,NA,NA,NA,NA,NA,NA,NA,NA,NA,NA,NA,NA,NA,NA,NA,NA,NA,NA,NA,NA,NA,NA,NA,NA,NA,NA,NA,NA,NA,NA,NA,NA,NA,NA,NA,NA,NA,NA,NA,NA,NA,NA,NA,NA,NA
"1.0 (2026-03-05)","doi:10.11587/BA1ORN","488","Person","Nussbaum","Verena","weiblich",1970,"SPÖ","Österreich","Nationalrat","ja","https://www.tiktok.com/@verena.nussbaum","ja","ja",1198,1618,74,22700,"Nationalratsabgeordnete Stv. Regionalgeschäftsführerin GPA Stmk Graz www.spoe.at/personen/verena-n","https://www.tiktok.com/@verena.nussbaum/video/7390236204207295776",184600,14500,1104,971,"Arbeit","nein","formal","nein","nein","nein","nicht erkennbar","nein","https://www.tiktok.com/@verena.nussbaum/video/7442615279315619094",16100,2678,206,205,"Privat","nein","formal","ja","ja","nein","nicht erkennbar","nein","https://www.tiktok.com/@verena.nussbaum/video/7419926732293131552",69300,1884,70,180,"Privat","nein","formal","ja","nein","nein","erkennbar","nein","https://www.tiktok.com/@verena.nussbaum/video/7525685282478312726",5605,499,21,65,"Arbeit","nein","formal","nein","nein","nein","nicht erkennbar","nein","https://www.tiktok.com/@verena.nussbaum/video/7375518976484412704",9747,339,13,19,"Privat","nein","formal","ja","ja","nein","erkennbar","nein","https://www.tiktok.com/@verena.nussbaum/video/7117928456653982981",5738,281,1,11,"Arbeit","nein","formal","nein","nein","nein","nicht erkennbar","nein","https://www.tiktok.com/@verena.nussbaum/video/7470620387156561154",6171,164,37,10,"Arbeit","nein","formal","nein","nein","nein","nicht erkennbar","nein","https://www.tiktok.com/@verena.nussbaum/video/7399880192535186720",4896,109,11,6,"Arbeit","nein","formal","ja","nein","nein","erkennbar","nein","https://www.tiktok.com/@verena.nussbaum/video/7416595453166275873",1279,98,1,4,"Arbeit","nein","formal","nein","nein","nein","nicht erkennbar","nein","https://www.tiktok.com/@verena.nussbaum/video/7364088588029414689",3792,90,2,3,"Privat","nein","formal","nein","ja","nein","nicht erkennbar","nein"
"1.0 (2026-03-05)","doi:10.11587/BA1ORN","489","Person","Oberhofer","Dominik","männlich",1980,"NEOS","Österreich","Nationalrat","ja","https://www.tiktok.com/@dominik.oberhofer","ja","ja",2387,1854,170,64000,"NEOS Abgeordneter z. Nationalrat","https://www.tiktok.com/@dominik.oberhofer/video/7506545927172263190",282800,10400,2355,810,"Arbeit","nein","formal","ja","nein","nein","nicht erkennbar","nein","https://www.tiktok.com/@dominik.oberhofer/video/7511399957023198486",325800,9232,625,1413,"Privat","nein",NA,"nein","nein","nein","nicht erkennbar","nein","https://www.tiktok.com/@dominik.oberhofer/video/7503564368811019542",145300,3894,766,652,"Privat","nein","formal","nein","nein","nein","nicht erkennbar","nein","https://www.tiktok.com/@dominik.oberhofer/video/7499107160907877654",138700,3797,1031,721,"Arbeit","nein","formal","nein","nein","nein","nicht erkennbar","nein","https://www.tiktok.com/@dominik.oberhofer/video/6964392370053860614",28200,3659,77,197,"Arbeit","nein","formal","nein","ja","nein","nicht erkennbar","nein","https://www.tiktok.com/@dominik.oberhofer/video/7531918753861356822",59000,3654,93,392,"Privat","nein","leger","nein","nein","nein","nicht erkennbar","nein","https://www.tiktok.com/@dominik.oberhofer/video/7494324281510300950",39600,2136,140,203,"Arbeit","nein","formal","nein","nein","nein","nicht erkennbar","nein","https://www.tiktok.com/@dominik.oberhofer/video/7146157484691033349",100800,2124,82,156,"Arbeit","nein","formal","nein","ja","nein","nicht erkennbar","nein","https://www.tiktok.com/@dominik.oberhofer/video/7503449554453351702",38100,2040,75,200,"Arbeit","nein","formal","nein","nein","nein","nicht erkennbar","nein","https://www.tiktok.com/@dominik.oberhofer/video/7517692684291558678",38000,2010,240,182,"Arbeit","nein","formal","nein","nein","nein","nicht erkennbar","nein"
"1.0 (2026-03-05)","doi:10.11587/BA1ORN","490","Person","Oberlechner","Michael","männlich",1979,"FPÖ","Österreich","Nationalrat","nein",NA,"ja","ja",NA,NA,NA,NA,NA,NA,NA,NA,NA,NA,NA,NA,NA,NA,NA,NA,NA,NA,NA,NA,NA,NA,NA,NA,NA,NA,NA,NA,NA,NA,NA,NA,NA,NA,NA,NA,NA,NA,NA,NA,NA,NA,NA,NA,NA,NA,NA,NA,NA,NA,NA,NA,NA,NA,NA,NA,NA,NA,NA,NA,NA,NA,NA,NA,NA,NA,NA,NA,NA,NA,NA,NA,NA,NA,NA,NA,NA,NA,NA,NA,NA,NA,NA,NA,NA,NA,NA,NA,NA,NA,NA,NA,NA,NA,NA,NA,NA,NA,NA,NA,NA,NA,NA,NA,NA,NA,NA,NA,NA,NA,NA,NA,NA,NA,NA,NA,NA,NA,NA,NA,NA,NA,NA,NA,NA,NA,NA,NA,NA,NA,NA,NA,NA,NA,NA
"1.0 (2026-03-05)","doi:10.11587/BA1ORN","491","Person","Obermüller","Birgit","weiblich",1966,"NEOS","Tirol","Landtag","ja","https://www.tiktok.com/@birgitobermueller","ja","ja",476,309,31,1317,"NEOS Klubobfrau | Tirol️","https://www.tiktok.com/@birgitobermueller/video/7463199832740482326",4437,149,6,7,"Arbeit","nein","formal","nein","nein","nein","nicht erkennbar","nein","https://www.tiktok.com/@birgitobermueller/video/7466558152067140886",3622,99,8,5,"Arbeit","nein","formal","nein","nein","nein","erkennbar","nein","https://www.tiktok.com/@birgitobermueller/video/7559306437806050582",1075,97,1,9,"Arbeit","nein","formal","nein","nein","nein","nicht erkennbar","nein","https://www.tiktok.com/@birgitobermueller/video/7499163115444178178",5481,81,17,9,"Arbeit","nein","formal","nein","nein","nein","nicht erkennbar","nein","https://www.tiktok.com/@birgitobermueller/video/7459866534060494102",1389,57,6,4,"Arbeit","nein","formal","nein","nein","nein","nicht erkennbar","nein","https://www.tiktok.com/@birgitobermueller/video/7459446871996550422",3601,50,53,5,"Arbeit","nein","formal","nein","nein","nein","nicht erkennbar","nein","https://www.tiktok.com/@birgitobermueller/video/7558940047089601794",1071,48,2,3,"Arbeit","nein","formal","nein","nein","nein","nicht erkennbar","nein","https://www.tiktok.com/@birgitobermueller/video/7494968815927758102",1611,47,3,5,"Arbeit","nein","formal","nein","nein","nein","nicht erkennbar","nein","https://www.tiktok.com/@birgitobermueller/video/7575492746375449878",1434,46,6,5,"Arbeit","nein","formal","nein","ja","nein","nicht erkennbar","nein","https://www.tiktok.com/@birgitobermueller/video/7522159052919426326",811,43,2,2,"Arbeit","nein","formal","nein","nein","nein","nicht erkennbar","nein"
"1.0 (2026-03-05)","doi:10.11587/BA1ORN","492","Person","Obernosterer","Gabriel","männlich",1955,"ÖVP","Österreich","Nationalrat","nein",NA,"ja","ja",NA,NA,NA,NA,NA,NA,NA,NA,NA,NA,NA,NA,NA,NA,NA,NA,NA,NA,NA,NA,NA,NA,NA,NA,NA,NA,NA,NA,NA,NA,NA,NA,NA,NA,NA,NA,NA,NA,NA,NA,NA,NA,NA,NA,NA,NA,NA,NA,NA,NA,NA,NA,NA,NA,NA,NA,NA,NA,NA,NA,NA,NA,NA,NA,NA,NA,NA,NA,NA,NA,NA,NA,NA,NA,NA,NA,NA,NA,NA,NA,NA,NA,NA,NA,NA,NA,NA,NA,NA,NA,NA,NA,NA,NA,NA,NA,NA,NA,NA,NA,NA,NA,NA,NA,NA,NA,NA,NA,NA,NA,NA,NA,NA,NA,NA,NA,NA,NA,NA,NA,NA,NA,NA,NA,NA,NA,NA,NA,NA,NA,NA,NA,NA,NA,NA
"1.0 (2026-03-05)","doi:10.11587/BA1ORN","493","Person","Oberrauner","Petra","weiblich",1965,"SPÖ","Österreich","Nationalrat","nein",NA,"nein","nein",NA,NA,NA,NA,NA,NA,NA,NA,NA,NA,NA,NA,NA,NA,NA,NA,NA,NA,NA,NA,NA,NA,NA,NA,NA,NA,NA,NA,NA,NA,NA,NA,NA,NA,NA,NA,NA,NA,NA,NA,NA,NA,NA,NA,NA,NA,NA,NA,NA,NA,NA,NA,NA,NA,NA,NA,NA,NA,NA,NA,NA,NA,NA,NA,NA,NA,NA,NA,NA,NA,NA,NA,NA,NA,NA,NA,NA,NA,NA,NA,NA,NA,NA,NA,NA,NA,NA,NA,NA,NA,NA,NA,NA,NA,NA,NA,NA,NA,NA,NA,NA,NA,NA,NA,NA,NA,NA,NA,NA,NA,NA,NA,NA,NA,NA,NA,NA,NA,NA,NA,NA,NA,NA,NA,NA,NA,NA,NA,NA,NA,NA,NA,NA,NA,NA
"1.0 (2026-03-05)","doi:10.11587/BA1ORN","494","Person","Obrecht","Sascha","männlich",1991,"SPÖ","Wien","Landtag","nein",NA,"ja","ja",NA,NA,NA,NA,NA,NA,NA,NA,NA,NA,NA,NA,NA,NA,NA,NA,NA,NA,NA,NA,NA,NA,NA,NA,NA,NA,NA,NA,NA,NA,NA,NA,NA,NA,NA,NA,NA,NA,NA,NA,NA,NA,NA,NA,NA,NA,NA,NA,NA,NA,NA,NA,NA,NA,NA,NA,NA,NA,NA,NA,NA,NA,NA,NA,NA,NA,NA,NA,NA,NA,NA,NA,NA,NA,NA,NA,NA,NA,NA,NA,NA,NA,NA,NA,NA,NA,NA,NA,NA,NA,NA,NA,NA,NA,NA,NA,NA,NA,NA,NA,NA,NA,NA,NA,NA,NA,NA,NA,NA,NA,NA,NA,NA,NA,NA,NA,NA,NA,NA,NA,NA,NA,NA,NA,NA,NA,NA,NA,NA,NA,NA,NA,NA,NA,NA
"1.0 (2026-03-05)","doi:10.11587/BA1ORN","495","Person","Ofenauer","Friedrich","männlich",1973,"ÖVP","Österreich","Nationalrat","nein",NA,"ja","ja",NA,NA,NA,NA,NA,NA,NA,NA,NA,NA,NA,NA,NA,NA,NA,NA,NA,NA,NA,NA,NA,NA,NA,NA,NA,NA,NA,NA,NA,NA,NA,NA,NA,NA,NA,NA,NA,NA,NA,NA,NA,NA,NA,NA,NA,NA,NA,NA,NA,NA,NA,NA,NA,NA,NA,NA,NA,NA,NA,NA,NA,NA,NA,NA,NA,NA,NA,NA,NA,NA,NA,NA,NA,NA,NA,NA,NA,NA,NA,NA,NA,NA,NA,NA,NA,NA,NA,NA,NA,NA,NA,NA,NA,NA,NA,NA,NA,NA,NA,NA,NA,NA,NA,NA,NA,NA,NA,NA,NA,NA,NA,NA,NA,NA,NA,NA,NA,NA,NA,NA,NA,NA,NA,NA,NA,NA,NA,NA,NA,NA,NA,NA,NA,NA,NA
"1.0 (2026-03-05)","doi:10.11587/BA1ORN","496","Person","Ofner","Josef","männlich",1979,"FPÖ","Kärnten","Landtag","nein",NA,"ja","ja",NA,NA,NA,NA,NA,NA,NA,NA,NA,NA,NA,NA,NA,NA,NA,NA,NA,NA,NA,NA,NA,NA,NA,NA,NA,NA,NA,NA,NA,NA,NA,NA,NA,NA,NA,NA,NA,NA,NA,NA,NA,NA,NA,NA,NA,NA,NA,NA,NA,NA,NA,NA,NA,NA,NA,NA,NA,NA,NA,NA,NA,NA,NA,NA,NA,NA,NA,NA,NA,NA,NA,NA,NA,NA,NA,NA,NA,NA,NA,NA,NA,NA,NA,NA,NA,NA,NA,NA,NA,NA,NA,NA,NA,NA,NA,NA,NA,NA,NA,NA,NA,NA,NA,NA,NA,NA,NA,NA,NA,NA,NA,NA,NA,NA,NA,NA,NA,NA,NA,NA,NA,NA,NA,NA,NA,NA,NA,NA,NA,NA,NA,NA,NA,NA,NA
"1.0 (2026-03-05)","doi:10.11587/BA1ORN","497","Person","Ofner","Stefanie","weiblich",1988,"ÖVP","Kärnten","Landtag","nein",NA,"ja","ja",NA,NA,NA,NA,NA,NA,NA,NA,NA,NA,NA,NA,NA,NA,NA,NA,NA,NA,NA,NA,NA,NA,NA,NA,NA,NA,NA,NA,NA,NA,NA,NA,NA,NA,NA,NA,NA,NA,NA,NA,NA,NA,NA,NA,NA,NA,NA,NA,NA,NA,NA,NA,NA,NA,NA,NA,NA,NA,NA,NA,NA,NA,NA,NA,NA,NA,NA,NA,NA,NA,NA,NA,NA,NA,NA,NA,NA,NA,NA,NA,NA,NA,NA,NA,NA,NA,NA,NA,NA,NA,NA,NA,NA,NA,NA,NA,NA,NA,NA,NA,NA,NA,NA,NA,NA,NA,NA,NA,NA,NA,NA,NA,NA,NA,NA,NA,NA,NA,NA,NA,NA,NA,NA,NA,NA,NA,NA,NA,NA,NA,NA,NA,NA,NA,NA
"1.0 (2026-03-05)","doi:10.11587/BA1ORN","498","Person","Olischar","Elisabeth","weiblich",1988,"ÖVP","Wien","Landtag","nein",NA,"ja","ja",NA,NA,NA,NA,NA,NA,NA,NA,NA,NA,NA,NA,NA,NA,NA,NA,NA,NA,NA,NA,NA,NA,NA,NA,NA,NA,NA,NA,NA,NA,NA,NA,NA,NA,NA,NA,NA,NA,NA,NA,NA,NA,NA,NA,NA,NA,NA,NA,NA,NA,NA,NA,NA,NA,NA,NA,NA,NA,NA,NA,NA,NA,NA,NA,NA,NA,NA,NA,NA,NA,NA,NA,NA,NA,NA,NA,NA,NA,NA,NA,NA,NA,NA,NA,NA,NA,NA,NA,NA,NA,NA,NA,NA,NA,NA,NA,NA,NA,NA,NA,NA,NA,NA,NA,NA,NA,NA,NA,NA,NA,NA,NA,NA,NA,NA,NA,NA,NA,NA,NA,NA,NA,NA,NA,NA,NA,NA,NA,NA,NA,NA,NA,NA,NA,NA
"1.0 (2026-03-05)","doi:10.11587/BA1ORN","499","Person","Ornig","Markus","männlich",1979,"NEOS","Wien","Landtag","nein",NA,"ja","ja",NA,NA,NA,NA,NA,NA,NA,NA,NA,NA,NA,NA,NA,NA,NA,NA,NA,NA,NA,NA,NA,NA,NA,NA,NA,NA,NA,NA,NA,NA,NA,NA,NA,NA,NA,NA,NA,NA,NA,NA,NA,NA,NA,NA,NA,NA,NA,NA,NA,NA,NA,NA,NA,NA,NA,NA,NA,NA,NA,NA,NA,NA,NA,NA,NA,NA,NA,NA,NA,NA,NA,NA,NA,NA,NA,NA,NA,NA,NA,NA,NA,NA,NA,NA,NA,NA,NA,NA,NA,NA,NA,NA,NA,NA,NA,NA,NA,NA,NA,NA,NA,NA,NA,NA,NA,NA,NA,NA,NA,NA,NA,NA,NA,NA,NA,NA,NA,NA,NA,NA,NA,NA,NA,NA,NA,NA,NA,NA,NA,NA,NA,NA,NA,NA,NA
"1.0 (2026-03-05)","doi:10.11587/BA1ORN","500","Person","Ottenschläger","Andreas","männlich",1975,"ÖVP","Österreich","Nationalrat","nein",NA,"ja","ja",NA,NA,NA,NA,NA,NA,NA,NA,NA,NA,NA,NA,NA,NA,NA,NA,NA,NA,NA,NA,NA,NA,NA,NA,NA,NA,NA,NA,NA,NA,NA,NA,NA,NA,NA,NA,NA,NA,NA,NA,NA,NA,NA,NA,NA,NA,NA,NA,NA,NA,NA,NA,NA,NA,NA,NA,NA,NA,NA,NA,NA,NA,NA,NA,NA,NA,NA,NA,NA,NA,NA,NA,NA,NA,NA,NA,NA,NA,NA,NA,NA,NA,NA,NA,NA,NA,NA,NA,NA,NA,NA,NA,NA,NA,NA,NA,NA,NA,NA,NA,NA,NA,NA,NA,NA,NA,NA,NA,NA,NA,NA,NA,NA,NA,NA,NA,NA,NA,NA,NA,NA,NA,NA,NA,NA,NA,NA,NA,NA,NA,NA,NA,NA,NA,NA
"1.0 (2026-03-05)","doi:10.11587/BA1ORN","501","Person","Oxonitsch","Christian","männlich",1961,"SPÖ","Österreich","Nationalrat","nein",NA,"ja","ja",NA,NA,NA,NA,NA,NA,NA,NA,NA,NA,NA,NA,NA,NA,NA,NA,NA,NA,NA,NA,NA,NA,NA,NA,NA,NA,NA,NA,NA,NA,NA,NA,NA,NA,NA,NA,NA,NA,NA,NA,NA,NA,NA,NA,NA,NA,NA,NA,NA,NA,NA,NA,NA,NA,NA,NA,NA,NA,NA,NA,NA,NA,NA,NA,NA,NA,NA,NA,NA,NA,NA,NA,NA,NA,NA,NA,NA,NA,NA,NA,NA,NA,NA,NA,NA,NA,NA,NA,NA,NA,NA,NA,NA,NA,NA,NA,NA,NA,NA,NA,NA,NA,NA,NA,NA,NA,NA,NA,NA,NA,NA,NA,NA,NA,NA,NA,NA,NA,NA,NA,NA,NA,NA,NA,NA,NA,NA,NA,NA,NA,NA,NA,NA,NA,NA
"1.0 (2026-03-05)","doi:10.11587/BA1ORN","502","Person","Ozwirk","Jürgen","männlich",1988,"FPÖ","Kärnten","Landtag","nein",NA,"nein","ja",NA,NA,NA,NA,NA,NA,NA,NA,NA,NA,NA,NA,NA,NA,NA,NA,NA,NA,NA,NA,NA,NA,NA,NA,NA,NA,NA,NA,NA,NA,NA,NA,NA,NA,NA,NA,NA,NA,NA,NA,NA,NA,NA,NA,NA,NA,NA,NA,NA,NA,NA,NA,NA,NA,NA,NA,NA,NA,NA,NA,NA,NA,NA,NA,NA,NA,NA,NA,NA,NA,NA,NA,NA,NA,NA,NA,NA,NA,NA,NA,NA,NA,NA,NA,NA,NA,NA,NA,NA,NA,NA,NA,NA,NA,NA,NA,NA,NA,NA,NA,NA,NA,NA,NA,NA,NA,NA,NA,NA,NA,NA,NA,NA,NA,NA,NA,NA,NA,NA,NA,NA,NA,NA,NA,NA,NA,NA,NA,NA,NA,NA,NA,NA,NA,NA
"1.0 (2026-03-05)","doi:10.11587/BA1ORN","503","Person","Pallauf","Brigitta","weiblich",1960,"ÖVP","Salzburg","Landtag","nein",NA,"ja","ja",NA,NA,NA,NA,NA,NA,NA,NA,NA,NA,NA,NA,NA,NA,NA,NA,NA,NA,NA,NA,NA,NA,NA,NA,NA,NA,NA,NA,NA,NA,NA,NA,NA,NA,NA,NA,NA,NA,NA,NA,NA,NA,NA,NA,NA,NA,NA,NA,NA,NA,NA,NA,NA,NA,NA,NA,NA,NA,NA,NA,NA,NA,NA,NA,NA,NA,NA,NA,NA,NA,NA,NA,NA,NA,NA,NA,NA,NA,NA,NA,NA,NA,NA,NA,NA,NA,NA,NA,NA,NA,NA,NA,NA,NA,NA,NA,NA,NA,NA,NA,NA,NA,NA,NA,NA,NA,NA,NA,NA,NA,NA,NA,NA,NA,NA,NA,NA,NA,NA,NA,NA,NA,NA,NA,NA,NA,NA,NA,NA,NA,NA,NA,NA,NA,NA
"1.0 (2026-03-05)","doi:10.11587/BA1ORN","504","Person","Pansy","Sarah","weiblich",1990,"KPÖ PLUS","Salzburg","Landtag","ja","https://www.tiktok.com/@sarah.pansy","ja","ja",724,133,3,904,"Bundessprecherin der Kommunistischen Partei Österreichs. Salzburger KPÖ-Landtagsabgeordnete","https://www.tiktok.com/@sarah.pansy/video/7524784999074221334",6289,632,78,36,"Arbeit","nein","formal","ja","nein","nein","erkennbar","nein","https://www.tiktok.com/@sarah.pansy/video/7527688473453595926",2180,262,15,22,"Arbeit","nein","formal","ja","nein","nein","erkennbar","nein","https://www.tiktok.com/@sarah.pansy/video/7537657124109831446",54,10,2,0,"Privat","nein","leger","nein","ja","nein","nicht erkennbar","ja",NA,NA,NA,NA,NA,NA,NA,NA,NA,NA,NA,NA,NA,NA,NA,NA,NA,NA,NA,NA,NA,NA,NA,NA,NA,NA,NA,NA,NA,NA,NA,NA,NA,NA,NA,NA,NA,NA,NA,NA,NA,NA,NA,NA,NA,NA,NA,NA,NA,NA,NA,NA,NA,NA,NA,NA,NA,NA,NA,NA,NA,NA,NA,NA,NA,NA,NA,NA,NA,NA,NA,NA,NA,NA,NA,NA,NA,NA,NA,NA,NA,NA,NA,NA,NA,NA,NA,NA,NA,NA,NA
"1.0 (2026-03-05)","doi:10.11587/BA1ORN","505","Person","Pany","Astrid","weiblich",1975,"SPÖ","Wien","Landtag","nein",NA,"ja","ja",NA,NA,NA,NA,NA,NA,NA,NA,NA,NA,NA,NA,NA,NA,NA,NA,NA,NA,NA,NA,NA,NA,NA,NA,NA,NA,NA,NA,NA,NA,NA,NA,NA,NA,NA,NA,NA,NA,NA,NA,NA,NA,NA,NA,NA,NA,NA,NA,NA,NA,NA,NA,NA,NA,NA,NA,NA,NA,NA,NA,NA,NA,NA,NA,NA,NA,NA,NA,NA,NA,NA,NA,NA,NA,NA,NA,NA,NA,NA,NA,NA,NA,NA,NA,NA,NA,NA,NA,NA,NA,NA,NA,NA,NA,NA,NA,NA,NA,NA,NA,NA,NA,NA,NA,NA,NA,NA,NA,NA,NA,NA,NA,NA,NA,NA,NA,NA,NA,NA,NA,NA,NA,NA,NA,NA,NA,NA,NA,NA,NA,NA,NA,NA,NA,NA
"1.0 (2026-03-05)","doi:10.11587/BA1ORN","506","Person","Partl","Irene","weiblich",1958,"FPÖ","Österreich","Bundesrat","nein",NA,"ja","ja",NA,NA,NA,NA,NA,NA,NA,NA,NA,NA,NA,NA,NA,NA,NA,NA,NA,NA,NA,NA,NA,NA,NA,NA,NA,NA,NA,NA,NA,NA,NA,NA,NA,NA,NA,NA,NA,NA,NA,NA,NA,NA,NA,NA,NA,NA,NA,NA,NA,NA,NA,NA,NA,NA,NA,NA,NA,NA,NA,NA,NA,NA,NA,NA,NA,NA,NA,NA,NA,NA,NA,NA,NA,NA,NA,NA,NA,NA,NA,NA,NA,NA,NA,NA,NA,NA,NA,NA,NA,NA,NA,NA,NA,NA,NA,NA,NA,NA,NA,NA,NA,NA,NA,NA,NA,NA,NA,NA,NA,NA,NA,NA,NA,NA,NA,NA,NA,NA,NA,NA,NA,NA,NA,NA,NA,NA,NA,NA,NA,NA,NA,NA,NA,NA,NA
"1.0 (2026-03-05)","doi:10.11587/BA1ORN","507","Person","Paul-Kientzl","Margit","weiblich",1967,"GRÜNE","Burgenland","Landtag","nein",NA,"ja","ja",NA,NA,NA,NA,NA,NA,NA,NA,NA,NA,NA,NA,NA,NA,NA,NA,NA,NA,NA,NA,NA,NA,NA,NA,NA,NA,NA,NA,NA,NA,NA,NA,NA,NA,NA,NA,NA,NA,NA,NA,NA,NA,NA,NA,NA,NA,NA,NA,NA,NA,NA,NA,NA,NA,NA,NA,NA,NA,NA,NA,NA,NA,NA,NA,NA,NA,NA,NA,NA,NA,NA,NA,NA,NA,NA,NA,NA,NA,NA,NA,NA,NA,NA,NA,NA,NA,NA,NA,NA,NA,NA,NA,NA,NA,NA,NA,NA,NA,NA,NA,NA,NA,NA,NA,NA,NA,NA,NA,NA,NA,NA,NA,NA,NA,NA,NA,NA,NA,NA,NA,NA,NA,NA,NA,NA,NA,NA,NA,NA,NA,NA,NA,NA,NA,NA
"1.0 (2026-03-05)","doi:10.11587/BA1ORN","508","Person","Pawlata","Eva","weiblich",1976,"SPÖ","Tirol","Landesregierung","ja","https://www.tiktok.com/@evapawlata","ja","ja",264,988,7,294,"Tiroler Landesrätin für Soziales, Frauen und Inklusion","https://www.tiktok.com/@evapawlata/video/7208496323836923141",810,98,2,3,"Privat","nein","formal","nein","ja","nein","nicht erkennbar","nein","https://www.tiktok.com/@evapawlata/video/7207514326054325510",1439,60,1,2,"Arbeit","nein","formal","nein","ja","nein","nicht erkennbar","nein","https://www.tiktok.com/@evapawlata/video/7228881194723593499",1065,41,3,2,"Arbeit","nein","formal","nein","ja","nein","nicht erkennbar","nein","https://www.tiktok.com/@evapawlata/video/7207428421247421701",846,40,1,2,"Arbeit","nein","formal","nein","ja","nein","nicht erkennbar","nein","https://www.tiktok.com/@evapawlata/video/7216267044096904475",1170,30,0,3,"Arbeit","nein","formal","nein","ja","nein","nicht erkennbar","nein","https://www.tiktok.com/@evapawlata/video/7476092715420142870",1042,14,0,0,"Arbeit","nein","formal","nein","ja","nein","nicht erkennbar","nein","https://www.tiktok.com/@evapawlata/video/7221543573378927898",581,11,0,2,"Arbeit","nein","formal","nein","ja","nein","nicht erkennbar","nein",NA,NA,NA,NA,NA,NA,NA,NA,NA,NA,NA,NA,NA,NA,NA,NA,NA,NA,NA,NA,NA,NA,NA,NA,NA,NA,NA,NA,NA,NA,NA,NA,NA,NA,NA,NA,NA,NA,NA
"1.0 (2026-03-05)","doi:10.11587/BA1ORN","509","Person","Pernkopf","Stephan","männlich",1972,"ÖVP","Niederösterreich","Landesregierung","nein",NA,"ja","ja",NA,NA,NA,NA,NA,NA,NA,NA,NA,NA,NA,NA,NA,NA,NA,NA,NA,NA,NA,NA,NA,NA,NA,NA,NA,NA,NA,NA,NA,NA,NA,NA,NA,NA,NA,NA,NA,NA,NA,NA,NA,NA,NA,NA,NA,NA,NA,NA,NA,NA,NA,NA,NA,NA,NA,NA,NA,NA,NA,NA,NA,NA,NA,NA,NA,NA,NA,NA,NA,NA,NA,NA,NA,NA,NA,NA,NA,NA,NA,NA,NA,NA,NA,NA,NA,NA,NA,NA,NA,NA,NA,NA,NA,NA,NA,NA,NA,NA,NA,NA,NA,NA,NA,NA,NA,NA,NA,NA,NA,NA,NA,NA,NA,NA,NA,NA,NA,NA,NA,NA,NA,NA,NA,NA,NA,NA,NA,NA,NA,NA,NA,NA,NA,NA,NA
"1.0 (2026-03-05)","doi:10.11587/BA1ORN","510","Person","Peschl","Nadine","weiblich",1980,"ÖVP","Vorarlberg","Landtag","nein",NA,"ja","ja",NA,NA,NA,NA,NA,NA,NA,NA,NA,NA,NA,NA,NA,NA,NA,NA,NA,NA,NA,NA,NA,NA,NA,NA,NA,NA,NA,NA,NA,NA,NA,NA,NA,NA,NA,NA,NA,NA,NA,NA,NA,NA,NA,NA,NA,NA,NA,NA,NA,NA,NA,NA,NA,NA,NA,NA,NA,NA,NA,NA,NA,NA,NA,NA,NA,NA,NA,NA,NA,NA,NA,NA,NA,NA,NA,NA,NA,NA,NA,NA,NA,NA,NA,NA,NA,NA,NA,NA,NA,NA,NA,NA,NA,NA,NA,NA,NA,NA,NA,NA,NA,NA,NA,NA,NA,NA,NA,NA,NA,NA,NA,NA,NA,NA,NA,NA,NA,NA,NA,NA,NA,NA,NA,NA,NA,NA,NA,NA,NA,NA,NA,NA,NA,NA,NA
"1.0 (2026-03-05)","doi:10.11587/BA1ORN","511","Person","Peterl","Martin","männlich",1977,"SPÖ","Österreich","Bundesrat","ja","https://www.tiktok.com/@martin.peterl","ja","ja",236,748,1,13,NA,"https://www.tiktok.com/@martin.peterl/video/7296312888292101409",1103,13,1,0,"Privat","ja","leger",NA,"ja","ja","nicht erkennbar","nein",NA,NA,NA,NA,NA,NA,NA,NA,NA,NA,NA,NA,NA,NA,NA,NA,NA,NA,NA,NA,NA,NA,NA,NA,NA,NA,NA,NA,NA,NA,NA,NA,NA,NA,NA,NA,NA,NA,NA,NA,NA,NA,NA,NA,NA,NA,NA,NA,NA,NA,NA,NA,NA,NA,NA,NA,NA,NA,NA,NA,NA,NA,NA,NA,NA,NA,NA,NA,NA,NA,NA,NA,NA,NA,NA,NA,NA,NA,NA,NA,NA,NA,NA,NA,NA,NA,NA,NA,NA,NA,NA,NA,NA,NA,NA,NA,NA,NA,NA,NA,NA,NA,NA,NA,NA,NA,NA,NA,NA,NA,NA,NA,NA,NA,NA,NA,NA
"1.0 (2026-03-05)","doi:10.11587/BA1ORN","512","Person","Petschnig","Alexander","männlich",1973,"FPÖ","Österreich","Nationalrat","nein",NA,"ja","ja",NA,NA,NA,NA,NA,NA,NA,NA,NA,NA,NA,NA,NA,NA,NA,NA,NA,NA,NA,NA,NA,NA,NA,NA,NA,NA,NA,NA,NA,NA,NA,NA,NA,NA,NA,NA,NA,NA,NA,NA,NA,NA,NA,NA,NA,NA,NA,NA,NA,NA,NA,NA,NA,NA,NA,NA,NA,NA,NA,NA,NA,NA,NA,NA,NA,NA,NA,NA,NA,NA,NA,NA,NA,NA,NA,NA,NA,NA,NA,NA,NA,NA,NA,NA,NA,NA,NA,NA,NA,NA,NA,NA,NA,NA,NA,NA,NA,NA,NA,NA,NA,NA,NA,NA,NA,NA,NA,NA,NA,NA,NA,NA,NA,NA,NA,NA,NA,NA,NA,NA,NA,NA,NA,NA,NA,NA,NA,NA,NA,NA,NA,NA,NA,NA,NA
"1.0 (2026-03-05)","doi:10.11587/BA1ORN","513","Person","Pfeifer","Manuel","männlich",1991,"FPÖ","Österreich","Nationalrat","nein",NA,"nein","ja",NA,NA,NA,NA,NA,NA,NA,NA,NA,NA,NA,NA,NA,NA,NA,NA,NA,NA,NA,NA,NA,NA,NA,NA,NA,NA,NA,NA,NA,NA,NA,NA,NA,NA,NA,NA,NA,NA,NA,NA,NA,NA,NA,NA,NA,NA,NA,NA,NA,NA,NA,NA,NA,NA,NA,NA,NA,NA,NA,NA,NA,NA,NA,NA,NA,NA,NA,NA,NA,NA,NA,NA,NA,NA,NA,NA,NA,NA,NA,NA,NA,NA,NA,NA,NA,NA,NA,NA,NA,NA,NA,NA,NA,NA,NA,NA,NA,NA,NA,NA,NA,NA,NA,NA,NA,NA,NA,NA,NA,NA,NA,NA,NA,NA,NA,NA,NA,NA,NA,NA,NA,NA,NA,NA,NA,NA,NA,NA,NA,NA,NA,NA,NA,NA,NA
"1.0 (2026-03-05)","doi:10.11587/BA1ORN","514","Person","Pfister","René","männlich",1982,"SPÖ","Niederösterreich","Landtag","nein",NA,"ja","ja",NA,NA,NA,NA,NA,NA,NA,NA,NA,NA,NA,NA,NA,NA,NA,NA,NA,NA,NA,NA,NA,NA,NA,NA,NA,NA,NA,NA,NA,NA,NA,NA,NA,NA,NA,NA,NA,NA,NA,NA,NA,NA,NA,NA,NA,NA,NA,NA,NA,NA,NA,NA,NA,NA,NA,NA,NA,NA,NA,NA,NA,NA,NA,NA,NA,NA,NA,NA,NA,NA,NA,NA,NA,NA,NA,NA,NA,NA,NA,NA,NA,NA,NA,NA,NA,NA,NA,NA,NA,NA,NA,NA,NA,NA,NA,NA,NA,NA,NA,NA,NA,NA,NA,NA,NA,NA,NA,NA,NA,NA,NA,NA,NA,NA,NA,NA,NA,NA,NA,NA,NA,NA,NA,NA,NA,NA,NA,NA,NA,NA,NA,NA,NA,NA,NA
"1.0 (2026-03-05)","doi:10.11587/BA1ORN","515","Person","Pipal-Leixner","Angelika","weiblich",1978,"NEOS","Wien","Landtag","nein",NA,"ja","ja",NA,NA,NA,NA,NA,NA,NA,NA,NA,NA,NA,NA,NA,NA,NA,NA,NA,NA,NA,NA,NA,NA,NA,NA,NA,NA,NA,NA,NA,NA,NA,NA,NA,NA,NA,NA,NA,NA,NA,NA,NA,NA,NA,NA,NA,NA,NA,NA,NA,NA,NA,NA,NA,NA,NA,NA,NA,NA,NA,NA,NA,NA,NA,NA,NA,NA,NA,NA,NA,NA,NA,NA,NA,NA,NA,NA,NA,NA,NA,NA,NA,NA,NA,NA,NA,NA,NA,NA,NA,NA,NA,NA,NA,NA,NA,NA,NA,NA,NA,NA,NA,NA,NA,NA,NA,NA,NA,NA,NA,NA,NA,NA,NA,NA,NA,NA,NA,NA,NA,NA,NA,NA,NA,NA,NA,NA,NA,NA,NA,NA,NA,NA,NA,NA,NA
"1.0 (2026-03-05)","doi:10.11587/BA1ORN","516","Person","Plakolm","Claudia","weiblich",1994,"ÖVP","Österreich","Bundesregierung","ja","https://www.tiktok.com/@claudiaplakolm","ja","ja",9191,1774,406,145400,"Ministerin für Europa, Integration & Familie junge.oevp.at/impressum/","https://www.tiktok.com/@claudiaplakolm/video/7497327671026781462",324100,10000,2063,1312,"Arbeit","nein","formal","nein","nein","nein","nicht erkennbar","nein","https://www.tiktok.com/@claudiaplakolm/video/7186956404773686533",214700,8357,238,332,"Privat","nein","formal","nein","nein","nein","nicht erkennbar","nein","https://www.tiktok.com/@claudiaplakolm/video/7508823072573574422",152100,7520,617,613,"Arbeit","nein","formal","nein","nein","nein","nicht erkennbar","nein","https://www.tiktok.com/@claudiaplakolm/video/7034900871813270790",127400,5762,210,580,"Privat","ja","leger","nein","nein","nein","nicht erkennbar","nein","https://www.tiktok.com/@claudiaplakolm/video/7385931205272735009",110400,4327,4,360,"Privat","nein","leger","nein","ja","nein","nicht erkennbar","nein","https://www.tiktok.com/@claudiaplakolm/video/7530702725625990422",60300,3520,107,362,"Privat","nein","formal","nein","nein","nein","nicht erkennbar","nein","https://www.tiktok.com/@claudiaplakolm/video/7412342582920875296",111600,3162,90,169,"Privat","nein","leger","nein","nein","nein","nicht erkennbar","nein","https://www.tiktok.com/@claudiaplakolm/video/7540649260744805634",43100,2744,309,214,"Arbeit","nein","formal","nein","nein","nein","nicht erkennbar","nein","https://www.tiktok.com/@claudiaplakolm/video/6954389771766516997",108400,2503,90,44,"Arbeit","nein",NA,"nein","ja","nein","nicht erkennbar","ja","https://www.tiktok.com/@claudiaplakolm/video/6972173390014729478",34200,1759,57,29,"Privat","ja","leger","nein","ja","nein","nicht erkennbar","nein"
"1.0 (2026-03-05)","doi:10.11587/BA1ORN","517","Person","Poljak","Nikola","männlich",1991,"SPÖ","Wien","Landtag","nein",NA,"ja","ja",NA,NA,NA,NA,NA,NA,NA,NA,NA,NA,NA,NA,NA,NA,NA,NA,NA,NA,NA,NA,NA,NA,NA,NA,NA,NA,NA,NA,NA,NA,NA,NA,NA,NA,NA,NA,NA,NA,NA,NA,NA,NA,NA,NA,NA,NA,NA,NA,NA,NA,NA,NA,NA,NA,NA,NA,NA,NA,NA,NA,NA,NA,NA,NA,NA,NA,NA,NA,NA,NA,NA,NA,NA,NA,NA,NA,NA,NA,NA,NA,NA,NA,NA,NA,NA,NA,NA,NA,NA,NA,NA,NA,NA,NA,NA,NA,NA,NA,NA,NA,NA,NA,NA,NA,NA,NA,NA,NA,NA,NA,NA,NA,NA,NA,NA,NA,NA,NA,NA,NA,NA,NA,NA,NA,NA,NA,NA,NA,NA,NA,NA,NA,NA,NA,NA
"1.0 (2026-03-05)","doi:10.11587/BA1ORN","518","Person","Pracher-Hilander","Katayun","weiblich",1971,"FPÖ","Österreich","Nationalrat","nein",NA,"nein","ja",NA,NA,NA,NA,NA,NA,NA,NA,NA,NA,NA,NA,NA,NA,NA,NA,NA,NA,NA,NA,NA,NA,NA,NA,NA,NA,NA,NA,NA,NA,NA,NA,NA,NA,NA,NA,NA,NA,NA,NA,NA,NA,NA,NA,NA,NA,NA,NA,NA,NA,NA,NA,NA,NA,NA,NA,NA,NA,NA,NA,NA,NA,NA,NA,NA,NA,NA,NA,NA,NA,NA,NA,NA,NA,NA,NA,NA,NA,NA,NA,NA,NA,NA,NA,NA,NA,NA,NA,NA,NA,NA,NA,NA,NA,NA,NA,NA,NA,NA,NA,NA,NA,NA,NA,NA,NA,NA,NA,NA,NA,NA,NA,NA,NA,NA,NA,NA,NA,NA,NA,NA,NA,NA,NA,NA,NA,NA,NA,NA,NA,NA,NA,NA,NA,NA
"1.0 (2026-03-05)","doi:10.11587/BA1ORN","519","Person","Prack","Georg","männlich",1983,"GRÜNE","Wien","Landtag","ja","https://www.tiktok.com/@georgprack","ja","ja",784,430,10,1486,NA,"https://www.tiktok.com/@georgprack/video/7511809991179767062",23800,816,115,75,"Privat","nein","formal","nein","ja","nein","nicht erkennbar","nein","https://www.tiktok.com/@georgprack/video/7494249473464405270",14900,195,2,19,"Privat","nein","leger","nein","ja","nein","nicht erkennbar","nein","https://www.tiktok.com/@georgprack/video/7519551169186778390",3270,112,3,9,"Privat","nein","formal","nein","ja","nein","nicht erkennbar","nein","https://www.tiktok.com/@georgprack/video/7480664135173164310",3775,87,12,9,"Privat","nein","formal","nein","ja","nein","nicht erkennbar","nein","https://www.tiktok.com/@georgprack/video/7494913357665914134",2138,80,10,4,"Privat","nein","formal","nein","nein","nein","nicht erkennbar","nein","https://www.tiktok.com/@georgprack/video/7472646307161705750",1598,75,5,3,"Privat","nein","formal","nein","ja","nein","nicht erkennbar","nein","https://www.tiktok.com/@georgprack/video/7494275870270524694",5496,50,34,5,"Privat","nein","formal","nein","ja","nein","nicht erkennbar","nein","https://www.tiktok.com/@georgprack/photo/7414577772720295200",2236,31,3,0,"Privat","ja","formal","ja","ja","nein","erkennbar","nein","https://www.tiktok.com/@georgprack/photo/7496098461658418454",1407,22,11,0,"Privat","nein","formal","ja","ja","nein","erkennbar","ja","https://www.tiktok.com/@georgprack/video/7494544903528107286",1004,19,1,1,"Privat","nein","leger","nein","ja","nein","nicht erkennbar","ja"
"1.0 (2026-03-05)","doi:10.11587/BA1ORN","520","Person","Pramhofer","Christoph","männlich",1983,"NEOS","Österreich","Nationalrat","nein",NA,"ja","ja",NA,NA,NA,NA,NA,NA,NA,NA,NA,NA,NA,NA,NA,NA,NA,NA,NA,NA,NA,NA,NA,NA,NA,NA,NA,NA,NA,NA,NA,NA,NA,NA,NA,NA,NA,NA,NA,NA,NA,NA,NA,NA,NA,NA,NA,NA,NA,NA,NA,NA,NA,NA,NA,NA,NA,NA,NA,NA,NA,NA,NA,NA,NA,NA,NA,NA,NA,NA,NA,NA,NA,NA,NA,NA,NA,NA,NA,NA,NA,NA,NA,NA,NA,NA,NA,NA,NA,NA,NA,NA,NA,NA,NA,NA,NA,NA,NA,NA,NA,NA,NA,NA,NA,NA,NA,NA,NA,NA,NA,NA,NA,NA,NA,NA,NA,NA,NA,NA,NA,NA,NA,NA,NA,NA,NA,NA,NA,NA,NA,NA,NA,NA,NA,NA,NA
"1.0 (2026-03-05)","doi:10.11587/BA1ORN","521","Person","Prammer","Agnes Sirkka","weiblich",1977,"GRÜNE","Österreich","Nationalrat","ja","https://www.tiktok.com/@agnesprammer","ja","ja",1091,621,128,8739,"Abg. z. NR Inneres, Sicherheit, Menschenrechte, Asylpolitik & Sport","https://www.tiktok.com/@agnesprammer/video/7460187637148585238",10400,492,112,24,"Privat","nein","leger","nein","ja","nein","nicht erkennbar","nein","https://www.tiktok.com/@agnesprammer/video/7356967902270065952",11000,339,33,34,"Privat","nein","formal","nein","ja","nein","nicht erkennbar","nein","https://www.tiktok.com/@agnesprammer/video/7419058305621871905",3943,220,5,4,"Privat","nein","leger","nein","ja","nein","erkennbar","nein","https://www.tiktok.com/@agnesprammer/video/7438666073962073376",2395,213,3,3,"Arbeit","nein","formal","nein","ja","nein","nicht erkennbar","nein","https://www.tiktok.com/@agnesprammer/video/7434166398168943905",3388,213,19,4,NA,NA,NA,"nein","ja","nein","nicht erkennbar","ja","https://www.tiktok.com/@agnesprammer/video/7574470955322461473",9933,180,8,15,"Arbeit","ja","formal","nein","ja","nein","nicht erkennbar","nein","https://www.tiktok.com/@agnesprammer/video/7570036373986561302",2501,167,7,10,"Arbeit","nein","formal","nein","nein","nein","nicht erkennbar","nein","https://www.tiktok.com/@agnesprammer/video/7569589790484614433",2030,166,1,5,"Arbeit","nein","formal","nein","ja","nein","nicht erkennbar","ja","https://www.tiktok.com/@agnesprammer/photo/7568894601965096214",13900,159,10,15,"Privat","nein","leger","nein","ja","nein","erkennbar","nein","https://www.tiktok.com/@agnesprammer/video/7568042655163092256",6468,157,32,13,"Privat","nein","leger","nein","ja","nein","nicht erkennbar","nein"
"1.0 (2026-03-05)","doi:10.11587/BA1ORN","522","Person","Prettner","Beate","weiblich",1965,"SPÖ","Kärnten","Landesregierung","nein",NA,"ja","ja",NA,NA,NA,NA,NA,NA,NA,NA,NA,NA,NA,NA,NA,NA,NA,NA,NA,NA,NA,NA,NA,NA,NA,NA,NA,NA,NA,NA,NA,NA,NA,NA,NA,NA,NA,NA,NA,NA,NA,NA,NA,NA,NA,NA,NA,NA,NA,NA,NA,NA,NA,NA,NA,NA,NA,NA,NA,NA,NA,NA,NA,NA,NA,NA,NA,NA,NA,NA,NA,NA,NA,NA,NA,NA,NA,NA,NA,NA,NA,NA,NA,NA,NA,NA,NA,NA,NA,NA,NA,NA,NA,NA,NA,NA,NA,NA,NA,NA,NA,NA,NA,NA,NA,NA,NA,NA,NA,NA,NA,NA,NA,NA,NA,NA,NA,NA,NA,NA,NA,NA,NA,NA,NA,NA,NA,NA,NA,NA,NA,NA,NA,NA,NA,NA,NA
"1.0 (2026-03-05)","doi:10.11587/BA1ORN","523","Person","Prischl","Eva","weiblich",1962,"SPÖ","Niederösterreich","Landesregierung","nein",NA,"ja","ja",NA,NA,NA,NA,NA,NA,NA,NA,NA,NA,NA,NA,NA,NA,NA,NA,NA,NA,NA,NA,NA,NA,NA,NA,NA,NA,NA,NA,NA,NA,NA,NA,NA,NA,NA,NA,NA,NA,NA,NA,NA,NA,NA,NA,NA,NA,NA,NA,NA,NA,NA,NA,NA,NA,NA,NA,NA,NA,NA,NA,NA,NA,NA,NA,NA,NA,NA,NA,NA,NA,NA,NA,NA,NA,NA,NA,NA,NA,NA,NA,NA,NA,NA,NA,NA,NA,NA,NA,NA,NA,NA,NA,NA,NA,NA,NA,NA,NA,NA,NA,NA,NA,NA,NA,NA,NA,NA,NA,NA,NA,NA,NA,NA,NA,NA,NA,NA,NA,NA,NA,NA,NA,NA,NA,NA,NA,NA,NA,NA,NA,NA,NA,NA,NA,NA
"1.0 (2026-03-05)","doi:10.11587/BA1ORN","524","Person","Prohaska","Doris","weiblich",1966,"SPÖ","Burgenland","Landtag","nein",NA,"ja","ja",NA,NA,NA,NA,NA,NA,NA,NA,NA,NA,NA,NA,NA,NA,NA,NA,NA,NA,NA,NA,NA,NA,NA,NA,NA,NA,NA,NA,NA,NA,NA,NA,NA,NA,NA,NA,NA,NA,NA,NA,NA,NA,NA,NA,NA,NA,NA,NA,NA,NA,NA,NA,NA,NA,NA,NA,NA,NA,NA,NA,NA,NA,NA,NA,NA,NA,NA,NA,NA,NA,NA,NA,NA,NA,NA,NA,NA,NA,NA,NA,NA,NA,NA,NA,NA,NA,NA,NA,NA,NA,NA,NA,NA,NA,NA,NA,NA,NA,NA,NA,NA,NA,NA,NA,NA,NA,NA,NA,NA,NA,NA,NA,NA,NA,NA,NA,NA,NA,NA,NA,NA,NA,NA,NA,NA,NA,NA,NA,NA,NA,NA,NA,NA,NA,NA
"1.0 (2026-03-05)","doi:10.11587/BA1ORN","525","Person","Pröll","Alexander","männlich",1990,"ÖVP","Österreich","Bundesregierung","ja","https://www.tiktok.com/@alexander.proell","ja","ja",850,259,11,2286,"Staatssekretär im Bundeskanzleramt","https://www.tiktok.com/@alexander.proell/video/7477956412409171222",26200,471,22,24,"Arbeit","nein","formal","nein","ja","nein","nicht erkennbar","nein","https://www.tiktok.com/@alexander.proell/video/7477856363591257366",6703,300,12,14,"Arbeit","nein","formal","nein","ja","nein","nicht erkennbar","nein","https://www.tiktok.com/@alexander.proell/video/7580075145583201558",4192,239,4,6,"Arbeit","nein","formal","nein","ja","nein","nicht erkennbar","ja","https://www.tiktok.com/@alexander.proell/video/7486847613753412886",7360,221,15,9,"Arbeit","nein","formal","nein","ja","nein","nicht erkennbar","nein","https://www.tiktok.com/@alexander.proell/video/7520589902178831638",7193,193,14,8,"Privat","nein","formal","nein","ja","nein","nicht erkennbar","ja","https://www.tiktok.com/@alexander.proell/video/7511717058627849494",4546,183,8,5,"Privat","ja","leger","nein","ja","nein","nicht erkennbar","ja","https://www.tiktok.com/@alexander.proell/video/7501036112681422102",9445,174,32,7,"Arbeit","ja","formal","nein","ja","nein","nicht erkennbar","nein","https://www.tiktok.com/@alexander.proell/video/7478726148038380822",3491,172,6,8,"Privat","nein","leger","nein","ja","nein","nicht erkennbar","ja","https://www.tiktok.com/@alexander.proell/video/7526249162699017495",3886,126,12,7,"Arbeit","nein","formal","nein","nein","nein","nicht erkennbar","ja","https://www.tiktok.com/@alexander.proell/video/7478319326148234518",5008,97,29,5,"Privat","ja","leger","nein","ja","nein","nicht erkennbar","nein"
"1.0 (2026-03-05)","doi:10.11587/BA1ORN","526","Person","Pröller","Günter","männlich",1966,"FPÖ","Österreich","Bundesrat","nein",NA,"ja","ja",NA,NA,NA,NA,NA,NA,NA,NA,NA,NA,NA,NA,NA,NA,NA,NA,NA,NA,NA,NA,NA,NA,NA,NA,NA,NA,NA,NA,NA,NA,NA,NA,NA,NA,NA,NA,NA,NA,NA,NA,NA,NA,NA,NA,NA,NA,NA,NA,NA,NA,NA,NA,NA,NA,NA,NA,NA,NA,NA,NA,NA,NA,NA,NA,NA,NA,NA,NA,NA,NA,NA,NA,NA,NA,NA,NA,NA,NA,NA,NA,NA,NA,NA,NA,NA,NA,NA,NA,NA,NA,NA,NA,NA,NA,NA,NA,NA,NA,NA,NA,NA,NA,NA,NA,NA,NA,NA,NA,NA,NA,NA,NA,NA,NA,NA,NA,NA,NA,NA,NA,NA,NA,NA,NA,NA,NA,NA,NA,NA,NA,NA,NA,NA,NA,NA
"1.0 (2026-03-05)","doi:10.11587/BA1ORN","527","Person","Prügl","Barbara","weiblich",1982,"ÖVP","Österreich","Bundesrat","nein",NA,"ja","ja",NA,NA,NA,NA,NA,NA,NA,NA,NA,NA,NA,NA,NA,NA,NA,NA,NA,NA,NA,NA,NA,NA,NA,NA,NA,NA,NA,NA,NA,NA,NA,NA,NA,NA,NA,NA,NA,NA,NA,NA,NA,NA,NA,NA,NA,NA,NA,NA,NA,NA,NA,NA,NA,NA,NA,NA,NA,NA,NA,NA,NA,NA,NA,NA,NA,NA,NA,NA,NA,NA,NA,NA,NA,NA,NA,NA,NA,NA,NA,NA,NA,NA,NA,NA,NA,NA,NA,NA,NA,NA,NA,NA,NA,NA,NA,NA,NA,NA,NA,NA,NA,NA,NA,NA,NA,NA,NA,NA,NA,NA,NA,NA,NA,NA,NA,NA,NA,NA,NA,NA,NA,NA,NA,NA,NA,NA,NA,NA,NA,NA,NA,NA,NA,NA,NA
"1.0 (2026-03-05)","doi:10.11587/BA1ORN","528","Person","Punz","Richard","männlich",1990,"FPÖ","Niederösterreich","Landtag","nein",NA,"ja","ja",NA,NA,NA,NA,NA,NA,NA,NA,NA,NA,NA,NA,NA,NA,NA,NA,NA,NA,NA,NA,NA,NA,NA,NA,NA,NA,NA,NA,NA,NA,NA,NA,NA,NA,NA,NA,NA,NA,NA,NA,NA,NA,NA,NA,NA,NA,NA,NA,NA,NA,NA,NA,NA,NA,NA,NA,NA,NA,NA,NA,NA,NA,NA,NA,NA,NA,NA,NA,NA,NA,NA,NA,NA,NA,NA,NA,NA,NA,NA,NA,NA,NA,NA,NA,NA,NA,NA,NA,NA,NA,NA,NA,NA,NA,NA,NA,NA,NA,NA,NA,NA,NA,NA,NA,NA,NA,NA,NA,NA,NA,NA,NA,NA,NA,NA,NA,NA,NA,NA,NA,NA,NA,NA,NA,NA,NA,NA,NA,NA,NA,NA,NA,NA,NA,NA
"1.0 (2026-03-05)","doi:10.11587/BA1ORN","529","Person","Putzenbacher","Alexander","männlich",1985,"FPÖ","Steiermark","Landtag","nein",NA,"ja","ja",NA,NA,NA,NA,NA,NA,NA,NA,NA,NA,NA,NA,NA,NA,NA,NA,NA,NA,NA,NA,NA,NA,NA,NA,NA,NA,NA,NA,NA,NA,NA,NA,NA,NA,NA,NA,NA,NA,NA,NA,NA,NA,NA,NA,NA,NA,NA,NA,NA,NA,NA,NA,NA,NA,NA,NA,NA,NA,NA,NA,NA,NA,NA,NA,NA,NA,NA,NA,NA,NA,NA,NA,NA,NA,NA,NA,NA,NA,NA,NA,NA,NA,NA,NA,NA,NA,NA,NA,NA,NA,NA,NA,NA,NA,NA,NA,NA,NA,NA,NA,NA,NA,NA,NA,NA,NA,NA,NA,NA,NA,NA,NA,NA,NA,NA,NA,NA,NA,NA,NA,NA,NA,NA,NA,NA,NA,NA,NA,NA,NA,NA,NA,NA,NA,NA
"1.0 (2026-03-05)","doi:10.11587/BA1ORN","530","Person","Pöttinger","Laurenz","männlich",1964,"ÖVP","Österreich","Nationalrat","nein",NA,"ja","ja",NA,NA,NA,NA,NA,NA,NA,NA,NA,NA,NA,NA,NA,NA,NA,NA,NA,NA,NA,NA,NA,NA,NA,NA,NA,NA,NA,NA,NA,NA,NA,NA,NA,NA,NA,NA,NA,NA,NA,NA,NA,NA,NA,NA,NA,NA,NA,NA,NA,NA,NA,NA,NA,NA,NA,NA,NA,NA,NA,NA,NA,NA,NA,NA,NA,NA,NA,NA,NA,NA,NA,NA,NA,NA,NA,NA,NA,NA,NA,NA,NA,NA,NA,NA,NA,NA,NA,NA,NA,NA,NA,NA,NA,NA,NA,NA,NA,NA,NA,NA,NA,NA,NA,NA,NA,NA,NA,NA,NA,NA,NA,NA,NA,NA,NA,NA,NA,NA,NA,NA,NA,NA,NA,NA,NA,NA,NA,NA,NA,NA,NA,NA,NA,NA,NA
"1.0 (2026-03-05)","doi:10.11587/BA1ORN","531","Person","Pühringer","Judith","weiblich",1976,"GRÜNE","Wien","Landesregierung","ja","https://www.tiktok.com/@judith_puehringer","ja","ja",915,1971,1,42,NA,"https://www.tiktok.com/@judith_puehringer/video/7579595220531105046",887,42,8,3,"Privat","nein",NA,"nein","ja","nein","nicht erkennbar","nein",NA,NA,NA,NA,NA,NA,NA,NA,NA,NA,NA,NA,NA,NA,NA,NA,NA,NA,NA,NA,NA,NA,NA,NA,NA,NA,NA,NA,NA,NA,NA,NA,NA,NA,NA,NA,NA,NA,NA,NA,NA,NA,NA,NA,NA,NA,NA,NA,NA,NA,NA,NA,NA,NA,NA,NA,NA,NA,NA,NA,NA,NA,NA,NA,NA,NA,NA,NA,NA,NA,NA,NA,NA,NA,NA,NA,NA,NA,NA,NA,NA,NA,NA,NA,NA,NA,NA,NA,NA,NA,NA,NA,NA,NA,NA,NA,NA,NA,NA,NA,NA,NA,NA,NA,NA,NA,NA,NA,NA,NA,NA,NA,NA,NA,NA,NA,NA
"1.0 (2026-03-05)","doi:10.11587/BA1ORN","532","Person","Raffelsberger","Rudolf","männlich",1968,"ÖVP","Oberösterreich","Landtag","nein",NA,"ja","ja",NA,NA,NA,NA,NA,NA,NA,NA,NA,NA,NA,NA,NA,NA,NA,NA,NA,NA,NA,NA,NA,NA,NA,NA,NA,NA,NA,NA,NA,NA,NA,NA,NA,NA,NA,NA,NA,NA,NA,NA,NA,NA,NA,NA,NA,NA,NA,NA,NA,NA,NA,NA,NA,NA,NA,NA,NA,NA,NA,NA,NA,NA,NA,NA,NA,NA,NA,NA,NA,NA,NA,NA,NA,NA,NA,NA,NA,NA,NA,NA,NA,NA,NA,NA,NA,NA,NA,NA,NA,NA,NA,NA,NA,NA,NA,NA,NA,NA,NA,NA,NA,NA,NA,NA,NA,NA,NA,NA,NA,NA,NA,NA,NA,NA,NA,NA,NA,NA,NA,NA,NA,NA,NA,NA,NA,NA,NA,NA,NA,NA,NA,NA,NA,NA,NA
"1.0 (2026-03-05)","doi:10.11587/BA1ORN","533","Person","Ragger","Christian","männlich",1973,"FPÖ","Österreich","Nationalrat","ja","https://www.tiktok.com/@christianragger","ja","ja",505,784,6,137,NA,"https://www.tiktok.com/@christianragger/photo/7410691147250601248",707,35,0,1,"Privat","nein","leger","nein","ja","nein","nicht erkennbar","nein","https://www.tiktok.com/@christianragger/photo/7326813878610955553",1066,25,1,1,"Privat","nein",NA,"nein","ja","nein","nicht erkennbar","nein","https://www.tiktok.com/@christianragger/photo/7301730846732586272",297,24,0,1,"Privat","nein",NA,"nein","nein","nein","nicht erkennbar","nein","https://www.tiktok.com/@christianragger/video/7295293534100376864",941,22,0,1,"Privat","nein","leger","nein","ja","nein","nicht erkennbar","nein","https://www.tiktok.com/@christianragger/photo/7292802954279619872",1038,16,0,0,"Privat","nein",NA,"nein","nein","nein","nicht erkennbar","nein","https://www.tiktok.com/@christianragger/photo/7283106960621178144",1270,15,1,0,"Privat","nein",NA,"nein","nein","nein","nicht erkennbar","nein",NA,NA,NA,NA,NA,NA,NA,NA,NA,NA,NA,NA,NA,NA,NA,NA,NA,NA,NA,NA,NA,NA,NA,NA,NA,NA,NA,NA,NA,NA,NA,NA,NA,NA,NA,NA,NA,NA,NA,NA,NA,NA,NA,NA,NA,NA,NA,NA,NA,NA,NA,NA
"1.0 (2026-03-05)","doi:10.11587/BA1ORN","534","Person","Rakuscha","Maximilian","männlich",1992,"SPÖ","Kärnten","Landtag","ja","https://www.tiktok.com/@maximilianrakuscha","ja","ja",281,921,2,116,"Kärntner ️ | Landtagsabgeordneter ️ | Politik mit Herz ️ | Tierfreund | Papa","https://www.tiktok.com/@maximilianrakuscha/video/7232320880154643739",2084,101,10,10,"Arbeit","nein","formal","nein","nein","nein","nicht erkennbar","nein","https://www.tiktok.com/@maximilianrakuscha/video/7574114457094278422",284,6,0,0,"Arbeit","nein","formal","nein","nein","nein","nicht erkennbar","nein",NA,NA,NA,NA,NA,NA,NA,NA,NA,NA,NA,NA,NA,NA,NA,NA,NA,NA,NA,NA,NA,NA,NA,NA,NA,NA,NA,NA,NA,NA,NA,NA,NA,NA,NA,NA,NA,NA,NA,NA,NA,NA,NA,NA,NA,NA,NA,NA,NA,NA,NA,NA,NA,NA,NA,NA,NA,NA,NA,NA,NA,NA,NA,NA,NA,NA,NA,NA,NA,NA,NA,NA,NA,NA,NA,NA,NA,NA,NA,NA,NA,NA,NA,NA,NA,NA,NA,NA,NA,NA,NA,NA,NA,NA,NA,NA,NA,NA,NA,NA,NA,NA,NA,NA
"1.0 (2026-03-05)","doi:10.11587/BA1ORN","535","Person","Ranzmaier","Christofer","männlich",1987,"FPÖ","Österreich","Nationalrat","ja","https://www.tiktok.com/@cranzmaier","ja","ja",6871,1402,114,93100,"Stolzer Patriot ️ Nationalratsabgeordneter & Gemeinderat","https://www.tiktok.com/@cranzmaier/video/7414496009834745121",207400,9689,1034,691,"Privat","nein","leger","nein","ja","nein","erkennbar","nein","https://www.tiktok.com/@cranzmaier/video/7449687211659775254",131700,6116,566,552,"Privat","nein","formal","nein","ja","nein","nicht erkennbar","nein","https://www.tiktok.com/@cranzmaier/video/7519808944441740566",54100,4223,227,310,"Privat","nein","formal","nein","ja","nein","nicht erkennbar","nein","https://www.tiktok.com/@cranzmaier/video/7474179770062884118",34700,2815,229,195,"Privat","nein","formal","nein","ja","nein","nicht erkennbar","nein","https://www.tiktok.com/@cranzmaier/video/7433721484176084257",30800,2470,210,157,"Privat","nein","leger","nein","ja","nein","nicht erkennbar","nein","https://www.tiktok.com/@cranzmaier/video/7503465963178822934",63600,2283,503,244,"Arbeit","nein","formal","nein","ja","nein","nicht erkennbar","nein","https://www.tiktok.com/@cranzmaier/video/7415960689296100641",58400,2251,311,160,"Privat","nein","leger","nein","ja","nein","erkennbar","nein","https://www.tiktok.com/@cranzmaier/video/7405196797255240992",47200,2215,175,218,"Privat","nein","formal","nein","ja","nein","nicht erkennbar","nein","https://www.tiktok.com/@cranzmaier/video/7486063382009842966",18700,2136,149,219,"Privat","nein","formal","nein","ja","nein","nicht erkennbar","nein","https://www.tiktok.com/@cranzmaier/video/7483091119409040662",13200,1920,57,139,"Privat","nein","formal","nein","ja","nein","nicht erkennbar","nein"
"1.0 (2026-03-05)","doi:10.11587/BA1ORN","536","Person","Rathgeb","Josef","männlich",1967,"ÖVP","Oberösterreich","Landtag","nein",NA,"ja","ja",NA,NA,NA,NA,NA,NA,NA,NA,NA,NA,NA,NA,NA,NA,NA,NA,NA,NA,NA,NA,NA,NA,NA,NA,NA,NA,NA,NA,NA,NA,NA,NA,NA,NA,NA,NA,NA,NA,NA,NA,NA,NA,NA,NA,NA,NA,NA,NA,NA,NA,NA,NA,NA,NA,NA,NA,NA,NA,NA,NA,NA,NA,NA,NA,NA,NA,NA,NA,NA,NA,NA,NA,NA,NA,NA,NA,NA,NA,NA,NA,NA,NA,NA,NA,NA,NA,NA,NA,NA,NA,NA,NA,NA,NA,NA,NA,NA,NA,NA,NA,NA,NA,NA,NA,NA,NA,NA,NA,NA,NA,NA,NA,NA,NA,NA,NA,NA,NA,NA,NA,NA,NA,NA,NA,NA,NA,NA,NA,NA,NA,NA,NA,NA,NA,NA
"1.0 (2026-03-05)","doi:10.11587/BA1ORN","537","Person","Rauter","Dietmar","männlich",1973,"FPÖ","Kärnten","Landtag","nein",NA,"nein","nein",NA,NA,NA,NA,NA,NA,NA,NA,NA,NA,NA,NA,NA,NA,NA,NA,NA,NA,NA,NA,NA,NA,NA,NA,NA,NA,NA,NA,NA,NA,NA,NA,NA,NA,NA,NA,NA,NA,NA,NA,NA,NA,NA,NA,NA,NA,NA,NA,NA,NA,NA,NA,NA,NA,NA,NA,NA,NA,NA,NA,NA,NA,NA,NA,NA,NA,NA,NA,NA,NA,NA,NA,NA,NA,NA,NA,NA,NA,NA,NA,NA,NA,NA,NA,NA,NA,NA,NA,NA,NA,NA,NA,NA,NA,NA,NA,NA,NA,NA,NA,NA,NA,NA,NA,NA,NA,NA,NA,NA,NA,NA,NA,NA,NA,NA,NA,NA,NA,NA,NA,NA,NA,NA,NA,NA,NA,NA,NA,NA,NA,NA,NA,NA,NA,NA
"1.0 (2026-03-05)","doi:10.11587/BA1ORN","538","Person","Regner","Evelyn","weiblich",1966,"SPÖ","EU","EP","nein",NA,"ja","ja",NA,NA,NA,NA,NA,NA,NA,NA,NA,NA,NA,NA,NA,NA,NA,NA,NA,NA,NA,NA,NA,NA,NA,NA,NA,NA,NA,NA,NA,NA,NA,NA,NA,NA,NA,NA,NA,NA,NA,NA,NA,NA,NA,NA,NA,NA,NA,NA,NA,NA,NA,NA,NA,NA,NA,NA,NA,NA,NA,NA,NA,NA,NA,NA,NA,NA,NA,NA,NA,NA,NA,NA,NA,NA,NA,NA,NA,NA,NA,NA,NA,NA,NA,NA,NA,NA,NA,NA,NA,NA,NA,NA,NA,NA,NA,NA,NA,NA,NA,NA,NA,NA,NA,NA,NA,NA,NA,NA,NA,NA,NA,NA,NA,NA,NA,NA,NA,NA,NA,NA,NA,NA,NA,NA,NA,NA,NA,NA,NA,NA,NA,NA,NA,NA,NA
"1.0 (2026-03-05)","doi:10.11587/BA1ORN","539","Person","Reichmann","Peter","männlich",1991,"SPÖ","Kärnten","Landesregierung","nein",NA,"ja","nein",NA,NA,NA,NA,NA,NA,NA,NA,NA,NA,NA,NA,NA,NA,NA,NA,NA,NA,NA,NA,NA,NA,NA,NA,NA,NA,NA,NA,NA,NA,NA,NA,NA,NA,NA,NA,NA,NA,NA,NA,NA,NA,NA,NA,NA,NA,NA,NA,NA,NA,NA,NA,NA,NA,NA,NA,NA,NA,NA,NA,NA,NA,NA,NA,NA,NA,NA,NA,NA,NA,NA,NA,NA,NA,NA,NA,NA,NA,NA,NA,NA,NA,NA,NA,NA,NA,NA,NA,NA,NA,NA,NA,NA,NA,NA,NA,NA,NA,NA,NA,NA,NA,NA,NA,NA,NA,NA,NA,NA,NA,NA,NA,NA,NA,NA,NA,NA,NA,NA,NA,NA,NA,NA,NA,NA,NA,NA,NA,NA,NA,NA,NA,NA,NA,NA
"1.0 (2026-03-05)","doi:10.11587/BA1ORN","540","Person","Reif","Robert","männlich",1987,"NEOS","Steiermark","Landtag","ja","https://www.tiktok.com/@robert_reif","ja","ja",233,1781,35,387,NA,"https://www.tiktok.com/@robert_reif/video/7067472070153604358",1139,61,0,1,"Privat","nein",NA,"nein","ja","nein","nicht erkennbar","nein","https://www.tiktok.com/@robert_reif/video/6953486835469257990",1653,32,2,1,"Privat","nein",NA,"nein","ja","nein","nicht erkennbar","nein","https://www.tiktok.com/@robert_reif/video/7006192219866533126",1661,30,1,1,"Privat","nein",NA,"nein","ja","nein","nicht erkennbar","nein","https://www.tiktok.com/@robert_reif/video/6976948243414404357",1308,24,3,1,"Privat","nein",NA,"nein","ja","nein","nicht erkennbar","nein","https://www.tiktok.com/@robert_reif/video/7020814183906168070",898,21,1,0,"Arbeit","nein","leger","nein","ja","nein","erkennbar","nein","https://www.tiktok.com/@robert_reif/video/6994695742036217094",610,16,0,0,"Privat","nein",NA,"nein","ja","nein","nicht erkennbar","nein","https://www.tiktok.com/@robert_reif/video/6953846052264971526",300,15,0,0,"Privat","ja","leger","nein","ja","nein","nicht erkennbar","nein","https://www.tiktok.com/@robert_reif/video/7208091387646987526",357,14,1,1,"Privat","nein",NA,"nein","ja","nein","nicht erkennbar","nein","https://www.tiktok.com/@robert_reif/video/6999522141322448133",1274,12,0,0,"Privat","nein",NA,"nein","ja","nein","nicht erkennbar","nein","https://www.tiktok.com/@robert_reif/video/6990774098590928133",325,12,4,0,"Privat","ja","leger","nein","nein","nein","nicht erkennbar","nein"
"1.0 (2026-03-05)","doi:10.11587/BA1ORN","541","Person","Reifenberger","Volker","männlich",1979,"FPÖ","Österreich","Nationalrat","nein",NA,"ja","ja",NA,NA,NA,NA,NA,NA,NA,NA,NA,NA,NA,NA,NA,NA,NA,NA,NA,NA,NA,NA,NA,NA,NA,NA,NA,NA,NA,NA,NA,NA,NA,NA,NA,NA,NA,NA,NA,NA,NA,NA,NA,NA,NA,NA,NA,NA,NA,NA,NA,NA,NA,NA,NA,NA,NA,NA,NA,NA,NA,NA,NA,NA,NA,NA,NA,NA,NA,NA,NA,NA,NA,NA,NA,NA,NA,NA,NA,NA,NA,NA,NA,NA,NA,NA,NA,NA,NA,NA,NA,NA,NA,NA,NA,NA,NA,NA,NA,NA,NA,NA,NA,NA,NA,NA,NA,NA,NA,NA,NA,NA,NA,NA,NA,NA,NA,NA,NA,NA,NA,NA,NA,NA,NA,NA,NA,NA,NA,NA,NA,NA,NA,NA,NA,NA,NA
"1.0 (2026-03-05)","doi:10.11587/BA1ORN","542","Person","Reindl","Thomas","männlich",1961,"SPÖ","Wien","Landtag","nein",NA,"ja","nein",NA,NA,NA,NA,NA,NA,NA,NA,NA,NA,NA,NA,NA,NA,NA,NA,NA,NA,NA,NA,NA,NA,NA,NA,NA,NA,NA,NA,NA,NA,NA,NA,NA,NA,NA,NA,NA,NA,NA,NA,NA,NA,NA,NA,NA,NA,NA,NA,NA,NA,NA,NA,NA,NA,NA,NA,NA,NA,NA,NA,NA,NA,NA,NA,NA,NA,NA,NA,NA,NA,NA,NA,NA,NA,NA,NA,NA,NA,NA,NA,NA,NA,NA,NA,NA,NA,NA,NA,NA,NA,NA,NA,NA,NA,NA,NA,NA,NA,NA,NA,NA,NA,NA,NA,NA,NA,NA,NA,NA,NA,NA,NA,NA,NA,NA,NA,NA,NA,NA,NA,NA,NA,NA,NA,NA,NA,NA,NA,NA,NA,NA,NA,NA,NA,NA
"1.0 (2026-03-05)","doi:10.11587/BA1ORN","543","Person","Reiner","Michael","männlich",1985,"FPÖ","Kärnten","Landtag","nein",NA,"ja","ja",NA,NA,NA,NA,NA,NA,NA,NA,NA,NA,NA,NA,NA,NA,NA,NA,NA,NA,NA,NA,NA,NA,NA,NA,NA,NA,NA,NA,NA,NA,NA,NA,NA,NA,NA,NA,NA,NA,NA,NA,NA,NA,NA,NA,NA,NA,NA,NA,NA,NA,NA,NA,NA,NA,NA,NA,NA,NA,NA,NA,NA,NA,NA,NA,NA,NA,NA,NA,NA,NA,NA,NA,NA,NA,NA,NA,NA,NA,NA,NA,NA,NA,NA,NA,NA,NA,NA,NA,NA,NA,NA,NA,NA,NA,NA,NA,NA,NA,NA,NA,NA,NA,NA,NA,NA,NA,NA,NA,NA,NA,NA,NA,NA,NA,NA,NA,NA,NA,NA,NA,NA,NA,NA,NA,NA,NA,NA,NA,NA,NA,NA,NA,NA,NA,NA
"1.0 (2026-03-05)","doi:10.11587/BA1ORN","544","Person","Reisinger","Dominik","männlich",1972,"SPÖ","Österreich","Bundesrat","nein",NA,"ja","ja",NA,NA,NA,NA,NA,NA,NA,NA,NA,NA,NA,NA,NA,NA,NA,NA,NA,NA,NA,NA,NA,NA,NA,NA,NA,NA,NA,NA,NA,NA,NA,NA,NA,NA,NA,NA,NA,NA,NA,NA,NA,NA,NA,NA,NA,NA,NA,NA,NA,NA,NA,NA,NA,NA,NA,NA,NA,NA,NA,NA,NA,NA,NA,NA,NA,NA,NA,NA,NA,NA,NA,NA,NA,NA,NA,NA,NA,NA,NA,NA,NA,NA,NA,NA,NA,NA,NA,NA,NA,NA,NA,NA,NA,NA,NA,NA,NA,NA,NA,NA,NA,NA,NA,NA,NA,NA,NA,NA,NA,NA,NA,NA,NA,NA,NA,NA,NA,NA,NA,NA,NA,NA,NA,NA,NA,NA,NA,NA,NA,NA,NA,NA,NA,NA,NA
"1.0 (2026-03-05)","doi:10.11587/BA1ORN","545","Person","Reiter","Carina","weiblich",1988,"ÖVP","Österreich","Nationalrat","nein",NA,"ja","nein",NA,NA,NA,NA,NA,NA,NA,NA,NA,NA,NA,NA,NA,NA,NA,NA,NA,NA,NA,NA,NA,NA,NA,NA,NA,NA,NA,NA,NA,NA,NA,NA,NA,NA,NA,NA,NA,NA,NA,NA,NA,NA,NA,NA,NA,NA,NA,NA,NA,NA,NA,NA,NA,NA,NA,NA,NA,NA,NA,NA,NA,NA,NA,NA,NA,NA,NA,NA,NA,NA,NA,NA,NA,NA,NA,NA,NA,NA,NA,NA,NA,NA,NA,NA,NA,NA,NA,NA,NA,NA,NA,NA,NA,NA,NA,NA,NA,NA,NA,NA,NA,NA,NA,NA,NA,NA,NA,NA,NA,NA,NA,NA,NA,NA,NA,NA,NA,NA,NA,NA,NA,NA,NA,NA,NA,NA,NA,NA,NA,NA,NA,NA,NA,NA,NA
"1.0 (2026-03-05)","doi:10.11587/BA1ORN","546","Person","Repolust","Manfred","männlich",1972,"FPÖ","Österreich","Bundesrat","nein",NA,"ja","ja",NA,NA,NA,NA,NA,NA,NA,NA,NA,NA,NA,NA,NA,NA,NA,NA,NA,NA,NA,NA,NA,NA,NA,NA,NA,NA,NA,NA,NA,NA,NA,NA,NA,NA,NA,NA,NA,NA,NA,NA,NA,NA,NA,NA,NA,NA,NA,NA,NA,NA,NA,NA,NA,NA,NA,NA,NA,NA,NA,NA,NA,NA,NA,NA,NA,NA,NA,NA,NA,NA,NA,NA,NA,NA,NA,NA,NA,NA,NA,NA,NA,NA,NA,NA,NA,NA,NA,NA,NA,NA,NA,NA,NA,NA,NA,NA,NA,NA,NA,NA,NA,NA,NA,NA,NA,NA,NA,NA,NA,NA,NA,NA,NA,NA,NA,NA,NA,NA,NA,NA,NA,NA,NA,NA,NA,NA,NA,NA,NA,NA,NA,NA,NA,NA,NA
"1.0 (2026-03-05)","doi:10.11587/BA1ORN","547","Person","Resch","Stefan","männlich",1987,"FPÖ","Steiermark","Landtag","nein",NA,"nein","nein",NA,NA,NA,NA,NA,NA,NA,NA,NA,NA,NA,NA,NA,NA,NA,NA,NA,NA,NA,NA,NA,NA,NA,NA,NA,NA,NA,NA,NA,NA,NA,NA,NA,NA,NA,NA,NA,NA,NA,NA,NA,NA,NA,NA,NA,NA,NA,NA,NA,NA,NA,NA,NA,NA,NA,NA,NA,NA,NA,NA,NA,NA,NA,NA,NA,NA,NA,NA,NA,NA,NA,NA,NA,NA,NA,NA,NA,NA,NA,NA,NA,NA,NA,NA,NA,NA,NA,NA,NA,NA,NA,NA,NA,NA,NA,NA,NA,NA,NA,NA,NA,NA,NA,NA,NA,NA,NA,NA,NA,NA,NA,NA,NA,NA,NA,NA,NA,NA,NA,NA,NA,NA,NA,NA,NA,NA,NA,NA,NA,NA,NA,NA,NA,NA,NA
"1.0 (2026-03-05)","doi:10.11587/BA1ORN","548","Person","Resch","Klemens","männlich",1989,"FPÖ","Wien","Landtag","ja","https://www.tiktok.com/@klemens_resch","ja","ja",270,120,2,4021,"gf Bezirksparteiobmann FPÖ-Döbling Gemeinderat und Landtagsabgeordneter Wien","https://www.tiktok.com/@klemens_resch/video/7529448439394880790",81700,3961,222,929,"Privat","nein","leger","nein","ja","nein","nicht erkennbar","nein","https://www.tiktok.com/@klemens_resch/video/7575194996584860950",1494,60,9,8,"Privat","nein","formal","nein","nein","nein","erkennbar","nein",NA,NA,NA,NA,NA,NA,NA,NA,NA,NA,NA,NA,NA,NA,NA,NA,NA,NA,NA,NA,NA,NA,NA,NA,NA,NA,NA,NA,NA,NA,NA,NA,NA,NA,NA,NA,NA,NA,NA,NA,NA,NA,NA,NA,NA,NA,NA,NA,NA,NA,NA,NA,NA,NA,NA,NA,NA,NA,NA,NA,NA,NA,NA,NA,NA,NA,NA,NA,NA,NA,NA,NA,NA,NA,NA,NA,NA,NA,NA,NA,NA,NA,NA,NA,NA,NA,NA,NA,NA,NA,NA,NA,NA,NA,NA,NA,NA,NA,NA,NA,NA,NA,NA,NA
"1.0 (2026-03-05)","doi:10.11587/BA1ORN","549","Person","Rezaei","Alexandra","weiblich",1974,"SPÖ","Wien","Landtag","nein",NA,"ja","ja",NA,NA,NA,NA,NA,NA,NA,NA,NA,NA,NA,NA,NA,NA,NA,NA,NA,NA,NA,NA,NA,NA,NA,NA,NA,NA,NA,NA,NA,NA,NA,NA,NA,NA,NA,NA,NA,NA,NA,NA,NA,NA,NA,NA,NA,NA,NA,NA,NA,NA,NA,NA,NA,NA,NA,NA,NA,NA,NA,NA,NA,NA,NA,NA,NA,NA,NA,NA,NA,NA,NA,NA,NA,NA,NA,NA,NA,NA,NA,NA,NA,NA,NA,NA,NA,NA,NA,NA,NA,NA,NA,NA,NA,NA,NA,NA,NA,NA,NA,NA,NA,NA,NA,NA,NA,NA,NA,NA,NA,NA,NA,NA,NA,NA,NA,NA,NA,NA,NA,NA,NA,NA,NA,NA,NA,NA,NA,NA,NA,NA,NA,NA,NA,NA,NA
"1.0 (2026-03-05)","doi:10.11587/BA1ORN","550","Person","Rieder","Alexander","männlich",1961,"FPÖ","Salzburg","Landtag","nein",NA,"nein","nein",NA,NA,NA,NA,NA,NA,NA,NA,NA,NA,NA,NA,NA,NA,NA,NA,NA,NA,NA,NA,NA,NA,NA,NA,NA,NA,NA,NA,NA,NA,NA,NA,NA,NA,NA,NA,NA,NA,NA,NA,NA,NA,NA,NA,NA,NA,NA,NA,NA,NA,NA,NA,NA,NA,NA,NA,NA,NA,NA,NA,NA,NA,NA,NA,NA,NA,NA,NA,NA,NA,NA,NA,NA,NA,NA,NA,NA,NA,NA,NA,NA,NA,NA,NA,NA,NA,NA,NA,NA,NA,NA,NA,NA,NA,NA,NA,NA,NA,NA,NA,NA,NA,NA,NA,NA,NA,NA,NA,NA,NA,NA,NA,NA,NA,NA,NA,NA,NA,NA,NA,NA,NA,NA,NA,NA,NA,NA,NA,NA,NA,NA,NA,NA,NA,NA
"1.0 (2026-03-05)","doi:10.11587/BA1ORN","551","Person","Riedl","Florian","männlich",1977,"ÖVP","Tirol","Landtag","nein",NA,"ja","ja",NA,NA,NA,NA,NA,NA,NA,NA,NA,NA,NA,NA,NA,NA,NA,NA,NA,NA,NA,NA,NA,NA,NA,NA,NA,NA,NA,NA,NA,NA,NA,NA,NA,NA,NA,NA,NA,NA,NA,NA,NA,NA,NA,NA,NA,NA,NA,NA,NA,NA,NA,NA,NA,NA,NA,NA,NA,NA,NA,NA,NA,NA,NA,NA,NA,NA,NA,NA,NA,NA,NA,NA,NA,NA,NA,NA,NA,NA,NA,NA,NA,NA,NA,NA,NA,NA,NA,NA,NA,NA,NA,NA,NA,NA,NA,NA,NA,NA,NA,NA,NA,NA,NA,NA,NA,NA,NA,NA,NA,NA,NA,NA,NA,NA,NA,NA,NA,NA,NA,NA,NA,NA,NA,NA,NA,NA,NA,NA,NA,NA,NA,NA,NA,NA,NA
"1.0 (2026-03-05)","doi:10.11587/BA1ORN","552","Person","Riedlsperger","Susanna","weiblich",2001,"NEOS","Tirol","Landtag","ja","https://www.tiktok.com/@riedlsperger","ja","ja",408,277,29,2019,"Abgeordnete zum Tiroler Landtag️ Tirolerin. Europäerin. Liberale.","https://www.tiktok.com/@riedlsperger/video/7522948067797093654?is_from_webapp=1",15800,389,11,9,"Arbeit","nein","leger","nein","nein","nein","nicht erkennbar","nein","https://www.tiktok.com/@riedlsperger/video/7473088609072008470",12300,171,1,12,"Arbeit","nein","leger","nein","nein","nein","erkennbar","nein","https://www.tiktok.com/@riedlsperger/video/7530179803178175766?is_from_webapp=1",4300,168,4,0,"Arbeit","nein","leger","nein","nein","nein","nicht erkennbar","nein","https://www.tiktok.com/@riedlsperger/video/7519095631122533654?is_from_webapp=1",2496,130,2,1,NA,"nein","formal","nein","ja","nein","erkennbar","ja","https://www.tiktok.com/@riedlsperger/video/7484680876597595414",3978,101,7,4,"Arbeit","nein","formal","nein","nein","nein","erkennbar","nein","https://www.tiktok.com/@riedlsperger/video/7574501251778383126",1218,88,0,2,"Arbeit","nein","formal","nein","ja","nein","nicht erkennbar","nein","https://www.tiktok.com/@riedlsperger/video/7493462191782317334",2658,77,3,4,"Arbeit","nein","formal","nein","nein","nein","erkennbar","nein","https://www.tiktok.com/@riedlsperger/video/7539639076316613890",5117,73,6,0,"Arbeit","nein","formal","nein","ja","nein","erkennbar","nein","https://www.tiktok.com/@riedlsperger/video/7518675064284253462",3092,67,3,0,"Privat","nein","leger","nein","ja","nein","nicht erkennbar","nein","https://www.tiktok.com/@riedlsperger/video/7541100487823592726",1148,56,1,0,"Privat","nein","leger","nein","nein","nein","nicht erkennbar","nein"
"1.0 (2026-03-05)","doi:10.11587/BA1ORN","553","Person","Ries","Christian","männlich",1972,"FPÖ","Burgenland","Landtag","nein",NA,"ja","ja",NA,NA,NA,NA,NA,NA,NA,NA,NA,NA,NA,NA,NA,NA,NA,NA,NA,NA,NA,NA,NA,NA,NA,NA,NA,NA,NA,NA,NA,NA,NA,NA,NA,NA,NA,NA,NA,NA,NA,NA,NA,NA,NA,NA,NA,NA,NA,NA,NA,NA,NA,NA,NA,NA,NA,NA,NA,NA,NA,NA,NA,NA,NA,NA,NA,NA,NA,NA,NA,NA,NA,NA,NA,NA,NA,NA,NA,NA,NA,NA,NA,NA,NA,NA,NA,NA,NA,NA,NA,NA,NA,NA,NA,NA,NA,NA,NA,NA,NA,NA,NA,NA,NA,NA,NA,NA,NA,NA,NA,NA,NA,NA,NA,NA,NA,NA,NA,NA,NA,NA,NA,NA,NA,NA,NA,NA,NA,NA,NA,NA,NA,NA,NA,NA,NA
"1.0 (2026-03-05)","doi:10.11587/BA1ORN","554","Person","Rompold","Astrid","weiblich",1974,"SPÖ","Wien","Landtag","nein",NA,"ja","ja",NA,NA,NA,NA,NA,NA,NA,NA,NA,NA,NA,NA,NA,NA,NA,NA,NA,NA,NA,NA,NA,NA,NA,NA,NA,NA,NA,NA,NA,NA,NA,NA,NA,NA,NA,NA,NA,NA,NA,NA,NA,NA,NA,NA,NA,NA,NA,NA,NA,NA,NA,NA,NA,NA,NA,NA,NA,NA,NA,NA,NA,NA,NA,NA,NA,NA,NA,NA,NA,NA,NA,NA,NA,NA,NA,NA,NA,NA,NA,NA,NA,NA,NA,NA,NA,NA,NA,NA,NA,NA,NA,NA,NA,NA,NA,NA,NA,NA,NA,NA,NA,NA,NA,NA,NA,NA,NA,NA,NA,NA,NA,NA,NA,NA,NA,NA,NA,NA,NA,NA,NA,NA,NA,NA,NA,NA,NA,NA,NA,NA,NA,NA,NA,NA,NA
"1.0 (2026-03-05)","doi:10.11587/BA1ORN","555","Person","Rosenkranz","Susanne","weiblich",1972,"FPÖ","Niederösterreich","Landesregierung","nein",NA,"ja","ja",NA,NA,NA,NA,NA,NA,NA,NA,NA,NA,NA,NA,NA,NA,NA,NA,NA,NA,NA,NA,NA,NA,NA,NA,NA,NA,NA,NA,NA,NA,NA,NA,NA,NA,NA,NA,NA,NA,NA,NA,NA,NA,NA,NA,NA,NA,NA,NA,NA,NA,NA,NA,NA,NA,NA,NA,NA,NA,NA,NA,NA,NA,NA,NA,NA,NA,NA,NA,NA,NA,NA,NA,NA,NA,NA,NA,NA,NA,NA,NA,NA,NA,NA,NA,NA,NA,NA,NA,NA,NA,NA,NA,NA,NA,NA,NA,NA,NA,NA,NA,NA,NA,NA,NA,NA,NA,NA,NA,NA,NA,NA,NA,NA,NA,NA,NA,NA,NA,NA,NA,NA,NA,NA,NA,NA,NA,NA,NA,NA,NA,NA,NA,NA,NA,NA
"1.0 (2026-03-05)","doi:10.11587/BA1ORN","556","Person","Rosenkranz","Walter","männlich",1962,"FPÖ","Österreich","Nationalrat","nein",NA,"ja","ja",NA,NA,NA,NA,NA,NA,NA,NA,NA,NA,NA,NA,NA,NA,NA,NA,NA,NA,NA,NA,NA,NA,NA,NA,NA,NA,NA,NA,NA,NA,NA,NA,NA,NA,NA,NA,NA,NA,NA,NA,NA,NA,NA,NA,NA,NA,NA,NA,NA,NA,NA,NA,NA,NA,NA,NA,NA,NA,NA,NA,NA,NA,NA,NA,NA,NA,NA,NA,NA,NA,NA,NA,NA,NA,NA,NA,NA,NA,NA,NA,NA,NA,NA,NA,NA,NA,NA,NA,NA,NA,NA,NA,NA,NA,NA,NA,NA,NA,NA,NA,NA,NA,NA,NA,NA,NA,NA,NA,NA,NA,NA,NA,NA,NA,NA,NA,NA,NA,NA,NA,NA,NA,NA,NA,NA,NA,NA,NA,NA,NA,NA,NA,NA,NA,NA
"1.0 (2026-03-05)","doi:10.11587/BA1ORN","557","Person","Royer","Albert","männlich",1973,"FPÖ","Österreich","Nationalrat","nein",NA,"ja","nein",NA,NA,NA,NA,NA,NA,NA,NA,NA,NA,NA,NA,NA,NA,NA,NA,NA,NA,NA,NA,NA,NA,NA,NA,NA,NA,NA,NA,NA,NA,NA,NA,NA,NA,NA,NA,NA,NA,NA,NA,NA,NA,NA,NA,NA,NA,NA,NA,NA,NA,NA,NA,NA,NA,NA,NA,NA,NA,NA,NA,NA,NA,NA,NA,NA,NA,NA,NA,NA,NA,NA,NA,NA,NA,NA,NA,NA,NA,NA,NA,NA,NA,NA,NA,NA,NA,NA,NA,NA,NA,NA,NA,NA,NA,NA,NA,NA,NA,NA,NA,NA,NA,NA,NA,NA,NA,NA,NA,NA,NA,NA,NA,NA,NA,NA,NA,NA,NA,NA,NA,NA,NA,NA,NA,NA,NA,NA,NA,NA,NA,NA,NA,NA,NA,NA
"1.0 (2026-03-05)","doi:10.11587/BA1ORN","558","Person","Ruf","Bernhard","männlich",1976,"ÖVP","Österreich","Bundesrat","nein",NA,"ja","ja",NA,NA,NA,NA,NA,NA,NA,NA,NA,NA,NA,NA,NA,NA,NA,NA,NA,NA,NA,NA,NA,NA,NA,NA,NA,NA,NA,NA,NA,NA,NA,NA,NA,NA,NA,NA,NA,NA,NA,NA,NA,NA,NA,NA,NA,NA,NA,NA,NA,NA,NA,NA,NA,NA,NA,NA,NA,NA,NA,NA,NA,NA,NA,NA,NA,NA,NA,NA,NA,NA,NA,NA,NA,NA,NA,NA,NA,NA,NA,NA,NA,NA,NA,NA,NA,NA,NA,NA,NA,NA,NA,NA,NA,NA,NA,NA,NA,NA,NA,NA,NA,NA,NA,NA,NA,NA,NA,NA,NA,NA,NA,NA,NA,NA,NA,NA,NA,NA,NA,NA,NA,NA,NA,NA,NA,NA,NA,NA,NA,NA,NA,NA,NA,NA,NA
"1.0 (2026-03-05)","doi:10.11587/BA1ORN","559","Person","Rull","Ronny","männlich",1978,"ÖVP","Kärnten","Landtag","nein",NA,"ja","nein",NA,NA,NA,NA,NA,NA,NA,NA,NA,NA,NA,NA,NA,NA,NA,NA,NA,NA,NA,NA,NA,NA,NA,NA,NA,NA,NA,NA,NA,NA,NA,NA,NA,NA,NA,NA,NA,NA,NA,NA,NA,NA,NA,NA,NA,NA,NA,NA,NA,NA,NA,NA,NA,NA,NA,NA,NA,NA,NA,NA,NA,NA,NA,NA,NA,NA,NA,NA,NA,NA,NA,NA,NA,NA,NA,NA,NA,NA,NA,NA,NA,NA,NA,NA,NA,NA,NA,NA,NA,NA,NA,NA,NA,NA,NA,NA,NA,NA,NA,NA,NA,NA,NA,NA,NA,NA,NA,NA,NA,NA,NA,NA,NA,NA,NA,NA,NA,NA,NA,NA,NA,NA,NA,NA,NA,NA,NA,NA,NA,NA,NA,NA,NA,NA,NA
"1.0 (2026-03-05)","doi:10.11587/BA1ORN","560","Person","Ruprecht","Günther","männlich",1977,"ÖVP","Österreich","Bundesrat","nein",NA,"ja","ja",NA,NA,NA,NA,NA,NA,NA,NA,NA,NA,NA,NA,NA,NA,NA,NA,NA,NA,NA,NA,NA,NA,NA,NA,NA,NA,NA,NA,NA,NA,NA,NA,NA,NA,NA,NA,NA,NA,NA,NA,NA,NA,NA,NA,NA,NA,NA,NA,NA,NA,NA,NA,NA,NA,NA,NA,NA,NA,NA,NA,NA,NA,NA,NA,NA,NA,NA,NA,NA,NA,NA,NA,NA,NA,NA,NA,NA,NA,NA,NA,NA,NA,NA,NA,NA,NA,NA,NA,NA,NA,NA,NA,NA,NA,NA,NA,NA,NA,NA,NA,NA,NA,NA,NA,NA,NA,NA,NA,NA,NA,NA,NA,NA,NA,NA,NA,NA,NA,NA,NA,NA,NA,NA,NA,NA,NA,NA,NA,NA,NA,NA,NA,NA,NA,NA
"1.0 (2026-03-05)","doi:10.11587/BA1ORN","561","Person","Rychly","Yvonne","weiblich",1965,"SPÖ","Wien","Landtag","nein",NA,"nein","ja",NA,NA,NA,NA,NA,NA,NA,NA,NA,NA,NA,NA,NA,NA,NA,NA,NA,NA,NA,NA,NA,NA,NA,NA,NA,NA,NA,NA,NA,NA,NA,NA,NA,NA,NA,NA,NA,NA,NA,NA,NA,NA,NA,NA,NA,NA,NA,NA,NA,NA,NA,NA,NA,NA,NA,NA,NA,NA,NA,NA,NA,NA,NA,NA,NA,NA,NA,NA,NA,NA,NA,NA,NA,NA,NA,NA,NA,NA,NA,NA,NA,NA,NA,NA,NA,NA,NA,NA,NA,NA,NA,NA,NA,NA,NA,NA,NA,NA,NA,NA,NA,NA,NA,NA,NA,NA,NA,NA,NA,NA,NA,NA,NA,NA,NA,NA,NA,NA,NA,NA,NA,NA,NA,NA,NA,NA,NA,NA,NA,NA,NA,NA,NA,NA,NA
"1.0 (2026-03-05)","doi:10.11587/BA1ORN","562","Person","Rüscher","Martina","weiblich",1972,"ÖVP","Vorarlberg","Landesregierung","nein",NA,"ja","ja",NA,NA,NA,NA,NA,NA,NA,NA,NA,NA,NA,NA,NA,NA,NA,NA,NA,NA,NA,NA,NA,NA,NA,NA,NA,NA,NA,NA,NA,NA,NA,NA,NA,NA,NA,NA,NA,NA,NA,NA,NA,NA,NA,NA,NA,NA,NA,NA,NA,NA,NA,NA,NA,NA,NA,NA,NA,NA,NA,NA,NA,NA,NA,NA,NA,NA,NA,NA,NA,NA,NA,NA,NA,NA,NA,NA,NA,NA,NA,NA,NA,NA,NA,NA,NA,NA,NA,NA,NA,NA,NA,NA,NA,NA,NA,NA,NA,NA,NA,NA,NA,NA,NA,NA,NA,NA,NA,NA,NA,NA,NA,NA,NA,NA,NA,NA,NA,NA,NA,NA,NA,NA,NA,NA,NA,NA,NA,NA,NA,NA,NA,NA,NA,NA,NA
"1.0 (2026-03-05)","doi:10.11587/BA1ORN","563","Person","Sagartz","Christian","männlich",1981,"ÖVP","Burgenland","Landtag","nein",NA,"ja","ja",NA,NA,NA,NA,NA,NA,NA,NA,NA,NA,NA,NA,NA,NA,NA,NA,NA,NA,NA,NA,NA,NA,NA,NA,NA,NA,NA,NA,NA,NA,NA,NA,NA,NA,NA,NA,NA,NA,NA,NA,NA,NA,NA,NA,NA,NA,NA,NA,NA,NA,NA,NA,NA,NA,NA,NA,NA,NA,NA,NA,NA,NA,NA,NA,NA,NA,NA,NA,NA,NA,NA,NA,NA,NA,NA,NA,NA,NA,NA,NA,NA,NA,NA,NA,NA,NA,NA,NA,NA,NA,NA,NA,NA,NA,NA,NA,NA,NA,NA,NA,NA,NA,NA,NA,NA,NA,NA,NA,NA,NA,NA,NA,NA,NA,NA,NA,NA,NA,NA,NA,NA,NA,NA,NA,NA,NA,NA,NA,NA,NA,NA,NA,NA,NA,NA
"1.0 (2026-03-05)","doi:10.11587/BA1ORN","564","Person","Sakic","Denis","männlich",1990,"SPÖ","Wien","Landtag","nein",NA,"ja","ja",NA,NA,NA,NA,NA,NA,NA,NA,NA,NA,NA,NA,NA,NA,NA,NA,NA,NA,NA,NA,NA,NA,NA,NA,NA,NA,NA,NA,NA,NA,NA,NA,NA,NA,NA,NA,NA,NA,NA,NA,NA,NA,NA,NA,NA,NA,NA,NA,NA,NA,NA,NA,NA,NA,NA,NA,NA,NA,NA,NA,NA,NA,NA,NA,NA,NA,NA,NA,NA,NA,NA,NA,NA,NA,NA,NA,NA,NA,NA,NA,NA,NA,NA,NA,NA,NA,NA,NA,NA,NA,NA,NA,NA,NA,NA,NA,NA,NA,NA,NA,NA,NA,NA,NA,NA,NA,NA,NA,NA,NA,NA,NA,NA,NA,NA,NA,NA,NA,NA,NA,NA,NA,NA,NA,NA,NA,NA,NA,NA,NA,NA,NA,NA,NA,NA
"1.0 (2026-03-05)","doi:10.11587/BA1ORN","565","Person","Samel","Ewa","weiblich",1986,"SPÖ","Wien","Landtag","nein",NA,"ja","ja",NA,NA,NA,NA,NA,NA,NA,NA,NA,NA,NA,NA,NA,NA,NA,NA,NA,NA,NA,NA,NA,NA,NA,NA,NA,NA,NA,NA,NA,NA,NA,NA,NA,NA,NA,NA,NA,NA,NA,NA,NA,NA,NA,NA,NA,NA,NA,NA,NA,NA,NA,NA,NA,NA,NA,NA,NA,NA,NA,NA,NA,NA,NA,NA,NA,NA,NA,NA,NA,NA,NA,NA,NA,NA,NA,NA,NA,NA,NA,NA,NA,NA,NA,NA,NA,NA,NA,NA,NA,NA,NA,NA,NA,NA,NA,NA,NA,NA,NA,NA,NA,NA,NA,NA,NA,NA,NA,NA,NA,NA,NA,NA,NA,NA,NA,NA,NA,NA,NA,NA,NA,NA,NA,NA,NA,NA,NA,NA,NA,NA,NA,NA,NA,NA,NA
"1.0 (2026-03-05)","doi:10.11587/BA1ORN","566","Person","Sams","Manfred","männlich",1972,"SPÖ","Österreich","Nationalrat","nein",NA,"ja","ja",NA,NA,NA,NA,NA,NA,NA,NA,NA,NA,NA,NA,NA,NA,NA,NA,NA,NA,NA,NA,NA,NA,NA,NA,NA,NA,NA,NA,NA,NA,NA,NA,NA,NA,NA,NA,NA,NA,NA,NA,NA,NA,NA,NA,NA,NA,NA,NA,NA,NA,NA,NA,NA,NA,NA,NA,NA,NA,NA,NA,NA,NA,NA,NA,NA,NA,NA,NA,NA,NA,NA,NA,NA,NA,NA,NA,NA,NA,NA,NA,NA,NA,NA,NA,NA,NA,NA,NA,NA,NA,NA,NA,NA,NA,NA,NA,NA,NA,NA,NA,NA,NA,NA,NA,NA,NA,NA,NA,NA,NA,NA,NA,NA,NA,NA,NA,NA,NA,NA,NA,NA,NA,NA,NA,NA,NA,NA,NA,NA,NA,NA,NA,NA,NA,NA
"1.0 (2026-03-05)","doi:10.11587/BA1ORN","567","Person","Samt","Peter","männlich",1957,"FPÖ","Österreich","Bundesrat","nein",NA,"ja","ja",NA,NA,NA,NA,NA,NA,NA,NA,NA,NA,NA,NA,NA,NA,NA,NA,NA,NA,NA,NA,NA,NA,NA,NA,NA,NA,NA,NA,NA,NA,NA,NA,NA,NA,NA,NA,NA,NA,NA,NA,NA,NA,NA,NA,NA,NA,NA,NA,NA,NA,NA,NA,NA,NA,NA,NA,NA,NA,NA,NA,NA,NA,NA,NA,NA,NA,NA,NA,NA,NA,NA,NA,NA,NA,NA,NA,NA,NA,NA,NA,NA,NA,NA,NA,NA,NA,NA,NA,NA,NA,NA,NA,NA,NA,NA,NA,NA,NA,NA,NA,NA,NA,NA,NA,NA,NA,NA,NA,NA,NA,NA,NA,NA,NA,NA,NA,NA,NA,NA,NA,NA,NA,NA,NA,NA,NA,NA,NA,NA,NA,NA,NA,NA,NA,NA
"1.0 (2026-03-05)","doi:10.11587/BA1ORN","568","Person","Samwald","Christian","männlich",1980,"SPÖ","Niederösterreich","Landtag","nein",NA,"ja","ja",NA,NA,NA,NA,NA,NA,NA,NA,NA,NA,NA,NA,NA,NA,NA,NA,NA,NA,NA,NA,NA,NA,NA,NA,NA,NA,NA,NA,NA,NA,NA,NA,NA,NA,NA,NA,NA,NA,NA,NA,NA,NA,NA,NA,NA,NA,NA,NA,NA,NA,NA,NA,NA,NA,NA,NA,NA,NA,NA,NA,NA,NA,NA,NA,NA,NA,NA,NA,NA,NA,NA,NA,NA,NA,NA,NA,NA,NA,NA,NA,NA,NA,NA,NA,NA,NA,NA,NA,NA,NA,NA,NA,NA,NA,NA,NA,NA,NA,NA,NA,NA,NA,NA,NA,NA,NA,NA,NA,NA,NA,NA,NA,NA,NA,NA,NA,NA,NA,NA,NA,NA,NA,NA,NA,NA,NA,NA,NA,NA,NA,NA,NA,NA,NA,NA
"1.0 (2026-03-05)","doi:10.11587/BA1ORN","569","Person","Sandrieser","Stefan","männlich",1966,"SPÖ","Kärnten","Landtag","nein",NA,"ja","ja",NA,NA,NA,NA,NA,NA,NA,NA,NA,NA,NA,NA,NA,NA,NA,NA,NA,NA,NA,NA,NA,NA,NA,NA,NA,NA,NA,NA,NA,NA,NA,NA,NA,NA,NA,NA,NA,NA,NA,NA,NA,NA,NA,NA,NA,NA,NA,NA,NA,NA,NA,NA,NA,NA,NA,NA,NA,NA,NA,NA,NA,NA,NA,NA,NA,NA,NA,NA,NA,NA,NA,NA,NA,NA,NA,NA,NA,NA,NA,NA,NA,NA,NA,NA,NA,NA,NA,NA,NA,NA,NA,NA,NA,NA,NA,NA,NA,NA,NA,NA,NA,NA,NA,NA,NA,NA,NA,NA,NA,NA,NA,NA,NA,NA,NA,NA,NA,NA,NA,NA,NA,NA,NA,NA,NA,NA,NA,NA,NA,NA,NA,NA,NA,NA,NA
"1.0 (2026-03-05)","doi:10.11587/BA1ORN","570","Person","Sauerschnig","Rene","männlich",1981,"FPÖ","Salzburg","Landtag","ja","https://www.tiktok.com/@renesauerschnig","ja","ja",481,620,10,171,NA,"https://www.tiktok.com/@renesauerschnig/video/7385877708963597600",2334,59,9,12,"Privat","ja","leger","nein","nein","nein","nicht erkennbar","nein","https://www.tiktok.com/@renesauerschnig/photo/7344462595094547745?is_from_webapp=1",337,35,1,0,"Privat","nein","formal","nein","nein","nein","nicht erkennbar","nein","https://www.tiktok.com/@renesauerschnig/video/7343904637436661024",124,17,1,0,"Privat","nein","formal","ja","ja","nein","erkennbar","nein","https://www.tiktok.com/@renesauerschnig/video/7343904421023190304",114,16,2,0,"Privat","nein","formal","ja","ja","nein","erkennbar","nein","https://www.tiktok.com/@renesauerschnig/video/7343903949453298976?is_from_webapp=1",86,14,1,0,"Privat","nein","leger","ja","ja","nein","erkennbar","nein","https://www.tiktok.com/@renesauerschnig/video/7343904235278421281",91,8,1,0,"Privat","nein","leger","ja","ja","nein","erkennbar","nein","https://www.tiktok.com/@renesauerschnig/video/7343903949453298976",108,6,1,0,"Privat","nein","leger","ja","ja","nein","erkennbar","nein","https://www.tiktok.com/@renesauerschnig/video/7343903653335518496",81,6,0,0,"Privat","nein","leger","ja","ja","nein","erkennbar","nein","https://www.tiktok.com/@renesauerschnig/video/7343899354928827680?is_from_webapp=1",74,5,1,0,"Privat","nein","leger","ja","ja","nein","erkennbar","nein","https://www.tiktok.com/@renesauerschnig/video/7343899216705604896",63,5,1,0,"Privat","nein","leger","ja","ja","nein","erkennbar","nein"
"1.0 (2026-03-05)","doi:10.11587/BA1ORN","571","Person","Saurer","Bernd","männlich",1974,"FPÖ","Wien","Landtag","nein",NA,"nein","nein",NA,NA,NA,NA,NA,NA,NA,NA,NA,NA,NA,NA,NA,NA,NA,NA,NA,NA,NA,NA,NA,NA,NA,NA,NA,NA,NA,NA,NA,NA,NA,NA,NA,NA,NA,NA,NA,NA,NA,NA,NA,NA,NA,NA,NA,NA,NA,NA,NA,NA,NA,NA,NA,NA,NA,NA,NA,NA,NA,NA,NA,NA,NA,NA,NA,NA,NA,NA,NA,NA,NA,NA,NA,NA,NA,NA,NA,NA,NA,NA,NA,NA,NA,NA,NA,NA,NA,NA,NA,NA,NA,NA,NA,NA,NA,NA,NA,NA,NA,NA,NA,NA,NA,NA,NA,NA,NA,NA,NA,NA,NA,NA,NA,NA,NA,NA,NA,NA,NA,NA,NA,NA,NA,NA,NA,NA,NA,NA,NA,NA,NA,NA,NA,NA,NA
"1.0 (2026-03-05)","doi:10.11587/BA1ORN","572","Person","Schaflechner","Markus","männlich",1977,"ÖVP","Salzburg","Landtag","nein",NA,"ja","nein",NA,NA,NA,NA,NA,NA,NA,NA,NA,NA,NA,NA,NA,NA,NA,NA,NA,NA,NA,NA,NA,NA,NA,NA,NA,NA,NA,NA,NA,NA,NA,NA,NA,NA,NA,NA,NA,NA,NA,NA,NA,NA,NA,NA,NA,NA,NA,NA,NA,NA,NA,NA,NA,NA,NA,NA,NA,NA,NA,NA,NA,NA,NA,NA,NA,NA,NA,NA,NA,NA,NA,NA,NA,NA,NA,NA,NA,NA,NA,NA,NA,NA,NA,NA,NA,NA,NA,NA,NA,NA,NA,NA,NA,NA,NA,NA,NA,NA,NA,NA,NA,NA,NA,NA,NA,NA,NA,NA,NA,NA,NA,NA,NA,NA,NA,NA,NA,NA,NA,NA,NA,NA,NA,NA,NA,NA,NA,NA,NA,NA,NA,NA,NA,NA,NA
"1.0 (2026-03-05)","doi:10.11587/BA1ORN","573","Person","Schaller","Hans Karl","männlich",1960,"SPÖ","Oberösterreich","Landtag","nein",NA,"nein","nein",NA,NA,NA,NA,NA,NA,NA,NA,NA,NA,NA,NA,NA,NA,NA,NA,NA,NA,NA,NA,NA,NA,NA,NA,NA,NA,NA,NA,NA,NA,NA,NA,NA,NA,NA,NA,NA,NA,NA,NA,NA,NA,NA,NA,NA,NA,NA,NA,NA,NA,NA,NA,NA,NA,NA,NA,NA,NA,NA,NA,NA,NA,NA,NA,NA,NA,NA,NA,NA,NA,NA,NA,NA,NA,NA,NA,NA,NA,NA,NA,NA,NA,NA,NA,NA,NA,NA,NA,NA,NA,NA,NA,NA,NA,NA,NA,NA,NA,NA,NA,NA,NA,NA,NA,NA,NA,NA,NA,NA,NA,NA,NA,NA,NA,NA,NA,NA,NA,NA,NA,NA,NA,NA,NA,NA,NA,NA,NA,NA,NA,NA,NA,NA,NA,NA
"1.0 (2026-03-05)","doi:10.11587/BA1ORN","574","Person","Schallmeiner","Ralph","männlich",1976,"GRÜNE","Österreich","Nationalrat","ja","https://www.tiktok.com/@ralphschallmeiner","ja","ja",2509,1021,562,50700,"Abgeordneter mit Haltung Wer viel trägt, darf nicht alleine gelassen werden! m.mtrbio.com/ralph-schallmeiner","https://www.tiktok.com/@ralphschallmeiner/video/7341052899167980833",95600,12700,90,337,"Arbeit","nein","formal","nein","nein","nein","nicht erkennbar","nein","https://www.tiktok.com/@ralphschallmeiner/video/7340623731779325217",47200,8628,591,364,"Privat","ja","leger","nein","nein","nein","nicht erkennbar","nein","https://www.tiktok.com/@ralphschallmeiner/video/7330606261030898977?is_from_webapp=1",15700,1321,12,4,"Arbeit","nein","formal","nein","nein","nein","nicht erkennbar","nein","https://www.tiktok.com/@ralphschallmeiner/video/7252724469670661403?is_from_webapp=1",6071,898,5,2,"Arbeit","nein","formal","nein","nein","nein","nicht erkennbar","nein","https://www.tiktok.com/@ralphschallmeiner/video/7502006169394007318",33500,823,112,71,"Privat","ja","leger","nein","nein","nein","nicht erkennbar","nein","https://www.tiktok.com/@ralphschallmeiner/video/7467486078878977302",10800,760,43,12,"Privat","nein",NA,"nein","ja","nein","nicht erkennbar","nein","https://www.tiktok.com/@ralphschallmeiner/video/7341114910266461472",5511,735,180,5,"Privat","ja","leger","nein","nein","nein","nicht erkennbar","nein","https://www.tiktok.com/@ralphschallmeiner/video/7496445806292045078",29500,671,149,178,"Privat","nein","leger","nein","ja","nein","nicht erkennbar","nein","https://www.tiktok.com/@ralphschallmeiner/video/7270519583038033185",14100,671,149,55,"Privat","nein","leger","nein","ja","nein","nicht erkennbar","nein","https://www.tiktok.com/@ralphschallmeiner/video/7244863596662983962",14100,570,161,6,"Privat","ja","leger","nein","nein","nein","nicht erkennbar","nein"
"1.0 (2026-03-05)","doi:10.11587/BA1ORN","575","Person","Schandor","Christian","männlich",1974,"FPÖ","Österreich","Nationalrat","nein",NA,"ja","ja",NA,NA,NA,NA,NA,NA,NA,NA,NA,NA,NA,NA,NA,NA,NA,NA,NA,NA,NA,NA,NA,NA,NA,NA,NA,NA,NA,NA,NA,NA,NA,NA,NA,NA,NA,NA,NA,NA,NA,NA,NA,NA,NA,NA,NA,NA,NA,NA,NA,NA,NA,NA,NA,NA,NA,NA,NA,NA,NA,NA,NA,NA,NA,NA,NA,NA,NA,NA,NA,NA,NA,NA,NA,NA,NA,NA,NA,NA,NA,NA,NA,NA,NA,NA,NA,NA,NA,NA,NA,NA,NA,NA,NA,NA,NA,NA,NA,NA,NA,NA,NA,NA,NA,NA,NA,NA,NA,NA,NA,NA,NA,NA,NA,NA,NA,NA,NA,NA,NA,NA,NA,NA,NA,NA,NA,NA,NA,NA,NA,NA,NA,NA,NA,NA,NA
"1.0 (2026-03-05)","doi:10.11587/BA1ORN","576","Person","Scharfetter","Hans","männlich",1962,"ÖVP","Salzburg","Landtag","nein",NA,"ja","nein",NA,NA,NA,NA,NA,NA,NA,NA,NA,NA,NA,NA,NA,NA,NA,NA,NA,NA,NA,NA,NA,NA,NA,NA,NA,NA,NA,NA,NA,NA,NA,NA,NA,NA,NA,NA,NA,NA,NA,NA,NA,NA,NA,NA,NA,NA,NA,NA,NA,NA,NA,NA,NA,NA,NA,NA,NA,NA,NA,NA,NA,NA,NA,NA,NA,NA,NA,NA,NA,NA,NA,NA,NA,NA,NA,NA,NA,NA,NA,NA,NA,NA,NA,NA,NA,NA,NA,NA,NA,NA,NA,NA,NA,NA,NA,NA,NA,NA,NA,NA,NA,NA,NA,NA,NA,NA,NA,NA,NA,NA,NA,NA,NA,NA,NA,NA,NA,NA,NA,NA,NA,NA,NA,NA,NA,NA,NA,NA,NA,NA,NA,NA,NA,NA,NA
"1.0 (2026-03-05)","doi:10.11587/BA1ORN","577","Person","Schartel","Andrea Michaela","weiblich",1964,"FPÖ","Österreich","Nationalrat","nein",NA,"nein","ja",NA,NA,NA,NA,NA,NA,NA,NA,NA,NA,NA,NA,NA,NA,NA,NA,NA,NA,NA,NA,NA,NA,NA,NA,NA,NA,NA,NA,NA,NA,NA,NA,NA,NA,NA,NA,NA,NA,NA,NA,NA,NA,NA,NA,NA,NA,NA,NA,NA,NA,NA,NA,NA,NA,NA,NA,NA,NA,NA,NA,NA,NA,NA,NA,NA,NA,NA,NA,NA,NA,NA,NA,NA,NA,NA,NA,NA,NA,NA,NA,NA,NA,NA,NA,NA,NA,NA,NA,NA,NA,NA,NA,NA,NA,NA,NA,NA,NA,NA,NA,NA,NA,NA,NA,NA,NA,NA,NA,NA,NA,NA,NA,NA,NA,NA,NA,NA,NA,NA,NA,NA,NA,NA,NA,NA,NA,NA,NA,NA,NA,NA,NA,NA,NA,NA
"1.0 (2026-03-05)","doi:10.11587/BA1ORN","578","Person","Schatz","Sabine","weiblich",1978,"SPÖ","Österreich","Nationalrat","nein",NA,"ja","nein",NA,NA,NA,NA,NA,NA,NA,NA,NA,NA,NA,NA,NA,NA,NA,NA,NA,NA,NA,NA,NA,NA,NA,NA,NA,NA,NA,NA,NA,NA,NA,NA,NA,NA,NA,NA,NA,NA,NA,NA,NA,NA,NA,NA,NA,NA,NA,NA,NA,NA,NA,NA,NA,NA,NA,NA,NA,NA,NA,NA,NA,NA,NA,NA,NA,NA,NA,NA,NA,NA,NA,NA,NA,NA,NA,NA,NA,NA,NA,NA,NA,NA,NA,NA,NA,NA,NA,NA,NA,NA,NA,NA,NA,NA,NA,NA,NA,NA,NA,NA,NA,NA,NA,NA,NA,NA,NA,NA,NA,NA,NA,NA,NA,NA,NA,NA,NA,NA,NA,NA,NA,NA,NA,NA,NA,NA,NA,NA,NA,NA,NA,NA,NA,NA,NA
"1.0 (2026-03-05)","doi:10.11587/BA1ORN","579","Person","Schaunig","Gaby","weiblich",1965,"SPÖ","Kärnten","Landesregierung","nein",NA,"ja","nein",NA,NA,NA,NA,NA,NA,NA,NA,NA,NA,NA,NA,NA,NA,NA,NA,NA,NA,NA,NA,NA,NA,NA,NA,NA,NA,NA,NA,NA,NA,NA,NA,NA,NA,NA,NA,NA,NA,NA,NA,NA,NA,NA,NA,NA,NA,NA,NA,NA,NA,NA,NA,NA,NA,NA,NA,NA,NA,NA,NA,NA,NA,NA,NA,NA,NA,NA,NA,NA,NA,NA,NA,NA,NA,NA,NA,NA,NA,NA,NA,NA,NA,NA,NA,NA,NA,NA,NA,NA,NA,NA,NA,NA,NA,NA,NA,NA,NA,NA,NA,NA,NA,NA,NA,NA,NA,NA,NA,NA,NA,NA,NA,NA,NA,NA,NA,NA,NA,NA,NA,NA,NA,NA,NA,NA,NA,NA,NA,NA,NA,NA,NA,NA,NA,NA
"1.0 (2026-03-05)","doi:10.11587/BA1ORN","580","Person","Scheele","Karin","weiblich",1968,"SPÖ","Niederösterreich","Landtag","nein",NA,"nein","ja",NA,NA,NA,NA,NA,NA,NA,NA,NA,NA,NA,NA,NA,NA,NA,NA,NA,NA,NA,NA,NA,NA,NA,NA,NA,NA,NA,NA,NA,NA,NA,NA,NA,NA,NA,NA,NA,NA,NA,NA,NA,NA,NA,NA,NA,NA,NA,NA,NA,NA,NA,NA,NA,NA,NA,NA,NA,NA,NA,NA,NA,NA,NA,NA,NA,NA,NA,NA,NA,NA,NA,NA,NA,NA,NA,NA,NA,NA,NA,NA,NA,NA,NA,NA,NA,NA,NA,NA,NA,NA,NA,NA,NA,NA,NA,NA,NA,NA,NA,NA,NA,NA,NA,NA,NA,NA,NA,NA,NA,NA,NA,NA,NA,NA,NA,NA,NA,NA,NA,NA,NA,NA,NA,NA,NA,NA,NA,NA,NA,NA,NA,NA,NA,NA,NA
"1.0 (2026-03-05)","doi:10.11587/BA1ORN","581","Person","Scheiber","Beate","weiblich",1974,"ÖVP","Tirol","Landtag","ja","https://www.tiktok.com/@beatescheiber0","ja","ja",643,1085,205,2890,NA,"https://www.tiktok.com/@beatescheiber0/video/7329185073641639201?is_from_webapp=1&sender_device=pc",9686,208,1,6,"Privat","nein","leger","nein","ja","nein","nicht erkennbar","nein","https://www.tiktok.com/@beatescheiber0/video/7469125891063516439",3804,111,2,9,"Privat","nein",NA,"nein","ja","nein","nicht erkennbar","nein","https://www.tiktok.com/@beatescheiber0/video/7472008177509338390",7711,108,1,9,"Privat","nein","leger","nein","ja","nein","nicht erkennbar","nein","https://www.tiktok.com/@beatescheiber0/video/7528413797757783318",804,100,2,1,"Privat","nein",NA,"nein","nein","nein","nicht erkennbar","nein","https://www.tiktok.com/@beatescheiber0/video/7440550431576591648",3310,72,3,5,"Privat","nein","leger","nein","ja","nein","nicht erkennbar","nein","https://www.tiktok.com/@beatescheiber0/video/7500604248275651862",3477,65,0,7,"Privat","nein","leger","nein","nein","nein","nicht erkennbar","nein","https://www.tiktok.com/@beatescheiber0/video/7440770255720418593",939,59,0,0,"Privat","nein",NA,NA,"ja","nein","nicht erkennbar","nein","https://www.tiktok.com/@beatescheiber0/video/7412219567629520161",3806,59,0,3,"Privat","nein",NA,"nein","ja","nein","nicht erkennbar","nein","https://www.tiktok.com/@beatescheiber0/video/7417448448720456993",3932,53,0,9,"Privat","nein","leger","nein","ja","nein","nicht erkennbar","nein","https://www.tiktok.com/@beatescheiber0/video/7484415051915562242",2086,35,2,6,"Arbeit","nein","formal","nein","nein","nein","nicht erkennbar","nein"
"1.0 (2026-03-05)","doi:10.11587/BA1ORN","582","Person","Scheiblberger","Gertraud","weiblich",1966,"ÖVP","Oberösterreich","Landtag","nein",NA,"ja","ja",NA,NA,NA,NA,NA,NA,NA,NA,NA,NA,NA,NA,NA,NA,NA,NA,NA,NA,NA,NA,NA,NA,NA,NA,NA,NA,NA,NA,NA,NA,NA,NA,NA,NA,NA,NA,NA,NA,NA,NA,NA,NA,NA,NA,NA,NA,NA,NA,NA,NA,NA,NA,NA,NA,NA,NA,NA,NA,NA,NA,NA,NA,NA,NA,NA,NA,NA,NA,NA,NA,NA,NA,NA,NA,NA,NA,NA,NA,NA,NA,NA,NA,NA,NA,NA,NA,NA,NA,NA,NA,NA,NA,NA,NA,NA,NA,NA,NA,NA,NA,NA,NA,NA,NA,NA,NA,NA,NA,NA,NA,NA,NA,NA,NA,NA,NA,NA,NA,NA,NA,NA,NA,NA,NA,NA,NA,NA,NA,NA,NA,NA,NA,NA,NA,NA
"1.0 (2026-03-05)","doi:10.11587/BA1ORN","583","Person","Schellhorn","Josef","männlich",1967,"NEOS","Österreich","Bundesregierung","nein",NA,"nein","nein",NA,NA,NA,NA,NA,NA,NA,NA,NA,NA,NA,NA,NA,NA,NA,NA,NA,NA,NA,NA,NA,NA,NA,NA,NA,NA,NA,NA,NA,NA,NA,NA,NA,NA,NA,NA,NA,NA,NA,NA,NA,NA,NA,NA,NA,NA,NA,NA,NA,NA,NA,NA,NA,NA,NA,NA,NA,NA,NA,NA,NA,NA,NA,NA,NA,NA,NA,NA,NA,NA,NA,NA,NA,NA,NA,NA,NA,NA,NA,NA,NA,NA,NA,NA,NA,NA,NA,NA,NA,NA,NA,NA,NA,NA,NA,NA,NA,NA,NA,NA,NA,NA,NA,NA,NA,NA,NA,NA,NA,NA,NA,NA,NA,NA,NA,NA,NA,NA,NA,NA,NA,NA,NA,NA,NA,NA,NA,NA,NA,NA,NA,NA,NA,NA,NA
"1.0 (2026-03-05)","doi:10.11587/BA1ORN","584","Person","Scherak","Nikolaus","männlich",1986,"NEOS","Österreich","Nationalrat","nein",NA,"ja","nein",NA,NA,NA,NA,NA,NA,NA,NA,NA,NA,NA,NA,NA,NA,NA,NA,NA,NA,NA,NA,NA,NA,NA,NA,NA,NA,NA,NA,NA,NA,NA,NA,NA,NA,NA,NA,NA,NA,NA,NA,NA,NA,NA,NA,NA,NA,NA,NA,NA,NA,NA,NA,NA,NA,NA,NA,NA,NA,NA,NA,NA,NA,NA,NA,NA,NA,NA,NA,NA,NA,NA,NA,NA,NA,NA,NA,NA,NA,NA,NA,NA,NA,NA,NA,NA,NA,NA,NA,NA,NA,NA,NA,NA,NA,NA,NA,NA,NA,NA,NA,NA,NA,NA,NA,NA,NA,NA,NA,NA,NA,NA,NA,NA,NA,NA,NA,NA,NA,NA,NA,NA,NA,NA,NA,NA,NA,NA,NA,NA,NA,NA,NA,NA,NA,NA
"1.0 (2026-03-05)","doi:10.11587/BA1ORN","585","Person","Schernthaner","Hannes","männlich",1986,"ÖVP","Salzburg","Landtag","nein",NA,"ja","ja",NA,NA,NA,NA,NA,NA,NA,NA,NA,NA,NA,NA,NA,NA,NA,NA,NA,NA,NA,NA,NA,NA,NA,NA,NA,NA,NA,NA,NA,NA,NA,NA,NA,NA,NA,NA,NA,NA,NA,NA,NA,NA,NA,NA,NA,NA,NA,NA,NA,NA,NA,NA,NA,NA,NA,NA,NA,NA,NA,NA,NA,NA,NA,NA,NA,NA,NA,NA,NA,NA,NA,NA,NA,NA,NA,NA,NA,NA,NA,NA,NA,NA,NA,NA,NA,NA,NA,NA,NA,NA,NA,NA,NA,NA,NA,NA,NA,NA,NA,NA,NA,NA,NA,NA,NA,NA,NA,NA,NA,NA,NA,NA,NA,NA,NA,NA,NA,NA,NA,NA,NA,NA,NA,NA,NA,NA,NA,NA,NA,NA,NA,NA,NA,NA,NA
"1.0 (2026-03-05)","doi:10.11587/BA1ORN","586","Person","Scherwitzl","Andreas","männlich",1966,"SPÖ","Kärnten","Landtag","nein",NA,"ja","ja",NA,NA,NA,NA,NA,NA,NA,NA,NA,NA,NA,NA,NA,NA,NA,NA,NA,NA,NA,NA,NA,NA,NA,NA,NA,NA,NA,NA,NA,NA,NA,NA,NA,NA,NA,NA,NA,NA,NA,NA,NA,NA,NA,NA,NA,NA,NA,NA,NA,NA,NA,NA,NA,NA,NA,NA,NA,NA,NA,NA,NA,NA,NA,NA,NA,NA,NA,NA,NA,NA,NA,NA,NA,NA,NA,NA,NA,NA,NA,NA,NA,NA,NA,NA,NA,NA,NA,NA,NA,NA,NA,NA,NA,NA,NA,NA,NA,NA,NA,NA,NA,NA,NA,NA,NA,NA,NA,NA,NA,NA,NA,NA,NA,NA,NA,NA,NA,NA,NA,NA,NA,NA,NA,NA,NA,NA,NA,NA,NA,NA,NA,NA,NA,NA,NA
"1.0 (2026-03-05)","doi:10.11587/BA1ORN","587","Person","Scherzer","Anja","weiblich",1996,"FPÖ","Niederösterreich","Landtag","nein",NA,"ja","nein",NA,NA,NA,NA,NA,NA,NA,NA,NA,NA,NA,NA,NA,NA,NA,NA,NA,NA,NA,NA,NA,NA,NA,NA,NA,NA,NA,NA,NA,NA,NA,NA,NA,NA,NA,NA,NA,NA,NA,NA,NA,NA,NA,NA,NA,NA,NA,NA,NA,NA,NA,NA,NA,NA,NA,NA,NA,NA,NA,NA,NA,NA,NA,NA,NA,NA,NA,NA,NA,NA,NA,NA,NA,NA,NA,NA,NA,NA,NA,NA,NA,NA,NA,NA,NA,NA,NA,NA,NA,NA,NA,NA,NA,NA,NA,NA,NA,NA,NA,NA,NA,NA,NA,NA,NA,NA,NA,NA,NA,NA,NA,NA,NA,NA,NA,NA,NA,NA,NA,NA,NA,NA,NA,NA,NA,NA,NA,NA,NA,NA,NA,NA,NA,NA,NA
"1.0 (2026-03-05)","doi:10.11587/BA1ORN","588","Person","Scheucher-Pichler","Elisabeth","weiblich",1954,"ÖVP","Österreich","Nationalrat","nein",NA,"nein","ja",NA,NA,NA,NA,NA,NA,NA,NA,NA,NA,NA,NA,NA,NA,NA,NA,NA,NA,NA,NA,NA,NA,NA,NA,NA,NA,NA,NA,NA,NA,NA,NA,NA,NA,NA,NA,NA,NA,NA,NA,NA,NA,NA,NA,NA,NA,NA,NA,NA,NA,NA,NA,NA,NA,NA,NA,NA,NA,NA,NA,NA,NA,NA,NA,NA,NA,NA,NA,NA,NA,NA,NA,NA,NA,NA,NA,NA,NA,NA,NA,NA,NA,NA,NA,NA,NA,NA,NA,NA,NA,NA,NA,NA,NA,NA,NA,NA,NA,NA,NA,NA,NA,NA,NA,NA,NA,NA,NA,NA,NA,NA,NA,NA,NA,NA,NA,NA,NA,NA,NA,NA,NA,NA,NA,NA,NA,NA,NA,NA,NA,NA,NA,NA,NA,NA
"1.0 (2026-03-05)","doi:10.11587/BA1ORN","589","Person","Schieder","Andreas","männlich",1969,"SPÖ","EU","EP","ja","https://www.tiktok.com/@andreas.schieder","ja","ja",1153,2028,180,9592,"SPÖ-Spitzenkandidat für die EU-Wahl Am .Juni wählen gehen!","https://www.tiktok.com/@andreas.schieder/video/6886350964379454722",23900,1271,11,101,NA,"nein","formal","nein","nein","nein","nicht erkennbar","nein","https://www.tiktok.com/@andreas.schieder/video/6964442131154865413",26600,761,48,26,"Privat","nein","formal","nein","ja","nein","nicht erkennbar","nein","https://www.tiktok.com/@andreas.schieder/video/6920268008753614086",25300,747,268,63,"Arbeit","nein","formal","nein","nein","nein","nicht erkennbar","nein","https://www.tiktok.com/@andreas.schieder/video/6899448601915755777",16700,705,44,16,"Privat","nein","formal","nein","nein","nein","nicht erkennbar","nein","https://www.tiktok.com/@andreas.schieder/video/7117979619130625285",7703,523,36,7,"Arbeit","nein","formal","nein","nein","nein","nicht erkennbar","nein","https://www.tiktok.com/@andreas.schieder/video/6850509816209640710",23500,284,163,51,"Arbeit","nein","formal","nein","nein","nein","nicht erkennbar","nein","https://www.tiktok.com/@andreas.schieder/video/7042183518683680005",8124,211,26,67,"Privat","nein","formal","ja","ja","nein","nicht erkennbar","nein","https://www.tiktok.com/@andreas.schieder/video/6966125336442588422",8733,187,13,8,"Privat","nein","formal","nein","ja","nein","nicht erkennbar","nein","https://www.tiktok.com/@andreas.schieder/video/6835926367578721541?is_from_webapp=1&sender_device=pc",10300,142,12,3,"Privat","nein","leger","nein","ja","nein","nicht erkennbar","nein","https://www.tiktok.com/@andreas.schieder/video/6839004180045188358",5836,122,3,5,"Privat","ja","leger","nein","nein","nein","nicht erkennbar","nein"
"1.0 (2026-03-05)","doi:10.11587/BA1ORN","590","Person","Schiefer","Arnold","männlich",1966,"FPÖ","Österreich","Nationalrat","nein",NA,"nein","nein",NA,NA,NA,NA,NA,NA,NA,NA,NA,NA,NA,NA,NA,NA,NA,NA,NA,NA,NA,NA,NA,NA,NA,NA,NA,NA,NA,NA,NA,NA,NA,NA,NA,NA,NA,NA,NA,NA,NA,NA,NA,NA,NA,NA,NA,NA,NA,NA,NA,NA,NA,NA,NA,NA,NA,NA,NA,NA,NA,NA,NA,NA,NA,NA,NA,NA,NA,NA,NA,NA,NA,NA,NA,NA,NA,NA,NA,NA,NA,NA,NA,NA,NA,NA,NA,NA,NA,NA,NA,NA,NA,NA,NA,NA,NA,NA,NA,NA,NA,NA,NA,NA,NA,NA,NA,NA,NA,NA,NA,NA,NA,NA,NA,NA,NA,NA,NA,NA,NA,NA,NA,NA,NA,NA,NA,NA,NA,NA,NA,NA,NA,NA,NA,NA,NA
"1.0 (2026-03-05)","doi:10.11587/BA1ORN","591","Person","Schießl","David","männlich",1972,"FPÖ","Oberösterreich","Landtag","nein",NA,"ja","ja",NA,NA,NA,NA,NA,NA,NA,NA,NA,NA,NA,NA,NA,NA,NA,NA,NA,NA,NA,NA,NA,NA,NA,NA,NA,NA,NA,NA,NA,NA,NA,NA,NA,NA,NA,NA,NA,NA,NA,NA,NA,NA,NA,NA,NA,NA,NA,NA,NA,NA,NA,NA,NA,NA,NA,NA,NA,NA,NA,NA,NA,NA,NA,NA,NA,NA,NA,NA,NA,NA,NA,NA,NA,NA,NA,NA,NA,NA,NA,NA,NA,NA,NA,NA,NA,NA,NA,NA,NA,NA,NA,NA,NA,NA,NA,NA,NA,NA,NA,NA,NA,NA,NA,NA,NA,NA,NA,NA,NA,NA,NA,NA,NA,NA,NA,NA,NA,NA,NA,NA,NA,NA,NA,NA,NA,NA,NA,NA,NA,NA,NA,NA,NA,NA,NA
"1.0 (2026-03-05)","doi:10.11587/BA1ORN","592","Person","Schilchegger","Michael","männlich",1985,"FPÖ","Österreich","Nationalrat","nein",NA,"ja","nein",NA,NA,NA,NA,NA,NA,NA,NA,NA,NA,NA,NA,NA,NA,NA,NA,NA,NA,NA,NA,NA,NA,NA,NA,NA,NA,NA,NA,NA,NA,NA,NA,NA,NA,NA,NA,NA,NA,NA,NA,NA,NA,NA,NA,NA,NA,NA,NA,NA,NA,NA,NA,NA,NA,NA,NA,NA,NA,NA,NA,NA,NA,NA,NA,NA,NA,NA,NA,NA,NA,NA,NA,NA,NA,NA,NA,NA,NA,NA,NA,NA,NA,NA,NA,NA,NA,NA,NA,NA,NA,NA,NA,NA,NA,NA,NA,NA,NA,NA,NA,NA,NA,NA,NA,NA,NA,NA,NA,NA,NA,NA,NA,NA,NA,NA,NA,NA,NA,NA,NA,NA,NA,NA,NA,NA,NA,NA,NA,NA,NA,NA,NA,NA,NA,NA
"1.0 (2026-03-05)","doi:10.11587/BA1ORN","593","Person","Schilling","Lena","weiblich",2001,"GRÜNE","EU","EP","ja","https://www.tiktok.com/@dieschilling","ja","ja",2979,887,227,50300,"Aktivistin. meistens goschert. Abgeordnete der Grünen im EU-Parlament actionnetwork.org/forms/rate-mit-und-gewinne-ein-aktivistinnen-package/?source=Tiktok","https://www.tiktok.com/@andreas.schieder/video/6839004180045188358",102000,11400,223,1249,"Privat","nein","leger","nein","nein","nein","nicht erkennbar","nein","https://www.tiktok.com/@dieschilling/video/7372605286500142369",363900,3803,243,254,"Privat","nein","leger","nein","nein","nein","nicht erkennbar","nein","https://www.tiktok.com/@dieschilling/video/7496907728405777686",56900,1689,33,33,"Privat","nein","formal","nein","nein","nein","nicht erkennbar","nein","https://www.tiktok.com/@dieschilling/video/7369635766722448672",42000,1572,26,42,"Privat","nein","leger","nein","nein","nein","nicht erkennbar","nein","https://www.tiktok.com/@dieschilling/video/7372235425341082913",38000,1428,110,61,"Privat","nein","leger","nein","nein","nein","nicht erkennbar","nein","https://www.tiktok.com/@dieschilling/video/7376628801578536225",28600,856,62,48,"Privat","nein","leger","nein","ja","nein","nicht erkennbar","nein","https://www.tiktok.com/@dieschilling/video/7381041722622577952",23300,848,38,25,"Privat","nein","leger","nein","nein","nein","nicht erkennbar","nein","https://www.tiktok.com/@dieschilling/video/7343911606327250208",26700,839,40,8,"Privat","nein","leger","nein","nein","nein","nicht erkennbar","nein","https://www.tiktok.com/@dieschilling/video/7378038445920292128",29500,811,17,15,"Privat","nein","leger","nein","ja","nein","erkennbar","nein","https://www.tiktok.com/@dieschilling/video/7362224013025742113",24800,807,73,22,"Privat","nein","leger","nein","nein","nein","nicht erkennbar","nein"
"1.0 (2026-03-05)","doi:10.11587/BA1ORN","594","Person","Schindele","Kathrin","weiblich",1981,"SPÖ","Niederösterreich","Landtag","nein",NA,"ja","ja",NA,NA,NA,NA,NA,NA,NA,NA,NA,NA,NA,NA,NA,NA,NA,NA,NA,NA,NA,NA,NA,NA,NA,NA,NA,NA,NA,NA,NA,NA,NA,NA,NA,NA,NA,NA,NA,NA,NA,NA,NA,NA,NA,NA,NA,NA,NA,NA,NA,NA,NA,NA,NA,NA,NA,NA,NA,NA,NA,NA,NA,NA,NA,NA,NA,NA,NA,NA,NA,NA,NA,NA,NA,NA,NA,NA,NA,NA,NA,NA,NA,NA,NA,NA,NA,NA,NA,NA,NA,NA,NA,NA,NA,NA,NA,NA,NA,NA,NA,NA,NA,NA,NA,NA,NA,NA,NA,NA,NA,NA,NA,NA,NA,NA,NA,NA,NA,NA,NA,NA,NA,NA,NA,NA,NA,NA,NA,NA,NA,NA,NA,NA,NA,NA,NA
"1.0 (2026-03-05)","doi:10.11587/BA1ORN","595","Person","Schlager","Claudia","weiblich",1973,"SPÖ","Burgenland","Landtag","nein",NA,"nein","ja",NA,NA,NA,NA,NA,NA,NA,NA,NA,NA,NA,NA,NA,NA,NA,NA,NA,NA,NA,NA,NA,NA,NA,NA,NA,NA,NA,NA,NA,NA,NA,NA,NA,NA,NA,NA,NA,NA,NA,NA,NA,NA,NA,NA,NA,NA,NA,NA,NA,NA,NA,NA,NA,NA,NA,NA,NA,NA,NA,NA,NA,NA,NA,NA,NA,NA,NA,NA,NA,NA,NA,NA,NA,NA,NA,NA,NA,NA,NA,NA,NA,NA,NA,NA,NA,NA,NA,NA,NA,NA,NA,NA,NA,NA,NA,NA,NA,NA,NA,NA,NA,NA,NA,NA,NA,NA,NA,NA,NA,NA,NA,NA,NA,NA,NA,NA,NA,NA,NA,NA,NA,NA,NA,NA,NA,NA,NA,NA,NA,NA,NA,NA,NA,NA,NA
"1.0 (2026-03-05)","doi:10.11587/BA1ORN","596","Person","Schmid","Roman","männlich",1969,"FPÖ","Wien","Landtag","nein",NA,"ja","ja",NA,NA,NA,NA,NA,NA,NA,NA,NA,NA,NA,NA,NA,NA,NA,NA,NA,NA,NA,NA,NA,NA,NA,NA,NA,NA,NA,NA,NA,NA,NA,NA,NA,NA,NA,NA,NA,NA,NA,NA,NA,NA,NA,NA,NA,NA,NA,NA,NA,NA,NA,NA,NA,NA,NA,NA,NA,NA,NA,NA,NA,NA,NA,NA,NA,NA,NA,NA,NA,NA,NA,NA,NA,NA,NA,NA,NA,NA,NA,NA,NA,NA,NA,NA,NA,NA,NA,NA,NA,NA,NA,NA,NA,NA,NA,NA,NA,NA,NA,NA,NA,NA,NA,NA,NA,NA,NA,NA,NA,NA,NA,NA,NA,NA,NA,NA,NA,NA,NA,NA,NA,NA,NA,NA,NA,NA,NA,NA,NA,NA,NA,NA,NA,NA,NA
"1.0 (2026-03-05)","doi:10.11587/BA1ORN","597","Person","Schmid","Gerhard","männlich",1960,"SPÖ","Wien","Landtag","nein",NA,"nein","ja",NA,NA,NA,NA,NA,NA,NA,NA,NA,NA,NA,NA,NA,NA,NA,NA,NA,NA,NA,NA,NA,NA,NA,NA,NA,NA,NA,NA,NA,NA,NA,NA,NA,NA,NA,NA,NA,NA,NA,NA,NA,NA,NA,NA,NA,NA,NA,NA,NA,NA,NA,NA,NA,NA,NA,NA,NA,NA,NA,NA,NA,NA,NA,NA,NA,NA,NA,NA,NA,NA,NA,NA,NA,NA,NA,NA,NA,NA,NA,NA,NA,NA,NA,NA,NA,NA,NA,NA,NA,NA,NA,NA,NA,NA,NA,NA,NA,NA,NA,NA,NA,NA,NA,NA,NA,NA,NA,NA,NA,NA,NA,NA,NA,NA,NA,NA,NA,NA,NA,NA,NA,NA,NA,NA,NA,NA,NA,NA,NA,NA,NA,NA,NA,NA,NA
"1.0 (2026-03-05)","doi:10.11587/BA1ORN","598","Person","Schmid","Daniel","männlich",1979,"SPÖ","Österreich","Bundesrat","nein",NA,"ja","ja",NA,NA,NA,NA,NA,NA,NA,NA,NA,NA,NA,NA,NA,NA,NA,NA,NA,NA,NA,NA,NA,NA,NA,NA,NA,NA,NA,NA,NA,NA,NA,NA,NA,NA,NA,NA,NA,NA,NA,NA,NA,NA,NA,NA,NA,NA,NA,NA,NA,NA,NA,NA,NA,NA,NA,NA,NA,NA,NA,NA,NA,NA,NA,NA,NA,NA,NA,NA,NA,NA,NA,NA,NA,NA,NA,NA,NA,NA,NA,NA,NA,NA,NA,NA,NA,NA,NA,NA,NA,NA,NA,NA,NA,NA,NA,NA,NA,NA,NA,NA,NA,NA,NA,NA,NA,NA,NA,NA,NA,NA,NA,NA,NA,NA,NA,NA,NA,NA,NA,NA,NA,NA,NA,NA,NA,NA,NA,NA,NA,NA,NA,NA,NA,NA,NA
"1.0 (2026-03-05)","doi:10.11587/BA1ORN","599","Person","Schmid","Thomas","männlich",1975,"SPÖ","Österreich","Bundesrat","nein",NA,"nein","ja",NA,NA,NA,NA,NA,NA,NA,NA,NA,NA,NA,NA,NA,NA,NA,NA,NA,NA,NA,NA,NA,NA,NA,NA,NA,NA,NA,NA,NA,NA,NA,NA,NA,NA,NA,NA,NA,NA,NA,NA,NA,NA,NA,NA,NA,NA,NA,NA,NA,NA,NA,NA,NA,NA,NA,NA,NA,NA,NA,NA,NA,NA,NA,NA,NA,NA,NA,NA,NA,NA,NA,NA,NA,NA,NA,NA,NA,NA,NA,NA,NA,NA,NA,NA,NA,NA,NA,NA,NA,NA,NA,NA,NA,NA,NA,NA,NA,NA,NA,NA,NA,NA,NA,NA,NA,NA,NA,NA,NA,NA,NA,NA,NA,NA,NA,NA,NA,NA,NA,NA,NA,NA,NA,NA,NA,NA,NA,NA,NA,NA,NA,NA,NA,NA,NA
"1.0 (2026-03-05)","doi:10.11587/BA1ORN","600","Person","Schmidl","Doris","weiblich",1969,"ÖVP","Niederösterreich","Landtag","nein",NA,"ja","ja",NA,NA,NA,NA,NA,NA,NA,NA,NA,NA,NA,NA,NA,NA,NA,NA,NA,NA,NA,NA,NA,NA,NA,NA,NA,NA,NA,NA,NA,NA,NA,NA,NA,NA,NA,NA,NA,NA,NA,NA,NA,NA,NA,NA,NA,NA,NA,NA,NA,NA,NA,NA,NA,NA,NA,NA,NA,NA,NA,NA,NA,NA,NA,NA,NA,NA,NA,NA,NA,NA,NA,NA,NA,NA,NA,NA,NA,NA,NA,NA,NA,NA,NA,NA,NA,NA,NA,NA,NA,NA,NA,NA,NA,NA,NA,NA,NA,NA,NA,NA,NA,NA,NA,NA,NA,NA,NA,NA,NA,NA,NA,NA,NA,NA,NA,NA,NA,NA,NA,NA,NA,NA,NA,NA,NA,NA,NA,NA,NA,NA,NA,NA,NA,NA,NA
"1.0 (2026-03-05)","doi:10.11587/BA1ORN","601","Person","Schmidt","Elvira","weiblich",1970,"SPÖ","Niederösterreich","Landtag","ja","https://www.tiktok.com/@elviraschmidt969","ja","nein",276,538,6,100,NA,"https://www.tiktok.com/@elviraschmidt969/video/7568517229621349654",1312,24,1,22,"Arbeit","nein","leger","nein","nein","nein","nicht erkennbar","nein","https://www.tiktok.com/@elviraschmidt969/photo/7385640098122992928",491,20,3,0,"Privat","nein","formal","nein","ja","nein","nicht erkennbar","nein","https://www.tiktok.com/@elviraschmidt969/photo/7383317039231913249",976,19,0,5,"Arbeit","nein","leger","nein","ja","nein","nicht erkennbar","nein","https://www.tiktok.com/@elviraschmidt969/video/7401955105903365409",1121,15,1,2,"Privat","nein","leger","nein","ja","nein","nicht erkennbar","nein","https://www.tiktok.com/@elviraschmidt969/photo/7375614574873169185",443,12,0,0,"Privat","nein","leger","nein","ja","ja","nicht erkennbar","nein","https://www.tiktok.com/@elviraschmidt969/photo/7374859230500654368",1050,10,0,0,"Privat","nein",NA,"nein","ja","nein","nicht erkennbar","nein",NA,NA,NA,NA,NA,NA,NA,NA,NA,NA,NA,NA,NA,NA,NA,NA,NA,NA,NA,NA,NA,NA,NA,NA,NA,NA,NA,NA,NA,NA,NA,NA,NA,NA,NA,NA,NA,NA,NA,NA,NA,NA,NA,NA,NA,NA,NA,NA,NA,NA,NA,NA
"1.0 (2026-03-05)","doi:10.11587/BA1ORN","602","Person","Schmidt","Michaela","weiblich",1983,"SPÖ","Österreich","Bundesregierung","ja","https://www.tiktok.com/@this.is.michaela.schmidt","ja","ja",220,71,9,3424,"Sport-Staatssekretärin und Regierungskoordinatorin.","https://www.tiktok.com/@this.is.michaela.schmidt/video/7574403163181108502",63600,2560,29,44,"Privat","nein","leger","nein","ja","nein","nicht erkennbar","nein","https://www.tiktok.com/@this.is.michaela.schmidt/video/7568444241878306070",18600,583,25,41,"Arbeit","nein","formal","nein","nein","nein","erkennbar","nein","https://www.tiktok.com/@this.is.michaela.schmidt/video/7563235038758718742",7121,132,11,14,"Arbeit","nein","formal","nein","nein","nein","erkennbar","ja","https://www.tiktok.com/@this.is.michaela.schmidt/video/7574772065094339862",1729,39,25,1,"Arbeit","nein","formal","nein","nein","nein","nicht erkennbar","nein","https://www.tiktok.com/@this.is.michaela.schmidt/video/7548792954605915414",967,28,1,4,"Privat","nein","formal","nein","ja","nein","nicht erkennbar","nein","https://www.tiktok.com/@this.is.michaela.schmidt/video/7560633939891588374",2521,25,0,2,"Privat","nein","leger","nein","ja","nein","nicht erkennbar","nein","https://www.tiktok.com/@this.is.michaela.schmidt/photo/7548043402084994326",1114,24,2,6,"Privat","nein","formal","nein","ja","nein","nicht erkennbar","nein","https://www.tiktok.com/@this.is.michaela.schmidt/video/7555468619308600598",739,22,0,1,"Privat","nein","leger","nein","ja","nein","nicht erkennbar","nein","https://www.tiktok.com/@this.is.michaela.schmidt/video/7552873269485964566",1213,11,4,12,"Privat","nein","leger","nein","ja","nein","nicht erkennbar","nein",NA,NA,NA,NA,NA,NA,NA,NA,NA,NA,NA,NA,NA
"1.0 (2026-03-05)","doi:10.11587/BA1ORN","603","Person","Schmiedlechner","Peter","männlich",1982,"FPÖ","Österreich","Nationalrat","nein",NA,"ja","ja",NA,NA,NA,NA,NA,NA,NA,NA,NA,NA,NA,NA,NA,NA,NA,NA,NA,NA,NA,NA,NA,NA,NA,NA,NA,NA,NA,NA,NA,NA,NA,NA,NA,NA,NA,NA,NA,NA,NA,NA,NA,NA,NA,NA,NA,NA,NA,NA,NA,NA,NA,NA,NA,NA,NA,NA,NA,NA,NA,NA,NA,NA,NA,NA,NA,NA,NA,NA,NA,NA,NA,NA,NA,NA,NA,NA,NA,NA,NA,NA,NA,NA,NA,NA,NA,NA,NA,NA,NA,NA,NA,NA,NA,NA,NA,NA,NA,NA,NA,NA,NA,NA,NA,NA,NA,NA,NA,NA,NA,NA,NA,NA,NA,NA,NA,NA,NA,NA,NA,NA,NA,NA,NA,NA,NA,NA,NA,NA,NA,NA,NA,NA,NA,NA,NA
"1.0 (2026-03-05)","doi:10.11587/BA1ORN","604","Person","Schmiedtbauer","Simone","weiblich",1974,"ÖVP","Steiermark","Landesregierung","ja","https://www.tiktok.com/@simone.schmiedtba","ja","ja",309,194,23,1117,"Landesrätin der Steiermark Bäuerin mit Herz und Hausverstand ‍","https://www.tiktok.com/@simone.schmiedtba/video/7565544959814798614",4731,152,5,8,"Arbeit","nein","formal","nein","nein","nein","nicht erkennbar","nein","https://www.tiktok.com/@simone.schmiedtba/video/7545527434284780822",9881,141,8,3,"Privat","nein","leger","nein","nein","nein","nicht erkennbar","ja","https://www.tiktok.com/@simone.schmiedtba/video/7534750190482328854",3679,119,2,3,"Privat","nein","leger","nein","ja","nein","nicht erkennbar","nein","https://www.tiktok.com/@simone.schmiedtba/video/7508787626854386966",4650,87,4,1,"Privat","nein","formal","nein","ja","nein","nicht erkennbar","nein","https://www.tiktok.com/@simone.schmiedtba/video/7503962117528161558",1084,64,8,1,"Privat","nein","formal","nein","ja","nein","nicht erkennbar","nein","https://www.tiktok.com/@simone.schmiedtba/video/7536220890770574614",996,52,1,0,"Arbeit","nein","formal","nein","nein","nein","nicht erkennbar","nein","https://www.tiktok.com/@simone.schmiedtba/video/7510896110051937558",3332,51,2,1,"Arbeit","nein","formal","nein","nein","nein","nicht erkennbar","nein","https://www.tiktok.com/@simone.schmiedtba/video/7524744658874895639",2727,48,3,1,"Arbeit","nein","formal","nein","nein","nein","nicht erkennbar","nein","https://www.tiktok.com/@simone.schmiedtba/video/7570377387909631254",1350,38,2,3,"Arbeit",NA,"formal","nein","nein","nein","nicht erkennbar","nein","https://www.tiktok.com/@simone.schmiedtba/video/7526237990524423446",2078,35,2,2,"Privat","nein","formal","nein","nein","nein","nicht erkennbar","nein"
"1.0 (2026-03-05)","doi:10.11587/BA1ORN","605","Person","Schmuckenschlager","Johannes","männlich",1978,"ÖVP","Österreich","Nationalrat","nein",NA,"ja","ja",NA,NA,NA,NA,NA,NA,NA,NA,NA,NA,NA,NA,NA,NA,NA,NA,NA,NA,NA,NA,NA,NA,NA,NA,NA,NA,NA,NA,NA,NA,NA,NA,NA,NA,NA,NA,NA,NA,NA,NA,NA,NA,NA,NA,NA,NA,NA,NA,NA,NA,NA,NA,NA,NA,NA,NA,NA,NA,NA,NA,NA,NA,NA,NA,NA,NA,NA,NA,NA,NA,NA,NA,NA,NA,NA,NA,NA,NA,NA,NA,NA,NA,NA,NA,NA,NA,NA,NA,NA,NA,NA,NA,NA,NA,NA,NA,NA,NA,NA,NA,NA,NA,NA,NA,NA,NA,NA,NA,NA,NA,NA,NA,NA,NA,NA,NA,NA,NA,NA,NA,NA,NA,NA,NA,NA,NA,NA,NA,NA,NA,NA,NA,NA,NA,NA
"1.0 (2026-03-05)","doi:10.11587/BA1ORN","606","Person","Schnabel","Alexander","männlich",1987,"FPÖ","Niederösterreich","Landtag","nein",NA,"ja","ja",NA,NA,NA,NA,NA,NA,NA,NA,NA,NA,NA,NA,NA,NA,NA,NA,NA,NA,NA,NA,NA,NA,NA,NA,NA,NA,NA,NA,NA,NA,NA,NA,NA,NA,NA,NA,NA,NA,NA,NA,NA,NA,NA,NA,NA,NA,NA,NA,NA,NA,NA,NA,NA,NA,NA,NA,NA,NA,NA,NA,NA,NA,NA,NA,NA,NA,NA,NA,NA,NA,NA,NA,NA,NA,NA,NA,NA,NA,NA,NA,NA,NA,NA,NA,NA,NA,NA,NA,NA,NA,NA,NA,NA,NA,NA,NA,NA,NA,NA,NA,NA,NA,NA,NA,NA,NA,NA,NA,NA,NA,NA,NA,NA,NA,NA,NA,NA,NA,NA,NA,NA,NA,NA,NA,NA,NA,NA,NA,NA,NA,NA,NA,NA,NA,NA
"1.0 (2026-03-05)","doi:10.11587/BA1ORN","607","Person","Schnabel","Joachim","männlich",1976,"ÖVP","Österreich","Nationalrat","ja","https://www.tiktok.com/@joachim.schnabel","ja","ja",421,191,41,902,NA,"https://www.tiktok.com/@joachim.schnabel/video/7547609681296952598",2955,103,1,2,"Privat","ja","leger","nein","ja","nein","nicht erkennbar","nein","https://www.tiktok.com/@joachim.schnabel/video/7572996156888730902",1147,51,0,1,"Privat","ja","formal","nein","ja","nein","nicht erkennbar","nein","https://www.tiktok.com/@joachim.schnabel/video/7529195848840875286",1913,38,2,8,"Privat","nein","leger","nein","ja","nein","nicht erkennbar","nein","https://www.tiktok.com/@joachim.schnabel/video/7537213279744101654",847,32,0,1,"Privat","ja","leger","nein","ja","nein","nicht erkennbar","nein","https://www.tiktok.com/@joachim.schnabel/video/7534103877738564886",809,32,0,0,"Privat","nein","leger","nein","ja","nein","nicht erkennbar","nein","https://www.tiktok.com/@joachim.schnabel/video/7525456748145085718",2646,31,6,3,"Arbeit","nein","formal","nein","nein","nein","nicht erkennbar","nein","https://www.tiktok.com/@joachim.schnabel/video/7521578827005431062",782,31,0,0,"Privat","nein","leger","nein","ja","nein","nicht erkennbar","nein","https://www.tiktok.com/@joachim.schnabel/video/7517691089961176342",590,29,0,0,"Privat","ja","leger","nein","nein","nein","nicht erkennbar","nein","https://www.tiktok.com/@joachim.schnabel/video/7529216268990254338",2634,28,0,0,"Privat","nein","leger","nein","ja","nein","nicht erkennbar","nein","https://www.tiktok.com/@joachim.schnabel/video/7503585085598272770",1348,28,0,5,"Arbeit","nein","formal","nein","ja","nein","erkennbar","nein"
"1.0 (2026-03-05)","doi:10.11587/BA1ORN","608","Person","Schnabl","Franz","männlich",1958,"SPÖ","Niederösterreich","Landtag","nein",NA,"ja","ja",NA,NA,NA,NA,NA,NA,NA,NA,NA,NA,NA,NA,NA,NA,NA,NA,NA,NA,NA,NA,NA,NA,NA,NA,NA,NA,NA,NA,NA,NA,NA,NA,NA,NA,NA,NA,NA,NA,NA,NA,NA,NA,NA,NA,NA,NA,NA,NA,NA,NA,NA,NA,NA,NA,NA,NA,NA,NA,NA,NA,NA,NA,NA,NA,NA,NA,NA,NA,NA,NA,NA,NA,NA,NA,NA,NA,NA,NA,NA,NA,NA,NA,NA,NA,NA,NA,NA,NA,NA,NA,NA,NA,NA,NA,NA,NA,NA,NA,NA,NA,NA,NA,NA,NA,NA,NA,NA,NA,NA,NA,NA,NA,NA,NA,NA,NA,NA,NA,NA,NA,NA,NA,NA,NA,NA,NA,NA,NA,NA,NA,NA,NA,NA,NA,NA
"1.0 (2026-03-05)","doi:10.11587/BA1ORN","609","Person","Schneckenreither","Theresa","weiblich",1993,"GRÜNE","Wien","Landtag","nein",NA,"ja","nein",NA,NA,NA,NA,NA,NA,NA,NA,NA,NA,NA,NA,NA,NA,NA,NA,NA,NA,NA,NA,NA,NA,NA,NA,NA,NA,NA,NA,NA,NA,NA,NA,NA,NA,NA,NA,NA,NA,NA,NA,NA,NA,NA,NA,NA,NA,NA,NA,NA,NA,NA,NA,NA,NA,NA,NA,NA,NA,NA,NA,NA,NA,NA,NA,NA,NA,NA,NA,NA,NA,NA,NA,NA,NA,NA,NA,NA,NA,NA,NA,NA,NA,NA,NA,NA,NA,NA,NA,NA,NA,NA,NA,NA,NA,NA,NA,NA,NA,NA,NA,NA,NA,NA,NA,NA,NA,NA,NA,NA,NA,NA,NA,NA,NA,NA,NA,NA,NA,NA,NA,NA,NA,NA,NA,NA,NA,NA,NA,NA,NA,NA,NA,NA,NA,NA
"1.0 (2026-03-05)","doi:10.11587/BA1ORN","610","Person","Schnedlitz","Michael","männlich",1984,"FPÖ","Österreich","Nationalrat","ja","https://www.tiktok.com/@michaelschnedlitz","ja","ja",7654,1908,66,70000,"Generalsekretär Freiheitliche Partei Österreichs","https://www.tiktok.com/@michaelschnedlitz/video/6896401390315326721",203100,13200,158,1449,"Arbeit","nein","formal","nein","nein","nein","erkennbar","nein","https://www.tiktok.com/@michaelschnedlitz/video/7283597131355622688",322900,8310,2591,5806,"Privat","nein","formal","nein","nein","nein","erkennbar","nein","https://www.tiktok.com/@michaelschnedlitz/video/6892033101552291074",100000,7477,64,650,"Arbeit","nein","formal","nein","nein","nein","nicht erkennbar","nein","https://www.tiktok.com/@michaelschnedlitz/video/7019206521049402630",127900,4582,66,845,"Arbeit","nein","formal","nein","nein","nein","nicht erkennbar","nein","https://www.tiktok.com/@michaelschnedlitz/video/7369868017863363872",41400,3077,252,417,"Arbeit","nein","formal","nein","nein","nein","erkennbar","nein","https://www.tiktok.com/@michaelschnedlitz/video/6875662857971715329",126200,2847,124,948,"Arbeit","nein","formal","nein","nein","nein","erkennbar","nein","https://www.tiktok.com/@michaelschnedlitz/video/6960720847610842373",31700,2727,63,253,"Arbeit","nein","formal","nein","ja","nein","erkennbar","nein","https://www.tiktok.com/@michaelschnedlitz/video/6979584451407858950",49900,2126,177,197,"Arbeit","nein","formal","nein","ja","nein","erkennbar","nein","https://www.tiktok.com/@michaelschnedlitz/video/6917620851412110597",22100,1470,1470,88,"Arbeit","nein","formal","nein","nein","nein","erkennbar","nein","https://www.tiktok.com/@michaelschnedlitz/video/7010114664256343301",27900,1429,78,93,"Privat","nein","formal","nein","nein","nein","erkennbar","nein"
"1.0 (2026-03-05)","doi:10.11587/BA1ORN","611","Person","Schneemann","Leonhard","männlich",1968,"SPÖ","Burgenland","Landesregierung","nein",NA,"ja","ja",NA,NA,NA,NA,NA,NA,NA,NA,NA,NA,NA,NA,NA,NA,NA,NA,NA,NA,NA,NA,NA,NA,NA,NA,NA,NA,NA,NA,NA,NA,NA,NA,NA,NA,NA,NA,NA,NA,NA,NA,NA,NA,NA,NA,NA,NA,NA,NA,NA,NA,NA,NA,NA,NA,NA,NA,NA,NA,NA,NA,NA,NA,NA,NA,NA,NA,NA,NA,NA,NA,NA,NA,NA,NA,NA,NA,NA,NA,NA,NA,NA,NA,NA,NA,NA,NA,NA,NA,NA,NA,NA,NA,NA,NA,NA,NA,NA,NA,NA,NA,NA,NA,NA,NA,NA,NA,NA,NA,NA,NA,NA,NA,NA,NA,NA,NA,NA,NA,NA,NA,NA,NA,NA,NA,NA,NA,NA,NA,NA,NA,NA,NA,NA,NA,NA
"1.0 (2026-03-05)","doi:10.11587/BA1ORN","612","Person","Schnetzer-Sutterlüty","Gerda","weiblich",1975,"ÖVP","Vorarlberg","Landtag","ja","https://www.tiktok.com/@schnetzer.sutterl","ja","ja",20,714,4,3,NA,"https://www.tiktok.com/@schnetzer.sutterl/video/7311276160833359136",56,1,0,0,"Privat","nein","leger","nein","ja","nein","nicht erkennbar","nein","https://www.tiktok.com/@schnetzer.sutterl/photo/7311275867596950817",358,1,0,0,"Privat","nein","leger","nein","nein","nein","nicht erkennbar","nein","https://www.tiktok.com/@schnetzer.sutterl/video/7309786713876974880",934,1,0,1,"Privat","nein","leger","nein","ja","nein","nicht erkennbar","nein","https://www.tiktok.com/@schnetzer.sutterl/video/7309414933131742496",50,0,0,1,"Privat","nein","leger","nein","ja","nein","nicht erkennbar","nein",NA,NA,NA,NA,NA,NA,NA,NA,NA,NA,NA,NA,NA,NA,NA,NA,NA,NA,NA,NA,NA,NA,NA,NA,NA,NA,NA,NA,NA,NA,NA,NA,NA,NA,NA,NA,NA,NA,NA,NA,NA,NA,NA,NA,NA,NA,NA,NA,NA,NA,NA,NA,NA,NA,NA,NA,NA,NA,NA,NA,NA,NA,NA,NA,NA,NA,NA,NA,NA,NA,NA,NA,NA,NA,NA,NA,NA,NA
"1.0 (2026-03-05)","doi:10.11587/BA1ORN","613","Person","Schnitzer","Lukas","männlich",1988,"ÖVP","Steiermark","Landtag","nein",NA,"ja","ja",NA,NA,NA,NA,NA,NA,NA,NA,NA,NA,NA,NA,NA,NA,NA,NA,NA,NA,NA,NA,NA,NA,NA,NA,NA,NA,NA,NA,NA,NA,NA,NA,NA,NA,NA,NA,NA,NA,NA,NA,NA,NA,NA,NA,NA,NA,NA,NA,NA,NA,NA,NA,NA,NA,NA,NA,NA,NA,NA,NA,NA,NA,NA,NA,NA,NA,NA,NA,NA,NA,NA,NA,NA,NA,NA,NA,NA,NA,NA,NA,NA,NA,NA,NA,NA,NA,NA,NA,NA,NA,NA,NA,NA,NA,NA,NA,NA,NA,NA,NA,NA,NA,NA,NA,NA,NA,NA,NA,NA,NA,NA,NA,NA,NA,NA,NA,NA,NA,NA,NA,NA,NA,NA,NA,NA,NA,NA,NA,NA,NA,NA,NA,NA,NA,NA
"1.0 (2026-03-05)","doi:10.11587/BA1ORN","614","Person","Schnöll","Stefan","männlich",1988,"ÖVP","Salzburg","Landesregierung","nein",NA,"ja","ja",NA,NA,NA,NA,NA,NA,NA,NA,NA,NA,NA,NA,NA,NA,NA,NA,NA,NA,NA,NA,NA,NA,NA,NA,NA,NA,NA,NA,NA,NA,NA,NA,NA,NA,NA,NA,NA,NA,NA,NA,NA,NA,NA,NA,NA,NA,NA,NA,NA,NA,NA,NA,NA,NA,NA,NA,NA,NA,NA,NA,NA,NA,NA,NA,NA,NA,NA,NA,NA,NA,NA,NA,NA,NA,NA,NA,NA,NA,NA,NA,NA,NA,NA,NA,NA,NA,NA,NA,NA,NA,NA,NA,NA,NA,NA,NA,NA,NA,NA,NA,NA,NA,NA,NA,NA,NA,NA,NA,NA,NA,NA,NA,NA,NA,NA,NA,NA,NA,NA,NA,NA,NA,NA,NA,NA,NA,NA,NA,NA,NA,NA,NA,NA,NA,NA
"1.0 (2026-03-05)","doi:10.11587/BA1ORN","615","Person","Schober","Marcus","männlich",1980,"SPÖ","Wien","Landtag","nein",NA,"ja","nein",NA,NA,NA,NA,NA,NA,NA,NA,NA,NA,NA,NA,NA,NA,NA,NA,NA,NA,NA,NA,NA,NA,NA,NA,NA,NA,NA,NA,NA,NA,NA,NA,NA,NA,NA,NA,NA,NA,NA,NA,NA,NA,NA,NA,NA,NA,NA,NA,NA,NA,NA,NA,NA,NA,NA,NA,NA,NA,NA,NA,NA,NA,NA,NA,NA,NA,NA,NA,NA,NA,NA,NA,NA,NA,NA,NA,NA,NA,NA,NA,NA,NA,NA,NA,NA,NA,NA,NA,NA,NA,NA,NA,NA,NA,NA,NA,NA,NA,NA,NA,NA,NA,NA,NA,NA,NA,NA,NA,NA,NA,NA,NA,NA,NA,NA,NA,NA,NA,NA,NA,NA,NA,NA,NA,NA,NA,NA,NA,NA,NA,NA,NA,NA,NA,NA
"1.0 (2026-03-05)","doi:10.11587/BA1ORN","616","Person","Schoeller","Bettina","weiblich",1976,"NEOS","Steiermark","Landtag","nein",NA,"nein","ja",NA,NA,NA,NA,NA,NA,NA,NA,NA,NA,NA,NA,NA,NA,NA,NA,NA,NA,NA,NA,NA,NA,NA,NA,NA,NA,NA,NA,NA,NA,NA,NA,NA,NA,NA,NA,NA,NA,NA,NA,NA,NA,NA,NA,NA,NA,NA,NA,NA,NA,NA,NA,NA,NA,NA,NA,NA,NA,NA,NA,NA,NA,NA,NA,NA,NA,NA,NA,NA,NA,NA,NA,NA,NA,NA,NA,NA,NA,NA,NA,NA,NA,NA,NA,NA,NA,NA,NA,NA,NA,NA,NA,NA,NA,NA,NA,NA,NA,NA,NA,NA,NA,NA,NA,NA,NA,NA,NA,NA,NA,NA,NA,NA,NA,NA,NA,NA,NA,NA,NA,NA,NA,NA,NA,NA,NA,NA,NA,NA,NA,NA,NA,NA,NA,NA
"1.0 (2026-03-05)","doi:10.11587/BA1ORN","617","Person","Schojer","Nicole","weiblich",1985,"SPÖ","Kärnten","Landtag","nein",NA,"ja","nein",NA,NA,NA,NA,NA,NA,NA,NA,NA,NA,NA,NA,NA,NA,NA,NA,NA,NA,NA,NA,NA,NA,NA,NA,NA,NA,NA,NA,NA,NA,NA,NA,NA,NA,NA,NA,NA,NA,NA,NA,NA,NA,NA,NA,NA,NA,NA,NA,NA,NA,NA,NA,NA,NA,NA,NA,NA,NA,NA,NA,NA,NA,NA,NA,NA,NA,NA,NA,NA,NA,NA,NA,NA,NA,NA,NA,NA,NA,NA,NA,NA,NA,NA,NA,NA,NA,NA,NA,NA,NA,NA,NA,NA,NA,NA,NA,NA,NA,NA,NA,NA,NA,NA,NA,NA,NA,NA,NA,NA,NA,NA,NA,NA,NA,NA,NA,NA,NA,NA,NA,NA,NA,NA,NA,NA,NA,NA,NA,NA,NA,NA,NA,NA,NA,NA
"1.0 (2026-03-05)","doi:10.11587/BA1ORN","618","Person","Schroll","Alois","männlich",1968,"SPÖ","Österreich","Nationalrat","nein",NA,"ja","ja",NA,NA,NA,NA,NA,NA,NA,NA,NA,NA,NA,NA,NA,NA,NA,NA,NA,NA,NA,NA,NA,NA,NA,NA,NA,NA,NA,NA,NA,NA,NA,NA,NA,NA,NA,NA,NA,NA,NA,NA,NA,NA,NA,NA,NA,NA,NA,NA,NA,NA,NA,NA,NA,NA,NA,NA,NA,NA,NA,NA,NA,NA,NA,NA,NA,NA,NA,NA,NA,NA,NA,NA,NA,NA,NA,NA,NA,NA,NA,NA,NA,NA,NA,NA,NA,NA,NA,NA,NA,NA,NA,NA,NA,NA,NA,NA,NA,NA,NA,NA,NA,NA,NA,NA,NA,NA,NA,NA,NA,NA,NA,NA,NA,NA,NA,NA,NA,NA,NA,NA,NA,NA,NA,NA,NA,NA,NA,NA,NA,NA,NA,NA,NA,NA,NA
"1.0 (2026-03-05)","doi:10.11587/BA1ORN","619","Person","Schuch-Gubik","Lisa","weiblich",1994,"FPÖ","Österreich","Nationalrat","ja","https://www.tiktok.com/@lisa.schuchgubik","ja","nein",19800,725,117,263800,"FPÖ-Nationalratsabgeordnete","https://www.tiktok.com/@lisa.schuchgubik/video/7574735007437180182?is_from_webapp=1&sender_device=pc&web_id=7583671112782120470",284000,38300,667,9049,"Arbeit","nein","formal","nein","nein","nein","erkennbar","nein","https://www.tiktok.com/@lisa.schuchgubik/video/7506156239169064215",224900,16200,1323,2523,"Arbeit","ja","formal","ja","ja","nein","erkennbar","nein","https://www.tiktok.com/@lisa.schuchgubik/video/7532876472155966742",145000,13100,840,1263,"Arbeit","nein","formal","nein","nein","nein","erkennbar","nein","https://www.tiktok.com/@lisa.schuchgubik/video/7496952171758423318",206300,12400,558,1595,"Arbeit","nein","formal","nein","nein","nein","erkennbar","nein","https://www.tiktok.com/@lisa.schuchgubik/video/7497517066027552022",121900,11800,889,804,"Arbeit","nein","formal","nein","nein","nein","erkennbar","nein","https://www.tiktok.com/@lisa.schuchgubik/video/7472083195362626838",109400,8717,645,878,"Privat","nein","leger","ja","ja","nein","erkennbar","nein","https://www.tiktok.com/@lisa.schuchgubik/video/7462794367976181014",100000,8520,671,1245,"Privat","nein","formal","nein","ja","nein","erkennbar","nein","https://www.tiktok.com/@lisa.schuchgubik/video/7315120657652600097",128600,8181,328,297,"Privat","nein","leger","ja","ja","nein","erkennbar","nein","https://www.tiktok.com/@lisa.schuchgubik/video/7497277499567525142",65100,7288,332,576,"Arbeit","nein","formal","ja","nein","nein","erkennbar","nein","https://www.tiktok.com/@lisa.schuchgubik/video/7507994214966299926?is_from_webapp=1&sender_device=pc&web_id=7583671112782120470",155900,6989,709,1387,"Privat","ja","leger","nein","nein","nein","erkennbar","nein"
"1.0 (2026-03-05)","doi:10.11587/BA1ORN","620","Person","Schuh","Harald","männlich",1974,"FPÖ","Österreich","Nationalrat","nein",NA,"ja","ja",NA,NA,NA,NA,NA,NA,NA,NA,NA,NA,NA,NA,NA,NA,NA,NA,NA,NA,NA,NA,NA,NA,NA,NA,NA,NA,NA,NA,NA,NA,NA,NA,NA,NA,NA,NA,NA,NA,NA,NA,NA,NA,NA,NA,NA,NA,NA,NA,NA,NA,NA,NA,NA,NA,NA,NA,NA,NA,NA,NA,NA,NA,NA,NA,NA,NA,NA,NA,NA,NA,NA,NA,NA,NA,NA,NA,NA,NA,NA,NA,NA,NA,NA,NA,NA,NA,NA,NA,NA,NA,NA,NA,NA,NA,NA,NA,NA,NA,NA,NA,NA,NA,NA,NA,NA,NA,NA,NA,NA,NA,NA,NA,NA,NA,NA,NA,NA,NA,NA,NA,NA,NA,NA,NA,NA,NA,NA,NA,NA,NA,NA,NA,NA,NA,NA
"1.0 (2026-03-05)","doi:10.11587/BA1ORN","621","Person","Schulz","Manfred","männlich",1963,"ÖVP","Niederösterreich","Landtag","ja","https://www.tiktok.com/@manfred.schulz24","nein","ja",185,280,12,206,"Noch keine Biografie","https://www.tiktok.com/@manfred.schulz24/video/7574208743013911830",1528,84,1,3,"Privat",NA,NA,"nein","ja","nein","nicht erkennbar","nein","https://www.tiktok.com/@manfred.schulz24/photo/7570029802707586326",493,17,0,0,NA,NA,"formal",NA,"ja","nein","nicht erkennbar","nein","https://www.tiktok.com/@manfred.schulz24/video/7568136309525597462",806,17,0,2,"Privat","ja","leger","nein","nein","nein","nicht erkennbar","nein","https://www.tiktok.com/@manfred.schulz24/video/7570475126265777430",650,12,0,0,"Privat",NA,NA,"nein","ja","nein","nicht erkennbar","nein","https://www.tiktok.com/@manfred.schulz24/video/7576380700518075670",128,9,0,2,NA,NA,NA,"nein","ja","nein","nicht erkennbar","nein","https://www.tiktok.com/@manfred.schulz24/video/7578434725845519638",475,9,0,0,NA,NA,NA,"nein","ja","nein","erkennbar","nein","https://www.tiktok.com/@manfred.schulz24/video/7570778538501082390",770,8,2,2,"Privat","nein","leger","nein","ja","nein","nicht erkennbar","nein","https://www.tiktok.com/@manfred.schulz24/video/7570035215662451990",410,6,0,0,NA,NA,NA,"nein","ja","nein","nicht erkennbar","nein","https://www.tiktok.com/@manfred.schulz24/video/7571142505694104854",489,6,0,0,NA,"nein",NA,"nein","ja","nein","nicht erkennbar","nein","https://www.tiktok.com/@manfred.schulz24/video/7572908710054333718",195,5,0,0,"Privat","nein","leger","nein","nein","nein","nicht erkennbar","nein"
"1.0 (2026-03-05)","doi:10.11587/BA1ORN","622","Person","Schulz","Benjamin","männlich",1990,"SPÖ","Wien","Landtag","nein",NA,"ja","ja",NA,NA,NA,NA,NA,NA,NA,NA,NA,NA,NA,NA,NA,NA,NA,NA,NA,NA,NA,NA,NA,NA,NA,NA,NA,NA,NA,NA,NA,NA,NA,NA,NA,NA,NA,NA,NA,NA,NA,NA,NA,NA,NA,NA,NA,NA,NA,NA,NA,NA,NA,NA,NA,NA,NA,NA,NA,NA,NA,NA,NA,NA,NA,NA,NA,NA,NA,NA,NA,NA,NA,NA,NA,NA,NA,NA,NA,NA,NA,NA,NA,NA,NA,NA,NA,NA,NA,NA,NA,NA,NA,NA,NA,NA,NA,NA,NA,NA,NA,NA,NA,NA,NA,NA,NA,NA,NA,NA,NA,NA,NA,NA,NA,NA,NA,NA,NA,NA,NA,NA,NA,NA,NA,NA,NA,NA,NA,NA,NA,NA,NA,NA,NA,NA,NA
"1.0 (2026-03-05)","doi:10.11587/BA1ORN","623","Person","Schumann","Korinna","weiblich",1966,"SPÖ","Österreich","Bundesregierung","nein",NA,"ja","ja",NA,NA,NA,NA,NA,NA,NA,NA,NA,NA,NA,NA,NA,NA,NA,NA,NA,NA,NA,NA,NA,NA,NA,NA,NA,NA,NA,NA,NA,NA,NA,NA,NA,NA,NA,NA,NA,NA,NA,NA,NA,NA,NA,NA,NA,NA,NA,NA,NA,NA,NA,NA,NA,NA,NA,NA,NA,NA,NA,NA,NA,NA,NA,NA,NA,NA,NA,NA,NA,NA,NA,NA,NA,NA,NA,NA,NA,NA,NA,NA,NA,NA,NA,NA,NA,NA,NA,NA,NA,NA,NA,NA,NA,NA,NA,NA,NA,NA,NA,NA,NA,NA,NA,NA,NA,NA,NA,NA,NA,NA,NA,NA,NA,NA,NA,NA,NA,NA,NA,NA,NA,NA,NA,NA,NA,NA,NA,NA,NA,NA,NA,NA,NA,NA,NA
"1.0 (2026-03-05)","doi:10.11587/BA1ORN","624","Person","Schuschnig","Sebastian","männlich",1986,"ÖVP","Kärnten","Landesregierung","nein",NA,"ja","ja",NA,NA,NA,NA,NA,NA,NA,NA,NA,NA,NA,NA,NA,NA,NA,NA,NA,NA,NA,NA,NA,NA,NA,NA,NA,NA,NA,NA,NA,NA,NA,NA,NA,NA,NA,NA,NA,NA,NA,NA,NA,NA,NA,NA,NA,NA,NA,NA,NA,NA,NA,NA,NA,NA,NA,NA,NA,NA,NA,NA,NA,NA,NA,NA,NA,NA,NA,NA,NA,NA,NA,NA,NA,NA,NA,NA,NA,NA,NA,NA,NA,NA,NA,NA,NA,NA,NA,NA,NA,NA,NA,NA,NA,NA,NA,NA,NA,NA,NA,NA,NA,NA,NA,NA,NA,NA,NA,NA,NA,NA,NA,NA,NA,NA,NA,NA,NA,NA,NA,NA,NA,NA,NA,NA,NA,NA,NA,NA,NA,NA,NA,NA,NA,NA,NA
"1.0 (2026-03-05)","doi:10.11587/BA1ORN","625","Person","Schuster-Burda","Heidi","weiblich",1967,"ÖVP","Vorarlberg","Landtag","nein",NA,"ja","ja",NA,NA,NA,NA,NA,NA,NA,NA,NA,NA,NA,NA,NA,NA,NA,NA,NA,NA,NA,NA,NA,NA,NA,NA,NA,NA,NA,NA,NA,NA,NA,NA,NA,NA,NA,NA,NA,NA,NA,NA,NA,NA,NA,NA,NA,NA,NA,NA,NA,NA,NA,NA,NA,NA,NA,NA,NA,NA,NA,NA,NA,NA,NA,NA,NA,NA,NA,NA,NA,NA,NA,NA,NA,NA,NA,NA,NA,NA,NA,NA,NA,NA,NA,NA,NA,NA,NA,NA,NA,NA,NA,NA,NA,NA,NA,NA,NA,NA,NA,NA,NA,NA,NA,NA,NA,NA,NA,NA,NA,NA,NA,NA,NA,NA,NA,NA,NA,NA,NA,NA,NA,NA,NA,NA,NA,NA,NA,NA,NA,NA,NA,NA,NA,NA,NA
"1.0 (2026-03-05)","doi:10.11587/BA1ORN","626","Person","Schwabl","Camilla","weiblich",1977,"ÖVP","Salzburg","Landtag","nein",NA,"ja","ja",NA,NA,NA,NA,NA,NA,NA,NA,NA,NA,NA,NA,NA,NA,NA,NA,NA,NA,NA,NA,NA,NA,NA,NA,NA,NA,NA,NA,NA,NA,NA,NA,NA,NA,NA,NA,NA,NA,NA,NA,NA,NA,NA,NA,NA,NA,NA,NA,NA,NA,NA,NA,NA,NA,NA,NA,NA,NA,NA,NA,NA,NA,NA,NA,NA,NA,NA,NA,NA,NA,NA,NA,NA,NA,NA,NA,NA,NA,NA,NA,NA,NA,NA,NA,NA,NA,NA,NA,NA,NA,NA,NA,NA,NA,NA,NA,NA,NA,NA,NA,NA,NA,NA,NA,NA,NA,NA,NA,NA,NA,NA,NA,NA,NA,NA,NA,NA,NA,NA,NA,NA,NA,NA,NA,NA,NA,NA,NA,NA,NA,NA,NA,NA,NA,NA
"1.0 (2026-03-05)","doi:10.11587/BA1ORN","627","Person","Schwaighofer","Sebastian","männlich",2000,"FPÖ","Österreich","Nationalrat","ja","https://www.tiktok.com/@sebastianschwaighofer","ja","ja",2265,1132,43,15500,"Landesparteisekretär FPÖ Salzburg / Abgeordneter zum Nationalrat","https://www.tiktok.com/@sebastianschwaighofer/video/7472625973637238038",44400,5084,441,749,"Privat","nein","leger","ja","ja","nein","nicht erkennbar","nein","https://www.tiktok.com/@sebastianschwaighofer/video/7167090254418136325",27800,2484,112,283,NA,NA,NA,"nein","nein","nein","erkennbar","nein","https://www.tiktok.com/@sebastianschwaighofer/video/7348467809438944544",38400,1809,160,204,"Privat","nein","leger","nein","nein","nein","nicht erkennbar","nein","https://www.tiktok.com/@sebastianschwaighofer/video/7413695295126637856",13300,1007,12,137,"Arbeit","nein","leger","nein","nein","nein","erkennbar","nein","https://www.tiktok.com/@sebastianschwaighofer/video/7154005012639698181",20100,896,41,36,"Privat","nein","leger","nein","ja","nein","nicht erkennbar","nein","https://www.tiktok.com/@sebastianschwaighofer/video/7226780199713705242",7243,590,32,65,"Arbeit","nein","formal","nein","nein","nein","nicht erkennbar","nein","https://www.tiktok.com/@sebastianschwaighofer/video/7556323813252779286",6896,391,23,103,"Privat","nein","leger","nein","ja","nein","nicht erkennbar","nein","https://www.tiktok.com/@sebastianschwaighofer/video/7497601191136791830",3089,321,19,25,"Arbeit","nein","formal","nein","ja","nein","erkennbar","nein","https://www.tiktok.com/@sebastianschwaighofer/video/7371525972501302561",2994,222,12,14,NA,NA,NA,"nein","nein","nein","erkennbar","nein","https://www.tiktok.com/@sebastianschwaighofer/video/7311800012260920608",2906,189,6,11,"Privat","nein","leger","nein","nein","nein","nicht erkennbar","nein"
"1.0 (2026-03-05)","doi:10.11587/BA1ORN","628","Person","Schwarz","Ulrike","weiblich",1958,"GRÜNE","Oberösterreich","Landtag","nein",NA,"nein","ja",NA,NA,NA,NA,NA,NA,NA,NA,NA,NA,NA,NA,NA,NA,NA,NA,NA,NA,NA,NA,NA,NA,NA,NA,NA,NA,NA,NA,NA,NA,NA,NA,NA,NA,NA,NA,NA,NA,NA,NA,NA,NA,NA,NA,NA,NA,NA,NA,NA,NA,NA,NA,NA,NA,NA,NA,NA,NA,NA,NA,NA,NA,NA,NA,NA,NA,NA,NA,NA,NA,NA,NA,NA,NA,NA,NA,NA,NA,NA,NA,NA,NA,NA,NA,NA,NA,NA,NA,NA,NA,NA,NA,NA,NA,NA,NA,NA,NA,NA,NA,NA,NA,NA,NA,NA,NA,NA,NA,NA,NA,NA,NA,NA,NA,NA,NA,NA,NA,NA,NA,NA,NA,NA,NA,NA,NA,NA,NA,NA,NA,NA,NA,NA,NA,NA
"1.0 (2026-03-05)","doi:10.11587/BA1ORN","629","Person","Schwarz","Johannes","männlich",1977,"SPÖ","Steiermark","Landtag","ja","https://www.tiktok.com/@hannes_schwarz","ja","ja",492,1995,55,2822,"Steirischer SPÖ Klubobmann, Kulturenthusiast und Fußballfan","https://www.tiktok.com/@hannes_schwarz/video/7361460749371247905",15500,711,5,10,"Arbeit","nein","formal","nein","nein","nein","erkennbar","nein","https://www.tiktok.com/@hannes_schwarz/video/7384520454800772385",5991,359,16,8,NA,NA,NA,"nein","nein","nein","nicht erkennbar","nein","https://www.tiktok.com/@hannes_schwarz/video/7328830736386116897",8229,134,2,0,NA,NA,NA,"nein","ja","nein","nicht erkennbar","nein","https://www.tiktok.com/@hannes_schwarz/video/7194916846720634117",977,121,0,0,"Arbeit","nein","formal","nein","nein","nein","erkennbar","nein","https://www.tiktok.com/@hannes_schwarz/video/7171083966030597381",1832,109,0,0,"Arbeit","nein","formal","nein","nein","nein","nicht erkennbar","nein","https://www.tiktok.com/@hannes_schwarz/video/7222584521995177243",2654,105,3,4,"Arbeit","nein","formal","nein","ja","nein","erkennbar","nein","https://www.tiktok.com/@hannes_schwarz/video/7187793724578041093",1127,105,17,2,"Arbeit","nein","formal","nein","nein","nein","erkennbar","nein","https://www.tiktok.com/@hannes_schwarz/video/7172844328555957509",1701,49,1,1,"Arbeit","nein","formal","nein","nein","nein","nicht erkennbar","nein","https://www.tiktok.com/@hannes_schwarz/video/7020768604144569606",1983,49,0,0,NA,NA,NA,"nein","nein","nein","erkennbar","nein","https://www.tiktok.com/@hannes_schwarz/video/7209309474723482885",703,46,0,0,"Arbeit","nein","formal","nein","nein","nein","erkennbar","nein"
"1.0 (2026-03-05)","doi:10.11587/BA1ORN","630","Person","Schwarz","Jakob","männlich",1985,"GRÜNE","Österreich","Nationalrat","ja","https://www.tiktok.com/@jakobcschwarz","ja","ja",5504,1301,193,92100,"Nationalratsabgeordneter","https://www.tiktok.com/@jakobcschwarz/video/7216237838919060763",1400000,45000,19100,3175,"Arbeit","nein",NA,"nein","nein","nein","erkennbar","nein","https://www.tiktok.com/@jakobcschwarz/video/7150560276645956870",229400,6936,163,1981,"Arbeit","nein","formal","nein","ja","nein","nicht erkennbar","nein","https://www.tiktok.com/@jakobcschwarz/video/7473904583736053014",90900,4453,331,734,"Arbeit","nein","leger","nein","nein","nein","nicht erkennbar","nein","https://www.tiktok.com/@jakobcschwarz/video/7277493473450757409",55900,4068,149,711,NA,NA,NA,"nein","nein","nein","nicht erkennbar","nein","https://www.tiktok.com/@jakobcschwarz/video/7408483251808914721",58800,3565,349,151,"Arbeit","nein","formal","nein","nein","nein","nicht erkennbar","nein","https://www.tiktok.com/@jakobcschwarz/video/7127562527021468934",157800,3410,226,534,"Arbeit","nein","formal","nein","ja","nein","nicht erkennbar","nein","https://www.tiktok.com/@jakobcschwarz/video/7122382257196731654",174400,2823,224,448,"Arbeit","nein","formal","nein","nein","nein","erkennbar","nein","https://www.tiktok.com/@jakobcschwarz/video/7192235607534439685",7390,1677,175,200,"Arbeit","nein","formal","nein","ja","nein","nicht erkennbar","nein","https://www.tiktok.com/@jakobcschwarz/video/7122468030164110597",42600,1588,29,104,"Arbeit","ja","formal","nein","nein","nein","nicht erkennbar","nein","https://www.tiktok.com/@jakobcschwarz/video/7095765055471406341",58500,890,64,212,"Arbeit","nein","formal","nein","nein","nein","nicht erkennbar","nein"
"1.0 (2026-03-05)","doi:10.11587/BA1ORN","631","Person","Schwarz-Fuchs","Christine","weiblich",1974,"ÖVP","Österreich","Bundesrat","nein",NA,"ja","ja",NA,NA,NA,NA,NA,NA,NA,NA,NA,NA,NA,NA,NA,NA,NA,NA,NA,NA,NA,NA,NA,NA,NA,NA,NA,NA,NA,NA,NA,NA,NA,NA,NA,NA,NA,NA,NA,NA,NA,NA,NA,NA,NA,NA,NA,NA,NA,NA,NA,NA,NA,NA,NA,NA,NA,NA,NA,NA,NA,NA,NA,NA,NA,NA,NA,NA,NA,NA,NA,NA,NA,NA,NA,NA,NA,NA,NA,NA,NA,NA,NA,NA,NA,NA,NA,NA,NA,NA,NA,NA,NA,NA,NA,NA,NA,NA,NA,NA,NA,NA,NA,NA,NA,NA,NA,NA,NA,NA,NA,NA,NA,NA,NA,NA,NA,NA,NA,NA,NA,NA,NA,NA,NA,NA,NA,NA,NA,NA,NA,NA,NA,NA,NA,NA,NA
"1.0 (2026-03-05)","doi:10.11587/BA1ORN","632","Person","Schwarzmann","Andrea","weiblich",1965,"ÖVP","Vorarlberg","Landtag","nein",NA,"nein","ja",NA,NA,NA,NA,NA,NA,NA,NA,NA,NA,NA,NA,NA,NA,NA,NA,NA,NA,NA,NA,NA,NA,NA,NA,NA,NA,NA,NA,NA,NA,NA,NA,NA,NA,NA,NA,NA,NA,NA,NA,NA,NA,NA,NA,NA,NA,NA,NA,NA,NA,NA,NA,NA,NA,NA,NA,NA,NA,NA,NA,NA,NA,NA,NA,NA,NA,NA,NA,NA,NA,NA,NA,NA,NA,NA,NA,NA,NA,NA,NA,NA,NA,NA,NA,NA,NA,NA,NA,NA,NA,NA,NA,NA,NA,NA,NA,NA,NA,NA,NA,NA,NA,NA,NA,NA,NA,NA,NA,NA,NA,NA,NA,NA,NA,NA,NA,NA,NA,NA,NA,NA,NA,NA,NA,NA,NA,NA,NA,NA,NA,NA,NA,NA,NA,NA
"1.0 (2026-03-05)","doi:10.11587/BA1ORN","633","Person","Schweiger","Verena","weiblich",1995,"SPÖ","Österreich","Bundesrat","nein",NA,"ja","ja",NA,NA,NA,NA,NA,NA,NA,NA,NA,NA,NA,NA,NA,NA,NA,NA,NA,NA,NA,NA,NA,NA,NA,NA,NA,NA,NA,NA,NA,NA,NA,NA,NA,NA,NA,NA,NA,NA,NA,NA,NA,NA,NA,NA,NA,NA,NA,NA,NA,NA,NA,NA,NA,NA,NA,NA,NA,NA,NA,NA,NA,NA,NA,NA,NA,NA,NA,NA,NA,NA,NA,NA,NA,NA,NA,NA,NA,NA,NA,NA,NA,NA,NA,NA,NA,NA,NA,NA,NA,NA,NA,NA,NA,NA,NA,NA,NA,NA,NA,NA,NA,NA,NA,NA,NA,NA,NA,NA,NA,NA,NA,NA,NA,NA,NA,NA,NA,NA,NA,NA,NA,NA,NA,NA,NA,NA,NA,NA,NA,NA,NA,NA,NA,NA,NA
"1.0 (2026-03-05)","doi:10.11587/BA1ORN","634","Person","Schwindsackl","Ernest","männlich",1954,"ÖVP","Österreich","Bundesrat","nein",NA,"nein","nein",NA,NA,NA,NA,NA,NA,NA,NA,NA,NA,NA,NA,NA,NA,NA,NA,NA,NA,NA,NA,NA,NA,NA,NA,NA,NA,NA,NA,NA,NA,NA,NA,NA,NA,NA,NA,NA,NA,NA,NA,NA,NA,NA,NA,NA,NA,NA,NA,NA,NA,NA,NA,NA,NA,NA,NA,NA,NA,NA,NA,NA,NA,NA,NA,NA,NA,NA,NA,NA,NA,NA,NA,NA,NA,NA,NA,NA,NA,NA,NA,NA,NA,NA,NA,NA,NA,NA,NA,NA,NA,NA,NA,NA,NA,NA,NA,NA,NA,NA,NA,NA,NA,NA,NA,NA,NA,NA,NA,NA,NA,NA,NA,NA,NA,NA,NA,NA,NA,NA,NA,NA,NA,NA,NA,NA,NA,NA,NA,NA,NA,NA,NA,NA,NA,NA
"1.0 (2026-03-05)","doi:10.11587/BA1ORN","635","Person","Schöbi-Fink","Barbara","weiblich",1961,"ÖVP","Vorarlberg","Landesregierung","nein",NA,"ja","ja",NA,NA,NA,NA,NA,NA,NA,NA,NA,NA,NA,NA,NA,NA,NA,NA,NA,NA,NA,NA,NA,NA,NA,NA,NA,NA,NA,NA,NA,NA,NA,NA,NA,NA,NA,NA,NA,NA,NA,NA,NA,NA,NA,NA,NA,NA,NA,NA,NA,NA,NA,NA,NA,NA,NA,NA,NA,NA,NA,NA,NA,NA,NA,NA,NA,NA,NA,NA,NA,NA,NA,NA,NA,NA,NA,NA,NA,NA,NA,NA,NA,NA,NA,NA,NA,NA,NA,NA,NA,NA,NA,NA,NA,NA,NA,NA,NA,NA,NA,NA,NA,NA,NA,NA,NA,NA,NA,NA,NA,NA,NA,NA,NA,NA,NA,NA,NA,NA,NA,NA,NA,NA,NA,NA,NA,NA,NA,NA,NA,NA,NA,NA,NA,NA,NA
"1.0 (2026-03-05)","doi:10.11587/BA1ORN","636","Person","Schöchl","Josef","männlich",1959,"ÖVP","Salzburg","Landtag","nein",NA,"nein","ja",NA,NA,NA,NA,NA,NA,NA,NA,NA,NA,NA,NA,NA,NA,NA,NA,NA,NA,NA,NA,NA,NA,NA,NA,NA,NA,NA,NA,NA,NA,NA,NA,NA,NA,NA,NA,NA,NA,NA,NA,NA,NA,NA,NA,NA,NA,NA,NA,NA,NA,NA,NA,NA,NA,NA,NA,NA,NA,NA,NA,NA,NA,NA,NA,NA,NA,NA,NA,NA,NA,NA,NA,NA,NA,NA,NA,NA,NA,NA,NA,NA,NA,NA,NA,NA,NA,NA,NA,NA,NA,NA,NA,NA,NA,NA,NA,NA,NA,NA,NA,NA,NA,NA,NA,NA,NA,NA,NA,NA,NA,NA,NA,NA,NA,NA,NA,NA,NA,NA,NA,NA,NA,NA,NA,NA,NA,NA,NA,NA,NA,NA,NA,NA,NA,NA
"1.0 (2026-03-05)","doi:10.11587/BA1ORN","637","Person","Schönleitner","Lambert","männlich",1970,"GRÜNE","Steiermark","Landtag","nein",NA,"ja","ja",NA,NA,NA,NA,NA,NA,NA,NA,NA,NA,NA,NA,NA,NA,NA,NA,NA,NA,NA,NA,NA,NA,NA,NA,NA,NA,NA,NA,NA,NA,NA,NA,NA,NA,NA,NA,NA,NA,NA,NA,NA,NA,NA,NA,NA,NA,NA,NA,NA,NA,NA,NA,NA,NA,NA,NA,NA,NA,NA,NA,NA,NA,NA,NA,NA,NA,NA,NA,NA,NA,NA,NA,NA,NA,NA,NA,NA,NA,NA,NA,NA,NA,NA,NA,NA,NA,NA,NA,NA,NA,NA,NA,NA,NA,NA,NA,NA,NA,NA,NA,NA,NA,NA,NA,NA,NA,NA,NA,NA,NA,NA,NA,NA,NA,NA,NA,NA,NA,NA,NA,NA,NA,NA,NA,NA,NA,NA,NA,NA,NA,NA,NA,NA,NA,NA
"1.0 (2026-03-05)","doi:10.11587/BA1ORN","638","Person","Schöppl","Andreas","männlich",1961,"FPÖ","Salzburg","Landtag","nein",NA,"nein","ja",NA,NA,NA,NA,NA,NA,NA,NA,NA,NA,NA,NA,NA,NA,NA,NA,NA,NA,NA,NA,NA,NA,NA,NA,NA,NA,NA,NA,NA,NA,NA,NA,NA,NA,NA,NA,NA,NA,NA,NA,NA,NA,NA,NA,NA,NA,NA,NA,NA,NA,NA,NA,NA,NA,NA,NA,NA,NA,NA,NA,NA,NA,NA,NA,NA,NA,NA,NA,NA,NA,NA,NA,NA,NA,NA,NA,NA,NA,NA,NA,NA,NA,NA,NA,NA,NA,NA,NA,NA,NA,NA,NA,NA,NA,NA,NA,NA,NA,NA,NA,NA,NA,NA,NA,NA,NA,NA,NA,NA,NA,NA,NA,NA,NA,NA,NA,NA,NA,NA,NA,NA,NA,NA,NA,NA,NA,NA,NA,NA,NA,NA,NA,NA,NA,NA
"1.0 (2026-03-05)","doi:10.11587/BA1ORN","639","Person","Schütz","Angela","weiblich",1964,"FPÖ","Wien","Landtag","nein",NA,"ja","ja",NA,NA,NA,NA,NA,NA,NA,NA,NA,NA,NA,NA,NA,NA,NA,NA,NA,NA,NA,NA,NA,NA,NA,NA,NA,NA,NA,NA,NA,NA,NA,NA,NA,NA,NA,NA,NA,NA,NA,NA,NA,NA,NA,NA,NA,NA,NA,NA,NA,NA,NA,NA,NA,NA,NA,NA,NA,NA,NA,NA,NA,NA,NA,NA,NA,NA,NA,NA,NA,NA,NA,NA,NA,NA,NA,NA,NA,NA,NA,NA,NA,NA,NA,NA,NA,NA,NA,NA,NA,NA,NA,NA,NA,NA,NA,NA,NA,NA,NA,NA,NA,NA,NA,NA,NA,NA,NA,NA,NA,NA,NA,NA,NA,NA,NA,NA,NA,NA,NA,NA,NA,NA,NA,NA,NA,NA,NA,NA,NA,NA,NA,NA,NA,NA,NA
"1.0 (2026-03-05)","doi:10.11587/BA1ORN","640","Person","Seemayer","Michael","männlich",1976,"SPÖ","Österreich","Nationalrat","nein",NA,"nein","ja",NA,NA,NA,NA,NA,NA,NA,NA,NA,NA,NA,NA,NA,NA,NA,NA,NA,NA,NA,NA,NA,NA,NA,NA,NA,NA,NA,NA,NA,NA,NA,NA,NA,NA,NA,NA,NA,NA,NA,NA,NA,NA,NA,NA,NA,NA,NA,NA,NA,NA,NA,NA,NA,NA,NA,NA,NA,NA,NA,NA,NA,NA,NA,NA,NA,NA,NA,NA,NA,NA,NA,NA,NA,NA,NA,NA,NA,NA,NA,NA,NA,NA,NA,NA,NA,NA,NA,NA,NA,NA,NA,NA,NA,NA,NA,NA,NA,NA,NA,NA,NA,NA,NA,NA,NA,NA,NA,NA,NA,NA,NA,NA,NA,NA,NA,NA,NA,NA,NA,NA,NA,NA,NA,NA,NA,NA,NA,NA,NA,NA,NA,NA,NA,NA,NA
"1.0 (2026-03-05)","doi:10.11587/BA1ORN","641","Person","Seidl","Alice","weiblich",1992,"SPÖ","Wien","Landtag","nein",NA,"nein","ja",NA,NA,NA,NA,NA,NA,NA,NA,NA,NA,NA,NA,NA,NA,NA,NA,NA,NA,NA,NA,NA,NA,NA,NA,NA,NA,NA,NA,NA,NA,NA,NA,NA,NA,NA,NA,NA,NA,NA,NA,NA,NA,NA,NA,NA,NA,NA,NA,NA,NA,NA,NA,NA,NA,NA,NA,NA,NA,NA,NA,NA,NA,NA,NA,NA,NA,NA,NA,NA,NA,NA,NA,NA,NA,NA,NA,NA,NA,NA,NA,NA,NA,NA,NA,NA,NA,NA,NA,NA,NA,NA,NA,NA,NA,NA,NA,NA,NA,NA,NA,NA,NA,NA,NA,NA,NA,NA,NA,NA,NA,NA,NA,NA,NA,NA,NA,NA,NA,NA,NA,NA,NA,NA,NA,NA,NA,NA,NA,NA,NA,NA,NA,NA,NA,NA
"1.0 (2026-03-05)","doi:10.11587/BA1ORN","642","Person","Seiser","Herwig","männlich",1960,"SPÖ","Kärnten","Landtag","nein",NA,"nein","ja",NA,NA,NA,NA,NA,NA,NA,NA,NA,NA,NA,NA,NA,NA,NA,NA,NA,NA,NA,NA,NA,NA,NA,NA,NA,NA,NA,NA,NA,NA,NA,NA,NA,NA,NA,NA,NA,NA,NA,NA,NA,NA,NA,NA,NA,NA,NA,NA,NA,NA,NA,NA,NA,NA,NA,NA,NA,NA,NA,NA,NA,NA,NA,NA,NA,NA,NA,NA,NA,NA,NA,NA,NA,NA,NA,NA,NA,NA,NA,NA,NA,NA,NA,NA,NA,NA,NA,NA,NA,NA,NA,NA,NA,NA,NA,NA,NA,NA,NA,NA,NA,NA,NA,NA,NA,NA,NA,NA,NA,NA,NA,NA,NA,NA,NA,NA,NA,NA,NA,NA,NA,NA,NA,NA,NA,NA,NA,NA,NA,NA,NA,NA,NA,NA,NA
"1.0 (2026-03-05)","doi:10.11587/BA1ORN","643","Person","Seiwald","Peter","männlich",1977,"ÖVP","Tirol","Landtag","nein",NA,"ja","ja",NA,NA,NA,NA,NA,NA,NA,NA,NA,NA,NA,NA,NA,NA,NA,NA,NA,NA,NA,NA,NA,NA,NA,NA,NA,NA,NA,NA,NA,NA,NA,NA,NA,NA,NA,NA,NA,NA,NA,NA,NA,NA,NA,NA,NA,NA,NA,NA,NA,NA,NA,NA,NA,NA,NA,NA,NA,NA,NA,NA,NA,NA,NA,NA,NA,NA,NA,NA,NA,NA,NA,NA,NA,NA,NA,NA,NA,NA,NA,NA,NA,NA,NA,NA,NA,NA,NA,NA,NA,NA,NA,NA,NA,NA,NA,NA,NA,NA,NA,NA,NA,NA,NA,NA,NA,NA,NA,NA,NA,NA,NA,NA,NA,NA,NA,NA,NA,NA,NA,NA,NA,NA,NA,NA,NA,NA,NA,NA,NA,NA,NA,NA,NA,NA,NA
"1.0 (2026-03-05)","doi:10.11587/BA1ORN","644","Person","Seltenheim","Klaus","männlich",1984,"SPÖ","Österreich","Nationalrat","ja","https://www.tiktok.com/@klausseltenheim","ja","ja",769,244,30,2224,"@SPÖ-Bundesgeschäftsführer, Abg. z. NR & SPÖ-Mediensprecher","https://www.tiktok.com/@klausseltenheim/video/7568915561560739094",17000,885,11,39,"Arbeit","nein","formal","nein","nein","nein","erkennbar","nein","https://www.tiktok.com/@klausseltenheim/video/7533618012801305878",3497,301,16,19,"Arbeit","ja","formal","nein","nein","nein","nicht erkennbar","nein","https://www.tiktok.com/@klausseltenheim/video/7488366134282997014",7191,124,7,7,"Arbeit","nein","formal","nein","nein","nein","erkennbar","nein","https://www.tiktok.com/@klausseltenheim/video/7541383073049414934",2477,94,4,14,"Arbeit","ja","formal","nein","nein","nein","nicht erkennbar","nein","https://www.tiktok.com/@klausseltenheim/video/7563574386981096726",1374,93,4,13,"Arbeit","nein","formal","nein","nein","nein","nicht erkennbar","nein","https://www.tiktok.com/@klausseltenheim/video/7519130395690994966",1757,91,6,5,"Arbeit","nein","formal","nein","nein","nein","erkennbar","nein","https://www.tiktok.com/@klausseltenheim/video/7504337012720274710",1245,77,3,2,"Arbeit","nein","formal","nein","nein","nein","erkennbar","nein","https://www.tiktok.com/@klausseltenheim/video/7487944151523282198",2930,60,7,2,"Arbeit","nein","formal","nein","nein","nein","erkennbar","nein","https://www.tiktok.com/@klausseltenheim/video/7532121666428734722",900,59,1,1,"Arbeit","nein","formal","nein","nein","nein","erkennbar","nein","https://www.tiktok.com/@klausseltenheim/video/7530580640920636694",2325,56,9,3,"Arbeit","nein","formal","nein","nein","nein","erkennbar","nein"
"1.0 (2026-03-05)","doi:10.11587/BA1ORN","645","Person","Sequenz","Heidemarie","weiblich",1958,"GRÜNE","Wien","Landtag","nein",NA,"ja","ja",NA,NA,NA,NA,NA,NA,NA,NA,NA,NA,NA,NA,NA,NA,NA,NA,NA,NA,NA,NA,NA,NA,NA,NA,NA,NA,NA,NA,NA,NA,NA,NA,NA,NA,NA,NA,NA,NA,NA,NA,NA,NA,NA,NA,NA,NA,NA,NA,NA,NA,NA,NA,NA,NA,NA,NA,NA,NA,NA,NA,NA,NA,NA,NA,NA,NA,NA,NA,NA,NA,NA,NA,NA,NA,NA,NA,NA,NA,NA,NA,NA,NA,NA,NA,NA,NA,NA,NA,NA,NA,NA,NA,NA,NA,NA,NA,NA,NA,NA,NA,NA,NA,NA,NA,NA,NA,NA,NA,NA,NA,NA,NA,NA,NA,NA,NA,NA,NA,NA,NA,NA,NA,NA,NA,NA,NA,NA,NA,NA,NA,NA,NA,NA,NA,NA
"1.0 (2026-03-05)","doi:10.11587/BA1ORN","646","Person","Servus","Harald","männlich",1965,"ÖVP","Österreich","Nationalrat","nein",NA,"ja","ja",NA,NA,NA,NA,NA,NA,NA,NA,NA,NA,NA,NA,NA,NA,NA,NA,NA,NA,NA,NA,NA,NA,NA,NA,NA,NA,NA,NA,NA,NA,NA,NA,NA,NA,NA,NA,NA,NA,NA,NA,NA,NA,NA,NA,NA,NA,NA,NA,NA,NA,NA,NA,NA,NA,NA,NA,NA,NA,NA,NA,NA,NA,NA,NA,NA,NA,NA,NA,NA,NA,NA,NA,NA,NA,NA,NA,NA,NA,NA,NA,NA,NA,NA,NA,NA,NA,NA,NA,NA,NA,NA,NA,NA,NA,NA,NA,NA,NA,NA,NA,NA,NA,NA,NA,NA,NA,NA,NA,NA,NA,NA,NA,NA,NA,NA,NA,NA,NA,NA,NA,NA,NA,NA,NA,NA,NA,NA,NA,NA,NA,NA,NA,NA,NA,NA
"1.0 (2026-03-05)","doi:10.11587/BA1ORN","647","Person","Seymann","Christof","männlich",1961,"SPÖ","Kärnten","Landtag","nein",NA,"nein","ja",NA,NA,NA,NA,NA,NA,NA,NA,NA,NA,NA,NA,NA,NA,NA,NA,NA,NA,NA,NA,NA,NA,NA,NA,NA,NA,NA,NA,NA,NA,NA,NA,NA,NA,NA,NA,NA,NA,NA,NA,NA,NA,NA,NA,NA,NA,NA,NA,NA,NA,NA,NA,NA,NA,NA,NA,NA,NA,NA,NA,NA,NA,NA,NA,NA,NA,NA,NA,NA,NA,NA,NA,NA,NA,NA,NA,NA,NA,NA,NA,NA,NA,NA,NA,NA,NA,NA,NA,NA,NA,NA,NA,NA,NA,NA,NA,NA,NA,NA,NA,NA,NA,NA,NA,NA,NA,NA,NA,NA,NA,NA,NA,NA,NA,NA,NA,NA,NA,NA,NA,NA,NA,NA,NA,NA,NA,NA,NA,NA,NA,NA,NA,NA,NA,NA
"1.0 (2026-03-05)","doi:10.11587/BA1ORN","648","Person","Shetty","Yannick","männlich",1995,"NEOS","Österreich","Nationalrat","ja","https://www.tiktok.com/@yannickshetty","ja","ja",67700,1867,1231,3100000,"Klubobamm @Neos, Abgeordneter z. Nationalrat, Wien & Innsbruck","https://www.tiktok.com/@yannickshetty/video/7387292658156293409",1700000,167800,711,10400,NA,NA,NA,"nein","nein","nein","nicht erkennbar","nein","https://www.tiktok.com/@yannickshetty/video/6965102911978327302",441700,141400,2228,4466,"Arbeit","nein","formal","nein","nein","nein","nicht erkennbar","nein","https://www.tiktok.com/@yannickshetty/video/6975529262468091141",1100000,126900,5653,1705,"Privat","nein",NA,"nein","ja","nein","nicht erkennbar","nein","https://www.tiktok.com/@yannickshetty/video/7145857046695431429",469900,108500,873,1953,"Arbeit","nein","formal","nein","ja","nein","erkennbar","nein","https://www.tiktok.com/@yannickshetty/video/6932919633963977990",635300,90500,1508,2835,NA,NA,NA,"nein","nein","nein","nicht erkennbar","nein","https://www.tiktok.com/@yannickshetty/video/7217035481735826715",397400,78600,539,1746,"Arbeit","nein","formal","nein","ja","nein","erkennbar","nein","https://www.tiktok.com/@yannickshetty/video/7217716334572915994",578200,77100,600,1910,"Arbeit","nein","formal","nein","nein","nein","erkennbar","nein","https://www.tiktok.com/@yannickshetty/video/7154284155239517445",559700,76000,1031,1354,"Arbeit","nein","formal","nein","nein","nein","nicht erkennbar","nein","https://www.tiktok.com/@yannickshetty/video/7416043867243384096",702200,63600,2527,5060,"Arbeit","nein","formal","nein","nein","nein","nicht erkennbar","nein","https://www.tiktok.com/@yannickshetty/video/7016609361229401349",1100000,51400,767,2420,NA,NA,NA,"nein","nein","nein","nicht erkennbar","nein"
"1.0 (2026-03-05)","doi:10.11587/BA1ORN","649","Person","Sidl","Günther","männlich",1975,"SPÖ","EU","EP","nein",NA,"ja","ja",NA,NA,NA,NA,NA,NA,NA,NA,NA,NA,NA,NA,NA,NA,NA,NA,NA,NA,NA,NA,NA,NA,NA,NA,NA,NA,NA,NA,NA,NA,NA,NA,NA,NA,NA,NA,NA,NA,NA,NA,NA,NA,NA,NA,NA,NA,NA,NA,NA,NA,NA,NA,NA,NA,NA,NA,NA,NA,NA,NA,NA,NA,NA,NA,NA,NA,NA,NA,NA,NA,NA,NA,NA,NA,NA,NA,NA,NA,NA,NA,NA,NA,NA,NA,NA,NA,NA,NA,NA,NA,NA,NA,NA,NA,NA,NA,NA,NA,NA,NA,NA,NA,NA,NA,NA,NA,NA,NA,NA,NA,NA,NA,NA,NA,NA,NA,NA,NA,NA,NA,NA,NA,NA,NA,NA,NA,NA,NA,NA,NA,NA,NA,NA,NA,NA
"1.0 (2026-03-05)","doi:10.11587/BA1ORN","650","Person","Sieber","Norbert","männlich",1969,"ÖVP","Österreich","Nationalrat","ja","https://www.tiktok.com/@norbert.sieber","ja","ja",15,790,6,232,"Biobauer in Bregenz, Abgeordneter zum Nationalrat, Familienpolitiker","https://www.tiktok.com/@norbert.sieber/video/7294029460750257440",2522,151,13,1,"Arbeit","nein","formal","nein","nein","nein","nicht erkennbar","nein","https://www.tiktok.com/@norbert.sieber/video/7280905063424363808",1003,30,0,1,"Arbeit","nein","formal","nein","nein","nein","nicht erkennbar","nein","https://www.tiktok.com/@norbert.sieber/video/7330998083695791392",2989,20,0,2,"Arbeit","nein","formal","nein","nein","nein","erkennbar","nein","https://www.tiktok.com/@norbert.sieber/video/7281201329119251745",287,13,2,0,"Arbeit","nein","formal","nein","nein","nein","erkennbar","nein","https://www.tiktok.com/@norbert.sieber/video/7304720134063525152",2120,10,1,0,"Arbeit","nein","formal","nein","nein","nein","erkennbar","nein","https://www.tiktok.com/@norbert.sieber/video/7281554845893430560",287,8,0,1,"Arbeit","nein","formal","nein","nein","nein","erkennbar","nein",NA,NA,NA,NA,NA,NA,NA,NA,NA,NA,NA,NA,NA,NA,NA,NA,NA,NA,NA,NA,NA,NA,NA,NA,NA,NA,NA,NA,NA,NA,NA,NA,NA,NA,NA,NA,NA,NA,NA,NA,NA,NA,NA,NA,NA,NA,NA,NA,NA,NA,NA,NA
"1.0 (2026-03-05)","doi:10.11587/BA1ORN","651","Person","Silvan","Rudolf","männlich",1967,"SPÖ","Österreich","Nationalrat","ja","https://www.tiktok.com/@rudi_silvan","ja","ja",1089,1284,305,8472,"Arbeiterkind, Bruder, Vater,sozialdemokratischer Gewerkschafter, Abgeordneter","https://www.tiktok.com/@rudi_silvan/photo/7394167881442905377",24600,1232,1715,35,NA,NA,NA,"nein","nein","nein","nicht erkennbar","nein","https://www.tiktok.com/@rudi_silvan/photo/7418460146210196769",13400,249,25,10,NA,NA,NA,"nein","ja","nein","nicht erkennbar","nein","https://www.tiktok.com/@rudi_silvan/photo/7394758651501628704",3537,208,67,8,NA,NA,NA,"nein","ja","nein","nicht erkennbar","nein","https://www.tiktok.com/@rudi_silvan/photo/7369659804635106592",21500,180,29,7,NA,NA,NA,"nein","ja","nein","erkennbar","nein","https://www.tiktok.com/@rudi_silvan/video/7172910012300315909",1856,173,3,2,NA,NA,NA,"nein","nein","nein","nicht erkennbar","nein","https://www.tiktok.com/@rudi_silvan/photo/7433696423482363168",14100,171,18,5,NA,NA,NA,"nein","ja","nein","nicht erkennbar","nein","https://www.tiktok.com/@rudi_silvan/video/7560729699710700822",3929,170,27,11,"Arbeit","ja","formal","nein","nein","nein","erkennbar","nein","https://www.tiktok.com/@rudi_silvan/video/7516965058023329046",2870,142,45,19,"Arbeit","nein","formal","nein","nein","nein","erkennbar","nein","https://www.tiktok.com/@rudi_silvan/photo/7408556074053258529",5860,130,43,4,NA,NA,NA,"nein","ja","nein","nicht erkennbar","nein","https://www.tiktok.com/@rudi_silvan/video/7177094048480726278",1961,125,1,4,"Arbeit","nein","formal","nein","nein","nein","erkennbar","nein"
"1.0 (2026-03-05)","doi:10.11587/BA1ORN","652","Person","Sima","Ulli","weiblich",1968,"SPÖ","Wien","Landesregierung","nein",NA,"ja","ja",NA,NA,NA,NA,NA,NA,NA,NA,NA,NA,NA,NA,NA,NA,NA,NA,NA,NA,NA,NA,NA,NA,NA,NA,NA,NA,NA,NA,NA,NA,NA,NA,NA,NA,NA,NA,NA,NA,NA,NA,NA,NA,NA,NA,NA,NA,NA,NA,NA,NA,NA,NA,NA,NA,NA,NA,NA,NA,NA,NA,NA,NA,NA,NA,NA,NA,NA,NA,NA,NA,NA,NA,NA,NA,NA,NA,NA,NA,NA,NA,NA,NA,NA,NA,NA,NA,NA,NA,NA,NA,NA,NA,NA,NA,NA,NA,NA,NA,NA,NA,NA,NA,NA,NA,NA,NA,NA,NA,NA,NA,NA,NA,NA,NA,NA,NA,NA,NA,NA,NA,NA,NA,NA,NA,NA,NA,NA,NA,NA,NA,NA,NA,NA,NA,NA
"1.0 (2026-03-05)","doi:10.11587/BA1ORN","653","Person","Sint","Markus","männlich",1974,"FRITZ","Tirol","Landtag","ja","https://www.tiktok.com/@markus.sint","nein","nein",228,358,48,1036,"Klubobmann der Liste Fritz im Tiroler Landtag","https://www.tiktok.com/@markus.sint/video/7561105225222769923",4199,136,29,8,"Arbeit","nein","formal","nein","nein","nein","erkennbar","nein","https://www.tiktok.com/@markus.sint/video/7521782422602583318",7734,125,10,28,"Arbeit","nein","formal","nein","nein","nein","erkennbar","nein","https://www.tiktok.com/@markus.sint/video/7468568505000955158",3265,105,2,2,"Arbeit","nein","formal","nein","nein","nein","erkennbar","nein","https://www.tiktok.com/@markus.sint/video/7502482830585351446",4066,68,13,0,"Arbeit","nein","leger","nein","nein","nein","erkennbar","nein","https://www.tiktok.com/@markus.sint/video/7519890793331559682",13900,53,9,2,"Arbeit","nein","leger","nein","nein","nein","nicht erkennbar","nein","https://www.tiktok.com/@markus.sint/video/7485387459996486934",2600,32,2,1,"Arbeit","nein","leger","nein","ja","nein","erkennbar","nein","https://www.tiktok.com/@markus.sint/video/7496912880843902230",3509,26,8,5,"Arbeit","nein","leger","nein","nein","nein","erkennbar","nein","https://www.tiktok.com/@markus.sint/video/7498781947334872342",1575,23,1,6,"Arbeit","nein","leger","nein","nein","nein","erkennbar","nein","https://www.tiktok.com/@markus.sint/video/7457587352223911201",1752,23,0,0,"Arbeit","nein","leger","nein","nein","nein","nicht erkennbar","nein","https://www.tiktok.com/@markus.sint/video/7462351544646667542",1070,20,6,2,"Arbeit","nein","formal","nein","nein","nein","erkennbar","nein"
"1.0 (2026-03-05)","doi:10.11587/BA1ORN","654","Person","Smrtnik","Franz-Josef","männlich",1964,"Team Kärnten - Liste Köfer","Kärnten","Landtag","nein",NA,"ja","ja",NA,NA,NA,NA,NA,NA,NA,NA,NA,NA,NA,NA,NA,NA,NA,NA,NA,NA,NA,NA,NA,NA,NA,NA,NA,NA,NA,NA,NA,NA,NA,NA,NA,NA,NA,NA,NA,NA,NA,NA,NA,NA,NA,NA,NA,NA,NA,NA,NA,NA,NA,NA,NA,NA,NA,NA,NA,NA,NA,NA,NA,NA,NA,NA,NA,NA,NA,NA,NA,NA,NA,NA,NA,NA,NA,NA,NA,NA,NA,NA,NA,NA,NA,NA,NA,NA,NA,NA,NA,NA,NA,NA,NA,NA,NA,NA,NA,NA,NA,NA,NA,NA,NA,NA,NA,NA,NA,NA,NA,NA,NA,NA,NA,NA,NA,NA,NA,NA,NA,NA,NA,NA,NA,NA,NA,NA,NA,NA,NA,NA,NA,NA,NA,NA,NA
"1.0 (2026-03-05)","doi:10.11587/BA1ORN","655","Person","Sonderegger","Harald","männlich",1964,"ÖVP","Vorarlberg","Landtag","nein",NA,"nein","ja",NA,NA,NA,NA,NA,NA,NA,NA,NA,NA,NA,NA,NA,NA,NA,NA,NA,NA,NA,NA,NA,NA,NA,NA,NA,NA,NA,NA,NA,NA,NA,NA,NA,NA,NA,NA,NA,NA,NA,NA,NA,NA,NA,NA,NA,NA,NA,NA,NA,NA,NA,NA,NA,NA,NA,NA,NA,NA,NA,NA,NA,NA,NA,NA,NA,NA,NA,NA,NA,NA,NA,NA,NA,NA,NA,NA,NA,NA,NA,NA,NA,NA,NA,NA,NA,NA,NA,NA,NA,NA,NA,NA,NA,NA,NA,NA,NA,NA,NA,NA,NA,NA,NA,NA,NA,NA,NA,NA,NA,NA,NA,NA,NA,NA,NA,NA,NA,NA,NA,NA,NA,NA,NA,NA,NA,NA,NA,NA,NA,NA,NA,NA,NA,NA,NA
"1.0 (2026-03-05)","doi:10.11587/BA1ORN","656","Person","Spalt","Thomas","männlich",1985,"FPÖ","Österreich","Nationalrat","nein",NA,"ja","ja",NA,NA,NA,NA,NA,NA,NA,NA,NA,NA,NA,NA,NA,NA,NA,NA,NA,NA,NA,NA,NA,NA,NA,NA,NA,NA,NA,NA,NA,NA,NA,NA,NA,NA,NA,NA,NA,NA,NA,NA,NA,NA,NA,NA,NA,NA,NA,NA,NA,NA,NA,NA,NA,NA,NA,NA,NA,NA,NA,NA,NA,NA,NA,NA,NA,NA,NA,NA,NA,NA,NA,NA,NA,NA,NA,NA,NA,NA,NA,NA,NA,NA,NA,NA,NA,NA,NA,NA,NA,NA,NA,NA,NA,NA,NA,NA,NA,NA,NA,NA,NA,NA,NA,NA,NA,NA,NA,NA,NA,NA,NA,NA,NA,NA,NA,NA,NA,NA,NA,NA,NA,NA,NA,NA,NA,NA,NA,NA,NA,NA,NA,NA,NA,NA,NA
"1.0 (2026-03-05)","doi:10.11587/BA1ORN","657","Person","Spanring","Andreas Arthur","männlich",1978,"FPÖ","Österreich","Bundesrat","ja","https://www.tiktok.com/@andreas_spanring","ja","ja",3113,934,73,32900,"Mitglied des Bundesrats für die FPÖdes Bundesrats für die FPÖ","https://www.tiktok.com/@andreas_spanring/video/7388841516715789600",140900,9322,209,3787,"Arbeit","nein","formal","nein","nein","nein","erkennbar","nein","https://www.tiktok.com/@andreas_spanring/video/7420145092301770017",52700,3924,136,401,"Arbeit","ja","leger","nein","nein","nein","erkennbar","nein","https://www.tiktok.com/@andreas_spanring/video/7283832963106704673",64200,3889,301,565,"Privat","ja","leger","ja","nein","nein","erkennbar","nein","https://www.tiktok.com/@andreas_spanring/video/7267118730407202081",44900,3719,289,495,"Privat","ja","formal","nein","nein","nein","erkennbar","nein","https://www.tiktok.com/@andreas_spanring/video/7378048251112459552",32800,1387,60,71,"Privat","nein","formal","nein","nein","nein","erkennbar","nein","https://www.tiktok.com/@andreas_spanring/video/7540581729921191190",9546,674,50,49,"Privat","nein","formal","nein","ja","nein","erkennbar","nein","https://www.tiktok.com/@andreas_spanring/video/7359300391122652448",13500,669,66,88,"Arbeit","nein","formal","nein","nein","nein","erkennbar","nein","https://www.tiktok.com/@andreas_spanring/video/7366984897665191200",11700,633,79,53,"Arbeit","nein","formal","nein","nein","nein","nicht erkennbar","nein","https://www.tiktok.com/@andreas_spanring/video/7318068698097421600",8648,522,45,86,"Privat","ja","leger","nein","nein","nein","erkennbar","nein","https://www.tiktok.com/@andreas_spanring/video/7376274667281157409",6667,486,44,72,"Privat","nein","leger","ja","ja","nein","erkennbar","nein"
"1.0 (2026-03-05)","doi:10.11587/BA1ORN","658","Person","Spenger","Rainer","männlich",1970,"SPÖ","Niederösterreich","Landtag","ja","https://www.tiktok.com/@rainer.spenger","ja","ja",1032,401,87,14700,"Rainer Spenger Wiener Neustadt Vizebürgermeister Landtagsabgeordneter","https://www.tiktok.com/@rainer.spenger/video/7441607261300067617",16800,1462,8,124,"Privat","ja","leger","ja","ja","nein","nicht erkennbar","nein","https://www.tiktok.com/@rainer.spenger/video/7514319803839024406",49700,1156,43,594,"Privat","nein","leger","nein","ja","nein","nicht erkennbar","nein","https://www.tiktok.com/@rainer.spenger/video/7431940560212053280",19400,1099,24,65,"Privat","nein","leger","ja","ja","ja","erkennbar","nein","https://www.tiktok.com/@rainer.spenger/video/7426364376052993312",20000,870,22,34,"Privat","nein","leger","ja","ja","ja","erkennbar","ja","https://www.tiktok.com/@rainer.spenger/video/7435361431387786529",9305,806,532,121,"Privat","nein","leger","ja","ja","nein","erkennbar","nein","https://www.tiktok.com/@rainer.spenger/video/7425656808766754081",17500,686,7,36,"Privat","nein","leger","ja","ja","ja","erkennbar","nein","https://www.tiktok.com/@rainer.spenger/video/7572627194690718998",27500,520,22,19,"Privat","nein","leger","ja","ja","ja","nicht erkennbar","ja","https://www.tiktok.com/@rainer.spenger/video/7430935949892242721",16200,515,3,19,"Privat","nein","leger","ja","ja","ja","erkennbar","nein","https://www.tiktok.com/@rainer.spenger/video/7500603366683200790",12100,508,6,273,"Privat","nein","leger","nein","nein","ja","nicht erkennbar","ja","https://www.tiktok.com/@rainer.spenger/video/7459402878151642390",13900,348,29,76,"Privat","nein","formal","ja","ja","nein","erkennbar","nein"
"1.0 (2026-03-05)","doi:10.11587/BA1ORN","659","Person","Spitzer","Gerhard","männlich",1964,"SPÖ","Wien","Landtag","nein",NA,"nein","ja",NA,NA,NA,NA,NA,NA,NA,NA,NA,NA,NA,NA,NA,NA,NA,NA,NA,NA,NA,NA,NA,NA,NA,NA,NA,NA,NA,NA,NA,NA,NA,NA,NA,NA,NA,NA,NA,NA,NA,NA,NA,NA,NA,NA,NA,NA,NA,NA,NA,NA,NA,NA,NA,NA,NA,NA,NA,NA,NA,NA,NA,NA,NA,NA,NA,NA,NA,NA,NA,NA,NA,NA,NA,NA,NA,NA,NA,NA,NA,NA,NA,NA,NA,NA,NA,NA,NA,NA,NA,NA,NA,NA,NA,NA,NA,NA,NA,NA,NA,NA,NA,NA,NA,NA,NA,NA,NA,NA,NA,NA,NA,NA,NA,NA,NA,NA,NA,NA,NA,NA,NA,NA,NA,NA,NA,NA,NA,NA,NA,NA,NA,NA,NA,NA,NA
"1.0 (2026-03-05)","doi:10.11587/BA1ORN","660","Person","Spitzmüller","Wolfgang","männlich",1969,"GRÜNE","Burgenland","Landtag","nein",NA,"ja","ja",NA,NA,NA,NA,NA,NA,NA,NA,NA,NA,NA,NA,NA,NA,NA,NA,NA,NA,NA,NA,NA,NA,NA,NA,NA,NA,NA,NA,NA,NA,NA,NA,NA,NA,NA,NA,NA,NA,NA,NA,NA,NA,NA,NA,NA,NA,NA,NA,NA,NA,NA,NA,NA,NA,NA,NA,NA,NA,NA,NA,NA,NA,NA,NA,NA,NA,NA,NA,NA,NA,NA,NA,NA,NA,NA,NA,NA,NA,NA,NA,NA,NA,NA,NA,NA,NA,NA,NA,NA,NA,NA,NA,NA,NA,NA,NA,NA,NA,NA,NA,NA,NA,NA,NA,NA,NA,NA,NA,NA,NA,NA,NA,NA,NA,NA,NA,NA,NA,NA,NA,NA,NA,NA,NA,NA,NA,NA,NA,NA,NA,NA,NA,NA,NA,NA
"1.0 (2026-03-05)","doi:10.11587/BA1ORN","661","Person","Spiß","Kornelia","weiblich",1965,"FPÖ","Vorarlberg","Landtag","nein",NA,"ja","ja",NA,NA,NA,NA,NA,NA,NA,NA,NA,NA,NA,NA,NA,NA,NA,NA,NA,NA,NA,NA,NA,NA,NA,NA,NA,NA,NA,NA,NA,NA,NA,NA,NA,NA,NA,NA,NA,NA,NA,NA,NA,NA,NA,NA,NA,NA,NA,NA,NA,NA,NA,NA,NA,NA,NA,NA,NA,NA,NA,NA,NA,NA,NA,NA,NA,NA,NA,NA,NA,NA,NA,NA,NA,NA,NA,NA,NA,NA,NA,NA,NA,NA,NA,NA,NA,NA,NA,NA,NA,NA,NA,NA,NA,NA,NA,NA,NA,NA,NA,NA,NA,NA,NA,NA,NA,NA,NA,NA,NA,NA,NA,NA,NA,NA,NA,NA,NA,NA,NA,NA,NA,NA,NA,NA,NA,NA,NA,NA,NA,NA,NA,NA,NA,NA,NA
"1.0 (2026-03-05)","doi:10.11587/BA1ORN","662","Person","Sporrer","Anna","weiblich",1962,"SPÖ","Österreich","Bundesregierung","nein",NA,"ja","nein",NA,NA,NA,NA,NA,NA,NA,NA,NA,NA,NA,NA,NA,NA,NA,NA,NA,NA,NA,NA,NA,NA,NA,NA,NA,NA,NA,NA,NA,NA,NA,NA,NA,NA,NA,NA,NA,NA,NA,NA,NA,NA,NA,NA,NA,NA,NA,NA,NA,NA,NA,NA,NA,NA,NA,NA,NA,NA,NA,NA,NA,NA,NA,NA,NA,NA,NA,NA,NA,NA,NA,NA,NA,NA,NA,NA,NA,NA,NA,NA,NA,NA,NA,NA,NA,NA,NA,NA,NA,NA,NA,NA,NA,NA,NA,NA,NA,NA,NA,NA,NA,NA,NA,NA,NA,NA,NA,NA,NA,NA,NA,NA,NA,NA,NA,NA,NA,NA,NA,NA,NA,NA,NA,NA,NA,NA,NA,NA,NA,NA,NA,NA,NA,NA,NA
"1.0 (2026-03-05)","doi:10.11587/BA1ORN","663","Person","Spörk","Willibald","männlich",1975,"FPÖ","Steiermark","Landtag","nein",NA,"ja","ja",NA,NA,NA,NA,NA,NA,NA,NA,NA,NA,NA,NA,NA,NA,NA,NA,NA,NA,NA,NA,NA,NA,NA,NA,NA,NA,NA,NA,NA,NA,NA,NA,NA,NA,NA,NA,NA,NA,NA,NA,NA,NA,NA,NA,NA,NA,NA,NA,NA,NA,NA,NA,NA,NA,NA,NA,NA,NA,NA,NA,NA,NA,NA,NA,NA,NA,NA,NA,NA,NA,NA,NA,NA,NA,NA,NA,NA,NA,NA,NA,NA,NA,NA,NA,NA,NA,NA,NA,NA,NA,NA,NA,NA,NA,NA,NA,NA,NA,NA,NA,NA,NA,NA,NA,NA,NA,NA,NA,NA,NA,NA,NA,NA,NA,NA,NA,NA,NA,NA,NA,NA,NA,NA,NA,NA,NA,NA,NA,NA,NA,NA,NA,NA,NA,NA
"1.0 (2026-03-05)","doi:10.11587/BA1ORN","664","Person","Srienz","Hermann","männlich",1967,"SPÖ","Kärnten","Landtag","nein",NA,"ja","ja",NA,NA,NA,NA,NA,NA,NA,NA,NA,NA,NA,NA,NA,NA,NA,NA,NA,NA,NA,NA,NA,NA,NA,NA,NA,NA,NA,NA,NA,NA,NA,NA,NA,NA,NA,NA,NA,NA,NA,NA,NA,NA,NA,NA,NA,NA,NA,NA,NA,NA,NA,NA,NA,NA,NA,NA,NA,NA,NA,NA,NA,NA,NA,NA,NA,NA,NA,NA,NA,NA,NA,NA,NA,NA,NA,NA,NA,NA,NA,NA,NA,NA,NA,NA,NA,NA,NA,NA,NA,NA,NA,NA,NA,NA,NA,NA,NA,NA,NA,NA,NA,NA,NA,NA,NA,NA,NA,NA,NA,NA,NA,NA,NA,NA,NA,NA,NA,NA,NA,NA,NA,NA,NA,NA,NA,NA,NA,NA,NA,NA,NA,NA,NA,NA,NA
"1.0 (2026-03-05)","doi:10.11587/BA1ORN","665","Person","Stadler","Paul Johann","männlich",1956,"FPÖ","Wien","Landtag","nein",NA,"ja","ja",NA,NA,NA,NA,NA,NA,NA,NA,NA,NA,NA,NA,NA,NA,NA,NA,NA,NA,NA,NA,NA,NA,NA,NA,NA,NA,NA,NA,NA,NA,NA,NA,NA,NA,NA,NA,NA,NA,NA,NA,NA,NA,NA,NA,NA,NA,NA,NA,NA,NA,NA,NA,NA,NA,NA,NA,NA,NA,NA,NA,NA,NA,NA,NA,NA,NA,NA,NA,NA,NA,NA,NA,NA,NA,NA,NA,NA,NA,NA,NA,NA,NA,NA,NA,NA,NA,NA,NA,NA,NA,NA,NA,NA,NA,NA,NA,NA,NA,NA,NA,NA,NA,NA,NA,NA,NA,NA,NA,NA,NA,NA,NA,NA,NA,NA,NA,NA,NA,NA,NA,NA,NA,NA,NA,NA,NA,NA,NA,NA,NA,NA,NA,NA,NA,NA
"1.0 (2026-03-05)","doi:10.11587/BA1ORN","666","Person","Stadler","Felix","männlich",1995,"GRÜNE","Wien","Landtag","nein",NA,"ja","ja",NA,NA,NA,NA,NA,NA,NA,NA,NA,NA,NA,NA,NA,NA,NA,NA,NA,NA,NA,NA,NA,NA,NA,NA,NA,NA,NA,NA,NA,NA,NA,NA,NA,NA,NA,NA,NA,NA,NA,NA,NA,NA,NA,NA,NA,NA,NA,NA,NA,NA,NA,NA,NA,NA,NA,NA,NA,NA,NA,NA,NA,NA,NA,NA,NA,NA,NA,NA,NA,NA,NA,NA,NA,NA,NA,NA,NA,NA,NA,NA,NA,NA,NA,NA,NA,NA,NA,NA,NA,NA,NA,NA,NA,NA,NA,NA,NA,NA,NA,NA,NA,NA,NA,NA,NA,NA,NA,NA,NA,NA,NA,NA,NA,NA,NA,NA,NA,NA,NA,NA,NA,NA,NA,NA,NA,NA,NA,NA,NA,NA,NA,NA,NA,NA,NA
"1.0 (2026-03-05)","doi:10.11587/BA1ORN","667","Person","Stanek","Wolfgang","männlich",1959,"ÖVP","Oberösterreich","Landtag","nein",NA,"ja","ja",NA,NA,NA,NA,NA,NA,NA,NA,NA,NA,NA,NA,NA,NA,NA,NA,NA,NA,NA,NA,NA,NA,NA,NA,NA,NA,NA,NA,NA,NA,NA,NA,NA,NA,NA,NA,NA,NA,NA,NA,NA,NA,NA,NA,NA,NA,NA,NA,NA,NA,NA,NA,NA,NA,NA,NA,NA,NA,NA,NA,NA,NA,NA,NA,NA,NA,NA,NA,NA,NA,NA,NA,NA,NA,NA,NA,NA,NA,NA,NA,NA,NA,NA,NA,NA,NA,NA,NA,NA,NA,NA,NA,NA,NA,NA,NA,NA,NA,NA,NA,NA,NA,NA,NA,NA,NA,NA,NA,NA,NA,NA,NA,NA,NA,NA,NA,NA,NA,NA,NA,NA,NA,NA,NA,NA,NA,NA,NA,NA,NA,NA,NA,NA,NA,NA
"1.0 (2026-03-05)","doi:10.11587/BA1ORN","668","Person","Stark","Kilian","männlich",1986,"GRÜNE","Wien","Landtag","ja","https://www.tiktok.com/@kilianstark14","ja","ja",338,1154,3,248,"Noch keine Biografie","https://www.tiktok.com/@kilianstark14/video/7146220824826105094",1579,118,8,0,"Privat","nein","leger","nein","nein","nein","erkennbar","nein","https://www.tiktok.com/@kilianstark14/video/7554331173309123862",4536,112,68,7,"Privat","ja","leger","ja","nein","nein","erkennbar","nein","https://www.tiktok.com/@kilianstark14/video/7231818424794598682",1009,19,1,0,NA,NA,NA,NA,NA,NA,"nicht erkennbar","nein",NA,NA,NA,NA,NA,NA,NA,NA,NA,NA,NA,NA,NA,NA,NA,NA,NA,NA,NA,NA,NA,NA,NA,NA,NA,NA,NA,NA,NA,NA,NA,NA,NA,NA,NA,NA,NA,NA,NA,NA,NA,NA,NA,NA,NA,NA,NA,NA,NA,NA,NA,NA,NA,NA,NA,NA,NA,NA,NA,NA,NA,NA,NA,NA,NA,NA,NA,NA,NA,NA,NA,NA,NA,NA,NA,NA,NA,NA,NA,NA,NA,NA,NA,NA,NA,NA,NA,NA,NA,NA,NA
"1.0 (2026-03-05)","doi:10.11587/BA1ORN","669","Person","Stark","Harald","männlich",1981,"FPÖ","Wien","Landtag","nein",NA,"nein","nein",NA,NA,NA,NA,NA,NA,NA,NA,NA,NA,NA,NA,NA,NA,NA,NA,NA,NA,NA,NA,NA,NA,NA,NA,NA,NA,NA,NA,NA,NA,NA,NA,NA,NA,NA,NA,NA,NA,NA,NA,NA,NA,NA,NA,NA,NA,NA,NA,NA,NA,NA,NA,NA,NA,NA,NA,NA,NA,NA,NA,NA,NA,NA,NA,NA,NA,NA,NA,NA,NA,NA,NA,NA,NA,NA,NA,NA,NA,NA,NA,NA,NA,NA,NA,NA,NA,NA,NA,NA,NA,NA,NA,NA,NA,NA,NA,NA,NA,NA,NA,NA,NA,NA,NA,NA,NA,NA,NA,NA,NA,NA,NA,NA,NA,NA,NA,NA,NA,NA,NA,NA,NA,NA,NA,NA,NA,NA,NA,NA,NA,NA,NA,NA,NA,NA
"1.0 (2026-03-05)","doi:10.11587/BA1ORN","670","Person","Stark","Christoph","männlich",1967,"ÖVP","Österreich","Nationalrat","nein",NA,"ja","ja",NA,NA,NA,NA,NA,NA,NA,NA,NA,NA,NA,NA,NA,NA,NA,NA,NA,NA,NA,NA,NA,NA,NA,NA,NA,NA,NA,NA,NA,NA,NA,NA,NA,NA,NA,NA,NA,NA,NA,NA,NA,NA,NA,NA,NA,NA,NA,NA,NA,NA,NA,NA,NA,NA,NA,NA,NA,NA,NA,NA,NA,NA,NA,NA,NA,NA,NA,NA,NA,NA,NA,NA,NA,NA,NA,NA,NA,NA,NA,NA,NA,NA,NA,NA,NA,NA,NA,NA,NA,NA,NA,NA,NA,NA,NA,NA,NA,NA,NA,NA,NA,NA,NA,NA,NA,NA,NA,NA,NA,NA,NA,NA,NA,NA,NA,NA,NA,NA,NA,NA,NA,NA,NA,NA,NA,NA,NA,NA,NA,NA,NA,NA,NA,NA,NA
"1.0 (2026-03-05)","doi:10.11587/BA1ORN","671","Person","Stark","Sebastian","männlich",2000,"ÖVP","Österreich","Bundesrat","nein",NA,"ja","ja",NA,NA,NA,NA,NA,NA,NA,NA,NA,NA,NA,NA,NA,NA,NA,NA,NA,NA,NA,NA,NA,NA,NA,NA,NA,NA,NA,NA,NA,NA,NA,NA,NA,NA,NA,NA,NA,NA,NA,NA,NA,NA,NA,NA,NA,NA,NA,NA,NA,NA,NA,NA,NA,NA,NA,NA,NA,NA,NA,NA,NA,NA,NA,NA,NA,NA,NA,NA,NA,NA,NA,NA,NA,NA,NA,NA,NA,NA,NA,NA,NA,NA,NA,NA,NA,NA,NA,NA,NA,NA,NA,NA,NA,NA,NA,NA,NA,NA,NA,NA,NA,NA,NA,NA,NA,NA,NA,NA,NA,NA,NA,NA,NA,NA,NA,NA,NA,NA,NA,NA,NA,NA,NA,NA,NA,NA,NA,NA,NA,NA,NA,NA,NA,NA,NA
"1.0 (2026-03-05)","doi:10.11587/BA1ORN","672","Person","Staudacher","Christoph","männlich",1980,"FPÖ","Kärnten","Landtag","nein",NA,"ja","ja",NA,NA,NA,NA,NA,NA,NA,NA,NA,NA,NA,NA,NA,NA,NA,NA,NA,NA,NA,NA,NA,NA,NA,NA,NA,NA,NA,NA,NA,NA,NA,NA,NA,NA,NA,NA,NA,NA,NA,NA,NA,NA,NA,NA,NA,NA,NA,NA,NA,NA,NA,NA,NA,NA,NA,NA,NA,NA,NA,NA,NA,NA,NA,NA,NA,NA,NA,NA,NA,NA,NA,NA,NA,NA,NA,NA,NA,NA,NA,NA,NA,NA,NA,NA,NA,NA,NA,NA,NA,NA,NA,NA,NA,NA,NA,NA,NA,NA,NA,NA,NA,NA,NA,NA,NA,NA,NA,NA,NA,NA,NA,NA,NA,NA,NA,NA,NA,NA,NA,NA,NA,NA,NA,NA,NA,NA,NA,NA,NA,NA,NA,NA,NA,NA,NA
"1.0 (2026-03-05)","doi:10.11587/BA1ORN","673","Person","Staudinger","Doris","weiblich",1968,"ÖVP","Oberösterreich","Landtag","nein",NA,"nein","nein",NA,NA,NA,NA,NA,NA,NA,NA,NA,NA,NA,NA,NA,NA,NA,NA,NA,NA,NA,NA,NA,NA,NA,NA,NA,NA,NA,NA,NA,NA,NA,NA,NA,NA,NA,NA,NA,NA,NA,NA,NA,NA,NA,NA,NA,NA,NA,NA,NA,NA,NA,NA,NA,NA,NA,NA,NA,NA,NA,NA,NA,NA,NA,NA,NA,NA,NA,NA,NA,NA,NA,NA,NA,NA,NA,NA,NA,NA,NA,NA,NA,NA,NA,NA,NA,NA,NA,NA,NA,NA,NA,NA,NA,NA,NA,NA,NA,NA,NA,NA,NA,NA,NA,NA,NA,NA,NA,NA,NA,NA,NA,NA,NA,NA,NA,NA,NA,NA,NA,NA,NA,NA,NA,NA,NA,NA,NA,NA,NA,NA,NA,NA,NA,NA,NA
"1.0 (2026-03-05)","doi:10.11587/BA1ORN","674","Person","Stefan","Harald","männlich",1965,"FPÖ","Österreich","Nationalrat","nein",NA,"nein","ja",NA,NA,NA,NA,NA,NA,NA,NA,NA,NA,NA,NA,NA,NA,NA,NA,NA,NA,NA,NA,NA,NA,NA,NA,NA,NA,NA,NA,NA,NA,NA,NA,NA,NA,NA,NA,NA,NA,NA,NA,NA,NA,NA,NA,NA,NA,NA,NA,NA,NA,NA,NA,NA,NA,NA,NA,NA,NA,NA,NA,NA,NA,NA,NA,NA,NA,NA,NA,NA,NA,NA,NA,NA,NA,NA,NA,NA,NA,NA,NA,NA,NA,NA,NA,NA,NA,NA,NA,NA,NA,NA,NA,NA,NA,NA,NA,NA,NA,NA,NA,NA,NA,NA,NA,NA,NA,NA,NA,NA,NA,NA,NA,NA,NA,NA,NA,NA,NA,NA,NA,NA,NA,NA,NA,NA,NA,NA,NA,NA,NA,NA,NA,NA,NA,NA
"1.0 (2026-03-05)","doi:10.11587/BA1ORN","675","Person","Steger","Petra","weiblich",1987,"FPÖ","EU","EP","ja","https://www.tiktok.com/@petra.steger","ja","ja",51200,1246,259,532100,"Mitglied des EU Parlaments - FPÖ","https://www.tiktok.com/@petra.steger/video/7392239059311119648",705300,70500,7324,11400,"Arbeit","nein","formal","ja","ja","nein","erkennbar","nein","https://www.tiktok.com/@petra.steger/video/7462380456047037718",525600,54200,3962,7226,"Arbeit","nein","formal","nein","ja","nein","erkennbar","nein","https://www.tiktok.com/@petra.steger/video/7393077423505411360",306500,36700,3751,5151,"Arbeit","nein","formal","ja","ja","nein","erkennbar","nein","https://www.tiktok.com/@petra.steger/video/7470447958614412577",299000,30600,2609,3240,"Arbeit","nein","formal","nein","ja","nein","erkennbar","nein","https://www.tiktok.com/@petra.steger/video/7449445955788754198",295200,28700,2696,3264,"Arbeit","nein","formal","nein","nein","nein","erkennbar","nein","https://www.tiktok.com/@petra.steger/video/7441533347328838944",262300,28300,2750,4494,"Arbeit","nein","formal","nein","nein","nein","erkennbar","nein","https://www.tiktok.com/@petra.steger/video/7525451312536751382",191900,24900,1689,2396,"Arbeit","nein","formal","nein","ja","nein","erkennbar","nein","https://www.tiktok.com/@petra.steger/video/7386683837956263200",135400,14500,1020,1688,"Arbeit","nein","formal","ja","ja","nein","erkennbar","nein","https://www.tiktok.com/@petra.steger/video/7389359826016488736",92300,11200,1193,825,"Arbeit","nein","formal","nein","ja","nein","erkennbar","nein","https://www.tiktok.com/@petra.steger/video/7455972596660604182",92800,9574,469,596,"Arbeit","nein","formal","nein","nein","nein","erkennbar","nein"
"1.0 (2026-03-05)","doi:10.11587/BA1ORN","676","Person","Steiner","Thomas","männlich",1967,"ÖVP","Burgenland","Landtag","nein",NA,"ja","ja",NA,NA,NA,NA,NA,NA,NA,NA,NA,NA,NA,NA,NA,NA,NA,NA,NA,NA,NA,NA,NA,NA,NA,NA,NA,NA,NA,NA,NA,NA,NA,NA,NA,NA,NA,NA,NA,NA,NA,NA,NA,NA,NA,NA,NA,NA,NA,NA,NA,NA,NA,NA,NA,NA,NA,NA,NA,NA,NA,NA,NA,NA,NA,NA,NA,NA,NA,NA,NA,NA,NA,NA,NA,NA,NA,NA,NA,NA,NA,NA,NA,NA,NA,NA,NA,NA,NA,NA,NA,NA,NA,NA,NA,NA,NA,NA,NA,NA,NA,NA,NA,NA,NA,NA,NA,NA,NA,NA,NA,NA,NA,NA,NA,NA,NA,NA,NA,NA,NA,NA,NA,NA,NA,NA,NA,NA,NA,NA,NA,NA,NA,NA,NA,NA,NA
"1.0 (2026-03-05)","doi:10.11587/BA1ORN","677","Person","Steiner","Christoph","männlich",1988,"FPÖ","Österreich","Nationalrat","ja","https://www.tiktok.com/@christophsteinerfpoe","ja","ja",41800,1193,379,703600,"Abgeordneter zum Nationalrat FPÖ-Bereichssprecher für Tourismus linktr.ee/christophsteinerfpoe","https://www.tiktok.com/@christophsteinerfpoe/video/7379267099828456736",282300,21100,1409,1873,"Arbeit","nein","formal","nein","ja","nein","erkennbar","nein","https://www.tiktok.com/@christophsteinerfpoe/video/7361881873515089185",374500,20100,788,3199,"Arbeit","nein","formal","nein","ja","nein","nicht erkennbar","nein","https://www.tiktok.com/@christophsteinerfpoe/video/7459352039177424150",259000,16800,1129,1359,NA,NA,NA,"nein","nein","nein","erkennbar","nein","https://www.tiktok.com/@christophsteinerfpoe/video/7447231903024860438",224200,16700,575,2075,"Privat","nein","formal","nein","ja","nein","erkennbar","nein","https://www.tiktok.com/@christophsteinerfpoe/video/7395236156553645344",255300,16300,729,2872,"Arbeit","nein","formal","nein","ja","nein","erkennbar","nein","https://www.tiktok.com/@christophsteinerfpoe/video/7546281394218011926",241600,15000,990,2298,"Arbeit","nein","formal","nein","ja","nein","erkennbar","nein","https://www.tiktok.com/@christophsteinerfpoe/video/7391901010702142753",179900,13600,543,844,"Arbeit","nein","formal","nein","ja","nein","erkennbar","nein","https://www.tiktok.com/@christophsteinerfpoe/video/7367407259225296160",124000,13500,704,2050,"Arbeit","nein","formal","nein","ja","nein","erkennbar","nein","https://www.tiktok.com/@christophsteinerfpoe/video/7421559453897542944",199500,11200,1014,713,"Arbeit","nein","formal","ja","ja","nein","erkennbar","nein","https://www.tiktok.com/@christophsteinerfpoe/video/7436780569339481376",180200,10100,316,955,"Arbeit","nein","formal","nein","ja","nein","erkennbar","nein"
"1.0 (2026-03-05)","doi:10.11587/BA1ORN","678","Person","Steiner-Wieser","Marlies","weiblich",1963,"FPÖ","Österreich","Bundesrat","nein",NA,"nein","ja",NA,NA,NA,NA,NA,NA,NA,NA,NA,NA,NA,NA,NA,NA,NA,NA,NA,NA,NA,NA,NA,NA,NA,NA,NA,NA,NA,NA,NA,NA,NA,NA,NA,NA,NA,NA,NA,NA,NA,NA,NA,NA,NA,NA,NA,NA,NA,NA,NA,NA,NA,NA,NA,NA,NA,NA,NA,NA,NA,NA,NA,NA,NA,NA,NA,NA,NA,NA,NA,NA,NA,NA,NA,NA,NA,NA,NA,NA,NA,NA,NA,NA,NA,NA,NA,NA,NA,NA,NA,NA,NA,NA,NA,NA,NA,NA,NA,NA,NA,NA,NA,NA,NA,NA,NA,NA,NA,NA,NA,NA,NA,NA,NA,NA,NA,NA,NA,NA,NA,NA,NA,NA,NA,NA,NA,NA,NA,NA,NA,NA,NA,NA,NA,NA,NA
"1.0 (2026-03-05)","doi:10.11587/BA1ORN","679","Person","Steinkellner","Günther","männlich",1962,"FPÖ","Oberösterreich","Landesregierung","nein",NA,"nein","ja",NA,NA,NA,NA,NA,NA,NA,NA,NA,NA,NA,NA,NA,NA,NA,NA,NA,NA,NA,NA,NA,NA,NA,NA,NA,NA,NA,NA,NA,NA,NA,NA,NA,NA,NA,NA,NA,NA,NA,NA,NA,NA,NA,NA,NA,NA,NA,NA,NA,NA,NA,NA,NA,NA,NA,NA,NA,NA,NA,NA,NA,NA,NA,NA,NA,NA,NA,NA,NA,NA,NA,NA,NA,NA,NA,NA,NA,NA,NA,NA,NA,NA,NA,NA,NA,NA,NA,NA,NA,NA,NA,NA,NA,NA,NA,NA,NA,NA,NA,NA,NA,NA,NA,NA,NA,NA,NA,NA,NA,NA,NA,NA,NA,NA,NA,NA,NA,NA,NA,NA,NA,NA,NA,NA,NA,NA,NA,NA,NA,NA,NA,NA,NA,NA,NA
"1.0 (2026-03-05)","doi:10.11587/BA1ORN","680","Person","Steinmaurer","Markus","männlich",1975,"FPÖ","Österreich","Bundesrat","nein",NA,"nein","ja",NA,NA,NA,NA,NA,NA,NA,NA,NA,NA,NA,NA,NA,NA,NA,NA,NA,NA,NA,NA,NA,NA,NA,NA,NA,NA,NA,NA,NA,NA,NA,NA,NA,NA,NA,NA,NA,NA,NA,NA,NA,NA,NA,NA,NA,NA,NA,NA,NA,NA,NA,NA,NA,NA,NA,NA,NA,NA,NA,NA,NA,NA,NA,NA,NA,NA,NA,NA,NA,NA,NA,NA,NA,NA,NA,NA,NA,NA,NA,NA,NA,NA,NA,NA,NA,NA,NA,NA,NA,NA,NA,NA,NA,NA,NA,NA,NA,NA,NA,NA,NA,NA,NA,NA,NA,NA,NA,NA,NA,NA,NA,NA,NA,NA,NA,NA,NA,NA,NA,NA,NA,NA,NA,NA,NA,NA,NA,NA,NA,NA,NA,NA,NA,NA,NA
"1.0 (2026-03-05)","doi:10.11587/BA1ORN","681","Person","Stelzer","Thomas","männlich",1967,"ÖVP","Oberösterreich","Landesregierung","ja","https://www.tiktok.com/@thomas.stelzer","ja","ja",1859,183,153,22500,"Landeshauptmann von Oberösterreich www.thomas-stelzer.at","https://www.tiktok.com/@thomas.stelzer/video/7508488573826485536",34200,2077,15,135,"Privat","nein","formal","nein","ja","nein","nicht erkennbar","nein","https://www.tiktok.com/@thomas.stelzer/video/7523871865807424801",26800,1924,10,152,"Privat","nein","formal","nein","ja","nein","nicht erkennbar","nein","https://www.tiktok.com/@thomas.stelzer/video/7533940175546682657",31900,1685,7,92,"Arbeit","nein","formal","nein","ja","nein","nicht erkennbar","nein","https://www.tiktok.com/@thomas.stelzer/video/7549557840134802720",25800,1001,13,105,"Privat","nein","formal","nein","ja","nein","nicht erkennbar","nein","https://www.tiktok.com/@thomas.stelzer/video/7544022488942939425",21700,770,7,341,"Arbeit","ja","formal","ja","nein","nein","nicht erkennbar","nein","https://www.tiktok.com/@thomas.stelzer/video/7574103528289979681",15900,733,15,164,"Privat","nein","formal","ja","ja","nein","nicht erkennbar","nein","https://www.tiktok.com/@thomas.stelzer/video/7521052252728069408",10200,618,3,3,"Privat","nein","formal","nein","ja","nein","nicht erkennbar","nein","https://www.tiktok.com/@thomas.stelzer/video/7574884424177749281",12200,577,7,34,"Arbeit","ja","formal","nein","ja","nein","nicht erkennbar","ja","https://www.tiktok.com/@thomas.stelzer/video/7541332909135858976",12600,419,6,113,"Privat","nein","formal","nein","ja","nein","nicht erkennbar","nein","https://www.tiktok.com/@thomas.stelzer/video/7508466936083221793",5717,389,6,8,"Privat","nein","formal","nein","nein","nein","nicht erkennbar","nein"
"1.0 (2026-03-05)","doi:10.11587/BA1ORN","682","Person","Stenger","Rita","weiblich",1976,"SPÖ","Burgenland","Landtag","nein",NA,"nein","ja",NA,NA,NA,NA,NA,NA,NA,NA,NA,NA,NA,NA,NA,NA,NA,NA,NA,NA,NA,NA,NA,NA,NA,NA,NA,NA,NA,NA,NA,NA,NA,NA,NA,NA,NA,NA,NA,NA,NA,NA,NA,NA,NA,NA,NA,NA,NA,NA,NA,NA,NA,NA,NA,NA,NA,NA,NA,NA,NA,NA,NA,NA,NA,NA,NA,NA,NA,NA,NA,NA,NA,NA,NA,NA,NA,NA,NA,NA,NA,NA,NA,NA,NA,NA,NA,NA,NA,NA,NA,NA,NA,NA,NA,NA,NA,NA,NA,NA,NA,NA,NA,NA,NA,NA,NA,NA,NA,NA,NA,NA,NA,NA,NA,NA,NA,NA,NA,NA,NA,NA,NA,NA,NA,NA,NA,NA,NA,NA,NA,NA,NA,NA,NA,NA,NA
"1.0 (2026-03-05)","doi:10.11587/BA1ORN","683","Person","Stich","Paul","männlich",1998,"SPÖ","Österreich","Nationalrat","ja","https://www.tiktok.com/@paul_stich","ja","ja",1592,1994,108,36000,"| Wien | Abgeordneter zum Nationalrat ️ paulstich.at","https://www.tiktok.com/@paul_stich/video/6840380698533121286",95400,17500,139,26,"Privat","ja","leger","ja","nein","nein","nicht erkennbar","ja","https://www.tiktok.com/@paul_stich/video/6834504839439863045",25100,2467,67,44,"Privat","ja","leger","nein","ja","nein","nicht erkennbar","nein","https://www.tiktok.com/@paul_stich/video/7554402897350397186",28000,1878,131,90,"Privat","ja","leger","nein","nein","nein","erkennbar","ja","https://www.tiktok.com/@paul_stich/video/7512875668980370710",29000,1696,146,623,NA,NA,NA,NA,NA,NA,"nicht erkennbar","nein","https://www.tiktok.com/@paul_stich/video/7501372072090815766",15400,1025,9,178,"Privat","nein","leger","nein","nein","nein","nicht erkennbar","ja","https://www.tiktok.com/@paul_stich/video/6842738544809626885",14400,918,49,26,"Privat","ja","leger","ja","nein","nein","nicht erkennbar","nein","https://www.tiktok.com/@paul_stich/video/7534264055306013974",15900,767,100,235,NA,NA,NA,NA,"nein","nein","nicht erkennbar","nein","https://www.tiktok.com/@paul_stich/video/7561845209710136578",9300,764,133,22,"Arbeit","ja","leger","ja","nein","nein","erkennbar","ja","https://www.tiktok.com/@paul_stich/video/7571894409206205718",13500,582,34,22,"Arbeit","ja","leger","nein","nein","nein","erkennbar","ja","https://www.tiktok.com/@paul_stich/video/7509513263114226966",15000,472,18,236,"Privat","nein","leger","nein","ja","nein","erkennbar","ja"
"1.0 (2026-03-05)","doi:10.11587/BA1ORN","684","Person","Stillebacher","Christoph","männlich",1982,"ÖVP","Österreich","Bundesrat","nein",NA,"ja","ja",NA,NA,NA,NA,NA,NA,NA,NA,NA,NA,NA,NA,NA,NA,NA,NA,NA,NA,NA,NA,NA,NA,NA,NA,NA,NA,NA,NA,NA,NA,NA,NA,NA,NA,NA,NA,NA,NA,NA,NA,NA,NA,NA,NA,NA,NA,NA,NA,NA,NA,NA,NA,NA,NA,NA,NA,NA,NA,NA,NA,NA,NA,NA,NA,NA,NA,NA,NA,NA,NA,NA,NA,NA,NA,NA,NA,NA,NA,NA,NA,NA,NA,NA,NA,NA,NA,NA,NA,NA,NA,NA,NA,NA,NA,NA,NA,NA,NA,NA,NA,NA,NA,NA,NA,NA,NA,NA,NA,NA,NA,NA,NA,NA,NA,NA,NA,NA,NA,NA,NA,NA,NA,NA,NA,NA,NA,NA,NA,NA,NA,NA,NA,NA,NA,NA
"1.0 (2026-03-05)","doi:10.11587/BA1ORN","685","Person","Stocker","Christian","männlich",1960,"ÖVP","Österreich","Bundesregierung","nein",NA,"ja","ja",NA,NA,NA,NA,NA,NA,NA,NA,NA,NA,NA,NA,NA,NA,NA,NA,NA,NA,NA,NA,NA,NA,NA,NA,NA,NA,NA,NA,NA,NA,NA,NA,NA,NA,NA,NA,NA,NA,NA,NA,NA,NA,NA,NA,NA,NA,NA,NA,NA,NA,NA,NA,NA,NA,NA,NA,NA,NA,NA,NA,NA,NA,NA,NA,NA,NA,NA,NA,NA,NA,NA,NA,NA,NA,NA,NA,NA,NA,NA,NA,NA,NA,NA,NA,NA,NA,NA,NA,NA,NA,NA,NA,NA,NA,NA,NA,NA,NA,NA,NA,NA,NA,NA,NA,NA,NA,NA,NA,NA,NA,NA,NA,NA,NA,NA,NA,NA,NA,NA,NA,NA,NA,NA,NA,NA,NA,NA,NA,NA,NA,NA,NA,NA,NA,NA
"1.0 (2026-03-05)","doi:10.11587/BA1ORN","686","Person","Stotter","Markus","männlich",1990,"ÖVP","Österreich","Bundesrat","nein",NA,"ja","ja",NA,NA,NA,NA,NA,NA,NA,NA,NA,NA,NA,NA,NA,NA,NA,NA,NA,NA,NA,NA,NA,NA,NA,NA,NA,NA,NA,NA,NA,NA,NA,NA,NA,NA,NA,NA,NA,NA,NA,NA,NA,NA,NA,NA,NA,NA,NA,NA,NA,NA,NA,NA,NA,NA,NA,NA,NA,NA,NA,NA,NA,NA,NA,NA,NA,NA,NA,NA,NA,NA,NA,NA,NA,NA,NA,NA,NA,NA,NA,NA,NA,NA,NA,NA,NA,NA,NA,NA,NA,NA,NA,NA,NA,NA,NA,NA,NA,NA,NA,NA,NA,NA,NA,NA,NA,NA,NA,NA,NA,NA,NA,NA,NA,NA,NA,NA,NA,NA,NA,NA,NA,NA,NA,NA,NA,NA,NA,NA,NA,NA,NA,NA,NA,NA,NA
"1.0 (2026-03-05)","doi:10.11587/BA1ORN","687","Person","Strasser","Georg","männlich",1971,"ÖVP","Österreich","Nationalrat","ja","https://www.tiktok.com/@georg_strasser","ja","ja",972,245,57,5265,"️ Nationalrat Landwirt Bauernbundpräsident Nöchling Wien ️ https://linktr.ee/georg.strasser","https://www.tiktok.com/@georg_strasser/video/7558855724307156246",12800,778,138,37,NA,NA,NA,NA,"nein","nein","nicht erkennbar","nein","https://www.tiktok.com/@georg_strasser/video/7533232331813834006",12300,423,5,29,"Privat","nein","formal","nein","nein","nein","nicht erkennbar","nein","https://www.tiktok.com/@georg_strasser/video/7486891043669937430",8412,288,4,13,"Privat","nein","leger","ja","nein","nein","erkennbar","ja","https://www.tiktok.com/@georg_strasser/video/7542781112687299862",3962,189,1,0,"Privat","nein","leger","nein","ja","nein","erkennbar","nein","https://www.tiktok.com/@georg_strasser/video/7512720579254947094",4846,152,0,3,"Privat","nein","formal","nein","nein","nein","erkennbar","ja","https://www.tiktok.com/@georg_strasser/video/7504169427118705942",2537,143,1,4,"Arbeit","nein","formal","nein","nein","nein","erkennbar","nein","https://www.tiktok.com/@georg_strasser/video/7525438709924252950",4803,127,1,19,"Arbeit","nein","formal","nein","nein","nein","erkennbar","nein","https://www.tiktok.com/@georg_strasser/video/7484664777705278742",3980,127,2,43,"Arbeit","nein","formal","ja","nein","nein","nicht erkennbar","ja","https://www.tiktok.com/@georg_strasser/video/7483557669979131158",7315,127,5,15,"Arbeit","nein","formal","nein","nein","nein","erkennbar","ja","https://www.tiktok.com/@georg_strasser/video/7507568524089380118",4541,114,9,7,"Arbeit","nein","formal","nein","nein","nein","nicht erkennbar","nein"
"1.0 (2026-03-05)","doi:10.11587/BA1ORN","688","Person","Strauss","Heidi","männlich",1970,"SPÖ","Oberösterreich","Landtag","nein",NA,"nein","ja",NA,NA,NA,NA,NA,NA,NA,NA,NA,NA,NA,NA,NA,NA,NA,NA,NA,NA,NA,NA,NA,NA,NA,NA,NA,NA,NA,NA,NA,NA,NA,NA,NA,NA,NA,NA,NA,NA,NA,NA,NA,NA,NA,NA,NA,NA,NA,NA,NA,NA,NA,NA,NA,NA,NA,NA,NA,NA,NA,NA,NA,NA,NA,NA,NA,NA,NA,NA,NA,NA,NA,NA,NA,NA,NA,NA,NA,NA,NA,NA,NA,NA,NA,NA,NA,NA,NA,NA,NA,NA,NA,NA,NA,NA,NA,NA,NA,NA,NA,NA,NA,NA,NA,NA,NA,NA,NA,NA,NA,NA,NA,NA,NA,NA,NA,NA,NA,NA,NA,NA,NA,NA,NA,NA,NA,NA,NA,NA,NA,NA,NA,NA,NA,NA,NA
"1.0 (2026-03-05)","doi:10.11587/BA1ORN","689","Person","Strobl","Bernd","männlich",1974,"ÖVP","Burgenland","Landtag","nein",NA,"nein","nein",NA,NA,NA,NA,NA,NA,NA,NA,NA,NA,NA,NA,NA,NA,NA,NA,NA,NA,NA,NA,NA,NA,NA,NA,NA,NA,NA,NA,NA,NA,NA,NA,NA,NA,NA,NA,NA,NA,NA,NA,NA,NA,NA,NA,NA,NA,NA,NA,NA,NA,NA,NA,NA,NA,NA,NA,NA,NA,NA,NA,NA,NA,NA,NA,NA,NA,NA,NA,NA,NA,NA,NA,NA,NA,NA,NA,NA,NA,NA,NA,NA,NA,NA,NA,NA,NA,NA,NA,NA,NA,NA,NA,NA,NA,NA,NA,NA,NA,NA,NA,NA,NA,NA,NA,NA,NA,NA,NA,NA,NA,NA,NA,NA,NA,NA,NA,NA,NA,NA,NA,NA,NA,NA,NA,NA,NA,NA,NA,NA,NA,NA,NA,NA,NA,NA
"1.0 (2026-03-05)","doi:10.11587/BA1ORN","690","Person","Stroissnig","Klaudia","weiblich",1974,"ÖVP","Steiermark","Landtag","nein",NA,"ja","ja",NA,NA,NA,NA,NA,NA,NA,NA,NA,NA,NA,NA,NA,NA,NA,NA,NA,NA,NA,NA,NA,NA,NA,NA,NA,NA,NA,NA,NA,NA,NA,NA,NA,NA,NA,NA,NA,NA,NA,NA,NA,NA,NA,NA,NA,NA,NA,NA,NA,NA,NA,NA,NA,NA,NA,NA,NA,NA,NA,NA,NA,NA,NA,NA,NA,NA,NA,NA,NA,NA,NA,NA,NA,NA,NA,NA,NA,NA,NA,NA,NA,NA,NA,NA,NA,NA,NA,NA,NA,NA,NA,NA,NA,NA,NA,NA,NA,NA,NA,NA,NA,NA,NA,NA,NA,NA,NA,NA,NA,NA,NA,NA,NA,NA,NA,NA,NA,NA,NA,NA,NA,NA,NA,NA,NA,NA,NA,NA,NA,NA,NA,NA,NA,NA,NA
"1.0 (2026-03-05)","doi:10.11587/BA1ORN","691","Person","Stumpf","Michael","männlich",1988,"FPÖ","Wien","Landtag","ja","https://www.tiktok.com/@michael_stumpf","ja","ja",801,1972,11,5449,"Noch keine Biografie","https://www.tiktok.com/@michael_stumpf/video/7410504292488006944?_r=1&_t=ZN-92E7tZr9byI",136900,3328,228,957,NA,NA,NA,"nein","nein","nein","erkennbar","nein","https://www.tiktok.com/@michael_stumpf/video/7450029857871842582",19800,1080,165,324,"Privat","nein","leger","ja","nein","nein","erkennbar","nein","https://www.tiktok.com/@michael_stumpf/video/7400767190200225057",13300,449,32,118,"Privat","nein","leger","nein","nein","nein","erkennbar","nein","https://www.tiktok.com/@michael_stumpf/video/7328014820194651425",3376,169,1,13,"Arbeit","nein","formal","nein","ja","nein","erkennbar","nein","https://www.tiktok.com/@michael_stumpf/video/7488633599730797846",3698,144,15,5,"Privat","nein","formal","ja","ja","nein","erkennbar","nein","https://www.tiktok.com/@michael_stumpf/video/7490960504555343126",1499,125,9,2,"Privat","nein","leger","nein","ja","nein","erkennbar","nein","https://www.tiktok.com/@michael_stumpf/video/6842705208741580038",499,61,2,1,NA,NA,NA,NA,"ja","ja","nicht erkennbar","nein","https://www.tiktok.com/@michael_stumpf/video/7097130245274209541",1604,40,2,1,NA,NA,NA,NA,"ja","nein","nicht erkennbar","nein","https://www.tiktok.com/@michael_stumpf/video/7564828484938272022",550,30,3,1,"Arbeit","nein","formal","nein","nein","nein","erkennbar","nein","https://www.tiktok.com/@michael_stumpf/video/7520193360251030807",555,23,6,0,"Arbeit","nein","formal","nein","ja","nein","erkennbar","nein"
"1.0 (2026-03-05)","doi:10.11587/BA1ORN","692","Person","Stögmüller","David","männlich",1987,"GRÜNE","Österreich","Nationalrat","ja","https://www.tiktok.com/@d_stoegi","ja","ja",1250,2432,17,9311,"Nationalrat | Member of Parlament | Green Party","https://www.tiktok.com/@d_stoegi/video/7482849548541512982",98200,5683,885,664,"Privat","nein","leger","ja","ja","nein","erkennbar","nein","https://www.tiktok.com/@d_stoegi/video/6730844810556574981",44600,2612,100,51,"Privat","nein","leger","nein","nein","nein","erkennbar","nein","https://www.tiktok.com/@d_stoegi/video/6671970111009606918",3166,304,6,7,"Privat","ja","leger","ja","nein","nein","nicht erkennbar","nein","https://www.tiktok.com/@d_stoegi/video/6730199559282117893",6489,170,2,0,"Privat","nein","leger","nein","nein","nein","nicht erkennbar","nein","https://www.tiktok.com/@d_stoegi/video/7486757574885362966",1839,130,7,0,"Privat","nein","formal","nein","nein","nein","erkennbar","nein","https://www.tiktok.com/@d_stoegi/video/7231257543136316698",3364,99,21,5,"Arbeit","nein","leger","ja","ja","nein","nicht erkennbar","nein","https://www.tiktok.com/@d_stoegi/video/7334786713572609313",1706,61,9,0,"Privat","nein","leger","ja","nein","nein","nicht erkennbar","nein","https://www.tiktok.com/@d_stoegi/video/7507582653944646934",1364,59,7,0,"Arbeit","nein","formal","ja","nein","nein","nicht erkennbar","nein","https://www.tiktok.com/@d_stoegi/video/7481789319192071446",1999,36,12,1,"Arbeit","nein","formal","nein","nein","nein","nicht erkennbar","nein","https://www.tiktok.com/@d_stoegi/video/7332006183676529952",902,32,1,1,"Arbeit","nein","formal","nein","nein","nein","nicht erkennbar","nein"
"1.0 (2026-03-05)","doi:10.11587/BA1ORN","693","Person","Stürgkh","Anna","weiblich",1994,"NEOS","EU","EP","ja","https://www.tiktok.com/@anna.gkh","ja","ja",1955,564,177,302600,"EU-Abgeordnete @NEOS Brennende Feministin & großer Eisfan Impressum europa.neos.eu/social-media-impressum-as","https://www.tiktok.com/@anna.gkh/video/7558771401679752470",2400000,270000,2802,12300,"Arbeit","nein","formal","nein","nein","nein","nicht erkennbar","nein","https://www.tiktok.com/@anna.gkh/video/7371884676794912032",97100,12700,388,1435,"Privat","ja","leger","ja","nein","nein","erkennbar","nein","https://www.tiktok.com/@anna.gkh/photo/7558777630577724694",80300,8581,93,985,NA,NA,NA,NA,"ja","nein","nicht erkennbar","nein","https://www.tiktok.com/@anna.gkh/video/7491686441056046359",43700,2701,40,125,"Privat","nein","leger","ja","nein","nein","nicht erkennbar","nein","https://www.tiktok.com/@anna.gkh/video/7378163430550752544",22200,1970,29,52,"Privat","nein","leger","ja","nein","nein","erkennbar","ja","https://www.tiktok.com/@anna.gkh/video/7491289968984280342",16400,873,8,42,"Privat","nein","leger","nein","nein","nein","nicht erkennbar","nein","https://www.tiktok.com/@anna.gkh/video/7497531214442614038",4888,472,30,20,"Arbeit","nein","leger","nein","nein","nein","nicht erkennbar","nein","https://www.tiktok.com/@anna.gkh/video/7387839162201689376",8688,390,7,5,"Arbeit","nein","leger","nein","nein","nein","nicht erkennbar","ja","https://www.tiktok.com/@anna.gkh/video/7394481224669990176",3478,373,16,8,"Arbeit","ja","formal","nein","ja","nein","nicht erkennbar","ja","https://www.tiktok.com/@anna.gkh/video/7518018582475803926",4982,327,12,3,"Arbeit","nein","leger","nein","nein","nein","nicht erkennbar","nein"
"1.0 (2026-03-05)","doi:10.11587/BA1ORN","694","Person","Suchan-Mayr","Kerstin","weiblich",1975,"SPÖ","Niederösterreich","Landtag","nein",NA,"ja","ja",NA,NA,NA,NA,NA,NA,NA,NA,NA,NA,NA,NA,NA,NA,NA,NA,NA,NA,NA,NA,NA,NA,NA,NA,NA,NA,NA,NA,NA,NA,NA,NA,NA,NA,NA,NA,NA,NA,NA,NA,NA,NA,NA,NA,NA,NA,NA,NA,NA,NA,NA,NA,NA,NA,NA,NA,NA,NA,NA,NA,NA,NA,NA,NA,NA,NA,NA,NA,NA,NA,NA,NA,NA,NA,NA,NA,NA,NA,NA,NA,NA,NA,NA,NA,NA,NA,NA,NA,NA,NA,NA,NA,NA,NA,NA,NA,NA,NA,NA,NA,NA,NA,NA,NA,NA,NA,NA,NA,NA,NA,NA,NA,NA,NA,NA,NA,NA,NA,NA,NA,NA,NA,NA,NA,NA,NA,NA,NA,NA,NA,NA,NA,NA,NA,NA
"1.0 (2026-03-05)","doi:10.11587/BA1ORN","695","Person","Sucher","Cornelia","weiblich",1989,"SPÖ","Wien","Landtag","nein",NA,"ja","nein",NA,NA,NA,NA,NA,NA,NA,NA,NA,NA,NA,NA,NA,NA,NA,NA,NA,NA,NA,NA,NA,NA,NA,NA,NA,NA,NA,NA,NA,NA,NA,NA,NA,NA,NA,NA,NA,NA,NA,NA,NA,NA,NA,NA,NA,NA,NA,NA,NA,NA,NA,NA,NA,NA,NA,NA,NA,NA,NA,NA,NA,NA,NA,NA,NA,NA,NA,NA,NA,NA,NA,NA,NA,NA,NA,NA,NA,NA,NA,NA,NA,NA,NA,NA,NA,NA,NA,NA,NA,NA,NA,NA,NA,NA,NA,NA,NA,NA,NA,NA,NA,NA,NA,NA,NA,NA,NA,NA,NA,NA,NA,NA,NA,NA,NA,NA,NA,NA,NA,NA,NA,NA,NA,NA,NA,NA,NA,NA,NA,NA,NA,NA,NA,NA,NA
"1.0 (2026-03-05)","doi:10.11587/BA1ORN","696","Person","Sunitsch","Nicole","weiblich",1979,"FPÖ","Österreich","Nationalrat","ja","https://www.tiktok.com/@nicole.sunitsch3","ja","ja",1330,436,58,8493,"Abgeordnete zum Nationalrat","https://www.tiktok.com/@nicole.sunitsch3/video/7440019505151053089",20600,891,64,30,"Arbeit","nein","formal","nein","nein","nein","nicht erkennbar","nein","https://www.tiktok.com/@nicole.sunitsch3/video/7461231536772271382?is_from_webapp=1&sender_device=pc&web_id=7560437013087569430",11600,1111,95,26,"Arbeit","nein","formal","nein","nein","nein","erkennbar","nein","https://www.tiktok.com/@nicole.sunitsch3/video/7557764857357978902?is_from_webapp=1&sender_device=pc&web_id=7560437013087569430",18700,891,64,71,"Arbeit","nein","formal","nein","nein","nein","erkennbar","nein","https://www.tiktok.com/@nicole.sunitsch3/video/7441258435762457889?is_from_webapp=1&sender_device=pc&web_id=7560437013087569430",17300,573,16,17,"Privat","nein","leger","nein","ja","nein","erkennbar","nein","https://www.tiktok.com/@nicole.sunitsch3/video/7440020000880020768?is_from_webapp=1&sender_device=pc&web_id=7560437013087569430",11500,484,25,11,"Arbeit","nein","formal","nein","nein","nein","erkennbar","nein","https://www.tiktok.com/@nicole.sunitsch3/video/7413756088698342689?is_from_webapp=1&sender_device=pc&web_id=7560437013087569430",4935,412,49,29,"Privat","nein","formal","nein","ja","nein","erkennbar","nein","https://www.tiktok.com/@nicole.sunitsch3/video/7417392728402611488?is_from_webapp=1&sender_device=pc&web_id=7560437013087569430",5119,371,26,9,"Arbeit","nein",NA,"nein","ja","nein","erkennbar","nein","https://www.tiktok.com/@nicole.sunitsch3/video/7414507222958427424?is_from_webapp=1&sender_device=pc&web_id=7560437013087569430",15200,295,30,10,"Arbeit","nein","leger","nein","ja","nein","erkennbar","nein","https://www.tiktok.com/@nicole.sunitsch3/video/7435681562039012641?is_from_webapp=1&sender_device=pc&web_id=7560437013087569430",3394,235,17,7,"Arbeit","nein","leger","nein","nein","nein","erkennbar","nein","https://www.tiktok.com/@nicole.sunitsch3/photo/7454454586674482434?is_from_webapp=1&sender_device=pc&web_id=7560437013087569430",2839,184,9,2,NA,NA,"formal","nein","ja","nein","erkennbar","nein"
"1.0 (2026-03-05)","doi:10.11587/BA1ORN","697","Person","Svazek","Marlene","weiblich",1992,"FPÖ","Salzburg","Landesregierung","ja","https://www.tiktok.com/@marlenesvazek","ja","ja",11000,1115,23,66300,"| Salzburg | FPÖ | Landesparteiobfrau | Landeshauptmann Stellvertreterin","https://www.tiktok.com/@marlenesvazek/video/7164463563967335685",236300,15400,128,2621,"Arbeit","nein","formal","nein","nein","nein","erkennbar","nein","https://www.tiktok.com/@marlenesvazek/video/7167796847275281669",251100,14400,572,713,"Arbeit","nein","formal","nein","nein","nein","erkennbar","nein","https://www.tiktok.com/@marlenesvazek/video/7160379187918884101",217300,7378,171,585,"Arbeit","nein","formal","nein","nein","nein","erkennbar","nein","https://www.tiktok.com/@marlenesvazek/video/7208243386996886790",174800,6070,209,529,"Arbeit","nein","formal","nein","nein","nein","erkennbar","nein","https://www.tiktok.com/@marlenesvazek/video/7161441634893188358",42300,3227,3,351,"Arbeit","nein","formal","nein","nein","nein","erkennbar","nein","https://www.tiktok.com/@marlenesvazek/video/7168893134322142470",53100,2515,88,84,"Arbeit","nein","formal","nein","nein","nein","erkennbar","nein","https://www.tiktok.com/@marlenesvazek/video/7195226560473992453",39400,2497,188,154,"Arbeit","nein","formal","nein","nein","nein","erkennbar","nein","https://www.tiktok.com/@marlenesvazek/video/7163701094466522374",48400,1668,3,69,"Arbeit","nein","formal","nein","nein","nein","nicht erkennbar","nein","https://www.tiktok.com/@marlenesvazek/video/7197465345458801925",37500,1566,100,111,"Arbeit","nein","formal","nein","nein","nein","erkennbar","nein","https://www.tiktok.com/@marlenesvazek/video/7197094628338715910",43700,1423,73,93,"Arbeit","nein","formal","nein","nein","nein","erkennbar","nein"
"1.0 (2026-03-05)","doi:10.11587/BA1ORN","698","Person","Swatek","Nikolaus","männlich",1991,"NEOS","Steiermark","Landtag","ja","https://www.tiktok.com/@nikoswatek","ja","ja",456,1527,7,2510,"‍️ Landtagsabgeordneter NEOS Steiermark Politik mit ️","https://www.tiktok.com/@nikoswatek/video/6959504680539917573?is_from_webapp=1&sender_device=pc&web_id=7560437013087569430",26400,1547,45,24,"Privat","nein","leger","ja","nein","nein","nicht erkennbar","nein","https://www.tiktok.com/@nikoswatek/video/6998486992317107461?is_from_webapp=1&sender_device=pc&web_id=7560437013087569430",6583,335,16,14,"Privat","nein","leger","nein","ja","nein","nicht erkennbar","ja","https://www.tiktok.com/@nikoswatek/video/7019253907440274693?is_from_webapp=1&sender_device=pc&web_id=7560437013087569430",1564,111,1,0,"Arbeit","nein","formal","nein","ja","nein","nicht erkennbar","ja","https://www.tiktok.com/@nikoswatek/video/6952897543768395014?is_from_webapp=1&sender_device=pc&web_id=7560437013087569430",2653,94,0,2,"Privat","nein","leger","nein","ja","nein","nicht erkennbar","ja","https://www.tiktok.com/@nikoswatek/video/6991372159545380102?is_from_webapp=1&sender_device=pc&web_id=7560437013087569430",1419,55,1,0,"Arbeit","nein","leger","nein","ja","nein","nicht erkennbar","ja","https://www.tiktok.com/@nikoswatek/video/7328450322395893025?is_from_webapp=1&sender_device=pc&web_id=7560437013087569430",2837,43,8,4,"Arbeit","ja","formal","ja","nein","nein","erkennbar","nein","https://www.tiktok.com/@nikoswatek/video/6990755726670957829?is_from_webapp=1&sender_device=pc&web_id=7560437013087569430",751,43,2,4,"Arbeit","nein","leger","nein","nein","nein","erkennbar","nein",NA,NA,NA,NA,NA,NA,NA,NA,NA,NA,NA,NA,NA,NA,NA,NA,NA,NA,NA,NA,NA,NA,NA,NA,NA,NA,NA,NA,NA,NA,NA,NA,NA,NA,NA,NA,NA,NA,NA
"1.0 (2026-03-05)","doi:10.11587/BA1ORN","699","Person","Taborsky","Hannes","männlich",1965,"ÖVP","Wien","Landtag","nein",NA,"ja","ja",NA,NA,NA,NA,NA,NA,NA,NA,NA,NA,NA,NA,NA,NA,NA,NA,NA,NA,NA,NA,NA,NA,NA,NA,NA,NA,NA,NA,NA,NA,NA,NA,NA,NA,NA,NA,NA,NA,NA,NA,NA,NA,NA,NA,NA,NA,NA,NA,NA,NA,NA,NA,NA,NA,NA,NA,NA,NA,NA,NA,NA,NA,NA,NA,NA,NA,NA,NA,NA,NA,NA,NA,NA,NA,NA,NA,NA,NA,NA,NA,NA,NA,NA,NA,NA,NA,NA,NA,NA,NA,NA,NA,NA,NA,NA,NA,NA,NA,NA,NA,NA,NA,NA,NA,NA,NA,NA,NA,NA,NA,NA,NA,NA,NA,NA,NA,NA,NA,NA,NA,NA,NA,NA,NA,NA,NA,NA,NA,NA,NA,NA,NA,NA,NA,NA
"1.0 (2026-03-05)","doi:10.11587/BA1ORN","700","Person","Tanner","Klaudia","weiblich",1970,"ÖVP","Österreich","Bundesregierung","nein",NA,"ja","ja",NA,NA,NA,NA,NA,NA,NA,NA,NA,NA,NA,NA,NA,NA,NA,NA,NA,NA,NA,NA,NA,NA,NA,NA,NA,NA,NA,NA,NA,NA,NA,NA,NA,NA,NA,NA,NA,NA,NA,NA,NA,NA,NA,NA,NA,NA,NA,NA,NA,NA,NA,NA,NA,NA,NA,NA,NA,NA,NA,NA,NA,NA,NA,NA,NA,NA,NA,NA,NA,NA,NA,NA,NA,NA,NA,NA,NA,NA,NA,NA,NA,NA,NA,NA,NA,NA,NA,NA,NA,NA,NA,NA,NA,NA,NA,NA,NA,NA,NA,NA,NA,NA,NA,NA,NA,NA,NA,NA,NA,NA,NA,NA,NA,NA,NA,NA,NA,NA,NA,NA,NA,NA,NA,NA,NA,NA,NA,NA,NA,NA,NA,NA,NA,NA,NA
"1.0 (2026-03-05)","doi:10.11587/BA1ORN","701","Person","Tanzler","Petra","weiblich",1973,"SPÖ","Österreich","Nationalrat","ja","https://www.tiktok.com/@petra.tanzler","ja","ja",219,475,12,345,"Angeordnete zum NationalratSPÖ Bildungssprecherin️Bildung ist unser Kapital","https://www.tiktok.com/@petra.tanzler/video/7409771040865324320?is_from_webapp=1&sender_device=pc&web_id=7560437013087569430",1635,58,1,3,"Privat","nein","leger","nein","nein","nein","nicht erkennbar","nein","https://www.tiktok.com/@petra.tanzler/video/7419572983502572832?is_from_webapp=1&sender_device=pc&web_id=7560437013087569430",994,41,4,1,"Privat","nein","leger","nein","ja","nein","erkennbar","nein","https://www.tiktok.com/@petra.tanzler/video/7408261656817519904?is_from_webapp=1&sender_device=pc&web_id=7560437013087569430",3769,41,25,7,"Privat","nein","formal","ja","ja","nein","erkennbar","nein","https://www.tiktok.com/@petra.tanzler/video/7407392789912194336?is_from_webapp=1&sender_device=pc&web_id=7560437013087569430",1834,37,28,3,"Privat","nein","formal","ja","ja","ja","erkennbar","nein","https://www.tiktok.com/@petra.tanzler/video/7400921060222209312?is_from_webapp=1&sender_device=pc&web_id=7560437013087569430",629,35,1,0,"Arbeit","nein","formal","nein","nein","nein","erkennbar","nein","https://www.tiktok.com/@petra.tanzler/video/7416786858404744481?is_from_webapp=1&sender_device=pc&web_id=7560437013087569430",2203,23,16,0,"Arbeit","nein","formal","ja","ja","nein","erkennbar","nein","https://www.tiktok.com/@petra.tanzler/video/7418640587559013665?is_from_webapp=1&sender_device=pc&web_id=7560437013087569430",818,22,5,1,"Privat","nein","formal","nein","ja","nein","nicht erkennbar","nein","https://www.tiktok.com/@petra.tanzler/video/7409015681275972896?is_from_webapp=1&sender_device=pc&web_id=7560437013087569430",1204,22,8,1,"Privat","nein","leger","ja","ja","nein","erkennbar","nein","https://www.tiktok.com/@petra.tanzler/video/7401908037390224672?is_from_webapp=1&sender_device=pc&web_id=7560437013087569430",537,19,1,0,"Privat","nein","leger","nein","nein","nein","erkennbar","nein","https://www.tiktok.com/@petra.tanzler/video/7398941205981105440?is_from_webapp=1&sender_device=pc&web_id=7560437013087569430",1643,18,0,4,"Privat","nein","leger","nein","ja","nein","erkennbar","nein"
"1.0 (2026-03-05)","doi:10.11587/BA1ORN","702","Person","Taschner","Rudolf","männlich",1953,"ÖVP","Österreich","Nationalrat","nein",NA,"ja","ja",NA,NA,NA,NA,NA,NA,NA,NA,NA,NA,NA,NA,NA,NA,NA,NA,NA,NA,NA,NA,NA,NA,NA,NA,NA,NA,NA,NA,NA,NA,NA,NA,NA,NA,NA,NA,NA,NA,NA,NA,NA,NA,NA,NA,NA,NA,NA,NA,NA,NA,NA,NA,NA,NA,NA,NA,NA,NA,NA,NA,NA,NA,NA,NA,NA,NA,NA,NA,NA,NA,NA,NA,NA,NA,NA,NA,NA,NA,NA,NA,NA,NA,NA,NA,NA,NA,NA,NA,NA,NA,NA,NA,NA,NA,NA,NA,NA,NA,NA,NA,NA,NA,NA,NA,NA,NA,NA,NA,NA,NA,NA,NA,NA,NA,NA,NA,NA,NA,NA,NA,NA,NA,NA,NA,NA,NA,NA,NA,NA,NA,NA,NA,NA,NA,NA
"1.0 (2026-03-05)","doi:10.11587/BA1ORN","703","Person","Taucher","Josef","männlich",1967,"SPÖ","Wien","Landtag","ja","https://www.tiktok.com/@joetaucher","ja","ja",621,1079,12,351,NA,"https://www.tiktok.com/@joetaucher/video/7329258451496930592?is_from_webapp=1&sender_device=pc&web_id=7560437013087569430",2514,69,3,1,"Arbeit","nein","formal","nein","nein","nein","erkennbar","nein","https://www.tiktok.com/@joetaucher/video/7335768472825105696?is_from_webapp=1&sender_device=pc&web_id=7560437013087569430",1308,47,4,2,"Privat","nein","formal","ja","ja","nein","erkennbar","nein","https://www.tiktok.com/@joetaucher/video/7315778753219530017?is_from_webapp=1&sender_device=pc&web_id=7560437013087569430",1501,43,1,1,"Privat","nein","formal","nein","ja","ja","erkennbar","nein","https://www.tiktok.com/@joetaucher/video/7331297732134554913?is_from_webapp=1&sender_device=pc&web_id=7560437013087569430",557,41,7,0,"Privat","nein","formal","nein","nein","nein","erkennbar","nein","https://www.tiktok.com/@joetaucher/video/7306537181537946913?is_from_webapp=1&sender_device=pc&web_id=7560437013087569430",485,32,2,0,"Arbeit","nein","formal","nein","nein","nein","nicht erkennbar","nein","https://www.tiktok.com/@joetaucher/video/7298988034530331936?is_from_webapp=1&sender_device=pc&web_id=7560437013087569430",979,24,1,0,"Arbeit","nein","formal","nein","ja","nein","erkennbar","nein","https://www.tiktok.com/@joetaucher/video/7306062260412140832?is_from_webapp=1&sender_device=pc&web_id=7560437013087569430",1099,23,0,0,"Arbeit","nein","formal","nein","ja","nein","erkennbar","nein","https://www.tiktok.com/@joetaucher/video/7294197116669365537?is_from_webapp=1&sender_device=pc&web_id=7560437013087569430",1119,23,4,0,"Arbeit","nein","formal","nein","ja","nein","erkennbar","nein","https://www.tiktok.com/@joetaucher/video/7306145467346242848?is_from_webapp=1&sender_device=pc&web_id=7560437013087569430",89,16,2,1,"Arbeit","nein","formal","nein","ja","nein","erkennbar","nein","https://www.tiktok.com/@joetaucher/video/7322894333051424032?is_from_webapp=1&sender_device=pc&web_id=7560437013087569430",115,14,0,0,"Arbeit","nein","leger","nein","nein","nein","erkennbar","nein"
"1.0 (2026-03-05)","doi:10.11587/BA1ORN","704","Person","Teiber","Barbara","weiblich",1977,"SPÖ","Österreich","Nationalrat","nein",NA,"ja","ja",NA,NA,NA,NA,NA,NA,NA,NA,NA,NA,NA,NA,NA,NA,NA,NA,NA,NA,NA,NA,NA,NA,NA,NA,NA,NA,NA,NA,NA,NA,NA,NA,NA,NA,NA,NA,NA,NA,NA,NA,NA,NA,NA,NA,NA,NA,NA,NA,NA,NA,NA,NA,NA,NA,NA,NA,NA,NA,NA,NA,NA,NA,NA,NA,NA,NA,NA,NA,NA,NA,NA,NA,NA,NA,NA,NA,NA,NA,NA,NA,NA,NA,NA,NA,NA,NA,NA,NA,NA,NA,NA,NA,NA,NA,NA,NA,NA,NA,NA,NA,NA,NA,NA,NA,NA,NA,NA,NA,NA,NA,NA,NA,NA,NA,NA,NA,NA,NA,NA,NA,NA,NA,NA,NA,NA,NA,NA,NA,NA,NA,NA,NA,NA,NA,NA
"1.0 (2026-03-05)","doi:10.11587/BA1ORN","705","Person","Teschl-Hofmeister","Christiane","weiblich",1973,"ÖVP","Niederösterreich","Landesregierung","nein",NA,"ja","ja",NA,NA,NA,NA,NA,NA,NA,NA,NA,NA,NA,NA,NA,NA,NA,NA,NA,NA,NA,NA,NA,NA,NA,NA,NA,NA,NA,NA,NA,NA,NA,NA,NA,NA,NA,NA,NA,NA,NA,NA,NA,NA,NA,NA,NA,NA,NA,NA,NA,NA,NA,NA,NA,NA,NA,NA,NA,NA,NA,NA,NA,NA,NA,NA,NA,NA,NA,NA,NA,NA,NA,NA,NA,NA,NA,NA,NA,NA,NA,NA,NA,NA,NA,NA,NA,NA,NA,NA,NA,NA,NA,NA,NA,NA,NA,NA,NA,NA,NA,NA,NA,NA,NA,NA,NA,NA,NA,NA,NA,NA,NA,NA,NA,NA,NA,NA,NA,NA,NA,NA,NA,NA,NA,NA,NA,NA,NA,NA,NA,NA,NA,NA,NA,NA,NA
"1.0 (2026-03-05)","doi:10.11587/BA1ORN","706","Person","Teufel","Reinhard","männlich",1979,"FPÖ","Niederösterreich","Landtag","nein",NA,"nein","nein",NA,NA,NA,NA,NA,NA,NA,NA,NA,NA,NA,NA,NA,NA,NA,NA,NA,NA,NA,NA,NA,NA,NA,NA,NA,NA,NA,NA,NA,NA,NA,NA,NA,NA,NA,NA,NA,NA,NA,NA,NA,NA,NA,NA,NA,NA,NA,NA,NA,NA,NA,NA,NA,NA,NA,NA,NA,NA,NA,NA,NA,NA,NA,NA,NA,NA,NA,NA,NA,NA,NA,NA,NA,NA,NA,NA,NA,NA,NA,NA,NA,NA,NA,NA,NA,NA,NA,NA,NA,NA,NA,NA,NA,NA,NA,NA,NA,NA,NA,NA,NA,NA,NA,NA,NA,NA,NA,NA,NA,NA,NA,NA,NA,NA,NA,NA,NA,NA,NA,NA,NA,NA,NA,NA,NA,NA,NA,NA,NA,NA,NA,NA,NA,NA,NA
"1.0 (2026-03-05)","doi:10.11587/BA1ORN","707","Person","Teufl","Andreas","männlich",1963,"FPÖ","Salzburg","Landtag","nein",NA,"ja","ja",NA,NA,NA,NA,NA,NA,NA,NA,NA,NA,NA,NA,NA,NA,NA,NA,NA,NA,NA,NA,NA,NA,NA,NA,NA,NA,NA,NA,NA,NA,NA,NA,NA,NA,NA,NA,NA,NA,NA,NA,NA,NA,NA,NA,NA,NA,NA,NA,NA,NA,NA,NA,NA,NA,NA,NA,NA,NA,NA,NA,NA,NA,NA,NA,NA,NA,NA,NA,NA,NA,NA,NA,NA,NA,NA,NA,NA,NA,NA,NA,NA,NA,NA,NA,NA,NA,NA,NA,NA,NA,NA,NA,NA,NA,NA,NA,NA,NA,NA,NA,NA,NA,NA,NA,NA,NA,NA,NA,NA,NA,NA,NA,NA,NA,NA,NA,NA,NA,NA,NA,NA,NA,NA,NA,NA,NA,NA,NA,NA,NA,NA,NA,NA,NA,NA
"1.0 (2026-03-05)","doi:10.11587/BA1ORN","708","Person","Thau","Harald","männlich",1985,"FPÖ","Österreich","Nationalrat","nein",NA,"ja","ja",NA,NA,NA,NA,NA,NA,NA,NA,NA,NA,NA,NA,NA,NA,NA,NA,NA,NA,NA,NA,NA,NA,NA,NA,NA,NA,NA,NA,NA,NA,NA,NA,NA,NA,NA,NA,NA,NA,NA,NA,NA,NA,NA,NA,NA,NA,NA,NA,NA,NA,NA,NA,NA,NA,NA,NA,NA,NA,NA,NA,NA,NA,NA,NA,NA,NA,NA,NA,NA,NA,NA,NA,NA,NA,NA,NA,NA,NA,NA,NA,NA,NA,NA,NA,NA,NA,NA,NA,NA,NA,NA,NA,NA,NA,NA,NA,NA,NA,NA,NA,NA,NA,NA,NA,NA,NA,NA,NA,NA,NA,NA,NA,NA,NA,NA,NA,NA,NA,NA,NA,NA,NA,NA,NA,NA,NA,NA,NA,NA,NA,NA,NA,NA,NA,NA
"1.0 (2026-03-05)","doi:10.11587/BA1ORN","709","Person","Theuermann","Isabella","weiblich",1984,"FPÖ","Österreich","Bundesrat","nein",NA,"ja","ja",NA,NA,NA,NA,NA,NA,NA,NA,NA,NA,NA,NA,NA,NA,NA,NA,NA,NA,NA,NA,NA,NA,NA,NA,NA,NA,NA,NA,NA,NA,NA,NA,NA,NA,NA,NA,NA,NA,NA,NA,NA,NA,NA,NA,NA,NA,NA,NA,NA,NA,NA,NA,NA,NA,NA,NA,NA,NA,NA,NA,NA,NA,NA,NA,NA,NA,NA,NA,NA,NA,NA,NA,NA,NA,NA,NA,NA,NA,NA,NA,NA,NA,NA,NA,NA,NA,NA,NA,NA,NA,NA,NA,NA,NA,NA,NA,NA,NA,NA,NA,NA,NA,NA,NA,NA,NA,NA,NA,NA,NA,NA,NA,NA,NA,NA,NA,NA,NA,NA,NA,NA,NA,NA,NA,NA,NA,NA,NA,NA,NA,NA,NA,NA,NA,NA
"1.0 (2026-03-05)","doi:10.11587/BA1ORN","710","Person","Thoma","Christoph","männlich",1973,"ÖVP","Österreich","Bundesrat","ja","https://www.tiktok.com/@christophthoma73","ja","ja",188,1938,28,720,"Kultur Politik Stadt Landtagsabgeordneter Strategieberater","https://www.tiktok.com/@christophthoma73/video/6897885108406127874?is_from_webapp=1&sender_device=pc&web_id=7560437013087569430",746,60,0,0,"Privat","ja","leger","nein","ja","nein","nicht erkennbar","nein","https://www.tiktok.com/@christophthoma73/video/7165468195732655365?is_from_webapp=1&sender_device=pc&web_id=7560437013087569430",1136,47,4,1,"Privat","nein","leger","nein","ja","nein","nicht erkennbar","nein","https://www.tiktok.com/@christophthoma73/video/6887541763255340289?is_from_webapp=1&sender_device=pc&web_id=7560437013087569430",926,46,0,1,"Privat","ja","leger","nein","ja","nein","nicht erkennbar","nein","https://www.tiktok.com/@christophthoma73/video/6897542874582371585?is_from_webapp=1&sender_device=pc&web_id=7560437013087569430",749,45,0,0,"Privat","ja","leger","nein","ja","nein","nicht erkennbar","nein","https://www.tiktok.com/@christophthoma73/video/6874565885793733889?is_from_webapp=1&sender_device=pc&web_id=7560437013087569430",721,43,0,3,"Privat","ja","leger","nein","ja","nein","nicht erkennbar","nein","https://www.tiktok.com/@christophthoma73/video/6857811701480410373?is_from_webapp=1&sender_device=pc&web_id=7560437013087569430",579,43,0,1,"Privat","ja","leger","nein","ja","nein","nicht erkennbar","nein","https://www.tiktok.com/@christophthoma73/video/6857745137116777733?is_from_webapp=1&sender_device=pc&web_id=7560437013087569430",345,41,0,0,"Privat","ja","leger","nein","ja","nein","nicht erkennbar","nein","https://www.tiktok.com/@christophthoma73/video/6856282834563239173?is_from_webapp=1&sender_device=pc&web_id=7560437013087569430",323,40,1,0,"Privat","ja","leger","nein","ja","nein","nicht erkennbar","nein","https://www.tiktok.com/@christophthoma73/video/6855345406679731462?is_from_webapp=1&sender_device=pc&web_id=7560437013087569430",314,38,0,0,"Privat","ja","leger","nein","ja","nein","nicht erkennbar","nein","https://www.tiktok.com/@christophthoma73/video/7118741727166450950?is_from_webapp=1&sender_device=pc&web_id=7560437013087569430",1019,29,0,0,"Privat","nein","leger","nein","nein","nein","nicht erkennbar","nein"
"1.0 (2026-03-05)","doi:10.11587/BA1ORN","711","Person","Thöny","Barbara","weiblich",1975,"SPÖ","Salzburg","Landtag","nein",NA,"ja","ja",NA,NA,NA,NA,NA,NA,NA,NA,NA,NA,NA,NA,NA,NA,NA,NA,NA,NA,NA,NA,NA,NA,NA,NA,NA,NA,NA,NA,NA,NA,NA,NA,NA,NA,NA,NA,NA,NA,NA,NA,NA,NA,NA,NA,NA,NA,NA,NA,NA,NA,NA,NA,NA,NA,NA,NA,NA,NA,NA,NA,NA,NA,NA,NA,NA,NA,NA,NA,NA,NA,NA,NA,NA,NA,NA,NA,NA,NA,NA,NA,NA,NA,NA,NA,NA,NA,NA,NA,NA,NA,NA,NA,NA,NA,NA,NA,NA,NA,NA,NA,NA,NA,NA,NA,NA,NA,NA,NA,NA,NA,NA,NA,NA,NA,NA,NA,NA,NA,NA,NA,NA,NA,NA,NA,NA,NA,NA,NA,NA,NA,NA,NA,NA,NA,NA
"1.0 (2026-03-05)","doi:10.11587/BA1ORN","712","Person","Thürschweller","Andreas","männlich",1973,"SPÖ","Steiermark","Landtag","ja","https://www.tiktok.com/@thuerli2704","ja","ja",1013,1117,45,2317,NA,"https://www.tiktok.com/@thuerli2704/video/7287488021727874336?is_from_webapp=1&sender_device=pc&web_id=7560437013087569430",3752,227,0,29,"Privat","nein","leger","nein","ja","nein","nicht erkennbar","nein","https://www.tiktok.com/@thuerli2704/video/7507606611809045782?is_from_webapp=1&sender_device=pc&web_id=7560437013087569430",4504,145,1,12,"Privat","nein","formal","nein","nein","nein","erkennbar","nein","https://www.tiktok.com/@thuerli2704/video/7484364330809494806?is_from_webapp=1&sender_device=pc&web_id=7560437013087569430",4445,130,3,31,"Privat","nein","leger","ja","nein","nein","erkennbar","nein","https://www.tiktok.com/@thuerli2704/video/7295406433057754401?is_from_webapp=1&sender_device=pc&web_id=7560437013087569430",2556,126,0,5,"Privat","nein","formal","nein","ja","nein","nicht erkennbar","nein","https://www.tiktok.com/@thuerli2704/video/7290601181527739680?is_from_webapp=1&sender_device=pc&web_id=7560437013087569430",2049,116,0,6,"Privat","nein","formal","nein","nein","nein","erkennbar","nein","https://www.tiktok.com/@thuerli2704/video/7254169269372538139?is_from_webapp=1&sender_device=pc&web_id=7560437013087569430",2439,112,0,10,"Privat","nein","leger","nein","nein","nein","nicht erkennbar","nein","https://www.tiktok.com/@thuerli2704/video/7276461724696349985?is_from_webapp=1&sender_device=pc&web_id=7560437013087569430",1808,70,0,1,"Privat","nein","leger","nein","ja","ja","nicht erkennbar","nein","https://www.tiktok.com/@thuerli2704/video/7272075525730962721?is_from_webapp=1&sender_device=pc&web_id=7560437013087569430",2437,71,0,3,"Privat","nein","leger","nein","ja","nein","nicht erkennbar","nein","https://www.tiktok.com/@thuerli2704/video/7512582142812032279?is_from_webapp=1&sender_device=pc&web_id=7560437013087569430",2755,62,6,7,"Arbeit","nein","formal","nein","nein","nein","nicht erkennbar","nein","https://www.tiktok.com/@thuerli2704/video/7489106369807748374?is_from_webapp=1&sender_device=pc&web_id=7560437013087569430",2249,62,1,12,"Privat","nein","leger","nein","ja","nein","nicht erkennbar","nein"
"1.0 (2026-03-05)","doi:10.11587/BA1ORN","713","Person","Tiefnig","Ferdinand","männlich",1965,"ÖVP","Österreich","Bundesrat","nein",NA,"ja","ja",NA,NA,NA,NA,NA,NA,NA,NA,NA,NA,NA,NA,NA,NA,NA,NA,NA,NA,NA,NA,NA,NA,NA,NA,NA,NA,NA,NA,NA,NA,NA,NA,NA,NA,NA,NA,NA,NA,NA,NA,NA,NA,NA,NA,NA,NA,NA,NA,NA,NA,NA,NA,NA,NA,NA,NA,NA,NA,NA,NA,NA,NA,NA,NA,NA,NA,NA,NA,NA,NA,NA,NA,NA,NA,NA,NA,NA,NA,NA,NA,NA,NA,NA,NA,NA,NA,NA,NA,NA,NA,NA,NA,NA,NA,NA,NA,NA,NA,NA,NA,NA,NA,NA,NA,NA,NA,NA,NA,NA,NA,NA,NA,NA,NA,NA,NA,NA,NA,NA,NA,NA,NA,NA,NA,NA,NA,NA,NA,NA,NA,NA,NA,NA,NA,NA
"1.0 (2026-03-05)","doi:10.11587/BA1ORN","714","Person","Tittler","Marco","männlich",1976,"ÖVP","Vorarlberg","Landesregierung","nein",NA,"nein","ja",NA,NA,NA,NA,NA,NA,NA,NA,NA,NA,NA,NA,NA,NA,NA,NA,NA,NA,NA,NA,NA,NA,NA,NA,NA,NA,NA,NA,NA,NA,NA,NA,NA,NA,NA,NA,NA,NA,NA,NA,NA,NA,NA,NA,NA,NA,NA,NA,NA,NA,NA,NA,NA,NA,NA,NA,NA,NA,NA,NA,NA,NA,NA,NA,NA,NA,NA,NA,NA,NA,NA,NA,NA,NA,NA,NA,NA,NA,NA,NA,NA,NA,NA,NA,NA,NA,NA,NA,NA,NA,NA,NA,NA,NA,NA,NA,NA,NA,NA,NA,NA,NA,NA,NA,NA,NA,NA,NA,NA,NA,NA,NA,NA,NA,NA,NA,NA,NA,NA,NA,NA,NA,NA,NA,NA,NA,NA,NA,NA,NA,NA,NA,NA,NA,NA
"1.0 (2026-03-05)","doi:10.11587/BA1ORN","715","Person","Tomaselli","Nina","weiblich",1985,"GRÜNE","Österreich","Nationalrat","ja","https://www.tiktok.com/@dietomaselli","ja","ja",1423,863,111,12900,"| Abgeordnete @diegruenen | Wohnen, Kontrolle&Finanzen | ‍ +️+","https://www.tiktok.com/@dietomaselli/video/7518337779286183170?is_from_webapp=1&sender_device=pc&web_id=7560437013087569430",61800,3796,90,1099,"Arbeit","nein","leger","nein","nein","nein","erkennbar","nein","https://www.tiktok.com/@dietomaselli/video/7491717693540748566?is_from_webapp=1&sender_device=pc&web_id=7560437013087569430",102100,2527,132,575,"Privat","nein","leger","nein","nein","nein","erkennbar","nein","https://www.tiktok.com/@dietomaselli/video/7378927696052620577?is_from_webapp=1&sender_device=pc&web_id=7560437013087569430",11900,635,39,106,"Privat","nein","formal","nein","ja","nein","erkennbar","ja","https://www.tiktok.com/@dietomaselli/video/7529472918825241878?is_from_webapp=1&sender_device=pc&web_id=7560437013087569430",11900,338,96,54,"Privat","ja","leger","nein","nein","nein","erkennbar","nein","https://www.tiktok.com/@dietomaselli/video/7463534679099051286?is_from_webapp=1&sender_device=pc&web_id=7560437013087569430",13800,243,3,28,"Privat","nein","leger","nein","nein","nein","nicht erkennbar","nein","https://www.tiktok.com/@dietomaselli/video/7310559934943399200?is_from_webapp=1&sender_device=pc&web_id=7560437013087569430",17000,240,37,18,"Privat","nein","leger","nein","nein","nein","nicht erkennbar","nein","https://www.tiktok.com/@dietomaselli/photo/7353979827319213345?is_from_webapp=1&sender_device=pc&web_id=7560437013087569430",13600,214,6,51,"Arbeit","nein","formal","nein","ja","nein","erkennbar","nein","https://www.tiktok.com/@dietomaselli/video/7320559274889923872?is_from_webapp=1&sender_device=pc&web_id=7560437013087569430",11200,179,4,6,"Privat","nein","leger","nein","ja","nein","nicht erkennbar","nein","https://www.tiktok.com/@dietomaselli/video/7434160440780918049?is_from_webapp=1&sender_device=pc&web_id=7560437013087569430",2343,157,17,5,"Privat","ja","leger","nein","nein","nein","nicht erkennbar","nein","https://www.tiktok.com/@dietomaselli/video/7428546213206641953?is_from_webapp=1&sender_device=pc&web_id=7560437013087569430",2866,134,4,2,"Privat","ja","leger","nein","nein","nein","nicht erkennbar","nein"
"1.0 (2026-03-05)","doi:10.11587/BA1ORN","716","Person","Totschnig","Norbert","männlich",1974,"ÖVP","Österreich","Bundesregierung","nein",NA,"ja","ja",NA,NA,NA,NA,NA,NA,NA,NA,NA,NA,NA,NA,NA,NA,NA,NA,NA,NA,NA,NA,NA,NA,NA,NA,NA,NA,NA,NA,NA,NA,NA,NA,NA,NA,NA,NA,NA,NA,NA,NA,NA,NA,NA,NA,NA,NA,NA,NA,NA,NA,NA,NA,NA,NA,NA,NA,NA,NA,NA,NA,NA,NA,NA,NA,NA,NA,NA,NA,NA,NA,NA,NA,NA,NA,NA,NA,NA,NA,NA,NA,NA,NA,NA,NA,NA,NA,NA,NA,NA,NA,NA,NA,NA,NA,NA,NA,NA,NA,NA,NA,NA,NA,NA,NA,NA,NA,NA,NA,NA,NA,NA,NA,NA,NA,NA,NA,NA,NA,NA,NA,NA,NA,NA,NA,NA,NA,NA,NA,NA,NA,NA,NA,NA,NA,NA
"1.0 (2026-03-05)","doi:10.11587/BA1ORN","717","Person","Totter","Agnes","weiblich",1974,"ÖVP","Österreich","Nationalrat","nein",NA,"ja","ja",NA,NA,NA,NA,NA,NA,NA,NA,NA,NA,NA,NA,NA,NA,NA,NA,NA,NA,NA,NA,NA,NA,NA,NA,NA,NA,NA,NA,NA,NA,NA,NA,NA,NA,NA,NA,NA,NA,NA,NA,NA,NA,NA,NA,NA,NA,NA,NA,NA,NA,NA,NA,NA,NA,NA,NA,NA,NA,NA,NA,NA,NA,NA,NA,NA,NA,NA,NA,NA,NA,NA,NA,NA,NA,NA,NA,NA,NA,NA,NA,NA,NA,NA,NA,NA,NA,NA,NA,NA,NA,NA,NA,NA,NA,NA,NA,NA,NA,NA,NA,NA,NA,NA,NA,NA,NA,NA,NA,NA,NA,NA,NA,NA,NA,NA,NA,NA,NA,NA,NA,NA,NA,NA,NA,NA,NA,NA,NA,NA,NA,NA,NA,NA,NA,NA
"1.0 (2026-03-05)","doi:10.11587/BA1ORN","718","Person","Traxl","Dominik","männlich",1994,"ÖVP","Tirol","Landtag","nein",NA,"ja","ja",NA,NA,NA,NA,NA,NA,NA,NA,NA,NA,NA,NA,NA,NA,NA,NA,NA,NA,NA,NA,NA,NA,NA,NA,NA,NA,NA,NA,NA,NA,NA,NA,NA,NA,NA,NA,NA,NA,NA,NA,NA,NA,NA,NA,NA,NA,NA,NA,NA,NA,NA,NA,NA,NA,NA,NA,NA,NA,NA,NA,NA,NA,NA,NA,NA,NA,NA,NA,NA,NA,NA,NA,NA,NA,NA,NA,NA,NA,NA,NA,NA,NA,NA,NA,NA,NA,NA,NA,NA,NA,NA,NA,NA,NA,NA,NA,NA,NA,NA,NA,NA,NA,NA,NA,NA,NA,NA,NA,NA,NA,NA,NA,NA,NA,NA,NA,NA,NA,NA,NA,NA,NA,NA,NA,NA,NA,NA,NA,NA,NA,NA,NA,NA,NA,NA
"1.0 (2026-03-05)","doi:10.11587/BA1ORN","719","Person","Triller","Marco","männlich",1986,"FPÖ","Steiermark","Landtag","ja","https://www.tiktok.com/@marco.triller","ja","ja",6193,2031,233,107300,"Abgeordneter zum Steiermärkischen Landtag Klubobmann FPÖ Steiermark","https://www.tiktok.com/@marco.triller/video/6928815095866854662?is_from_webapp=1&sender_device=pc&web_id=7560437013087569430",291200,22700,269,3667,NA,"nein","leger","nein","nein","nein","nicht erkennbar","nein","https://www.tiktok.com/@marco.triller/video/7031811180444306694?is_from_webapp=1&sender_device=pc&web_id=7560437013087569430",385800,18100,665,661,"Arbeit","nein","formal","nein","nein","nein","nicht erkennbar","nein","https://www.tiktok.com/@marco.triller/video/7557330135209282838?is_from_webapp=1&sender_device=pc&web_id=7560437013087569430",113400,9251,265,1890,"Arbeit","nein","formal","nein","ja","nein","nicht erkennbar","nein","https://www.tiktok.com/@marco.triller/video/6921772937259355397?is_from_webapp=1&sender_device=pc&web_id=7560437013087569430",157100,4615,55,602,"Arbeit","nein","formal","nein","nein","nein","nicht erkennbar","nein","https://www.tiktok.com/@marco.triller/video/6968375645504113925?is_from_webapp=1&sender_device=pc&web_id=7560437013087569430",167400,3724,456,235,"Privat","nein","formal","nein","nein","nein","nicht erkennbar","nein","https://www.tiktok.com/@marco.triller/video/7556631076974726423?is_from_webapp=1&sender_device=pc&web_id=7560437013087569430",31700,3010,268,185,"Arbeit","nein","formal","nein","nein","nein","erkennbar","nein","https://www.tiktok.com/@marco.triller/video/7416822807880813856?is_from_webapp=1&sender_device=pc&web_id=7560437013087569430",21600,2398,214,848,NA,"nein","formal","ja","ja","nein","erkennbar","nein","https://www.tiktok.com/@marco.triller/video/7333644626697407777?is_from_webapp=1&sender_device=pc&web_id=7560437013087569430",19800,2250,52,92,"Arbeit","nein","formal","nein","nein","nein","erkennbar","nein","https://www.tiktok.com/@marco.triller/video/7292119283344166177?is_from_webapp=1&sender_device=pc&web_id=7560437013087569430",51700,2239,82,278,"Arbeit","nein","formal","nein","nein","nein","erkennbar","nein","https://www.tiktok.com/@marco.triller/video/7428609474853637409?is_from_webapp=1&sender_device=pc&web_id=7560437013087569430",34400,2087,408,185,"Arbeit","nein","formal","nein","nein","nein","nicht erkennbar","nein"
"1.0 (2026-03-05)","doi:10.11587/BA1ORN","720","Person","Trinkl","Mario","männlich",1979,"SPÖ","Österreich","Bundesrat","nein",NA,"nein","ja",NA,NA,NA,NA,NA,NA,NA,NA,NA,NA,NA,NA,NA,NA,NA,NA,NA,NA,NA,NA,NA,NA,NA,NA,NA,NA,NA,NA,NA,NA,NA,NA,NA,NA,NA,NA,NA,NA,NA,NA,NA,NA,NA,NA,NA,NA,NA,NA,NA,NA,NA,NA,NA,NA,NA,NA,NA,NA,NA,NA,NA,NA,NA,NA,NA,NA,NA,NA,NA,NA,NA,NA,NA,NA,NA,NA,NA,NA,NA,NA,NA,NA,NA,NA,NA,NA,NA,NA,NA,NA,NA,NA,NA,NA,NA,NA,NA,NA,NA,NA,NA,NA,NA,NA,NA,NA,NA,NA,NA,NA,NA,NA,NA,NA,NA,NA,NA,NA,NA,NA,NA,NA,NA,NA,NA,NA,NA,NA,NA,NA,NA,NA,NA,NA,NA
"1.0 (2026-03-05)","doi:10.11587/BA1ORN","721","Person","Trinko","Michael","männlich",1981,"SPÖ","Wien","Landtag","nein",NA,"ja","ja",NA,NA,NA,NA,NA,NA,NA,NA,NA,NA,NA,NA,NA,NA,NA,NA,NA,NA,NA,NA,NA,NA,NA,NA,NA,NA,NA,NA,NA,NA,NA,NA,NA,NA,NA,NA,NA,NA,NA,NA,NA,NA,NA,NA,NA,NA,NA,NA,NA,NA,NA,NA,NA,NA,NA,NA,NA,NA,NA,NA,NA,NA,NA,NA,NA,NA,NA,NA,NA,NA,NA,NA,NA,NA,NA,NA,NA,NA,NA,NA,NA,NA,NA,NA,NA,NA,NA,NA,NA,NA,NA,NA,NA,NA,NA,NA,NA,NA,NA,NA,NA,NA,NA,NA,NA,NA,NA,NA,NA,NA,NA,NA,NA,NA,NA,NA,NA,NA,NA,NA,NA,NA,NA,NA,NA,NA,NA,NA,NA,NA,NA,NA,NA,NA,NA
"1.0 (2026-03-05)","doi:10.11587/BA1ORN","722","Person","Tschank","Markus","männlich",1979,"FPÖ","Österreich","Nationalrat","ja","https://www.tiktok.com/@markus_tschank","ja","ja",371,207,7,191,NA,"https://www.tiktok.com/@markus_tschank/photo/7553882312782564611?is_from_webapp=1&sender_device=pc&web_id=7560437013087569430",990,88,9,1,"Arbeit","ja","formal","nein","ja","nein","nicht erkennbar","nein","https://www.tiktok.com/@markus_tschank/photo/7568222223987789078?is_from_webapp=1&sender_device=pc&web_id=7560437013087569430",1109,25,2,0,"Arbeit","nein","formal","nein","ja","nein","erkennbar","nein","https://www.tiktok.com/@markus_tschank/video/7524754978125155606?is_from_webapp=1&sender_device=pc&web_id=7560437013087569430",558,19,1,0,"Arbeit","ja","formal","nein","ja","nein","nicht erkennbar","nein","https://www.tiktok.com/@markus_tschank/photo/7553882127952071958?is_from_webapp=1&sender_device=pc&web_id=7560437013087569430",1052,18,3,1,"Arbeit","nein","formal","nein","ja","nein","nicht erkennbar","nein","https://www.tiktok.com/@markus_tschank/photo/7507323154981735702?is_from_webapp=1&sender_device=pc&web_id=7560437013087569430",552,16,2,2,"Arbeit","nein","formal","nein","ja","nein","nicht erkennbar","nein","https://www.tiktok.com/@markus_tschank/photo/7535137202657889558?is_from_webapp=1&sender_device=pc&web_id=7560437013087569430",592,13,4,1,"Arbeit","nein","formal","nein","nein","nein","nicht erkennbar","nein","https://www.tiktok.com/@markus_tschank/photo/7497532341997358358?is_from_webapp=1&sender_device=pc&web_id=7560437013087569430",924,12,0,2,"Arbeit","nein","formal","nein","ja","nein","erkennbar","nein",NA,NA,NA,NA,NA,NA,NA,NA,NA,NA,NA,NA,NA,NA,NA,NA,NA,NA,NA,NA,NA,NA,NA,NA,NA,NA,NA,NA,NA,NA,NA,NA,NA,NA,NA,NA,NA,NA,NA
"1.0 (2026-03-05)","doi:10.11587/BA1ORN","723","Person","Tschürtz","Johann","männlich",1959,"FPÖ","Burgenland","Landtag","nein",NA,"nein","ja",NA,NA,NA,NA,NA,NA,NA,NA,NA,NA,NA,NA,NA,NA,NA,NA,NA,NA,NA,NA,NA,NA,NA,NA,NA,NA,NA,NA,NA,NA,NA,NA,NA,NA,NA,NA,NA,NA,NA,NA,NA,NA,NA,NA,NA,NA,NA,NA,NA,NA,NA,NA,NA,NA,NA,NA,NA,NA,NA,NA,NA,NA,NA,NA,NA,NA,NA,NA,NA,NA,NA,NA,NA,NA,NA,NA,NA,NA,NA,NA,NA,NA,NA,NA,NA,NA,NA,NA,NA,NA,NA,NA,NA,NA,NA,NA,NA,NA,NA,NA,NA,NA,NA,NA,NA,NA,NA,NA,NA,NA,NA,NA,NA,NA,NA,NA,NA,NA,NA,NA,NA,NA,NA,NA,NA,NA,NA,NA,NA,NA,NA,NA,NA,NA,NA
"1.0 (2026-03-05)","doi:10.11587/BA1ORN","724","Person","Tufegdzic","Ilija","männlich",1972,"FPÖ","Wien","Landtag","nein",NA,"nein","nein",NA,NA,NA,NA,NA,NA,NA,NA,NA,NA,NA,NA,NA,NA,NA,NA,NA,NA,NA,NA,NA,NA,NA,NA,NA,NA,NA,NA,NA,NA,NA,NA,NA,NA,NA,NA,NA,NA,NA,NA,NA,NA,NA,NA,NA,NA,NA,NA,NA,NA,NA,NA,NA,NA,NA,NA,NA,NA,NA,NA,NA,NA,NA,NA,NA,NA,NA,NA,NA,NA,NA,NA,NA,NA,NA,NA,NA,NA,NA,NA,NA,NA,NA,NA,NA,NA,NA,NA,NA,NA,NA,NA,NA,NA,NA,NA,NA,NA,NA,NA,NA,NA,NA,NA,NA,NA,NA,NA,NA,NA,NA,NA,NA,NA,NA,NA,NA,NA,NA,NA,NA,NA,NA,NA,NA,NA,NA,NA,NA,NA,NA,NA,NA,NA,NA
"1.0 (2026-03-05)","doi:10.11587/BA1ORN","725","Person","Ulram","Markus","männlich",1980,"ÖVP","Burgenland","Landtag","ja","https://www.tiktok.com/@markusulram","ja","ja",765,387,60,3847,"Bürgermeister von Halbturn ‍Klubobmann VP Burgenland Hobby: & ️","https://www.tiktok.com/@markusulram/video/7455758986902539542?is_from_webapp=1&sender_device=pc&web_id=7560437013087569430",21600,1462,175,76,"Privat","nein","leger","nein","ja","nein","erkennbar","nein","https://www.tiktok.com/@markusulram/video/7430363922227563809?is_from_webapp=1&sender_device=pc&web_id=7560437013087569430",18300,364,11,148,"Privat","nein","leger","nein","ja","nein","nicht erkennbar","nein","https://www.tiktok.com/@markusulram/video/7555272291974663446?is_from_webapp=1&sender_device=pc&web_id=7560437013087569430",2797,1120,2,22,"Privat","ja","leger","nein","nein","nein","nicht erkennbar","nein","https://www.tiktok.com/@markusulram/video/7450161895526599938?is_from_webapp=1&sender_device=pc&web_id=7560437013087569430",9060,88,11,10,"Arbeit","nein","formal","nein","ja","nein","nicht erkennbar","nein","https://www.tiktok.com/@markusulram/video/7458164732571258134?is_from_webapp=1&sender_device=pc&web_id=7560437013087569430",2796,86,1,15,"Privat","nein","formal","nein","ja","nein","nicht erkennbar","nein","https://www.tiktok.com/@markusulram/video/7444812423560826134?is_from_webapp=1&sender_device=pc&web_id=7560437013087569430",7823,79,10,6,"Arbeit","nein","formal","nein","ja","nein","nicht erkennbar","nein","https://www.tiktok.com/@markusulram/video/7459435801818959127?is_from_webapp=1&sender_device=pc&web_id=7560437013087569430",4438,75,8,4,"Privat","nein","leger","nein","ja","nein","erkennbar","nein","https://www.tiktok.com/@markusulram/video/7460016643217870102?is_from_webapp=1&sender_device=pc&web_id=7560437013087569430",1829,73,3,6,"Privat","nein","leger","nein","ja","nein","erkennbar","nein","https://www.tiktok.com/@markusulram/video/7461153719363603734?is_from_webapp=1&sender_device=pc&web_id=7560437013087569430",2452,59,5,3,"Arbeit","nein","formal","ja","ja","nein","erkennbar","nein","https://www.tiktok.com/@markusulram/photo/7555759012084550934?is_from_webapp=1&sender_device=pc&web_id=7560437013087569430",1838,58,0,13,"Privat","nein","leger","nein","ja","ja","nicht erkennbar","nein"
"1.0 (2026-03-05)","doi:10.11587/BA1ORN","726","Person","Unger","Hans","männlich",1979,"ÖVP","Burgenland","Landtag","nein",NA,"nein","ja",NA,NA,NA,NA,NA,NA,NA,NA,NA,NA,NA,NA,NA,NA,NA,NA,NA,NA,NA,NA,NA,NA,NA,NA,NA,NA,NA,NA,NA,NA,NA,NA,NA,NA,NA,NA,NA,NA,NA,NA,NA,NA,NA,NA,NA,NA,NA,NA,NA,NA,NA,NA,NA,NA,NA,NA,NA,NA,NA,NA,NA,NA,NA,NA,NA,NA,NA,NA,NA,NA,NA,NA,NA,NA,NA,NA,NA,NA,NA,NA,NA,NA,NA,NA,NA,NA,NA,NA,NA,NA,NA,NA,NA,NA,NA,NA,NA,NA,NA,NA,NA,NA,NA,NA,NA,NA,NA,NA,NA,NA,NA,NA,NA,NA,NA,NA,NA,NA,NA,NA,NA,NA,NA,NA,NA,NA,NA,NA,NA,NA,NA,NA,NA,NA,NA
"1.0 (2026-03-05)","doi:10.11587/BA1ORN","727","Person","Vasold","Stefanie","weiblich",1980,"SPÖ","Wien","Landtag","nein",NA,"ja","ja",NA,NA,NA,NA,NA,NA,NA,NA,NA,NA,NA,NA,NA,NA,NA,NA,NA,NA,NA,NA,NA,NA,NA,NA,NA,NA,NA,NA,NA,NA,NA,NA,NA,NA,NA,NA,NA,NA,NA,NA,NA,NA,NA,NA,NA,NA,NA,NA,NA,NA,NA,NA,NA,NA,NA,NA,NA,NA,NA,NA,NA,NA,NA,NA,NA,NA,NA,NA,NA,NA,NA,NA,NA,NA,NA,NA,NA,NA,NA,NA,NA,NA,NA,NA,NA,NA,NA,NA,NA,NA,NA,NA,NA,NA,NA,NA,NA,NA,NA,NA,NA,NA,NA,NA,NA,NA,NA,NA,NA,NA,NA,NA,NA,NA,NA,NA,NA,NA,NA,NA,NA,NA,NA,NA,NA,NA,NA,NA,NA,NA,NA,NA,NA,NA,NA
"1.0 (2026-03-05)","doi:10.11587/BA1ORN","728","Person","Vilimsky","Harald","männlich",1966,"FPÖ","EU","EP","ja","https://www.tiktok.com/@haraldvilimsky","ja","ja",12700,657,142,119100,"Seit Delegationsleiter der FPÖ-Abgeordneten im Europäischen Parlament. t.me/haraldvilimsky","https://www.tiktok.com/@haraldvilimsky/video/7393262847276371232",180300,19700,1249,2699,"Arbeit","nein","formal","nein","nein","nein","nicht erkennbar","nein","https://www.tiktok.com/@haraldvilimsky/video/7423778762061319456",192600,14400,1296,1343,"Arbeit","nein","formal","nein","nein","nein","nicht erkennbar","nein","https://www.tiktok.com/@haraldvilimsky/video/7377275455805738272",114900,6733,219,1894,"Privat","nein","leger","ja","nein","nein","erkennbar","nein","https://www.tiktok.com/@haraldvilimsky/video/7362604032566791457",59500,6681,203,277,"Arbeit","nein","formal","nein","ja","nein","erkennbar","nein","https://www.tiktok.com/@haraldvilimsky/video/7441947652880682273",43500,4692,350,350,"Arbeit","nein","formal","nein","nein","nein","nicht erkennbar","nein","https://www.tiktok.com/@haraldvilimsky/video/7330623169818021152",33900,3797,138,444,"Privat","nein","leger","ja","ja","nein","erkennbar","nein","https://www.tiktok.com/@haraldvilimsky/video/7376678679797173537",33800,3716,5,195,"Privat","nein","leger","ja","ja","nein","erkennbar","nein","https://www.tiktok.com/@haraldvilimsky/video/7507156318273293590",33100,3162,227,223,"Arbeit","nein","formal","nein","nein","nein","nicht erkennbar","nein","https://www.tiktok.com/@haraldvilimsky/video/7548722160932588822",38400,2622,161,186,"Arbeit","nein","formal","nein","nein","nein","erkennbar","nein","https://www.tiktok.com/@haraldvilimsky/video/7333534842153405728",19600,2186,113,244,"Arbeit","nein","leger","ja","ja","nein","erkennbar","nein"
"1.0 (2026-03-05)","doi:10.11587/BA1ORN","729","Person","Voglauer","Olga","weiblich",1980,"GRÜNE","Österreich","Nationalrat","ja","https://www.tiktok.com/@olgavoglauer","ja","ja",1150,1072,135,12800,"Biobäuerin und Grüne","https://www.tiktok.com/@olgavoglauer/video/7186634510417628422",40400,2550,28,27,"Privat","nein","leger","nein","ja","nein","nicht erkennbar","ja","https://www.tiktok.com/@olgavoglauer/video/7201544945323216134",32700,772,33,83,"Privat","nein","leger","nein","ja","nein","nicht erkennbar","nein","https://www.tiktok.com/@olgavoglauer/video/7460526144727600406",13200,498,27,25,"Privat","nein","leger","ja","nein","nein","nicht erkennbar","nein","https://www.tiktok.com/@olgavoglauer/video/7269359611289898272",8542,335,4,11,"Privat","nein","leger","ja","nein","nein","nicht erkennbar","nein","https://www.tiktok.com/@olgavoglauer/video/7218115561237105947",17400,317,55,1,NA,NA,NA,"nein","ja","nein","erkennbar","ja","https://www.tiktok.com/@olgavoglauer/video/7195606697858075910",14200,270,13,54,"Arbeit","nein","leger","ja","nein","nein","erkennbar","nein","https://www.tiktok.com/@olgavoglauer/video/7190824472356654341",38700,262,199,150,"Privat","nein","leger","nein","ja","nein","erkennbar","nein","https://www.tiktok.com/@olgavoglauer/video/7197866753211239686",5581,253,6,25,"Arbeit","nein","formal","nein","ja","nein","nicht erkennbar","nein","https://www.tiktok.com/@olgavoglauer/video/7198193731898477830",7596,246,26,8,"Privat","nein","leger","ja","ja","nein","erkennbar","nein","https://www.tiktok.com/@olgavoglauer/video/7338015024658599201",8871,167,0,13,"Privat","nein","leger","ja","nein","nein","nicht erkennbar","nein"
"1.0 (2026-03-05)","doi:10.11587/BA1ORN","730","Person","Vogt","Manfred","männlich",1988,"FPÖ","Vorarlberg","Landtag","nein",NA,"ja","ja",NA,NA,NA,NA,NA,NA,NA,NA,NA,NA,NA,NA,NA,NA,NA,NA,NA,NA,NA,NA,NA,NA,NA,NA,NA,NA,NA,NA,NA,NA,NA,NA,NA,NA,NA,NA,NA,NA,NA,NA,NA,NA,NA,NA,NA,NA,NA,NA,NA,NA,NA,NA,NA,NA,NA,NA,NA,NA,NA,NA,NA,NA,NA,NA,NA,NA,NA,NA,NA,NA,NA,NA,NA,NA,NA,NA,NA,NA,NA,NA,NA,NA,NA,NA,NA,NA,NA,NA,NA,NA,NA,NA,NA,NA,NA,NA,NA,NA,NA,NA,NA,NA,NA,NA,NA,NA,NA,NA,NA,NA,NA,NA,NA,NA,NA,NA,NA,NA,NA,NA,NA,NA,NA,NA,NA,NA,NA,NA,NA,NA,NA,NA,NA,NA,NA
"1.0 (2026-03-05)","doi:10.11587/BA1ORN","731","Person","Vonier","Monika","weiblich",1980,"ÖVP","Vorarlberg","Landtag","nein",NA,"ja","ja",NA,NA,NA,NA,NA,NA,NA,NA,NA,NA,NA,NA,NA,NA,NA,NA,NA,NA,NA,NA,NA,NA,NA,NA,NA,NA,NA,NA,NA,NA,NA,NA,NA,NA,NA,NA,NA,NA,NA,NA,NA,NA,NA,NA,NA,NA,NA,NA,NA,NA,NA,NA,NA,NA,NA,NA,NA,NA,NA,NA,NA,NA,NA,NA,NA,NA,NA,NA,NA,NA,NA,NA,NA,NA,NA,NA,NA,NA,NA,NA,NA,NA,NA,NA,NA,NA,NA,NA,NA,NA,NA,NA,NA,NA,NA,NA,NA,NA,NA,NA,NA,NA,NA,NA,NA,NA,NA,NA,NA,NA,NA,NA,NA,NA,NA,NA,NA,NA,NA,NA,NA,NA,NA,NA,NA,NA,NA,NA,NA,NA,NA,NA,NA,NA,NA
"1.0 (2026-03-05)","doi:10.11587/BA1ORN","732","Person","Vukajlovic","Ines","weiblich",1991,"GRÜNE","Oberösterreich","Landtag","ja","https://www.tiktok.com/@ines.vukajlovic","ja","ja",971,632,57,6663,"Your local Landtagsabgeordnete; passionate about ️‍; Linz, OÖ","https://www.tiktok.com/@ines.vukajlovic/video/7376621685979565345",30200,755,31,87,"Privat","nein","leger","ja","ja","nein","nicht erkennbar","nein","https://www.tiktok.com/@ines.vukajlovic/video/7369300118631124257",13400,653,15,55,"Privat","nein","formal","nein","ja","ja","nicht erkennbar","nein","https://www.tiktok.com/@ines.vukajlovic/video/7377714990339345697",17700,458,19,31,"Arbeit","nein","leger","ja","ja","nein","erkennbar","nein","https://www.tiktok.com/@ines.vukajlovic/video/7491409191169576214",2643,422,7,2,"Privat","nein",NA,"nein","nein","nein","nicht erkennbar","nein","https://www.tiktok.com/@ines.vukajlovic/video/7541896905467677974",13300,353,89,39,"Privat","ja","formal","nein","nein","nein","nicht erkennbar","nein","https://www.tiktok.com/@ines.vukajlovic/video/7378225294454295840",6577,259,4,2,"Privat","nein","leger","ja","ja","nein","erkennbar","nein","https://www.tiktok.com/@ines.vukajlovic/video/7518727172186443030",1986,235,8,8,"Privat","ja","leger","nein","ja","nein","erkennbar","nein","https://www.tiktok.com/@ines.vukajlovic/video/7486215698751163671",2231,171,2,2,"Privat","ja","leger","nein","nein","nein","erkennbar","nein","https://www.tiktok.com/@ines.vukajlovic/video/7429461426177166625",5252,143,92,2,"Privat","nein","formal","nein","nein","nein","erkennbar","nein","https://www.tiktok.com/@ines.vukajlovic/video/7375258315405806881",8706,138,24,0,"Privat","ja","leger","ja","nein","nein","nicht erkennbar","nein"
"1.0 (2026-03-05)","doi:10.11587/BA1ORN","733","Person","Wagner","Günter","männlich",1982,"FPÖ","Steiermark","Landtag","nein",NA,"ja","ja",NA,NA,NA,NA,NA,NA,NA,NA,NA,NA,NA,NA,NA,NA,NA,NA,NA,NA,NA,NA,NA,NA,NA,NA,NA,NA,NA,NA,NA,NA,NA,NA,NA,NA,NA,NA,NA,NA,NA,NA,NA,NA,NA,NA,NA,NA,NA,NA,NA,NA,NA,NA,NA,NA,NA,NA,NA,NA,NA,NA,NA,NA,NA,NA,NA,NA,NA,NA,NA,NA,NA,NA,NA,NA,NA,NA,NA,NA,NA,NA,NA,NA,NA,NA,NA,NA,NA,NA,NA,NA,NA,NA,NA,NA,NA,NA,NA,NA,NA,NA,NA,NA,NA,NA,NA,NA,NA,NA,NA,NA,NA,NA,NA,NA,NA,NA,NA,NA,NA,NA,NA,NA,NA,NA,NA,NA,NA,NA,NA,NA,NA,NA,NA,NA,NA
"1.0 (2026-03-05)","doi:10.11587/BA1ORN","734","Person","Wagner","Michael Stefan","männlich",1992,"FPÖ","Steiermark","Landtag","nein",NA,"ja","ja",NA,NA,NA,NA,NA,NA,NA,NA,NA,NA,NA,NA,NA,NA,NA,NA,NA,NA,NA,NA,NA,NA,NA,NA,NA,NA,NA,NA,NA,NA,NA,NA,NA,NA,NA,NA,NA,NA,NA,NA,NA,NA,NA,NA,NA,NA,NA,NA,NA,NA,NA,NA,NA,NA,NA,NA,NA,NA,NA,NA,NA,NA,NA,NA,NA,NA,NA,NA,NA,NA,NA,NA,NA,NA,NA,NA,NA,NA,NA,NA,NA,NA,NA,NA,NA,NA,NA,NA,NA,NA,NA,NA,NA,NA,NA,NA,NA,NA,NA,NA,NA,NA,NA,NA,NA,NA,NA,NA,NA,NA,NA,NA,NA,NA,NA,NA,NA,NA,NA,NA,NA,NA,NA,NA,NA,NA,NA,NA,NA,NA,NA,NA,NA,NA,NA
"1.0 (2026-03-05)","doi:10.11587/BA1ORN","735","Person","Wagner","Kurt","männlich",1957,"SPÖ","Wien","Landtag","nein",NA,"nein","nein",NA,NA,NA,NA,NA,NA,NA,NA,NA,NA,NA,NA,NA,NA,NA,NA,NA,NA,NA,NA,NA,NA,NA,NA,NA,NA,NA,NA,NA,NA,NA,NA,NA,NA,NA,NA,NA,NA,NA,NA,NA,NA,NA,NA,NA,NA,NA,NA,NA,NA,NA,NA,NA,NA,NA,NA,NA,NA,NA,NA,NA,NA,NA,NA,NA,NA,NA,NA,NA,NA,NA,NA,NA,NA,NA,NA,NA,NA,NA,NA,NA,NA,NA,NA,NA,NA,NA,NA,NA,NA,NA,NA,NA,NA,NA,NA,NA,NA,NA,NA,NA,NA,NA,NA,NA,NA,NA,NA,NA,NA,NA,NA,NA,NA,NA,NA,NA,NA,NA,NA,NA,NA,NA,NA,NA,NA,NA,NA,NA,NA,NA,NA,NA,NA,NA
"1.0 (2026-03-05)","doi:10.11587/BA1ORN","736","Person","Wahl","Erich","männlich",1963,"SPÖ","Oberösterreich","Landtag","nein",NA,"ja","ja",NA,NA,NA,NA,NA,NA,NA,NA,NA,NA,NA,NA,NA,NA,NA,NA,NA,NA,NA,NA,NA,NA,NA,NA,NA,NA,NA,NA,NA,NA,NA,NA,NA,NA,NA,NA,NA,NA,NA,NA,NA,NA,NA,NA,NA,NA,NA,NA,NA,NA,NA,NA,NA,NA,NA,NA,NA,NA,NA,NA,NA,NA,NA,NA,NA,NA,NA,NA,NA,NA,NA,NA,NA,NA,NA,NA,NA,NA,NA,NA,NA,NA,NA,NA,NA,NA,NA,NA,NA,NA,NA,NA,NA,NA,NA,NA,NA,NA,NA,NA,NA,NA,NA,NA,NA,NA,NA,NA,NA,NA,NA,NA,NA,NA,NA,NA,NA,NA,NA,NA,NA,NA,NA,NA,NA,NA,NA,NA,NA,NA,NA,NA,NA,NA,NA
"1.0 (2026-03-05)","doi:10.11587/BA1ORN","737","Person","Waibel","Christoph","männlich",1965,"FPÖ","Vorarlberg","Landtag","nein",NA,"nein","ja",NA,NA,NA,NA,NA,NA,NA,NA,NA,NA,NA,NA,NA,NA,NA,NA,NA,NA,NA,NA,NA,NA,NA,NA,NA,NA,NA,NA,NA,NA,NA,NA,NA,NA,NA,NA,NA,NA,NA,NA,NA,NA,NA,NA,NA,NA,NA,NA,NA,NA,NA,NA,NA,NA,NA,NA,NA,NA,NA,NA,NA,NA,NA,NA,NA,NA,NA,NA,NA,NA,NA,NA,NA,NA,NA,NA,NA,NA,NA,NA,NA,NA,NA,NA,NA,NA,NA,NA,NA,NA,NA,NA,NA,NA,NA,NA,NA,NA,NA,NA,NA,NA,NA,NA,NA,NA,NA,NA,NA,NA,NA,NA,NA,NA,NA,NA,NA,NA,NA,NA,NA,NA,NA,NA,NA,NA,NA,NA,NA,NA,NA,NA,NA,NA,NA
"1.0 (2026-03-05)","doi:10.11587/BA1ORN","738","Person","Waitz","Thomas","männlich",1973,"GRÜNE","EU","EP","ja","https://www.tiktok.com/@thomas_waitz","ja","ja",137200,1041,218,2390700,"‍organic farmer; Politician @greensefa; ️Podcast Parlamentskammerl; thomaswaitz.eu/language/de/neuer-po","https://www.tiktok.com/@thomas_waitz/video/7462420956040940822",7000000,1300000,17300,54500,"Arbeit","nein","formal","nein","nein","nein","nicht erkennbar","nein","https://www.tiktok.com/@thomas_waitz/video/7462778071578365206",2700000,651400,16400,16600,"Privat","ja","formal","ja","nein","nein","nicht erkennbar","nein","https://www.tiktok.com/@thomas_waitz/video/7464616430839909654",463600,137000,2281,4568,"Privat","nein","leger","nein","nein","nein","nicht erkennbar","nein","https://www.tiktok.com/@thomas_waitz/video/7463852748430249238",524300,113100,5020,2839,"Arbeit","ja","formal","nein","nein","nein","nicht erkennbar","nein","https://www.tiktok.com/@thomas_waitz/video/7548945984236113184",871500,42600,1825,1188,"Arbeit","ja","leger","nein","nein","nein","nicht erkennbar","nein","https://www.tiktok.com/@thomas_waitz/video/7470576862431857942",215800,13100,913,251,"Arbeit","nein","formal","nein","nein","nein","nicht erkennbar","nein","https://www.tiktok.com/@thomas_waitz/video/7521013264029961494",105400,12600,721,480,"Privat","nein","leger","nein","nein","nein","nicht erkennbar","nein","https://www.tiktok.com/@thomas_waitz/video/7449799642193104130",103900,7855,134,536,"Arbeit","nein","formal","nein","nein","nein","nicht erkennbar","nein","https://www.tiktok.com/@thomas_waitz/video/7486529648600288534",65300,6448,458,415,"Arbeit","ja","leger","nein","nein","nein","nicht erkennbar","nein","https://www.tiktok.com/@thomas_waitz/video/7558414713827151137",22200,6137,76,79,"Privat","nein","leger","nein","ja","nein","nicht erkennbar","ja"
"1.0 (2026-03-05)","doi:10.11587/BA1ORN","739","Person","Waldhäusl","Gottfried","männlich",1965,"FPÖ","Niederösterreich","Landtag","nein",NA,"ja","ja",NA,NA,NA,NA,NA,NA,NA,NA,NA,NA,NA,NA,NA,NA,NA,NA,NA,NA,NA,NA,NA,NA,NA,NA,NA,NA,NA,NA,NA,NA,NA,NA,NA,NA,NA,NA,NA,NA,NA,NA,NA,NA,NA,NA,NA,NA,NA,NA,NA,NA,NA,NA,NA,NA,NA,NA,NA,NA,NA,NA,NA,NA,NA,NA,NA,NA,NA,NA,NA,NA,NA,NA,NA,NA,NA,NA,NA,NA,NA,NA,NA,NA,NA,NA,NA,NA,NA,NA,NA,NA,NA,NA,NA,NA,NA,NA,NA,NA,NA,NA,NA,NA,NA,NA,NA,NA,NA,NA,NA,NA,NA,NA,NA,NA,NA,NA,NA,NA,NA,NA,NA,NA,NA,NA,NA,NA,NA,NA,NA,NA,NA,NA,NA,NA,NA
"1.0 (2026-03-05)","doi:10.11587/BA1ORN","740","Person","Waldmann","Sandro","männlich",1988,"FPÖ","Burgenland","Landtag","ja","https://www.tiktok.com/@sandrowaldmann","ja","ja",142,242,39,1101,"Landtagsabgeordneter Burgenland, Bezirksparteiobmann FPÖ Bezirk Oberpullendorf","https://www.tiktok.com/@sandrowaldmann/video/7574752975042792726",4362,267,33,38,"Arbeit","nein","formal","nein","nein","nein","erkennbar","nein","https://www.tiktok.com/@sandrowaldmann/video/7557663624878247190",566,103,10,4,"Arbeit","nein","formal","nein","nein","nein","erkennbar","nein","https://www.tiktok.com/@sandrowaldmann/video/7544007430590500118",472,65,5,4,"Arbeit","nein","formal","nein","nein","nein","erkennbar","nein","https://www.tiktok.com/@sandrowaldmann/video/7558908880676326678",328,62,2,20,"Arbeit","nein","formal","nein","nein","nein","erkennbar","nein","https://www.tiktok.com/@sandrowaldmann/video/7533020236698701078",953,62,1,0,"Arbeit","nein","formal","nein","nein","nein","erkennbar","nein","https://www.tiktok.com/@sandrowaldmann/video/7535141366507048214",856,57,2,0,"Arbeit","nein","formal","nein","nein","nein","erkennbar","nein","https://www.tiktok.com/@sandrowaldmann/video/7533376304532426006",473,52,1,1,"Arbeit","nein","formal","nein","nein","nein","erkennbar","nein","https://www.tiktok.com/@sandrowaldmann/video/7536278165853949206",320,45,2,0,"Arbeit","nein","formal","nein","nein","nein","erkennbar","nein","https://www.tiktok.com/@sandrowaldmann/video/7524413656159882518",948,44,5,9,"Arbeit","nein","formal","nein","nein","nein","erkennbar","nein","https://www.tiktok.com/@sandrowaldmann/video/7521378748294319382",778,43,1,1,"Arbeit","nein","formal","nein","nein","nein","erkennbar","nein"
"1.0 (2026-03-05)","doi:10.11587/BA1ORN","741","Person","Wallner","Simon","männlich",1970,"ÖVP","Salzburg","Landtag","nein",NA,"nein","nein",NA,NA,NA,NA,NA,NA,NA,NA,NA,NA,NA,NA,NA,NA,NA,NA,NA,NA,NA,NA,NA,NA,NA,NA,NA,NA,NA,NA,NA,NA,NA,NA,NA,NA,NA,NA,NA,NA,NA,NA,NA,NA,NA,NA,NA,NA,NA,NA,NA,NA,NA,NA,NA,NA,NA,NA,NA,NA,NA,NA,NA,NA,NA,NA,NA,NA,NA,NA,NA,NA,NA,NA,NA,NA,NA,NA,NA,NA,NA,NA,NA,NA,NA,NA,NA,NA,NA,NA,NA,NA,NA,NA,NA,NA,NA,NA,NA,NA,NA,NA,NA,NA,NA,NA,NA,NA,NA,NA,NA,NA,NA,NA,NA,NA,NA,NA,NA,NA,NA,NA,NA,NA,NA,NA,NA,NA,NA,NA,NA,NA,NA,NA,NA,NA,NA
"1.0 (2026-03-05)","doi:10.11587/BA1ORN","742","Person","Wallner","Markus","männlich",1967,"ÖVP","Vorarlberg","Landesregierung","ja","https://www.tiktok.com/@lh.markus.wallner","ja","ja",366,441,3,61,"Landeshauptmann; ️Vorarlberger; ‍️bergsteigen | wandern","https://www.tiktok.com/@lh.markus.wallner/video/7424952495144848672",2076,29,0,3,NA,"nein",NA,"ja","ja","nein","nicht erkennbar","nein","https://www.tiktok.com/@lh.markus.wallner/video/7412195968059264289",901,21,1,1,"Privat","nein","leger",NA,"ja","nein","nicht erkennbar","nein","https://www.tiktok.com/@lh.markus.wallner/video/7410870285424921889",739,11,1,0,NA,"nein",NA,NA,"ja","nein","nicht erkennbar","nein",NA,NA,NA,NA,NA,NA,NA,NA,NA,NA,NA,NA,NA,NA,NA,NA,NA,NA,NA,NA,NA,NA,NA,NA,NA,NA,NA,NA,NA,NA,NA,NA,NA,NA,NA,NA,NA,NA,NA,NA,NA,NA,NA,NA,NA,NA,NA,NA,NA,NA,NA,NA,NA,NA,NA,NA,NA,NA,NA,NA,NA,NA,NA,NA,NA,NA,NA,NA,NA,NA,NA,NA,NA,NA,NA,NA,NA,NA,NA,NA,NA,NA,NA,NA,NA,NA,NA,NA,NA,NA,NA
"1.0 (2026-03-05)","doi:10.11587/BA1ORN","743","Person","Walter","Markus","männlich",1990,"KPÖ PLUS","Salzburg","Landtag","nein",NA,"ja","ja",NA,NA,NA,NA,NA,NA,NA,NA,NA,NA,NA,NA,NA,NA,NA,NA,NA,NA,NA,NA,NA,NA,NA,NA,NA,NA,NA,NA,NA,NA,NA,NA,NA,NA,NA,NA,NA,NA,NA,NA,NA,NA,NA,NA,NA,NA,NA,NA,NA,NA,NA,NA,NA,NA,NA,NA,NA,NA,NA,NA,NA,NA,NA,NA,NA,NA,NA,NA,NA,NA,NA,NA,NA,NA,NA,NA,NA,NA,NA,NA,NA,NA,NA,NA,NA,NA,NA,NA,NA,NA,NA,NA,NA,NA,NA,NA,NA,NA,NA,NA,NA,NA,NA,NA,NA,NA,NA,NA,NA,NA,NA,NA,NA,NA,NA,NA,NA,NA,NA,NA,NA,NA,NA,NA,NA,NA,NA,NA,NA,NA,NA,NA,NA,NA,NA
"1.0 (2026-03-05)","doi:10.11587/BA1ORN","744","Person","Wanner","Michael","männlich",1964,"SPÖ","Österreich","Bundesrat","nein",NA,"ja","ja",NA,NA,NA,NA,NA,NA,NA,NA,NA,NA,NA,NA,NA,NA,NA,NA,NA,NA,NA,NA,NA,NA,NA,NA,NA,NA,NA,NA,NA,NA,NA,NA,NA,NA,NA,NA,NA,NA,NA,NA,NA,NA,NA,NA,NA,NA,NA,NA,NA,NA,NA,NA,NA,NA,NA,NA,NA,NA,NA,NA,NA,NA,NA,NA,NA,NA,NA,NA,NA,NA,NA,NA,NA,NA,NA,NA,NA,NA,NA,NA,NA,NA,NA,NA,NA,NA,NA,NA,NA,NA,NA,NA,NA,NA,NA,NA,NA,NA,NA,NA,NA,NA,NA,NA,NA,NA,NA,NA,NA,NA,NA,NA,NA,NA,NA,NA,NA,NA,NA,NA,NA,NA,NA,NA,NA,NA,NA,NA,NA,NA,NA,NA,NA,NA,NA
"1.0 (2026-03-05)","doi:10.11587/BA1ORN","745","Person","Weber","Michael","männlich",1979,"ÖVP","Oberösterreich","Landtag","nein",NA,"ja","ja",NA,NA,NA,NA,NA,NA,NA,NA,NA,NA,NA,NA,NA,NA,NA,NA,NA,NA,NA,NA,NA,NA,NA,NA,NA,NA,NA,NA,NA,NA,NA,NA,NA,NA,NA,NA,NA,NA,NA,NA,NA,NA,NA,NA,NA,NA,NA,NA,NA,NA,NA,NA,NA,NA,NA,NA,NA,NA,NA,NA,NA,NA,NA,NA,NA,NA,NA,NA,NA,NA,NA,NA,NA,NA,NA,NA,NA,NA,NA,NA,NA,NA,NA,NA,NA,NA,NA,NA,NA,NA,NA,NA,NA,NA,NA,NA,NA,NA,NA,NA,NA,NA,NA,NA,NA,NA,NA,NA,NA,NA,NA,NA,NA,NA,NA,NA,NA,NA,NA,NA,NA,NA,NA,NA,NA,NA,NA,NA,NA,NA,NA,NA,NA,NA,NA
"1.0 (2026-03-05)","doi:10.11587/BA1ORN","746","Person","Weber","Bernhard","männlich",1963,"GRÜNE","Vorarlberg","Landtag","nein",NA,"ja","ja",NA,NA,NA,NA,NA,NA,NA,NA,NA,NA,NA,NA,NA,NA,NA,NA,NA,NA,NA,NA,NA,NA,NA,NA,NA,NA,NA,NA,NA,NA,NA,NA,NA,NA,NA,NA,NA,NA,NA,NA,NA,NA,NA,NA,NA,NA,NA,NA,NA,NA,NA,NA,NA,NA,NA,NA,NA,NA,NA,NA,NA,NA,NA,NA,NA,NA,NA,NA,NA,NA,NA,NA,NA,NA,NA,NA,NA,NA,NA,NA,NA,NA,NA,NA,NA,NA,NA,NA,NA,NA,NA,NA,NA,NA,NA,NA,NA,NA,NA,NA,NA,NA,NA,NA,NA,NA,NA,NA,NA,NA,NA,NA,NA,NA,NA,NA,NA,NA,NA,NA,NA,NA,NA,NA,NA,NA,NA,NA,NA,NA,NA,NA,NA,NA,NA
"1.0 (2026-03-05)","doi:10.11587/BA1ORN","747","Person","Weber","Thomas","männlich",1967,"NEOS","Wien","Landtag","ja","https://www.tiktok.com/@tho_weber","ja","ja",1143,1258,263,38300,"️ Gemeinderat & Abgeordneter zum Wiener Landtag ️‍ queering Vienna; thomasweber.at","https://www.tiktok.com/@tho_weber/video/7218092343159770394",14000,2724,19,54,"Privat","nein","formal","ja","ja","nein","erkennbar","nein","https://www.tiktok.com/@tho_weber/video/7520183916263771414",15600,720,28,48,"Privat","nein","leger","nein","ja","nein","erkennbar","nein","https://www.tiktok.com/@tho_weber/video/7168113279682743558",4781,521,3,6,"Privat","nein","leger","nein","ja","nein","erkennbar","nein","https://www.tiktok.com/@tho_weber/video/7306792595705842976",6972,516,1,17,"Arbeit","nein","formal","nein","nein","nein","erkennbar","nein","https://www.tiktok.com/@tho_weber/video/7233314974616063258",5277,494,19,13,"Privat","nein","leger","nein","nein","nein","erkennbar","nein","https://www.tiktok.com/@tho_weber/video/7383930342786321696",13700,462,164,4,"Arbeit","nein","leger","nein","nein","nein","erkennbar","nein","https://www.tiktok.com/@tho_weber/video/7408804075036282145",16800,461,7,7,"Privat","nein","formal","nein","ja","nein","erkennbar","nein","https://www.tiktok.com/@tho_weber/video/7108046144814566662",7727,433,3,4,"Privat","nein","leger","nein","ja","nein","erkennbar","nein","https://www.tiktok.com/@tho_weber/video/7412870366982327585",9515,375,10,44,"Privat","nein","leger","nein","ja","nein","erkennbar","nein","https://www.tiktok.com/@tho_weber/video/7107693099832380677",7125,358,13,2,"Arbeit","nein","formal","nein","ja","nein","erkennbar","nein"
"1.0 (2026-03-05)","doi:10.11587/BA1ORN","748","Person","Weber","Johann","männlich",1965,"ÖVP","Österreich","Nationalrat","nein",NA,"ja","ja",NA,NA,NA,NA,NA,NA,NA,NA,NA,NA,NA,NA,NA,NA,NA,NA,NA,NA,NA,NA,NA,NA,NA,NA,NA,NA,NA,NA,NA,NA,NA,NA,NA,NA,NA,NA,NA,NA,NA,NA,NA,NA,NA,NA,NA,NA,NA,NA,NA,NA,NA,NA,NA,NA,NA,NA,NA,NA,NA,NA,NA,NA,NA,NA,NA,NA,NA,NA,NA,NA,NA,NA,NA,NA,NA,NA,NA,NA,NA,NA,NA,NA,NA,NA,NA,NA,NA,NA,NA,NA,NA,NA,NA,NA,NA,NA,NA,NA,NA,NA,NA,NA,NA,NA,NA,NA,NA,NA,NA,NA,NA,NA,NA,NA,NA,NA,NA,NA,NA,NA,NA,NA,NA,NA,NA,NA,NA,NA,NA,NA,NA,NA,NA,NA,NA
"1.0 (2026-03-05)","doi:10.11587/BA1ORN","749","Person","Weber","Karl","männlich",1972,"ÖVP","Österreich","Bundesrat","nein",NA,"ja","ja",NA,NA,NA,NA,NA,NA,NA,NA,NA,NA,NA,NA,NA,NA,NA,NA,NA,NA,NA,NA,NA,NA,NA,NA,NA,NA,NA,NA,NA,NA,NA,NA,NA,NA,NA,NA,NA,NA,NA,NA,NA,NA,NA,NA,NA,NA,NA,NA,NA,NA,NA,NA,NA,NA,NA,NA,NA,NA,NA,NA,NA,NA,NA,NA,NA,NA,NA,NA,NA,NA,NA,NA,NA,NA,NA,NA,NA,NA,NA,NA,NA,NA,NA,NA,NA,NA,NA,NA,NA,NA,NA,NA,NA,NA,NA,NA,NA,NA,NA,NA,NA,NA,NA,NA,NA,NA,NA,NA,NA,NA,NA,NA,NA,NA,NA,NA,NA,NA,NA,NA,NA,NA,NA,NA,NA,NA,NA,NA,NA,NA,NA,NA,NA,NA,NA
"1.0 (2026-03-05)","doi:10.11587/BA1ORN","750","Person","Weinzierl","Maximilian","männlich",1997,"FPÖ","Österreich","Nationalrat","ja","https://www.tiktok.com/@max_fpoe","ja","ja",1364,2011,11,9485,"Abgeordneter zum Nationalrat; Bundesjugendobmann freiheitliche Jugend; www.instagram.com/maximilianweinzierl?igsh=c","https://www.tiktok.com/@max_fpoe/video/6924040957566520581",52200,2121,220,160,"Privat","nein","leger","nein","ja","nein","erkennbar","nein","https://www.tiktok.com/@max_fpoe/video/6842341697041501446",40100,751,177,68,"Arbeit","ja","formal","nein","ja","nein","erkennbar","nein","https://www.tiktok.com/@max_fpoe/video/7487524642350026006",7956,567,40,39,"Arbeit","nein","formal","nein","ja","nein","erkennbar","nein","https://www.tiktok.com/@max_fpoe/video/6834777176722787589",18900,325,0,79,"Privat","nein","leger","nein","ja","nein","erkennbar","nein","https://www.tiktok.com/@max_fpoe/video/7465039258919652630",4971,206,23,14,"Privat","nein","leger","ja","ja","nein","erkennbar","nein","https://www.tiktok.com/@max_fpoe/video/7476423143003786518",3039,205,10,20,"Privat","nein","leger","ja","ja","nein","erkennbar","nein","https://www.tiktok.com/@max_fpoe/video/6828230369339362566",12100,141,0,36,"Privat","nein","leger","nein","ja","nein","erkennbar","nein","https://www.tiktok.com/@max_fpoe/video/6863447932234976518",5145,92,20,13,"Privat","nein","leger","nein","ja","nein","erkennbar","ja","https://www.tiktok.com/@max_fpoe/video/7498437958727421206",923,77,2,13,"Arbeit","nein","formal","nein","ja","nein","erkennbar","nein","https://www.tiktok.com/@max_fpoe/video/7564805458221878550",1188,54,2,0,"Arbeit","nein","formal","nein","ja","nein","erkennbar","nein"
"1.0 (2026-03-05)","doi:10.11587/BA1ORN","751","Person","Weixlbaumer","Joachim","männlich",1967,"FPÖ","Vorarlberg","Landtag","nein",NA,"ja","ja",NA,NA,NA,NA,NA,NA,NA,NA,NA,NA,NA,NA,NA,NA,NA,NA,NA,NA,NA,NA,NA,NA,NA,NA,NA,NA,NA,NA,NA,NA,NA,NA,NA,NA,NA,NA,NA,NA,NA,NA,NA,NA,NA,NA,NA,NA,NA,NA,NA,NA,NA,NA,NA,NA,NA,NA,NA,NA,NA,NA,NA,NA,NA,NA,NA,NA,NA,NA,NA,NA,NA,NA,NA,NA,NA,NA,NA,NA,NA,NA,NA,NA,NA,NA,NA,NA,NA,NA,NA,NA,NA,NA,NA,NA,NA,NA,NA,NA,NA,NA,NA,NA,NA,NA,NA,NA,NA,NA,NA,NA,NA,NA,NA,NA,NA,NA,NA,NA,NA,NA,NA,NA,NA,NA,NA,NA,NA,NA,NA,NA,NA,NA,NA,NA,NA
"1.0 (2026-03-05)","doi:10.11587/BA1ORN","752","Person","Weninger","Hannes","männlich",1961,"SPÖ","Niederösterreich","Landtag","ja","https://www.tiktok.com/@hannesweninger","ja","ja",330,1412,81,2188,NA,"https://www.tiktok.com/@hannesweninger/video/7126053745426795781",28400,858,11,0,"Privat",NA,NA,"nein","nein","nein","nicht erkennbar","nein","https://www.tiktok.com/@hannesweninger/video/7190028401690938630",42700,586,48,0,"Privat","nein","leger","nein","nein","nein","erkennbar","nein","https://www.tiktok.com/@hannesweninger/video/7159653138109091077",436,45,1,0,"Privat","nein",NA,"nein","nein","nein","erkennbar","nein","https://www.tiktok.com/@hannesweninger/video/7121386439971032325",1403,45,2,1,"Privat","nein",NA,"nein","ja","nein","erkennbar","nein","https://www.tiktok.com/@hannesweninger/video/7219733485450267930",923,42,0,0,"Privat","nein","leger","nein","ja","nein","erkennbar","nein","https://www.tiktok.com/@hannesweninger/video/7112790790866341125",2185,39,0,1,"Privat","nein",NA,"nein","ja","nein","nicht erkennbar","nein","https://www.tiktok.com/@hannesweninger/video/7192489740178935045",7895,34,24,5,NA,"nein",NA,"ja","ja","nein","erkennbar","nein","https://www.tiktok.com/@hannesweninger/video/7072078250746334470",545,31,1,0,"Privat","nein",NA,"nein","ja","nein","nicht erkennbar","nein","https://www.tiktok.com/@hannesweninger/video/7207121976769498373",927,25,0,1,"Privat","nein",NA,"nein","ja","nein","nicht erkennbar","nein","https://www.tiktok.com/@hannesweninger/video/7192164210984471814",456,24,1,0,"Privat","nein","leger","ja","ja","nein","erkennbar","nein"
"1.0 (2026-03-05)","doi:10.11587/BA1ORN","753","Person","Weninger","Katharina","weiblich",1986,"SPÖ","Wien","Landtag","nein",NA,"ja","ja",NA,NA,NA,NA,NA,NA,NA,NA,NA,NA,NA,NA,NA,NA,NA,NA,NA,NA,NA,NA,NA,NA,NA,NA,NA,NA,NA,NA,NA,NA,NA,NA,NA,NA,NA,NA,NA,NA,NA,NA,NA,NA,NA,NA,NA,NA,NA,NA,NA,NA,NA,NA,NA,NA,NA,NA,NA,NA,NA,NA,NA,NA,NA,NA,NA,NA,NA,NA,NA,NA,NA,NA,NA,NA,NA,NA,NA,NA,NA,NA,NA,NA,NA,NA,NA,NA,NA,NA,NA,NA,NA,NA,NA,NA,NA,NA,NA,NA,NA,NA,NA,NA,NA,NA,NA,NA,NA,NA,NA,NA,NA,NA,NA,NA,NA,NA,NA,NA,NA,NA,NA,NA,NA,NA,NA,NA,NA,NA,NA,NA,NA,NA,NA,NA,NA
"1.0 (2026-03-05)","doi:10.11587/BA1ORN","754","Person","Whitfield","Michelle","weiblich",1974,"FPÖ","Burgenland","Landtag","nein",NA,"ja","ja",NA,NA,NA,NA,NA,NA,NA,NA,NA,NA,NA,NA,NA,NA,NA,NA,NA,NA,NA,NA,NA,NA,NA,NA,NA,NA,NA,NA,NA,NA,NA,NA,NA,NA,NA,NA,NA,NA,NA,NA,NA,NA,NA,NA,NA,NA,NA,NA,NA,NA,NA,NA,NA,NA,NA,NA,NA,NA,NA,NA,NA,NA,NA,NA,NA,NA,NA,NA,NA,NA,NA,NA,NA,NA,NA,NA,NA,NA,NA,NA,NA,NA,NA,NA,NA,NA,NA,NA,NA,NA,NA,NA,NA,NA,NA,NA,NA,NA,NA,NA,NA,NA,NA,NA,NA,NA,NA,NA,NA,NA,NA,NA,NA,NA,NA,NA,NA,NA,NA,NA,NA,NA,NA,NA,NA,NA,NA,NA,NA,NA,NA,NA,NA,NA,NA
"1.0 (2026-03-05)","doi:10.11587/BA1ORN","755","Person","Wiederkehr","Christoph","männlich",1990,"NEOS","Österreich","Bundesregierung","ja","https://www.tiktok.com/@chriswiederkehr","ja","ja",1232,1261,141,16800,"Christoph Wiederkehr Österreichischer Bildungsminister IG @chriswiederkehr","https://www.tiktok.com/@chriswiederkehr/video/7322499940951870753",87000,4193,42,123,NA,NA,NA,"nein","nein","nein","nicht erkennbar","nein","https://www.tiktok.com/@chriswiederkehr/video/7436431859204001056",24200,939,30,111,"Arbeit","nein","formal","nein","ja","nein","nicht erkennbar","nein","https://www.tiktok.com/@chriswiederkehr/video/7119491872149490949",10900,626,46,13,NA,NA,NA,"nein","ja","nein","nicht erkennbar","nein","https://www.tiktok.com/@chriswiederkehr/video/7112377255942196486",7976,508,21,5,"Privat","nein","formal","nein","ja","nein","nicht erkennbar","nein","https://www.tiktok.com/@chriswiederkehr/video/7283790795474242848",18700,459,48,15,"Arbeit","ja","formal","nein","nein","nein","nicht erkennbar","nein","https://www.tiktok.com/@chriswiederkehr/video/7245673653864566042",7914,456,2,24,NA,NA,NA,"nein","ja","nein","nicht erkennbar","nein","https://www.tiktok.com/@chriswiederkehr/video/7322104312652401953",15300,437,7,32,NA,NA,NA,"nein","nein","nein","nicht erkennbar","nein","https://www.tiktok.com/@chriswiederkehr/video/7111034428939455750",15300,430,26,21,"Privat","nein","formal","nein","ja","nein","nicht erkennbar","nein","https://www.tiktok.com/@chriswiederkehr/video/7106142050151566597",11600,321,7,7,"Arbeit","nein","formal","nein","ja","nein","nicht erkennbar","nein","https://www.tiktok.com/@chriswiederkehr/video/7395249531165740320",29300,319,8,28,"Arbeit","nein","formal","nein","nein","nein","nicht erkennbar","nein"
"1.0 (2026-03-05)","doi:10.11587/BA1ORN","756","Person","Wieninger","Pia Maria","weiblich",1982,"SPÖ","Österreich","Nationalrat","nein",NA,"ja","ja",NA,NA,NA,NA,NA,NA,NA,NA,NA,NA,NA,NA,NA,NA,NA,NA,NA,NA,NA,NA,NA,NA,NA,NA,NA,NA,NA,NA,NA,NA,NA,NA,NA,NA,NA,NA,NA,NA,NA,NA,NA,NA,NA,NA,NA,NA,NA,NA,NA,NA,NA,NA,NA,NA,NA,NA,NA,NA,NA,NA,NA,NA,NA,NA,NA,NA,NA,NA,NA,NA,NA,NA,NA,NA,NA,NA,NA,NA,NA,NA,NA,NA,NA,NA,NA,NA,NA,NA,NA,NA,NA,NA,NA,NA,NA,NA,NA,NA,NA,NA,NA,NA,NA,NA,NA,NA,NA,NA,NA,NA,NA,NA,NA,NA,NA,NA,NA,NA,NA,NA,NA,NA,NA,NA,NA,NA,NA,NA,NA,NA,NA,NA,NA,NA,NA
"1.0 (2026-03-05)","doi:10.11587/BA1ORN","757","Person","Wieser","Johannes","männlich",1984,"ÖVP","Steiermark","Landtag","ja","https://www.tiktok.com/@beewieser","ja","ja",539,1026,10,1777,NA,"https://www.tiktok.com/@beewieser/video/7193425030125079813",14000,1303,4,99,NA,NA,NA,"nein","ja","nein","nicht erkennbar","nein","https://www.tiktok.com/@beewieser/video/7500519214818659606",3769,180,1,6,NA,NA,NA,"nein","nein","nein","nicht erkennbar","nein","https://www.tiktok.com/@beewieser/video/7566711235375287574",1853,75,0,16,"Privat","nein","leger","nein","nein","nein","nicht erkennbar","ja","https://www.tiktok.com/@beewieser/video/7194156436727876870",1961,64,0,1,NA,NA,NA,"nein","ja","nein","nicht erkennbar","nein","https://www.tiktok.com/@beewieser/video/7572291339711188246",1227,36,1,0,NA,NA,NA,"nein","ja","nein","nicht erkennbar","nein","https://www.tiktok.com/@beewieser/video/7513938324633963798",775,33,2,6,NA,NA,NA,"nein","ja","nein","nicht erkennbar","nein","https://www.tiktok.com/@beewieser/video/7517918360638704918",1513,31,0,0,NA,NA,NA,"nein","nein","nein","nicht erkennbar","nein","https://www.tiktok.com/@beewieser/video/7383549019903036704",1095,21,0,1,NA,NA,NA,"nein","nein","nein","nicht erkennbar","nein","https://www.tiktok.com/@beewieser/video/7510863812304719126",704,18,0,0,NA,NA,NA,"nein","ja","nein","nicht erkennbar","nein","https://www.tiktok.com/@beewieser/video/7505846879939202326",1025,14,0,1,"Privat","ja","formal","nein","ja","nein","erkennbar","nein"
"1.0 (2026-03-05)","doi:10.11587/BA1ORN","758","Person","Wiesler","Markus","männlich",1976,"FPÖ","Burgenland","Landtag","nein",NA,"nein","ja",NA,NA,NA,NA,NA,NA,NA,NA,NA,NA,NA,NA,NA,NA,NA,NA,NA,NA,NA,NA,NA,NA,NA,NA,NA,NA,NA,NA,NA,NA,NA,NA,NA,NA,NA,NA,NA,NA,NA,NA,NA,NA,NA,NA,NA,NA,NA,NA,NA,NA,NA,NA,NA,NA,NA,NA,NA,NA,NA,NA,NA,NA,NA,NA,NA,NA,NA,NA,NA,NA,NA,NA,NA,NA,NA,NA,NA,NA,NA,NA,NA,NA,NA,NA,NA,NA,NA,NA,NA,NA,NA,NA,NA,NA,NA,NA,NA,NA,NA,NA,NA,NA,NA,NA,NA,NA,NA,NA,NA,NA,NA,NA,NA,NA,NA,NA,NA,NA,NA,NA,NA,NA,NA,NA,NA,NA,NA,NA,NA,NA,NA,NA,NA,NA,NA
"1.0 (2026-03-05)","doi:10.11587/BA1ORN","759","Person","Wilfing","Karl","männlich",1960,"ÖVP","Niederösterreich","Landtag","nein",NA,"nein","ja",NA,NA,NA,NA,NA,NA,NA,NA,NA,NA,NA,NA,NA,NA,NA,NA,NA,NA,NA,NA,NA,NA,NA,NA,NA,NA,NA,NA,NA,NA,NA,NA,NA,NA,NA,NA,NA,NA,NA,NA,NA,NA,NA,NA,NA,NA,NA,NA,NA,NA,NA,NA,NA,NA,NA,NA,NA,NA,NA,NA,NA,NA,NA,NA,NA,NA,NA,NA,NA,NA,NA,NA,NA,NA,NA,NA,NA,NA,NA,NA,NA,NA,NA,NA,NA,NA,NA,NA,NA,NA,NA,NA,NA,NA,NA,NA,NA,NA,NA,NA,NA,NA,NA,NA,NA,NA,NA,NA,NA,NA,NA,NA,NA,NA,NA,NA,NA,NA,NA,NA,NA,NA,NA,NA,NA,NA,NA,NA,NA,NA,NA,NA,NA,NA,NA
"1.0 (2026-03-05)","doi:10.11587/BA1ORN","760","Person","Willegger","Rene","männlich",1970,"SPÖ","Kärnten","Landtag","nein",NA,"nein","ja",NA,NA,NA,NA,NA,NA,NA,NA,NA,NA,NA,NA,NA,NA,NA,NA,NA,NA,NA,NA,NA,NA,NA,NA,NA,NA,NA,NA,NA,NA,NA,NA,NA,NA,NA,NA,NA,NA,NA,NA,NA,NA,NA,NA,NA,NA,NA,NA,NA,NA,NA,NA,NA,NA,NA,NA,NA,NA,NA,NA,NA,NA,NA,NA,NA,NA,NA,NA,NA,NA,NA,NA,NA,NA,NA,NA,NA,NA,NA,NA,NA,NA,NA,NA,NA,NA,NA,NA,NA,NA,NA,NA,NA,NA,NA,NA,NA,NA,NA,NA,NA,NA,NA,NA,NA,NA,NA,NA,NA,NA,NA,NA,NA,NA,NA,NA,NA,NA,NA,NA,NA,NA,NA,NA,NA,NA,NA,NA,NA,NA,NA,NA,NA,NA,NA
"1.0 (2026-03-05)","doi:10.11587/BA1ORN","761","Person","Winkler","Daniela","weiblich",1980,"SPÖ","Burgenland","Landesregierung","nein",NA,"ja","ja",NA,NA,NA,NA,NA,NA,NA,NA,NA,NA,NA,NA,NA,NA,NA,NA,NA,NA,NA,NA,NA,NA,NA,NA,NA,NA,NA,NA,NA,NA,NA,NA,NA,NA,NA,NA,NA,NA,NA,NA,NA,NA,NA,NA,NA,NA,NA,NA,NA,NA,NA,NA,NA,NA,NA,NA,NA,NA,NA,NA,NA,NA,NA,NA,NA,NA,NA,NA,NA,NA,NA,NA,NA,NA,NA,NA,NA,NA,NA,NA,NA,NA,NA,NA,NA,NA,NA,NA,NA,NA,NA,NA,NA,NA,NA,NA,NA,NA,NA,NA,NA,NA,NA,NA,NA,NA,NA,NA,NA,NA,NA,NA,NA,NA,NA,NA,NA,NA,NA,NA,NA,NA,NA,NA,NA,NA,NA,NA,NA,NA,NA,NA,NA,NA,NA
"1.0 (2026-03-05)","doi:10.11587/BA1ORN","762","Person","Winkler","Martin","männlich",1963,"SPÖ","Oberösterreich","Landesregierung","nein",NA,"ja","ja",NA,NA,NA,NA,NA,NA,NA,NA,NA,NA,NA,NA,NA,NA,NA,NA,NA,NA,NA,NA,NA,NA,NA,NA,NA,NA,NA,NA,NA,NA,NA,NA,NA,NA,NA,NA,NA,NA,NA,NA,NA,NA,NA,NA,NA,NA,NA,NA,NA,NA,NA,NA,NA,NA,NA,NA,NA,NA,NA,NA,NA,NA,NA,NA,NA,NA,NA,NA,NA,NA,NA,NA,NA,NA,NA,NA,NA,NA,NA,NA,NA,NA,NA,NA,NA,NA,NA,NA,NA,NA,NA,NA,NA,NA,NA,NA,NA,NA,NA,NA,NA,NA,NA,NA,NA,NA,NA,NA,NA,NA,NA,NA,NA,NA,NA,NA,NA,NA,NA,NA,NA,NA,NA,NA,NA,NA,NA,NA,NA,NA,NA,NA,NA,NA,NA
"1.0 (2026-03-05)","doi:10.11587/BA1ORN","763","Person","Winzig","Angelika","weiblich",1963,"ÖVP","EU","EP","nein",NA,"ja","ja",NA,NA,NA,NA,NA,NA,NA,NA,NA,NA,NA,NA,NA,NA,NA,NA,NA,NA,NA,NA,NA,NA,NA,NA,NA,NA,NA,NA,NA,NA,NA,NA,NA,NA,NA,NA,NA,NA,NA,NA,NA,NA,NA,NA,NA,NA,NA,NA,NA,NA,NA,NA,NA,NA,NA,NA,NA,NA,NA,NA,NA,NA,NA,NA,NA,NA,NA,NA,NA,NA,NA,NA,NA,NA,NA,NA,NA,NA,NA,NA,NA,NA,NA,NA,NA,NA,NA,NA,NA,NA,NA,NA,NA,NA,NA,NA,NA,NA,NA,NA,NA,NA,NA,NA,NA,NA,NA,NA,NA,NA,NA,NA,NA,NA,NA,NA,NA,NA,NA,NA,NA,NA,NA,NA,NA,NA,NA,NA,NA,NA,NA,NA,NA,NA,NA
"1.0 (2026-03-05)","doi:10.11587/BA1ORN","764","Person","Wirnsberger","Christina","weiblich",1982,"GRÜNE","Wien","Landtag","nein",NA,"ja","ja",NA,NA,NA,NA,NA,NA,NA,NA,NA,NA,NA,NA,NA,NA,NA,NA,NA,NA,NA,NA,NA,NA,NA,NA,NA,NA,NA,NA,NA,NA,NA,NA,NA,NA,NA,NA,NA,NA,NA,NA,NA,NA,NA,NA,NA,NA,NA,NA,NA,NA,NA,NA,NA,NA,NA,NA,NA,NA,NA,NA,NA,NA,NA,NA,NA,NA,NA,NA,NA,NA,NA,NA,NA,NA,NA,NA,NA,NA,NA,NA,NA,NA,NA,NA,NA,NA,NA,NA,NA,NA,NA,NA,NA,NA,NA,NA,NA,NA,NA,NA,NA,NA,NA,NA,NA,NA,NA,NA,NA,NA,NA,NA,NA,NA,NA,NA,NA,NA,NA,NA,NA,NA,NA,NA,NA,NA,NA,NA,NA,NA,NA,NA,NA,NA,NA
"1.0 (2026-03-05)","doi:10.11587/BA1ORN","765","Person","Wohlfahrtstätter","Petra","weiblich",1969,"GRÜNE","Tirol","Landtag","nein",NA,"ja","ja",NA,NA,NA,NA,NA,NA,NA,NA,NA,NA,NA,NA,NA,NA,NA,NA,NA,NA,NA,NA,NA,NA,NA,NA,NA,NA,NA,NA,NA,NA,NA,NA,NA,NA,NA,NA,NA,NA,NA,NA,NA,NA,NA,NA,NA,NA,NA,NA,NA,NA,NA,NA,NA,NA,NA,NA,NA,NA,NA,NA,NA,NA,NA,NA,NA,NA,NA,NA,NA,NA,NA,NA,NA,NA,NA,NA,NA,NA,NA,NA,NA,NA,NA,NA,NA,NA,NA,NA,NA,NA,NA,NA,NA,NA,NA,NA,NA,NA,NA,NA,NA,NA,NA,NA,NA,NA,NA,NA,NA,NA,NA,NA,NA,NA,NA,NA,NA,NA,NA,NA,NA,NA,NA,NA,NA,NA,NA,NA,NA,NA,NA,NA,NA,NA,NA
"1.0 (2026-03-05)","doi:10.11587/BA1ORN","766","Person","Wohlgemuth","Philip","männlich",1987,"SPÖ","Tirol","Landesregierung","ja","https://www.tiktok.com/@philip.wohlgemuth","ja","nein",824,1275,108,4154,". Landeshauptmann-Stellvertreter von Tirol & Gf. Landesparteivorsitzender SPÖ","https://www.tiktok.com/@philip.wohlgemuth/video/7497665435949731094",6938,233,3,13,"Privat","nein","leger","nein","ja","nein","nicht erkennbar","nein","https://www.tiktok.com/@philip.wohlgemuth/video/7565186500862807318",1787,162,0,1,"Privat","nein","leger","nein","ja","nein","nicht erkennbar","nein","https://www.tiktok.com/@philip.wohlgemuth/video/7404361642206694688",1165,129,6,0,NA,NA,NA,"nein","ja","nein","nicht erkennbar","nein","https://www.tiktok.com/@philip.wohlgemuth/video/7468292773280533782",2617,95,16,6,"Arbeit","nein","formal","nein","nein","nein","nicht erkennbar","nein","https://www.tiktok.com/@philip.wohlgemuth/video/7464297369354472726",2585,84,0,1,"Privat","nein","leger","nein","ja","nein","nicht erkennbar","nein","https://www.tiktok.com/@philip.wohlgemuth/video/7467937038495468822",1931,80,5,12,"Arbeit","nein","formal","nein","nein","nein","nicht erkennbar","ja","https://www.tiktok.com/@philip.wohlgemuth/video/7562223416678386966",1507,76,1,6,"Privat","nein","formal","nein","ja","nein","nicht erkennbar","ja","https://www.tiktok.com/@philip.wohlgemuth/video/7472809112854711574",1125,76,22,0,"Arbeit","nein","formal","nein","nein","nein","erkennbar","nein","https://www.tiktok.com/@philip.wohlgemuth/video/7439045111176006944",3917,75,26,3,"Arbeit","nein","formal","nein","nein","nein","erkennbar","nein","https://www.tiktok.com/@philip.wohlgemuth/video/7480196084053150998",3783,70,1,8,"Privat","nein","leger","nein","ja","nein","erkennbar","nein"
"1.0 (2026-03-05)","doi:10.11587/BA1ORN","767","Person","Wolf","Jakob","männlich",1966,"ÖVP","Tirol","Landtag","nein",NA,"ja","ja",NA,NA,NA,NA,NA,NA,NA,NA,NA,NA,NA,NA,NA,NA,NA,NA,NA,NA,NA,NA,NA,NA,NA,NA,NA,NA,NA,NA,NA,NA,NA,NA,NA,NA,NA,NA,NA,NA,NA,NA,NA,NA,NA,NA,NA,NA,NA,NA,NA,NA,NA,NA,NA,NA,NA,NA,NA,NA,NA,NA,NA,NA,NA,NA,NA,NA,NA,NA,NA,NA,NA,NA,NA,NA,NA,NA,NA,NA,NA,NA,NA,NA,NA,NA,NA,NA,NA,NA,NA,NA,NA,NA,NA,NA,NA,NA,NA,NA,NA,NA,NA,NA,NA,NA,NA,NA,NA,NA,NA,NA,NA,NA,NA,NA,NA,NA,NA,NA,NA,NA,NA,NA,NA,NA,NA,NA,NA,NA,NA,NA,NA,NA,NA,NA,NA
"1.0 (2026-03-05)","doi:10.11587/BA1ORN","768","Person","Worotynski","Filip","männlich",1994,"SPÖ","Wien","Landtag","nein",NA,"ja","nein",NA,NA,NA,NA,NA,NA,NA,NA,NA,NA,NA,NA,NA,NA,NA,NA,NA,NA,NA,NA,NA,NA,NA,NA,NA,NA,NA,NA,NA,NA,NA,NA,NA,NA,NA,NA,NA,NA,NA,NA,NA,NA,NA,NA,NA,NA,NA,NA,NA,NA,NA,NA,NA,NA,NA,NA,NA,NA,NA,NA,NA,NA,NA,NA,NA,NA,NA,NA,NA,NA,NA,NA,NA,NA,NA,NA,NA,NA,NA,NA,NA,NA,NA,NA,NA,NA,NA,NA,NA,NA,NA,NA,NA,NA,NA,NA,NA,NA,NA,NA,NA,NA,NA,NA,NA,NA,NA,NA,NA,NA,NA,NA,NA,NA,NA,NA,NA,NA,NA,NA,NA,NA,NA,NA,NA,NA,NA,NA,NA,NA,NA,NA,NA,NA,NA
"1.0 (2026-03-05)","doi:10.11587/BA1ORN","769","Person","Wotschke","Sophie Marie","weiblich",1998,"NEOS","Österreich","Nationalrat","ja","https://www.tiktok.com/@sophiewotschke","ja","ja",1480,736,118,33300,"Jüngste Nationalratsabgeordnete AT Migration & Asyl | Justiz | Jugend","https://www.tiktok.com/@sophiewotschke/video/7520234640825650434?is_from_webapp=1&sender_device=pc&web_id=7571410377348728342",133900,4330,198,224,"Arbeit","nein","formal","nein","nein","nein","nicht erkennbar","nein","https://www.tiktok.com/@sophiewotschke/video/7541315649230867734?is_from_webapp=1&sender_device=pc&web_id=7571410377348728342",36100,2120,47,818,NA,NA,NA,"nein","ja","nein","nicht erkennbar","ja","https://www.tiktok.com/@sophiewotschke/video/7570958035485576470?is_from_webapp=1&sender_device=pc&web_id=7571410377348728342",48500,1877,11,11,"Arbeit","nein","formal","nein","nein","nein","nicht erkennbar","nein","https://www.tiktok.com/@sophiewotschke/video/7515832319442259222?is_from_webapp=1&sender_device=pc&web_id=7571410377348728342",29400,1307,18,4,"Arbeit","nein","formal","nein","ja","nein","nicht erkennbar","nein","https://www.tiktok.com/@sophiewotschke/video/7499485397962034454?is_from_webapp=1&sender_device=pc&web_id=7571410377348728342",46800,1207,115,69,"Privat","ja","leger","nein","nein","nein","nicht erkennbar","nein","https://www.tiktok.com/@sophiewotschke/video/7533266209014435094?is_from_webapp=1&sender_device=pc&web_id=7571410377348728342",16800,648,28,6,"Arbeit","nein","formal","nein","ja","nein","nicht erkennbar","nein","https://www.tiktok.com/@sophiewotschke/video/7522762084556229910?is_from_webapp=1&sender_device=pc&web_id=7571410377348728342",23600,566,42,4,"Arbeit","nein","formal","nein","ja","nein","nicht erkennbar","nein","https://www.tiktok.com/@sophiewotschke/video/7548739459043298582?is_from_webapp=1&sender_device=pc&web_id=7571410377348728342",10100,561,7,6,"Arbeit","nein","formal","nein","ja","nein","nicht erkennbar","nein","https://www.tiktok.com/@sophiewotschke/video/7527210775207742742?is_from_webapp=1&sender_device=pc&web_id=7571410377348728342",16400,404,25,5,"Arbeit","nein","formal","ja","ja","nein","nicht erkennbar","nein","https://www.tiktok.com/@sophiewotschke/video/7410134332305689888?is_from_webapp=1&sender_device=pc&web_id=7571410377348728342",11200,363,19,30,"Privat","nein","leger","ja","nein","nein","nicht erkennbar","nein"
"1.0 (2026-03-05)","doi:10.11587/BA1ORN","770","Person","Wurm","Peter","männlich",1965,"FPÖ","Österreich","Nationalrat","ja","https://www.tiktok.com/@peter.wurm","ja","ja",3498,1126,75,36200,"Nationalratsabgeordneter der FPÖ AT Sprecher für Konsumentenschutz","https://www.tiktok.com/@peter.wurm/video/7408932718890732833?is_from_webapp=1&sender_device=pc&web_id=7571410377348728342",45200,3268,144,491,"Privat","nein","leger","nein","nein","nein","erkennbar","nein","https://www.tiktok.com/@peter.wurm/video/7412531294040509728?is_from_webapp=1&sender_device=pc&web_id=7571410377348728342",85000,3102,171,258,"Privat","nein","leger","nein","nein","nein","erkennbar","nein","https://www.tiktok.com/@peter.wurm/video/7158089351128255750?is_from_webapp=1&sender_device=pc&web_id=7571410377348728342",60000,3032,109,136,"Privat","nein","formal","nein","nein","nein","erkennbar","nein","https://www.tiktok.com/@peter.wurm/video/7413657756785249568?is_from_webapp=1&sender_device=pc&web_id=7571410377348728342",53900,2846,116,715,"Privat","nein","leger","ja","nein","nein","erkennbar","nein","https://www.tiktok.com/@peter.wurm/video/7481240562729782550?is_from_webapp=1&sender_device=pc&web_id=7571410377348728342",33200,2211,293,358,"Arbeit","nein","formal","nein","nein","nein","erkennbar","nein","https://www.tiktok.com/@peter.wurm/video/7410485200917990688?is_from_webapp=1&sender_device=pc&web_id=7571410377348728342",28400,1924,200,100,"Privat","nein","formal","ja","ja","nein","erkennbar","nein","https://www.tiktok.com/@peter.wurm/video/7163631324983528710?is_from_webapp=1&sender_device=pc&web_id=7571410377348728342",41500,1518,73,750,"Privat","nein","formal","ja","nein","nein","nicht erkennbar","nein","https://www.tiktok.com/@peter.wurm/video/7411057501036137760?is_from_webapp=1&sender_device=pc&web_id=7571410377348728342",43000,1468,183,96,"Privat","nein","leger","nein","nein","nein","erkennbar","nein","https://www.tiktok.com/@peter.wurm/video/7486863228421655830?is_from_webapp=1&sender_device=pc&web_id=7571410377348728342",18500,964,70,76,"Arbeit","nein","formal","nein","nein","nein","erkennbar","nein","https://www.tiktok.com/@peter.wurm/video/7407880940065656097?is_from_webapp=1&sender_device=pc&web_id=7571410377348728342",16500,930,91,64,"Privat","nein","leger","ja","nein","nein","erkennbar","nein"
"1.0 (2026-03-05)","doi:10.11587/BA1ORN","771","Person","Wöginger","August","männlich",1974,"ÖVP","Österreich","Nationalrat","ja","https://www.tiktok.com/@gustwoeginger","ja","ja",1761,1303,233,17000,"Klubobmann der Volkspartei","https://www.tiktok.com/@marlenesvazek/video/7197094628338715910",46200,1045,77,73,"Arbeit","nein","formal","nein","nein","nein","nicht erkennbar","nein","https://www.tiktok.com/@gustwoeginger/video/7184795888177483013",32200,1035,26,11,"Arbeit",NA,NA,"nein","ja","nein","nicht erkennbar","nein","https://www.tiktok.com/@gustwoeginger/video/7184065115854032133",15200,574,26,19,NA,NA,NA,"nein","ja","nein","nicht erkennbar","nein","https://www.tiktok.com/@gustwoeginger/video/7520991112375373078",30700,482,54,52,"Arbeit",NA,NA,"nein","nein","nein","erkennbar","nein","https://www.tiktok.com/@gustwoeginger/video/7540689058591296790",16000,442,12,10,"Privat","nein","formal","nein","nein","nein","nicht erkennbar","nein","https://www.tiktok.com/@gustwoeginger/video/7094198681854823685",18100,358,6,3,NA,NA,NA,"nein","ja","nein","nicht erkennbar","nein","https://www.tiktok.com/@gustwoeginger/video/7290147023356054817",10600,319,8,8,NA,NA,NA,"nein","nein","nein","nicht erkennbar","nein","https://www.tiktok.com/@gustwoeginger/photo/7514275406610976022",8781,292,28,27,NA,NA,NA,"nein","ja","nein","nicht erkennbar","nein","https://www.tiktok.com/@gustwoeginger/video/7091228617493024006",9962,290,40,43,"Arbeit","nein","formal","nein","nein","nein","nicht erkennbar","nein","https://www.tiktok.com/@gustwoeginger/video/7145819492113796357",16300,247,28,34,"Arbeit","nein","formal","nein","nein","nein","nicht erkennbar","nein"
"1.0 (2026-03-05)","doi:10.11587/BA1ORN","772","Person","Wührer","Mario","männlich",1977,"ÖVP","Niederösterreich","Landtag","nein",NA,"nein","nein",NA,NA,NA,NA,NA,NA,NA,NA,NA,NA,NA,NA,NA,NA,NA,NA,NA,NA,NA,NA,NA,NA,NA,NA,NA,NA,NA,NA,NA,NA,NA,NA,NA,NA,NA,NA,NA,NA,NA,NA,NA,NA,NA,NA,NA,NA,NA,NA,NA,NA,NA,NA,NA,NA,NA,NA,NA,NA,NA,NA,NA,NA,NA,NA,NA,NA,NA,NA,NA,NA,NA,NA,NA,NA,NA,NA,NA,NA,NA,NA,NA,NA,NA,NA,NA,NA,NA,NA,NA,NA,NA,NA,NA,NA,NA,NA,NA,NA,NA,NA,NA,NA,NA,NA,NA,NA,NA,NA,NA,NA,NA,NA,NA,NA,NA,NA,NA,NA,NA,NA,NA,NA,NA,NA,NA,NA,NA,NA,NA,NA,NA,NA,NA,NA,NA
"1.0 (2026-03-05)","doi:10.11587/BA1ORN","773","Person","Yildirim","Selma","weiblich",1969,"SPÖ","Österreich","Nationalrat","nein",NA,"ja","ja",NA,NA,NA,NA,NA,NA,NA,NA,NA,NA,NA,NA,NA,NA,NA,NA,NA,NA,NA,NA,NA,NA,NA,NA,NA,NA,NA,NA,NA,NA,NA,NA,NA,NA,NA,NA,NA,NA,NA,NA,NA,NA,NA,NA,NA,NA,NA,NA,NA,NA,NA,NA,NA,NA,NA,NA,NA,NA,NA,NA,NA,NA,NA,NA,NA,NA,NA,NA,NA,NA,NA,NA,NA,NA,NA,NA,NA,NA,NA,NA,NA,NA,NA,NA,NA,NA,NA,NA,NA,NA,NA,NA,NA,NA,NA,NA,NA,NA,NA,NA,NA,NA,NA,NA,NA,NA,NA,NA,NA,NA,NA,NA,NA,NA,NA,NA,NA,NA,NA,NA,NA,NA,NA,NA,NA,NA,NA,NA,NA,NA,NA,NA,NA,NA,NA
"1.0 (2026-03-05)","doi:10.11587/BA1ORN","774","Person","Zadić","Alma","weiblich",1984,"GRÜNE","Österreich","Nationalrat","ja","https://www.tiktok.com/@alma_zadic","ja","ja",17000,1061,248,343300,"Justizsprecherin und stv. Klubobfrau bei @Die Grünen","https://www.tiktok.com/@alma_zadic/video/7349838295548890401?is_from_webapp=1&sender_device=pc&web_id=7571410377348728342",806200,37700,1372,4217,"Arbeit","nein","formal","nein","nein","nein","nicht erkennbar","ja","https://www.tiktok.com/@alma_zadic/video/7181932818010852613?is_from_webapp=1&sender_device=pc&web_id=7571410377348728342",405600,20200,1258,1876,"Arbeit","nein","formal","nein","nein","nein","nicht erkennbar","nein","https://www.tiktok.com/@alma_zadic/video/7414522775424994592?is_from_webapp=1&sender_device=pc&web_id=7571410377348728342",269900,20000,543,3773,"Arbeit","nein","formal","nein","nein","nein","nicht erkennbar","nein","https://www.tiktok.com/@alma_zadic/video/7345579381621902624?is_from_webapp=1&sender_device=pc&web_id=7571410377348728342",312400,15700,1487,1183,"Arbeit","nein","formal","nein","nein","nein","nicht erkennbar","nein","https://www.tiktok.com/@alma_zadic/video/7193276905284553990?is_from_webapp=1&sender_device=pc&web_id=7571410377348728342",226500,12200,127,1641,"Privat","nein","leger","nein","nein","nein","nicht erkennbar","nein","https://www.tiktok.com/@alma_zadic/video/7218884788034211077?is_from_webapp=1&sender_device=pc&web_id=7571410377348728342",270900,11600,677,702,"Arbeit","nein","formal","nein","nein","nein","nicht erkennbar","nein","https://www.tiktok.com/@alma_zadic/video/7416666717373353248?is_from_webapp=1&sender_device=pc&web_id=7571410377348728342",351800,11100,216,940,"Privat","nein","formal","nein","ja","nein","nicht erkennbar","nein","https://www.tiktok.com/@alma_zadic/video/7524781689428544790?is_from_webapp=1&sender_device=pc&web_id=7571410377348728342",182400,10400,442,1001,"Arbeit","nein","formal","nein","ja","nein","nicht erkennbar","nein","https://www.tiktok.com/@alma_zadic/video/7202622315153181957?is_from_webapp=1&sender_device=pc&web_id=7571410377348728342",179300,10100,326,703,"Arbeit","nein","formal","ja","nein","ja","nicht erkennbar","nein","https://www.tiktok.com/@alma_zadic/video/7221988224942542085?is_from_webapp=1&sender_device=pc&web_id=7571410377348728342",204200,9872,498,796,"Privat","nein","leger","nein","nein","nein","nicht erkennbar","ja"
"1.0 (2026-03-05)","doi:10.11587/BA1ORN","775","Person","Zadra","Daniel","männlich",1984,"GRÜNE","Vorarlberg","Landtag","ja","https://www.tiktok.com/@daniel_zadra1","ja","ja",248,644,6,192,"Klubobmann der @Die Grünen Vorarlberg","https://www.tiktok.com/@daniel_zadra1/video/7338869910069726496?is_from_webapp=1&sender_device=pc&web_id=7571410377348728342",19300,128,1,5,"Privat","ja","leger","nein","nein","nein","nicht erkennbar","nein","https://www.tiktok.com/@daniel_zadra1/video/7362884432350514465?is_from_webapp=1&sender_device=pc&web_id=7571410377348728342",1035,17,0,1,"Privat","nein","leger","nein","nein","nein","erkennbar","nein","https://www.tiktok.com/@daniel_zadra1/video/7335076833802669344?is_from_webapp=1&sender_device=pc&web_id=7571410377348728342",2060,14,0,0,"Privat","nein","leger","nein","ja","nein","erkennbar","nein","https://www.tiktok.com/@daniel_zadra1/video/7338905828474244385?is_from_webapp=1&sender_device=pc&web_id=7571410377348728342",932,13,0,0,NA,NA,NA,"nein","nein",NA,"nicht erkennbar","nein","https://www.tiktok.com/@daniel_zadra1/video/7363331549405728032?is_from_webapp=1&sender_device=pc&web_id=7571410377348728342",165,12,0,5,"Privat","nein","leger","nein","nein","nein","erkennbar","nein","https://www.tiktok.com/@daniel_zadra1/video/7348426237804563745?is_from_webapp=1&sender_device=pc&web_id=7571410377348728342",95,7,0,0,NA,NA,NA,"nein","ja",NA,"nicht erkennbar","nein",NA,NA,NA,NA,NA,NA,NA,NA,NA,NA,NA,NA,NA,NA,NA,NA,NA,NA,NA,NA,NA,NA,NA,NA,NA,NA,NA,NA,NA,NA,NA,NA,NA,NA,NA,NA,NA,NA,NA,NA,NA,NA,NA,NA,NA,NA,NA,NA,NA,NA,NA,NA
"1.0 (2026-03-05)","doi:10.11587/BA1ORN","776","Person","Zallinger","Karl","männlich",1961,"ÖVP","Salzburg","Landtag","nein",NA,"nein","nein",NA,NA,NA,NA,NA,NA,NA,NA,NA,NA,NA,NA,NA,NA,NA,NA,NA,NA,NA,NA,NA,NA,NA,NA,NA,NA,NA,NA,NA,NA,NA,NA,NA,NA,NA,NA,NA,NA,NA,NA,NA,NA,NA,NA,NA,NA,NA,NA,NA,NA,NA,NA,NA,NA,NA,NA,NA,NA,NA,NA,NA,NA,NA,NA,NA,NA,NA,NA,NA,NA,NA,NA,NA,NA,NA,NA,NA,NA,NA,NA,NA,NA,NA,NA,NA,NA,NA,NA,NA,NA,NA,NA,NA,NA,NA,NA,NA,NA,NA,NA,NA,NA,NA,NA,NA,NA,NA,NA,NA,NA,NA,NA,NA,NA,NA,NA,NA,NA,NA,NA,NA,NA,NA,NA,NA,NA,NA,NA,NA,NA,NA,NA,NA,NA,NA
"1.0 (2026-03-05)","doi:10.11587/BA1ORN","777","Person","Zambo","Kerstin","weiblich",1983,"FPÖ","Steiermark","Landtag","nein",NA,"nein","nein",NA,NA,NA,NA,NA,NA,NA,NA,NA,NA,NA,NA,NA,NA,NA,NA,NA,NA,NA,NA,NA,NA,NA,NA,NA,NA,NA,NA,NA,NA,NA,NA,NA,NA,NA,NA,NA,NA,NA,NA,NA,NA,NA,NA,NA,NA,NA,NA,NA,NA,NA,NA,NA,NA,NA,NA,NA,NA,NA,NA,NA,NA,NA,NA,NA,NA,NA,NA,NA,NA,NA,NA,NA,NA,NA,NA,NA,NA,NA,NA,NA,NA,NA,NA,NA,NA,NA,NA,NA,NA,NA,NA,NA,NA,NA,NA,NA,NA,NA,NA,NA,NA,NA,NA,NA,NA,NA,NA,NA,NA,NA,NA,NA,NA,NA,NA,NA,NA,NA,NA,NA,NA,NA,NA,NA,NA,NA,NA,NA,NA,NA,NA,NA,NA,NA
"1.0 (2026-03-05)","doi:10.11587/BA1ORN","778","Person","Zanger","Wolfgang","männlich",1968,"FPÖ","Österreich","Nationalrat","nein",NA,"nein","ja",NA,NA,NA,NA,NA,NA,NA,NA,NA,NA,NA,NA,NA,NA,NA,NA,NA,NA,NA,NA,NA,NA,NA,NA,NA,NA,NA,NA,NA,NA,NA,NA,NA,NA,NA,NA,NA,NA,NA,NA,NA,NA,NA,NA,NA,NA,NA,NA,NA,NA,NA,NA,NA,NA,NA,NA,NA,NA,NA,NA,NA,NA,NA,NA,NA,NA,NA,NA,NA,NA,NA,NA,NA,NA,NA,NA,NA,NA,NA,NA,NA,NA,NA,NA,NA,NA,NA,NA,NA,NA,NA,NA,NA,NA,NA,NA,NA,NA,NA,NA,NA,NA,NA,NA,NA,NA,NA,NA,NA,NA,NA,NA,NA,NA,NA,NA,NA,NA,NA,NA,NA,NA,NA,NA,NA,NA,NA,NA,NA,NA,NA,NA,NA,NA,NA
"1.0 (2026-03-05)","doi:10.11587/BA1ORN","779","Person","Zangerl-Walser","Iris","weiblich",1966,"ÖVP","Tirol","Landtag","nein",NA,"ja","ja",NA,NA,NA,NA,NA,NA,NA,NA,NA,NA,NA,NA,NA,NA,NA,NA,NA,NA,NA,NA,NA,NA,NA,NA,NA,NA,NA,NA,NA,NA,NA,NA,NA,NA,NA,NA,NA,NA,NA,NA,NA,NA,NA,NA,NA,NA,NA,NA,NA,NA,NA,NA,NA,NA,NA,NA,NA,NA,NA,NA,NA,NA,NA,NA,NA,NA,NA,NA,NA,NA,NA,NA,NA,NA,NA,NA,NA,NA,NA,NA,NA,NA,NA,NA,NA,NA,NA,NA,NA,NA,NA,NA,NA,NA,NA,NA,NA,NA,NA,NA,NA,NA,NA,NA,NA,NA,NA,NA,NA,NA,NA,NA,NA,NA,NA,NA,NA,NA,NA,NA,NA,NA,NA,NA,NA,NA,NA,NA,NA,NA,NA,NA,NA,NA,NA
"1.0 (2026-03-05)","doi:10.11587/BA1ORN","780","Person","Zarits","Christoph","männlich",1980,"ÖVP","Österreich","Nationalrat","ja","https://www.tiktok.com/@christophzarits","ja","ja",511,1327,1,53,"Abgeordneter zum Nationalrat. ️️Sportsprecher der Volkspartei.","https://www.tiktok.com/@christophzarits/video/7081601459065769221?is_from_webapp=1&sender_device=pc&web_id=7571410377348728342",735,53,2,0,"Privat","nein","formal","nein","nein","nein","nicht erkennbar","nein",NA,NA,NA,NA,NA,NA,NA,NA,NA,NA,NA,NA,NA,NA,NA,NA,NA,NA,NA,NA,NA,NA,NA,NA,NA,NA,NA,NA,NA,NA,NA,NA,NA,NA,NA,NA,NA,NA,NA,NA,NA,NA,NA,NA,NA,NA,NA,NA,NA,NA,NA,NA,NA,NA,NA,NA,NA,NA,NA,NA,NA,NA,NA,NA,NA,NA,NA,NA,NA,NA,NA,NA,NA,NA,NA,NA,NA,NA,NA,NA,NA,NA,NA,NA,NA,NA,NA,NA,NA,NA,NA,NA,NA,NA,NA,NA,NA,NA,NA,NA,NA,NA,NA,NA,NA,NA,NA,NA,NA,NA,NA,NA,NA,NA,NA,NA,NA
"1.0 (2026-03-05)","doi:10.11587/BA1ORN","781","Person","Zauner","Matthias","männlich",1986,"ÖVP","Niederösterreich","Landtag","nein",NA,"ja","ja",NA,NA,NA,NA,NA,NA,NA,NA,NA,NA,NA,NA,NA,NA,NA,NA,NA,NA,NA,NA,NA,NA,NA,NA,NA,NA,NA,NA,NA,NA,NA,NA,NA,NA,NA,NA,NA,NA,NA,NA,NA,NA,NA,NA,NA,NA,NA,NA,NA,NA,NA,NA,NA,NA,NA,NA,NA,NA,NA,NA,NA,NA,NA,NA,NA,NA,NA,NA,NA,NA,NA,NA,NA,NA,NA,NA,NA,NA,NA,NA,NA,NA,NA,NA,NA,NA,NA,NA,NA,NA,NA,NA,NA,NA,NA,NA,NA,NA,NA,NA,NA,NA,NA,NA,NA,NA,NA,NA,NA,NA,NA,NA,NA,NA,NA,NA,NA,NA,NA,NA,NA,NA,NA,NA,NA,NA,NA,NA,NA,NA,NA,NA,NA,NA,NA
"1.0 (2026-03-05)","doi:10.11587/BA1ORN","782","Person","Zauner","Martin","männlich",1971,"FPÖ","Salzburg","Landesregierung","nein",NA,"ja","ja",NA,NA,NA,NA,NA,NA,NA,NA,NA,NA,NA,NA,NA,NA,NA,NA,NA,NA,NA,NA,NA,NA,NA,NA,NA,NA,NA,NA,NA,NA,NA,NA,NA,NA,NA,NA,NA,NA,NA,NA,NA,NA,NA,NA,NA,NA,NA,NA,NA,NA,NA,NA,NA,NA,NA,NA,NA,NA,NA,NA,NA,NA,NA,NA,NA,NA,NA,NA,NA,NA,NA,NA,NA,NA,NA,NA,NA,NA,NA,NA,NA,NA,NA,NA,NA,NA,NA,NA,NA,NA,NA,NA,NA,NA,NA,NA,NA,NA,NA,NA,NA,NA,NA,NA,NA,NA,NA,NA,NA,NA,NA,NA,NA,NA,NA,NA,NA,NA,NA,NA,NA,NA,NA,NA,NA,NA,NA,NA,NA,NA,NA,NA,NA,NA,NA
"1.0 (2026-03-05)","doi:10.11587/BA1ORN","783","Person","Zehetmair","Astrid","weiblich",1993,"ÖVP","Oberösterreich","Landtag","nein",NA,"ja","nein",NA,NA,NA,NA,NA,NA,NA,NA,NA,NA,NA,NA,NA,NA,NA,NA,NA,NA,NA,NA,NA,NA,NA,NA,NA,NA,NA,NA,NA,NA,NA,NA,NA,NA,NA,NA,NA,NA,NA,NA,NA,NA,NA,NA,NA,NA,NA,NA,NA,NA,NA,NA,NA,NA,NA,NA,NA,NA,NA,NA,NA,NA,NA,NA,NA,NA,NA,NA,NA,NA,NA,NA,NA,NA,NA,NA,NA,NA,NA,NA,NA,NA,NA,NA,NA,NA,NA,NA,NA,NA,NA,NA,NA,NA,NA,NA,NA,NA,NA,NA,NA,NA,NA,NA,NA,NA,NA,NA,NA,NA,NA,NA,NA,NA,NA,NA,NA,NA,NA,NA,NA,NA,NA,NA,NA,NA,NA,NA,NA,NA,NA,NA,NA,NA,NA
"1.0 (2026-03-05)","doi:10.11587/BA1ORN","784","Person","Zehetner","Elisabeth","weiblich",1977,"ÖVP","Österreich","Bundesregierung","ja","https://www.tiktok.com/@elisabeth_zehetner","ja","ja",592,995,16,2247,"AT Staatssekretärin für ️, und ️","https://www.tiktok.com/@elisabeth_zehetner/video/7506179733541965078?is_from_webapp=1&sender_device=pc&web_id=7571410377348728342",13900,859,58,26,"Arbeit","nein","formal","nein","ja","nein","nicht erkennbar","nein","https://www.tiktok.com/@elisabeth_zehetner/video/7540640221306653974?is_from_webapp=1&sender_device=pc&web_id=7571410377348728342",7776,277,79,12,"Privat","nein","formal","nein","nein","nein","nicht erkennbar","nein","https://www.tiktok.com/@elisabeth_zehetner/video/7498415811871198486?is_from_webapp=1&sender_device=pc&web_id=7571410377348728342",2390,107,5,5,"Privat","nein","formal","nein","ja","nein","nicht erkennbar","nein","https://www.tiktok.com/@elisabeth_zehetner/video/7531848891809942806?is_from_webapp=1&sender_device=pc&web_id=7571410377348728342",633,52,0,0,"Privat","nein","leger","nein","ja","nein","nicht erkennbar","nein","https://www.tiktok.com/@elisabeth_zehetner/video/7498630988466064662?is_from_webapp=1&sender_device=pc&web_id=7571410377348728342",1707,46,2,1,"Privat","nein","formal","ja","ja","nein","nicht erkennbar","nein","https://www.tiktok.com/@elisabeth_zehetner/video/7536140839333006614?is_from_webapp=1&sender_device=pc&web_id=7571410377348728342",816,44,11,27,"Privat","nein","formal","nein","ja","nein","nicht erkennbar","nein","https://www.tiktok.com/@elisabeth_zehetner/video/7537031531135503638?is_from_webapp=1&sender_device=pc&web_id=7571410377348728342",978,41,7,41,"Privat","nein","formal","ja","ja","nein","nicht erkennbar","nein","https://www.tiktok.com/@elisabeth_zehetner/video/7535526613488798998?is_from_webapp=1&sender_device=pc&web_id=7571410377348728342",916,37,3,5,"Privat","ja","formal","nein","ja","nein","nicht erkennbar","nein","https://www.tiktok.com/@elisabeth_zehetner/video/7231161426537106714?is_from_webapp=1&sender_device=pc&web_id=7571410377348728342",345,22,1,0,"Privat","nein","leger","ja","nein","nein","nicht erkennbar","nein","https://www.tiktok.com/@elisabeth_zehetner/video/7536277835292413206?is_from_webapp=1&sender_device=pc&web_id=7571410377348728342",336,20,1,10,NA,NA,NA,"nein","ja",NA,"nicht erkennbar","ja"
"1.0 (2026-03-05)","doi:10.11587/BA1ORN","785","Person","Zeidler-Beck","Marlene","weiblich",1987,"ÖVP","Niederösterreich","Landtag","nein",NA,"ja","ja",NA,NA,NA,NA,NA,NA,NA,NA,NA,NA,NA,NA,NA,NA,NA,NA,NA,NA,NA,NA,NA,NA,NA,NA,NA,NA,NA,NA,NA,NA,NA,NA,NA,NA,NA,NA,NA,NA,NA,NA,NA,NA,NA,NA,NA,NA,NA,NA,NA,NA,NA,NA,NA,NA,NA,NA,NA,NA,NA,NA,NA,NA,NA,NA,NA,NA,NA,NA,NA,NA,NA,NA,NA,NA,NA,NA,NA,NA,NA,NA,NA,NA,NA,NA,NA,NA,NA,NA,NA,NA,NA,NA,NA,NA,NA,NA,NA,NA,NA,NA,NA,NA,NA,NA,NA,NA,NA,NA,NA,NA,NA,NA,NA,NA,NA,NA,NA,NA,NA,NA,NA,NA,NA,NA,NA,NA,NA,NA,NA,NA,NA,NA,NA,NA,NA
"1.0 (2026-03-05)","doi:10.11587/BA1ORN","786","Person","Zenz","Klaus","männlich",1966,"SPÖ","Steiermark","Landtag","nein",NA,"nein","nein",NA,NA,NA,NA,NA,NA,NA,NA,NA,NA,NA,NA,NA,NA,NA,NA,NA,NA,NA,NA,NA,NA,NA,NA,NA,NA,NA,NA,NA,NA,NA,NA,NA,NA,NA,NA,NA,NA,NA,NA,NA,NA,NA,NA,NA,NA,NA,NA,NA,NA,NA,NA,NA,NA,NA,NA,NA,NA,NA,NA,NA,NA,NA,NA,NA,NA,NA,NA,NA,NA,NA,NA,NA,NA,NA,NA,NA,NA,NA,NA,NA,NA,NA,NA,NA,NA,NA,NA,NA,NA,NA,NA,NA,NA,NA,NA,NA,NA,NA,NA,NA,NA,NA,NA,NA,NA,NA,NA,NA,NA,NA,NA,NA,NA,NA,NA,NA,NA,NA,NA,NA,NA,NA,NA,NA,NA,NA,NA,NA,NA,NA,NA,NA,NA,NA
"1.0 (2026-03-05)","doi:10.11587/BA1ORN","787","Person","Zierfuß","Harald","männlich",2000,"ÖVP","Wien","Landtag","ja","https://www.tiktok.com/@harald_zierfuss","ja","ja",1249,1276,93,11000,"Klubobmann der @Wiener Volkspartei im Rathaus Landesobmann @Junge ÖVP Wien zierfuss.at/nachster-halt/","https://www.tiktok.com/@harald_zierfuss/video/7137616587028188422?is_from_webapp=1&sender_device=pc&web_id=7571410377348728342",164800,2390,71,243,NA,NA,NA,"nein","ja",NA,"nicht erkennbar","ja","https://www.tiktok.com/@harald_zierfuss/video/7566659220884737302?is_from_webapp=1&sender_device=pc&web_id=7571410377348728342",14500,537,41,73,"Privat","nein","leger","nein","nein","nein","nicht erkennbar","nein","https://www.tiktok.com/@harald_zierfuss/video/7464687348794526998?is_from_webapp=1&sender_device=pc&web_id=7571410377348728342",6801,375,10,48,"Privat","nein","leger","nein","ja","nein","erkennbar","nein","https://www.tiktok.com/@harald_zierfuss/video/7510635709682814230?is_from_webapp=1&sender_device=pc&web_id=7571410377348728342",7581,361,16,37,"Privat","nein","leger","nein","ja","nein","erkennbar","ja","https://www.tiktok.com/@harald_zierfuss/video/7272025653975829792?is_from_webapp=1&sender_device=pc&web_id=7571410377348728342",4913,241,15,9,"Privat","nein","leger","ja","nein","nein","nicht erkennbar","nein","https://www.tiktok.com/@harald_zierfuss/video/7158878986389474565?is_from_webapp=1&sender_device=pc&web_id=7571410377348728342",4452,199,2,5,"Privat","nein","formal","nein","ja","nein","nicht erkennbar","nein","https://www.tiktok.com/@harald_zierfuss/video/7442320600233807106?is_from_webapp=1&sender_device=pc&web_id=7571410377348728342",3135,186,33,8,"Privat","nein","leger","nein","ja","nein","nicht erkennbar","nein","https://www.tiktok.com/@harald_zierfuss/video/7147678111616830726?is_from_webapp=1&sender_device=pc&web_id=7571410377348728342",10700,145,2,2,"Arbeit","nein","formal","nein","nein","nein","nicht erkennbar","nein","https://www.tiktok.com/@harald_zierfuss/video/7525464670958898454?is_from_webapp=1&sender_device=pc&web_id=7571410377348728342",1933,138,8,9,"Privat","nein","formal","ja","ja","nein","nicht erkennbar","nein","https://www.tiktok.com/@harald_zierfuss/video/7465385470386556182?is_from_webapp=1&sender_device=pc&web_id=7571410377348728342",4289,132,2,5,"Privat","nein","leger","nein","nein","nein","nicht erkennbar","nein"
"1.0 (2026-03-05)","doi:10.11587/BA1ORN","788","Person","Zonschits","Rene","männlich",1986,"SPÖ","Niederösterreich","Landtag","nein",NA,"ja","ja",NA,NA,NA,NA,NA,NA,NA,NA,NA,NA,NA,NA,NA,NA,NA,NA,NA,NA,NA,NA,NA,NA,NA,NA,NA,NA,NA,NA,NA,NA,NA,NA,NA,NA,NA,NA,NA,NA,NA,NA,NA,NA,NA,NA,NA,NA,NA,NA,NA,NA,NA,NA,NA,NA,NA,NA,NA,NA,NA,NA,NA,NA,NA,NA,NA,NA,NA,NA,NA,NA,NA,NA,NA,NA,NA,NA,NA,NA,NA,NA,NA,NA,NA,NA,NA,NA,NA,NA,NA,NA,NA,NA,NA,NA,NA,NA,NA,NA,NA,NA,NA,NA,NA,NA,NA,NA,NA,NA,NA,NA,NA,NA,NA,NA,NA,NA,NA,NA,NA,NA,NA,NA,NA,NA,NA,NA,NA,NA,NA,NA,NA,NA,NA,NA,NA
"1.0 (2026-03-05)","doi:10.11587/BA1ORN","789","Person","Zopf","Bettina","weiblich",1974,"ÖVP","Österreich","Nationalrat","nein",NA,"ja","ja",NA,NA,NA,NA,NA,NA,NA,NA,NA,NA,NA,NA,NA,NA,NA,NA,NA,NA,NA,NA,NA,NA,NA,NA,NA,NA,NA,NA,NA,NA,NA,NA,NA,NA,NA,NA,NA,NA,NA,NA,NA,NA,NA,NA,NA,NA,NA,NA,NA,NA,NA,NA,NA,NA,NA,NA,NA,NA,NA,NA,NA,NA,NA,NA,NA,NA,NA,NA,NA,NA,NA,NA,NA,NA,NA,NA,NA,NA,NA,NA,NA,NA,NA,NA,NA,NA,NA,NA,NA,NA,NA,NA,NA,NA,NA,NA,NA,NA,NA,NA,NA,NA,NA,NA,NA,NA,NA,NA,NA,NA,NA,NA,NA,NA,NA,NA,NA,NA,NA,NA,NA,NA,NA,NA,NA,NA,NA,NA,NA,NA,NA,NA,NA,NA,NA
"1.0 (2026-03-05)","doi:10.11587/BA1ORN","790","Person","Zorba","Süleyman","männlich",1993,"GRÜNE","Österreich","Nationalrat","ja","https://www.tiktok.com/@zorbasu","ja","ja",1000,1557,63,3536,"|Abgeordneter zum Nationalrat @diegruenen Netzpolitik & Digitalisierung","https://www.tiktok.com/@zorbasu/video/7380115961841585441?is_from_webapp=1&sender_device=pc&web_id=7571410377348728342",7426,265,43,6,"Arbeit","nein","formal","nein","nein","nein","nicht erkennbar","nein","https://www.tiktok.com/@zorbasu/video/7497347073604455702?is_from_webapp=1&sender_device=pc&web_id=7571410377348728342",6719,187,11,3,"Arbeit","nein","formal","nein","nein","ja","nicht erkennbar","nein","https://www.tiktok.com/@zorbasu/video/7525778726764809494?is_from_webapp=1&sender_device=pc&web_id=7571410377348728342",6245,163,13,7,"Arbeit","nein","formal","nein","nein","nein","nicht erkennbar","nein","https://www.tiktok.com/@zorbasu/video/7418517995154050336?is_from_webapp=1&sender_device=pc&web_id=7571410377348728342",2630,156,1,9,"Arbeit","nein","formal","ja","ja","nein","erkennbar","nein","https://www.tiktok.com/@zorbasu/video/7564031723890052374?is_from_webapp=1&sender_device=pc&web_id=7571410377348728342",9904,147,17,15,"Arbeit","nein","formal","nein","ja","nein","nicht erkennbar","ja","https://www.tiktok.com/@zorbasu/video/7216673392433450266?is_from_webapp=1&sender_device=pc&web_id=7571410377348728342",2280,146,7,4,"Arbeit","nein","formal","nein","nein","nein","nicht erkennbar","nein","https://www.tiktok.com/@zorbasu/video/7476091350320991510?is_from_webapp=1&sender_device=pc&web_id=7571410377348728342",3167,128,39,2,"Arbeit","nein","formal","nein","nein","nein","erkennbar","nein","https://www.tiktok.com/@zorbasu/video/7522542336564382998?is_from_webapp=1&sender_device=pc&web_id=7571410377348728342",2844,118,15,10,"Privat","nein","formal","nein","nein","nein","nicht erkennbar","nein","https://www.tiktok.com/@zorbasu/video/7137981288484474118?is_from_webapp=1&sender_device=pc&web_id=7571410377348728342",2308,110,15,6,"Arbeit","nein","formal","nein","nein","nein","nicht erkennbar","nein","https://www.tiktok.com/@zorbasu/video/7426833785007754529?is_from_webapp=1&sender_device=pc&web_id=7571410377348728342",2855,107,3,4,"Privat","ja","leger","ja","nein","nein","erkennbar","nein"
"1.0 (2026-03-05)","doi:10.11587/BA1ORN","791","Person","Zuckerstätter","Anton","männlich",1962,"FPÖ","Salzburg","Landtag","nein",NA,"nein","ja",NA,NA,NA,NA,NA,NA,NA,NA,NA,NA,NA,NA,NA,NA,NA,NA,NA,NA,NA,NA,NA,NA,NA,NA,NA,NA,NA,NA,NA,NA,NA,NA,NA,NA,NA,NA,NA,NA,NA,NA,NA,NA,NA,NA,NA,NA,NA,NA,NA,NA,NA,NA,NA,NA,NA,NA,NA,NA,NA,NA,NA,NA,NA,NA,NA,NA,NA,NA,NA,NA,NA,NA,NA,NA,NA,NA,NA,NA,NA,NA,NA,NA,NA,NA,NA,NA,NA,NA,NA,NA,NA,NA,NA,NA,NA,NA,NA,NA,NA,NA,NA,NA,NA,NA,NA,NA,NA,NA,NA,NA,NA,NA,NA,NA,NA,NA,NA,NA,NA,NA,NA,NA,NA,NA,NA,NA,NA,NA,NA,NA,NA,NA,NA,NA,NA
"1.0 (2026-03-05)","doi:10.11587/BA1ORN","792","Person","Zumtobel","René","männlich",1971,"SPÖ","Tirol","Landesregierung","nein",NA,"ja","ja",NA,NA,NA,NA,NA,NA,NA,NA,NA,NA,NA,NA,NA,NA,NA,NA,NA,NA,NA,NA,NA,NA,NA,NA,NA,NA,NA,NA,NA,NA,NA,NA,NA,NA,NA,NA,NA,NA,NA,NA,NA,NA,NA,NA,NA,NA,NA,NA,NA,NA,NA,NA,NA,NA,NA,NA,NA,NA,NA,NA,NA,NA,NA,NA,NA,NA,NA,NA,NA,NA,NA,NA,NA,NA,NA,NA,NA,NA,NA,NA,NA,NA,NA,NA,NA,NA,NA,NA,NA,NA,NA,NA,NA,NA,NA,NA,NA,NA,NA,NA,NA,NA,NA,NA,NA,NA,NA,NA,NA,NA,NA,NA,NA,NA,NA,NA,NA,NA,NA,NA,NA,NA,NA,NA,NA,NA,NA,NA,NA,NA,NA,NA,NA,NA,NA
"1.0 (2026-03-05)","doi:10.11587/BA1ORN","793","Person","Zöttl","Herwig","männlich",1972,"FRITZ","Tirol","Landtag","nein",NA,"ja","nein",NA,NA,NA,NA,NA,NA,NA,NA,NA,NA,NA,NA,NA,NA,NA,NA,NA,NA,NA,NA,NA,NA,NA,NA,NA,NA,NA,NA,NA,NA,NA,NA,NA,NA,NA,NA,NA,NA,NA,NA,NA,NA,NA,NA,NA,NA,NA,NA,NA,NA,NA,NA,NA,NA,NA,NA,NA,NA,NA,NA,NA,NA,NA,NA,NA,NA,NA,NA,NA,NA,NA,NA,NA,NA,NA,NA,NA,NA,NA,NA,NA,NA,NA,NA,NA,NA,NA,NA,NA,NA,NA,NA,NA,NA,NA,NA,NA,NA,NA,NA,NA,NA,NA,NA,NA,NA,NA,NA,NA,NA,NA,NA,NA,NA,NA,NA,NA,NA,NA,NA,NA,NA,NA,NA,NA,NA,NA,NA,NA,NA,NA,NA,NA,NA,NA
"1.0 (2026-03-05)","doi:10.11587/BA1ORN","794","Person","do Amaral Tavares da Costa","Sara","weiblich",1989,"SPÖ","Wien","Landtag","nein",NA,"ja","nein",NA,NA,NA,NA,NA,NA,NA,NA,NA,NA,NA,NA,NA,NA,NA,NA,NA,NA,NA,NA,NA,NA,NA,NA,NA,NA,NA,NA,NA,NA,NA,NA,NA,NA,NA,NA,NA,NA,NA,NA,NA,NA,NA,NA,NA,NA,NA,NA,NA,NA,NA,NA,NA,NA,NA,NA,NA,NA,NA,NA,NA,NA,NA,NA,NA,NA,NA,NA,NA,NA,NA,NA,NA,NA,NA,NA,NA,NA,NA,NA,NA,NA,NA,NA,NA,NA,NA,NA,NA,NA,NA,NA,NA,NA,NA,NA,NA,NA,NA,NA,NA,NA,NA,NA,NA,NA,NA,NA,NA,NA,NA,NA,NA,NA,NA,NA,NA,NA,NA,NA,NA,NA,NA,NA,NA,NA,NA,NA,NA,NA,NA,NA,NA,NA,NA
"1.0 (2026-03-05)","doi:10.11587/BA1ORN","795","Person","von Künsberg Sarre","Martina","weiblich",1976,"NEOS","Österreich","Nationalrat","nein",NA,"ja","ja",NA,NA,NA,NA,NA,NA,NA,NA,NA,NA,NA,NA,NA,NA,NA,NA,NA,NA,NA,NA,NA,NA,NA,NA,NA,NA,NA,NA,NA,NA,NA,NA,NA,NA,NA,NA,NA,NA,NA,NA,NA,NA,NA,NA,NA,NA,NA,NA,NA,NA,NA,NA,NA,NA,NA,NA,NA,NA,NA,NA,NA,NA,NA,NA,NA,NA,NA,NA,NA,NA,NA,NA,NA,NA,NA,NA,NA,NA,NA,NA,NA,NA,NA,NA,NA,NA,NA,NA,NA,NA,NA,NA,NA,NA,NA,NA,NA,NA,NA,NA,NA,NA,NA,NA,NA,NA,NA,NA,NA,NA,NA,NA,NA,NA,NA,NA,NA,NA,NA,NA,NA,NA,NA,NA,NA,NA,NA,NA,NA,NA,NA,NA,NA,NA,NA
"1.0 (2026-03-05)","doi:10.11587/BA1ORN","796","Partei",NA,NA,NA,NA,"ÖVP","Burgenland",NA,"nein",NA,"ja","ja",NA,NA,NA,NA,NA,NA,NA,NA,NA,NA,NA,NA,NA,NA,NA,NA,NA,NA,NA,NA,NA,NA,NA,NA,NA,NA,NA,NA,NA,NA,NA,NA,NA,NA,NA,NA,NA,NA,NA,NA,NA,NA,NA,NA,NA,NA,NA,NA,NA,NA,NA,NA,NA,NA,NA,NA,NA,NA,NA,NA,NA,NA,NA,NA,NA,NA,NA,NA,NA,NA,NA,NA,NA,NA,NA,NA,NA,NA,NA,NA,NA,NA,NA,NA,NA,NA,NA,NA,NA,NA,NA,NA,NA,NA,NA,NA,NA,NA,NA,NA,NA,NA,NA,NA,NA,NA,NA,NA,NA,NA,NA,NA,NA,NA,NA,NA,NA,NA,NA,NA,NA,NA,NA,NA,NA,NA,NA,NA,NA,NA,NA,NA,NA,NA,NA
"1.0 (2026-03-05)","doi:10.11587/BA1ORN","797","Partei",NA,NA,NA,NA,"GRÜNE","Burgenland",NA,"ja","https://www.tiktok.com/@diegruenenbgld","ja","ja",892,1590,103,4901,"JETZT mitmachen! Werde Teil der Bewegung. www.burgenland.gruene.at/mitmachen","https://www.tiktok.com/@diegruenenbgld/video/7219758790378409242",12100,627,11,25,"Privat","nein","leger","nein","ja","nein","erkennbar","nein","https://www.tiktok.com/@diegruenenbgld/video/7208490011258342661",3055,354,19,5,"Privat","nein","leger","nein","ja","nein","erkennbar","nein","https://www.tiktok.com/@diegruenenbgld/video/7404866069468433697",7448,343,0,36,"Privat","nein","leger","nein","ja","nein","erkennbar","nein","https://www.tiktok.com/@diegruenenbgld/video/7283134920866712865",2574,134,5,6,"Arbeit","nein","leger","nein","nein","nein","erkennbar","ja","https://www.tiktok.com/@diegruenenbgld/video/7210074862155615493",1178,127,6,2,NA,NA,NA,"nein","ja","nein","erkennbar","ja","https://www.tiktok.com/@diegruenenbgld/video/7213734334182755590",1110,124,8,3,"Privat","nein","leger","nein","ja","nein","erkennbar","ja","https://www.tiktok.com/@diegruenenbgld/video/7468275876975742241",1658,110,0,4,"Arbeit","nein","formal","nein","nein","nein","erkennbar","nein","https://www.tiktok.com/@diegruenenbgld/video/7455983303645007136",1077,92,0,1,"Arbeit","nein","leger","ja","nein","nein","erkennbar","nein","https://www.tiktok.com/@diegruenenbgld/video/7241982743167438107",7703,91,22,5,"Privat","nein","leger","nein","nein","nein","erkennbar","ja","https://www.tiktok.com/@diegruenenbgld/video/7385123216735341857",2421,83,2,4,"Privat","nein","leger","ja","ja","nein","erkennbar","nein"
"1.0 (2026-03-05)","doi:10.11587/BA1ORN","798","Partei",NA,NA,NA,NA,"NEOS","Burgenland",NA,"nein",NA,"ja","ja",NA,NA,NA,NA,NA,NA,NA,NA,NA,NA,NA,NA,NA,NA,NA,NA,NA,NA,NA,NA,NA,NA,NA,NA,NA,NA,NA,NA,NA,NA,NA,NA,NA,NA,NA,NA,NA,NA,NA,NA,NA,NA,NA,NA,NA,NA,NA,NA,NA,NA,NA,NA,NA,NA,NA,NA,NA,NA,NA,NA,NA,NA,NA,NA,NA,NA,NA,NA,NA,NA,NA,NA,NA,NA,NA,NA,NA,NA,NA,NA,NA,NA,NA,NA,NA,NA,NA,NA,NA,NA,NA,NA,NA,NA,NA,NA,NA,NA,NA,NA,NA,NA,NA,NA,NA,NA,NA,NA,NA,NA,NA,NA,NA,NA,NA,NA,NA,NA,NA,NA,NA,NA,NA,NA,NA,NA,NA,NA,NA,NA,NA,NA,NA,NA,NA
"1.0 (2026-03-05)","doi:10.11587/BA1ORN","799","Partei",NA,NA,NA,NA,"SPÖ","Burgenland",NA,"nein",NA,"ja","ja",NA,NA,NA,NA,NA,NA,NA,NA,NA,NA,NA,NA,NA,NA,NA,NA,NA,NA,NA,NA,NA,NA,NA,NA,NA,NA,NA,NA,NA,NA,NA,NA,NA,NA,NA,NA,NA,NA,NA,NA,NA,NA,NA,NA,NA,NA,NA,NA,NA,NA,NA,NA,NA,NA,NA,NA,NA,NA,NA,NA,NA,NA,NA,NA,NA,NA,NA,NA,NA,NA,NA,NA,NA,NA,NA,NA,NA,NA,NA,NA,NA,NA,NA,NA,NA,NA,NA,NA,NA,NA,NA,NA,NA,NA,NA,NA,NA,NA,NA,NA,NA,NA,NA,NA,NA,NA,NA,NA,NA,NA,NA,NA,NA,NA,NA,NA,NA,NA,NA,NA,NA,NA,NA,NA,NA,NA,NA,NA,NA,NA,NA,NA,NA,NA,NA
"1.0 (2026-03-05)","doi:10.11587/BA1ORN","800","Partei",NA,NA,NA,NA,"FPÖ","Burgenland",NA,"nein",NA,"ja","ja",NA,NA,NA,NA,NA,NA,NA,NA,NA,NA,NA,NA,NA,NA,NA,NA,NA,NA,NA,NA,NA,NA,NA,NA,NA,NA,NA,NA,NA,NA,NA,NA,NA,NA,NA,NA,NA,NA,NA,NA,NA,NA,NA,NA,NA,NA,NA,NA,NA,NA,NA,NA,NA,NA,NA,NA,NA,NA,NA,NA,NA,NA,NA,NA,NA,NA,NA,NA,NA,NA,NA,NA,NA,NA,NA,NA,NA,NA,NA,NA,NA,NA,NA,NA,NA,NA,NA,NA,NA,NA,NA,NA,NA,NA,NA,NA,NA,NA,NA,NA,NA,NA,NA,NA,NA,NA,NA,NA,NA,NA,NA,NA,NA,NA,NA,NA,NA,NA,NA,NA,NA,NA,NA,NA,NA,NA,NA,NA,NA,NA,NA,NA,NA,NA,NA
"1.0 (2026-03-05)","doi:10.11587/BA1ORN","801","Partei",NA,NA,NA,NA,"NEOS","Kärnten",NA,"ja","https://www.tiktok.com/@neoskaernten","ja","ja",28,21,4,65,"Mut steht dir - Pink aber auch Jetzt Mitglied werden","https://www.tiktok.com/@neoskaernten/video/7566377275495599363",347,11,0,3,"Privat","nein","leger","nein","ja","nein","erkennbar","nein","https://www.tiktok.com/@neoskaernten/video/7566740281521868054",333,7,0,0,"Privat","nein","leger","nein","ja","nein","nicht erkennbar","nein","https://www.tiktok.com/@neoskaernten/video/7566362588850769174",295,7,0,0,"Privat","nein","leger","ja","ja","nein","erkennbar","nein","https://www.tiktok.com/@neoskaernten/photo/7566326423300934934?is_from_webapp=1&sender_device=pc&web_id=7560437013087569430",296,2,1,0,NA,"nein",NA,"ja","ja","nein","erkennbar","nein",NA,NA,NA,NA,NA,NA,NA,NA,NA,NA,NA,NA,NA,NA,NA,NA,NA,NA,NA,NA,NA,NA,NA,NA,NA,NA,NA,NA,NA,NA,NA,NA,NA,NA,NA,NA,NA,NA,NA,NA,NA,NA,NA,NA,NA,NA,NA,NA,NA,NA,NA,NA,NA,NA,NA,NA,NA,NA,NA,NA,NA,NA,NA,NA,NA,NA,NA,NA,NA,NA,NA,NA,NA,NA,NA,NA,NA,NA
"1.0 (2026-03-05)","doi:10.11587/BA1ORN","802","Partei",NA,NA,NA,NA,"SPÖ","Kärnten",NA,"ja","https://www.tiktok.com/@spoektn","ja","ja",1224,1020,77,9922,"Wir sind immer an der Seite der Menschen! Seit Jahren! SPÖ Kärnten! ️","https://www.tiktok.com/@spoektn/video/7195575418064243973?is_from_webapp=1&sender_device=pc&web_id=7560437013087569430",65600,1397,89,572,"Privat","nein","formal","ja","ja","nein","erkennbar","nein","https://www.tiktok.com/@spoektn/video/7196016835861449989?is_from_webapp=1&sender_device=pc&web_id=7560437013087569430",12000,1118,10,65,"Privat","nein","formal","ja","ja","nein","erkennbar","nein","https://www.tiktok.com/@spoektn/video/7410472412606778657?is_from_webapp=1&sender_device=pc&web_id=7560437013087569430",67300,910,843,304,"Privat","nein","formal","nein","nein","nein","nicht erkennbar","nein","https://www.tiktok.com/@spoektn/video/7195575854024396038?is_from_webapp=1&sender_device=pc&web_id=7560437013087569430",46600,813,38,24,"Privat","nein","formal","nein","ja","nein","erkennbar","nein","https://www.tiktok.com/@spoektn/video/7196249026826603782?is_from_webapp=1&sender_device=pc&web_id=7560437013087569430",12300,778,24,26,NA,"nein","formal","nein","ja","nein","erkennbar","nein","https://www.tiktok.com/@spoektn/video/7195661518648708357?is_from_webapp=1&sender_device=pc&web_id=7560437013087569430",11600,294,10,7,"Privat","nein","leger","ja","nein","nein","erkennbar","nein","https://www.tiktok.com/@spoektn/video/7247221747076959514?is_from_webapp=1&sender_device=pc&web_id=7560437013087569430",3172,125,23,4,"Privat","nein","leger","ja","ja","nein","erkennbar","nein","https://www.tiktok.com/@spoektn/video/7197885298880138501?is_from_webapp=1&sender_device=pc&web_id=7560437013087569430",10500,122,92,25,"Privat","nein","leger","ja","nein","nein","erkennbar","nein","https://www.tiktok.com/@spoektn/video/7198770226643897605?is_from_webapp=1&sender_device=pc&web_id=7560437013087569430",4680,114,50,51,"Privat","nein","leger","ja","ja","nein","erkennbar","nein","https://www.tiktok.com/@spoektn/video/7470837892399615254?is_from_webapp=1&sender_device=pc&web_id=7560437013087569430",5900,105,88,5,"Arbeit","nein","formal","nein","nein","nein","nicht erkennbar","nein"
"1.0 (2026-03-05)","doi:10.11587/BA1ORN","803","Partei",NA,NA,NA,NA,"ÖVP","Kärnten",NA,"nein",NA,"ja","ja",NA,NA,NA,NA,NA,NA,NA,NA,NA,NA,NA,NA,NA,NA,NA,NA,NA,NA,NA,NA,NA,NA,NA,NA,NA,NA,NA,NA,NA,NA,NA,NA,NA,NA,NA,NA,NA,NA,NA,NA,NA,NA,NA,NA,NA,NA,NA,NA,NA,NA,NA,NA,NA,NA,NA,NA,NA,NA,NA,NA,NA,NA,NA,NA,NA,NA,NA,NA,NA,NA,NA,NA,NA,NA,NA,NA,NA,NA,NA,NA,NA,NA,NA,NA,NA,NA,NA,NA,NA,NA,NA,NA,NA,NA,NA,NA,NA,NA,NA,NA,NA,NA,NA,NA,NA,NA,NA,NA,NA,NA,NA,NA,NA,NA,NA,NA,NA,NA,NA,NA,NA,NA,NA,NA,NA,NA,NA,NA,NA,NA,NA,NA,NA,NA,NA
"1.0 (2026-03-05)","doi:10.11587/BA1ORN","804","Partei",NA,NA,NA,NA,"FPÖ","Kärnten",NA,"nein",NA,"ja","ja",NA,NA,NA,NA,NA,NA,NA,NA,NA,NA,NA,NA,NA,NA,NA,NA,NA,NA,NA,NA,NA,NA,NA,NA,NA,NA,NA,NA,NA,NA,NA,NA,NA,NA,NA,NA,NA,NA,NA,NA,NA,NA,NA,NA,NA,NA,NA,NA,NA,NA,NA,NA,NA,NA,NA,NA,NA,NA,NA,NA,NA,NA,NA,NA,NA,NA,NA,NA,NA,NA,NA,NA,NA,NA,NA,NA,NA,NA,NA,NA,NA,NA,NA,NA,NA,NA,NA,NA,NA,NA,NA,NA,NA,NA,NA,NA,NA,NA,NA,NA,NA,NA,NA,NA,NA,NA,NA,NA,NA,NA,NA,NA,NA,NA,NA,NA,NA,NA,NA,NA,NA,NA,NA,NA,NA,NA,NA,NA,NA,NA,NA,NA,NA,NA,NA
"1.0 (2026-03-05)","doi:10.11587/BA1ORN","805","Partei",NA,NA,NA,NA,"GRÜNE","Kärnten",NA,"nein",NA,"ja","ja",NA,NA,NA,NA,NA,NA,NA,NA,NA,NA,NA,NA,NA,NA,NA,NA,NA,NA,NA,NA,NA,NA,NA,NA,NA,NA,NA,NA,NA,NA,NA,NA,NA,NA,NA,NA,NA,NA,NA,NA,NA,NA,NA,NA,NA,NA,NA,NA,NA,NA,NA,NA,NA,NA,NA,NA,NA,NA,NA,NA,NA,NA,NA,NA,NA,NA,NA,NA,NA,NA,NA,NA,NA,NA,NA,NA,NA,NA,NA,NA,NA,NA,NA,NA,NA,NA,NA,NA,NA,NA,NA,NA,NA,NA,NA,NA,NA,NA,NA,NA,NA,NA,NA,NA,NA,NA,NA,NA,NA,NA,NA,NA,NA,NA,NA,NA,NA,NA,NA,NA,NA,NA,NA,NA,NA,NA,NA,NA,NA,NA,NA,NA,NA,NA,NA
"1.0 (2026-03-05)","doi:10.11587/BA1ORN","806","Partei",NA,NA,NA,NA,"GRÜNE","Niederösterreich",NA,"ja","https://www.tiktok.com/@diegruenennoe","ja","ja",1430,1283,199,43700,"Hallooo wir sind die Grünen in Niederösterreich und haben Spaß auf Tiktok ️; noe.gruene.at","https://www.tiktok.com/@diegruenennoe/video/7149293455338933509",319200,32100,398,2951,"Privat","nein",NA,"nein","ja","nein","erkennbar","nein","https://www.tiktok.com/@diegruenennoe/video/7470888753352002838",25700,2428,97,641,"Privat","nein",NA,"nein","nein","nein","erkennbar","nein","https://www.tiktok.com/@diegruenennoe/video/7515370179950382358",6091,203,91,9,"Arbeit","nein","formal","nein","nein","nein","erkennbar","nein","https://www.tiktok.com/@diegruenennoe/video/7499022466392591638",8038,186,7,5,"Privat","nein",NA,"nein","ja","nein","erkennbar","ja","https://www.tiktok.com/@diegruenennoe/video/7503537436899806486",8521,174,23,24,"Privat","nein","leger","nein","ja","nein","erkennbar","nein","https://www.tiktok.com/@diegruenennoe/video/7504294035343887638",13600,151,6,66,"Privat","nein","leger","nein","ja","nein","erkennbar","nein","https://www.tiktok.com/@diegruenennoe/video/7460127595795877142",8281,150,344,7,"Privat","nein","leger","ja","nein","nein","erkennbar","nein","https://www.tiktok.com/@diegruenennoe/video/7122549300957105414",9744,148,16,3,"Privat","nein",NA,"nein","nein","nein","erkennbar","ja","https://www.tiktok.com/@diegruenennoe/video/7128652867543600390",2472,147,9,4,"Privat","nein","leger",NA,"ja","nein","erkennbar","nein","https://www.tiktok.com/@diegruenennoe/video/7112751895105654022",6805,142,26,18,"Privat","ja","leger","ja","ja","nein","erkennbar","nein"
"1.0 (2026-03-05)","doi:10.11587/BA1ORN","807","Partei",NA,NA,NA,NA,"SPÖ","Niederösterreich",NA,"ja","https://www.tiktok.com/@spoe_niederoesterreich","ja","ja",1747,1404,41,34800,"Offizieller Kanal der Sozialdemokratischen Partei Niederösterreichs.","https://www.tiktok.com/@spoe_niederoesterreich/video/7057421029123083526",179000,12900,16,417,"Arbeit","nein","leger","nein","ja","nein","erkennbar","nein","https://www.tiktok.com/@spoe_niederoesterreich/video/7058160399195147525",85600,9257,19,115,"Arbeit","nein","leger","ja","ja","nein","erkennbar","nein","https://www.tiktok.com/@spoe_niederoesterreich/video/7061908551157042437",28400,2265,122,73,"Arbeit","nein","leger","nein","ja","nein","erkennbar","nein","https://www.tiktok.com/@spoe_niederoesterreich/video/7055577111028960518",66300,1918,253,95,"Arbeit","nein","leger","nein","ja","nein","erkennbar","nein","https://www.tiktok.com/@spoe_niederoesterreich/video/7088294335724276998",17600,706,58,10,"Arbeit","nein","leger","nein","ja","nein","erkennbar","nein","https://www.tiktok.com/@spoe_niederoesterreich/video/7056753614710181125",18600,676,70,23,"Arbeit","nein","leger","nein","ja","nein","erkennbar","nein","https://www.tiktok.com/@spoe_niederoesterreich/video/7052980204372806917",11900,650,37,25,"Arbeit","nein","leger","nein","ja","nein","erkennbar","nein","https://www.tiktok.com/@spoe_niederoesterreich/video/7156564725759823109",11300,617,17,19,"Arbeit","ja","leger","nein","nein","nein","erkennbar","ja","https://www.tiktok.com/@spoe_niederoesterreich/video/7187007103175904517",7103,569,32,31,"Arbeit","ja","leger","ja","ja","nein","erkennbar","ja","https://www.tiktok.com/@spoe_niederoesterreich/video/7067897942006304005",13600,484,42,9,"Arbeit","nein","formal","nein","ja","nein","erkennbar","nein"
"1.0 (2026-03-05)","doi:10.11587/BA1ORN","808","Partei",NA,NA,NA,NA,"NEOS","Niederösterreich",NA,"ja","https://www.tiktok.com/@neos.noe","ja","ja",594,1083,188,6643,"️ Die Zukunftsmacher:innen in NÖ - schreibe uns!","https://www.tiktok.com/@neos.noe/video/7191828430219005189",6153,337,56,47,"Privat","nein","leger","nein","ja","nein","nicht erkennbar","nein","https://www.tiktok.com/@neos.noe/video/7172949761174015238",10800,231,10,19,"Privat","nein","leger","nein","ja","nein","nicht erkennbar","nein","https://www.tiktok.com/@neos.noe/video/7237909251065203994",2953,169,13,7,"Privat","nein","leger","nein","ja","nein","nicht erkennbar","nein","https://www.tiktok.com/@neos.noe/video/7312377271078227233",3532,118,4,5,"Privat","nein","leger","nein","ja","nein","nicht erkennbar","nein","https://www.tiktok.com/@neos.noe/video/7552857635922529558",1402,99,0,2,"Privat","nein","leger","nein","ja","nein","nicht erkennbar","nein","https://www.tiktok.com/@neos.noe/video/7479326184526941462",1394,99,2,2,"Privat","nein","leger","nein","nein","nein","nicht erkennbar","nein","https://www.tiktok.com/@neos.noe/video/7184020599264627974",2520,87,8,6,"Privat","nein","leger","nein","nein","nein","nicht erkennbar","nein","https://www.tiktok.com/@neos.noe/video/7409189687744564513",882,84,2,2,"Privat","nein","leger","nein","nein","nein","erkennbar","nein","https://www.tiktok.com/@neos.noe/video/7409193591920217376",1088,83,4,4,"Privat","nein","leger","nein","nein","nein","nicht erkennbar","nein","https://www.tiktok.com/@neos.noe/video/7408864488335625505",1645,80,13,3,"Privat","nein","leger","nein","nein","nein","erkennbar","nein"
"1.0 (2026-03-05)","doi:10.11587/BA1ORN","809","Partei",NA,NA,NA,NA,"FPÖ","Niederösterreich",NA,"nein",NA,"ja","ja",NA,NA,NA,NA,NA,NA,NA,NA,NA,NA,NA,NA,NA,NA,NA,NA,NA,NA,NA,NA,NA,NA,NA,NA,NA,NA,NA,NA,NA,NA,NA,NA,NA,NA,NA,NA,NA,NA,NA,NA,NA,NA,NA,NA,NA,NA,NA,NA,NA,NA,NA,NA,NA,NA,NA,NA,NA,NA,NA,NA,NA,NA,NA,NA,NA,NA,NA,NA,NA,NA,NA,NA,NA,NA,NA,NA,NA,NA,NA,NA,NA,NA,NA,NA,NA,NA,NA,NA,NA,NA,NA,NA,NA,NA,NA,NA,NA,NA,NA,NA,NA,NA,NA,NA,NA,NA,NA,NA,NA,NA,NA,NA,NA,NA,NA,NA,NA,NA,NA,NA,NA,NA,NA,NA,NA,NA,NA,NA,NA,NA,NA,NA,NA,NA,NA
"1.0 (2026-03-05)","doi:10.11587/BA1ORN","810","Partei",NA,NA,NA,NA,"ÖVP","Niederösterreich",NA,"nein",NA,"nein","nein",NA,NA,NA,NA,NA,NA,NA,NA,NA,NA,NA,NA,NA,NA,NA,NA,NA,NA,NA,NA,NA,NA,NA,NA,NA,NA,NA,NA,NA,NA,NA,NA,NA,NA,NA,NA,NA,NA,NA,NA,NA,NA,NA,NA,NA,NA,NA,NA,NA,NA,NA,NA,NA,NA,NA,NA,NA,NA,NA,NA,NA,NA,NA,NA,NA,NA,NA,NA,NA,NA,NA,NA,NA,NA,NA,NA,NA,NA,NA,NA,NA,NA,NA,NA,NA,NA,NA,NA,NA,NA,NA,NA,NA,NA,NA,NA,NA,NA,NA,NA,NA,NA,NA,NA,NA,NA,NA,NA,NA,NA,NA,NA,NA,NA,NA,NA,NA,NA,NA,NA,NA,NA,NA,NA,NA,NA,NA,NA,NA,NA,NA,NA,NA,NA,NA
"1.0 (2026-03-05)","doi:10.11587/BA1ORN","811","Partei",NA,NA,NA,NA,"SPÖ","Oberösterreich",NA,"ja","https://www.tiktok.com/@spoe_oberoesterreich","ja","ja",1367,991,191,20800,"Wir sind die SPÖ Oberösterreich! ️","https://www.tiktok.com/@spoe_oberoesterreich/video/7283940344541007136",58300,2934,311,182,"Privat","nein","formal","nein","nein","nein","erkennbar","nein","https://www.tiktok.com/@spoe_oberoesterreich/video/7311752905139309857",51100,2388,64,47,"Arbeit","ja","leger","nein","nein","nein","erkennbar","nein","https://www.tiktok.com/@spoe_oberoesterreich/video/7283851560411516193",73000,2033,227,113,"Privat","ja","leger","nein","nein","nein","erkennbar","nein","https://www.tiktok.com/@spoe_oberoesterreich/video/7540341087689379094",15100,558,27,74,"Arbeit","nein","leger","nein","nein","nein","erkennbar","nein","https://www.tiktok.com/@spoe_oberoesterreich/video/7315020515784150304",4605,548,12,7,"Arbeit","ja","leger","nein","ja","nein","erkennbar","ja","https://www.tiktok.com/@spoe_oberoesterreich/video/7314627553636011296",6968,494,17,8,"Arbeit","ja","leger","nein","ja","nein","erkennbar","ja","https://www.tiktok.com/@spoe_oberoesterreich/video/7312076260971269409",10100,431,32,6,"Arbeit","ja","leger","nein","ja","nein","erkennbar","ja","https://www.tiktok.com/@spoe_oberoesterreich/video/7262251794032626976",4129,290,27,9,"Privat","nein",NA,"nein","nein","nein","erkennbar","nein","https://www.tiktok.com/@spoe_oberoesterreich/video/7270074972964474145",19300,273,30,16,"Privat","nein","leger","nein","nein","nein","erkennbar","nein","https://www.tiktok.com/@spoe_oberoesterreich/video/7275760156015627553",3411,236,70,13,"Privat","nein","leger","nein","nein","nein","erkennbar","nein"
"1.0 (2026-03-05)","doi:10.11587/BA1ORN","812","Partei",NA,NA,NA,NA,"FPÖ","Oberösterreich",NA,"ja","https://www.tiktok.com/@fpoe_ooe","ja","ja",29000,1230,333,536700,"Offizieller TikTok-Account der FPÖ OÖ","https://www.tiktok.com/@fpoe_ooe/video/7129575947493313798",892100,22500,2136,4684,NA,NA,NA,"nein","nein","nein","erkennbar","nein","https://www.tiktok.com/@fpoe_ooe/video/7155746325647117573",1500000,21800,6801,10500,NA,NA,NA,"nein","nein","nein","erkennbar","nein","https://www.tiktok.com/@fpoe_ooe/video/7165589916548697350",413700,21600,1085,5988,"Privat","nein","formal","nein","nein","nein","erkennbar","nein","https://www.tiktok.com/@fpoe_ooe/video/7139578773632175366",682400,18700,1428,1732,"Arbeit","nein","formal","nein","nein","nein","erkennbar","nein","https://www.tiktok.com/@fpoe_ooe/video/7281314533925293345",351800,18400,675,1361,NA,NA,NA,"nein","ja","nein","erkennbar","nein","https://www.tiktok.com/@fpoe_ooe/video/7171147681706921221",483200,15800,413,670,"Privat","nein","leger","nein","ja","nein","erkennbar","nein","https://www.tiktok.com/@fpoe_ooe/video/7136645296288697606",439700,13400,436,1572,"Privat","nein","leger","nein","ja","nein","erkennbar","nein","https://www.tiktok.com/@fpoe_ooe/video/7144440695258909958",283100,12600,407,923,"Arbeit","nein","formal","nein","nein","nein","erkennbar","nein","https://www.tiktok.com/@fpoe_ooe/video/7149800127157357829",318700,11100,427,707,"Privat","nein","leger","nein","ja","nein","erkennbar","nein","https://www.tiktok.com/@fpoe_ooe/video/7193033920793939205",262400,10600,350,1682,"Arbeit","nein","formal","nein","ja","nein","erkennbar","nein"
"1.0 (2026-03-05)","doi:10.11587/BA1ORN","813","Partei",NA,NA,NA,NA,"GRÜNE","Oberösterreich",NA,"ja","https://www.tiktok.com/@diegruenenooe","ja","ja",758,664,11,2369,"Fürs Klima, gegen Rechts","https://www.tiktok.com/@diegruenenooe/video/7520297398611053846",11600,468,92,11,"Privat","nein","formal","nein","ja","nein","erkennbar","nein","https://www.tiktok.com/@diegruenenooe/video/7360702728839892256",6401,439,2,7,"Arbeit","ja","formal","nein","ja","nein","erkennbar","ja","https://www.tiktok.com/@diegruenenooe/video/7355482935509749025",2636,256,3,4,NA,NA,NA,"nein","nein","nein","erkennbar","ja","https://www.tiktok.com/@diegruenenooe/video/7533528107853024534",10900,170,96,15,"Privat","nein","leger","nein","ja","nein","erkennbar","nein","https://www.tiktok.com/@diegruenenooe/video/7327689374315990305",1526,95,2,4,"Arbeit","nein","formal","nein","ja","nein","erkennbar","nein","https://www.tiktok.com/@diegruenenooe/video/7335846751749917984",5746,84,13,1,"Privat","ja","formal","nein","ja","nein","erkennbar","ja","https://www.tiktok.com/@diegruenenooe/video/7550734191810465046",1309,72,12,0,"Arbeit","ja","leger","nein","ja","nein","erkennbar","nein","https://www.tiktok.com/@diegruenenooe/photo/7388631432828128544",2420,64,3,5,"Privat","nein","leger","nein","ja","nein","erkennbar","nein","https://www.tiktok.com/@diegruenenooe/video/7545422473450294550",759,58,3,7,"Arbeit","ja","formal","nein","nein","nein","erkennbar","nein","https://www.tiktok.com/@diegruenenooe/video/7560008642724941078",641,43,2,0,"Arbeit","nein","leger","nein","nein","nein","erkennbar","ja"
"1.0 (2026-03-05)","doi:10.11587/BA1ORN","814","Partei",NA,NA,NA,NA,"ÖVP","Oberösterreich",NA,"ja","https://www.tiktok.com/@ooevp","nein","ja",612,181,29,1751,"Oberösterreich-Liebe OÖVP www.ooevp.at","https://www.tiktok.com/@ooevp/video/7534753258175204641",7859,383,100,29,"Arbeit","nein","leger","nein","nein","nein","nicht erkennbar","nein","https://www.tiktok.com/@ooevp/video/7575498942780116257",12700,238,47,26,"Privat","nein","formal","nein","nein","nein","nicht erkennbar","nein","https://www.tiktok.com/@ooevp/video/7546264524999904544",4517,131,14,15,"Privat","nein","formal","nein","nein","nein","nicht erkennbar","nein","https://www.tiktok.com/@ooevp/video/7556221937219833120",4897,105,35,4,"Arbeit","nein","leger","nein","nein","nein","nicht erkennbar","nein","https://www.tiktok.com/@ooevp/video/7545862546167778592",1939,68,6,11,"Arbeit","nein","leger","nein","nein","nein","nicht erkennbar","nein","https://www.tiktok.com/@ooevp/video/7526984017351150881",1462,67,8,6,"Privat","nein","formal","nein","nein","nein","nicht erkennbar","nein","https://www.tiktok.com/@ooevp/video/7521734240686394656",1368,53,1,1,"Arbeit","nein","leger","nein","nein","nein","nicht erkennbar","nein","https://www.tiktok.com/@ooevp/video/7507594550446263585",1705,53,10,5,"Arbeit","nein","formal","nein","nein","nein","nicht erkennbar","nein","https://www.tiktok.com/@ooevp/video/7506929714179738902",1570,46,14,6,"Arbeit","nein","leger","nein","nein","nein","nicht erkennbar","nein","https://www.tiktok.com/@ooevp/video/7512511180288707872",740,44,5,2,"Privat","nein","leger","nein","ja","nein","nicht erkennbar","nein"
"1.0 (2026-03-05)","doi:10.11587/BA1ORN","815","Partei",NA,NA,NA,NA,"NEOS","Oberösterreich",NA,"ja","https://www.tiktok.com/@neos_ooe","ja","ja",129,418,31,918,"Reformkraft oida","https://www.tiktok.com/@neos_ooe/video/7481337702349131030?is_from_webapp=1&sender_device=pc&web_id=7560437013087569430",9206,166,19,30,"Privat","nein","leger","nein","nein","nein","erkennbar","nein","https://www.tiktok.com/@neos_ooe/video/7425627162549456161?is_from_webapp=1&sender_device=pc&web_id=7560437013087569430",20100,165,156,109,"Privat","nein","formal","nein","nein","nein","erkennbar","nein","https://www.tiktok.com/@neos_ooe/video/7486416149551353110?is_from_webapp=1&sender_device=pc&web_id=7560437013087569430",13700,84,18,3,"Arbeit","nein","formal","nein","nein","nein","erkennbar","nein","https://www.tiktok.com/@neos_ooe/video/7428609504335498529?is_from_webapp=1&sender_device=pc&web_id=7560437013087569430",7867,43,0,2,"Arbeit","nein","formal","nein","nein","nein","erkennbar","nein","https://www.tiktok.com/@neos_ooe/video/7418994809492213025?is_from_webapp=1&sender_device=pc&web_id=7560437013087569430",1025,43,5,16,"Privat","nein","leger","nein","ja","nein","nicht erkennbar","ja","https://www.tiktok.com/@neos_ooe/video/7516832611617017110?is_from_webapp=1&sender_device=pc&web_id=7560437013087569430",1112,38,3,0,"Arbeit","nein","formal","nein","nein","nein","erkennbar","nein","https://www.tiktok.com/@neos_ooe/video/7520230401286196502?is_from_webapp=1&sender_device=pc&web_id=7560437013087569430",539,33,3,0,"Arbeit","nein","leger","nein","nein","nein","nicht erkennbar","nein","https://www.tiktok.com/@neos_ooe/video/7544858778202541334?is_from_webapp=1&sender_device=pc&web_id=7560437013087569430",775,32,3,1,"Privat","nein","formal","nein","nein","nein","nicht erkennbar","nein","https://www.tiktok.com/@neos_ooe/video/7471189851434454294?is_from_webapp=1&sender_device=pc&web_id=7560437013087569430",560,31,1,2,"Privat","nein","leger","nein","nein","nein","erkennbar","nein","https://www.tiktok.com/@neos_ooe/video/7502057358353435927?is_from_webapp=1&sender_device=pc&web_id=7560437013087569430",1586,28,10,2,"Privat","nein","leger","nein","nein","nein","erkennbar","nein"
"1.0 (2026-03-05)","doi:10.11587/BA1ORN","816","Partei",NA,NA,NA,NA,"NEOS","Salzburg",NA,"ja","https://www.tiktok.com/@neos_salzburg","ja","ja",93,971,18,653,NA,"https://www.tiktok.com/@neos_salzburg/video/7221626026273557786",2169,107,7,10,"Privat","ja","leger","nein","nein","nein","nicht erkennbar","nein","https://www.tiktok.com/@neos_salzburg/video/7223659214340771099",2912,94,15,27,"Privat","nein","leger","nein","nein","nein","erkennbar","nein","https://www.tiktok.com/@neos_salzburg/video/7220706559637081371",467,51,1,3,"Privat","nein","formal","ja","nein","nein","nicht erkennbar","nein","https://www.tiktok.com/@neos_salzburg/video/7221110451441093914",1218,49,5,1,"Privat","nein","formal","ja","nein","nein","nicht erkennbar","nein","https://www.tiktok.com/@neos_salzburg/video/7216418153184726299",1453,49,0,7,"Privat","nein","leger","ja","nein","nein","erkennbar","nein","https://www.tiktok.com/@neos_salzburg/video/7224576455454231834",867,44,0,15,"Arbeit","nein","formal","ja","nein","nein","erkennbar","nein","https://www.tiktok.com/@neos_salzburg/video/7225183986996284698",1175,43,4,7,"Arbeit","ja","leger","ja","nein","nein","nicht erkennbar","nein","https://www.tiktok.com/@neos_salzburg/video/7216043274988014854",650,34,8,42,"Arbeit","nein","formal","ja","nein","nein","erkennbar","nein","https://www.tiktok.com/@neos_salzburg/video/7223303595272310042",748,28,3,0,"Privat","nein","formal","ja","ja","nein","nicht erkennbar","ja","https://www.tiktok.com/@neos_salzburg/video/7224041589092453658",810,27,17,7,"Privat","nein","formal","ja","nein","nein","erkennbar","nein"
"1.0 (2026-03-05)","doi:10.11587/BA1ORN","817","Partei",NA,NA,NA,NA,"SPÖ","Salzburg",NA,"nein",NA,"ja","ja",NA,NA,NA,NA,NA,NA,NA,NA,NA,NA,NA,NA,NA,NA,NA,NA,NA,NA,NA,NA,NA,NA,NA,NA,NA,NA,NA,NA,NA,NA,NA,NA,NA,NA,NA,NA,NA,NA,NA,NA,NA,NA,NA,NA,NA,NA,NA,NA,NA,NA,NA,NA,NA,NA,NA,NA,NA,NA,NA,NA,NA,NA,NA,NA,NA,NA,NA,NA,NA,NA,NA,NA,NA,NA,NA,NA,NA,NA,NA,NA,NA,NA,NA,NA,NA,NA,NA,NA,NA,NA,NA,NA,NA,NA,NA,NA,NA,NA,NA,NA,NA,NA,NA,NA,NA,NA,NA,NA,NA,NA,NA,NA,NA,NA,NA,NA,NA,NA,NA,NA,NA,NA,NA,NA,NA,NA,NA,NA,NA,NA,NA,NA,NA,NA,NA
"1.0 (2026-03-05)","doi:10.11587/BA1ORN","818","Partei",NA,NA,NA,NA,"ÖVP","Salzburg",NA,"nein",NA,"ja","ja",NA,NA,NA,NA,NA,NA,NA,NA,NA,NA,NA,NA,NA,NA,NA,NA,NA,NA,NA,NA,NA,NA,NA,NA,NA,NA,NA,NA,NA,NA,NA,NA,NA,NA,NA,NA,NA,NA,NA,NA,NA,NA,NA,NA,NA,NA,NA,NA,NA,NA,NA,NA,NA,NA,NA,NA,NA,NA,NA,NA,NA,NA,NA,NA,NA,NA,NA,NA,NA,NA,NA,NA,NA,NA,NA,NA,NA,NA,NA,NA,NA,NA,NA,NA,NA,NA,NA,NA,NA,NA,NA,NA,NA,NA,NA,NA,NA,NA,NA,NA,NA,NA,NA,NA,NA,NA,NA,NA,NA,NA,NA,NA,NA,NA,NA,NA,NA,NA,NA,NA,NA,NA,NA,NA,NA,NA,NA,NA,NA,NA,NA,NA,NA,NA,NA
"1.0 (2026-03-05)","doi:10.11587/BA1ORN","819","Partei",NA,NA,NA,NA,"FPÖ","Salzburg",NA,"nein",NA,"nein","ja",NA,NA,NA,NA,NA,NA,NA,NA,NA,NA,NA,NA,NA,NA,NA,NA,NA,NA,NA,NA,NA,NA,NA,NA,NA,NA,NA,NA,NA,NA,NA,NA,NA,NA,NA,NA,NA,NA,NA,NA,NA,NA,NA,NA,NA,NA,NA,NA,NA,NA,NA,NA,NA,NA,NA,NA,NA,NA,NA,NA,NA,NA,NA,NA,NA,NA,NA,NA,NA,NA,NA,NA,NA,NA,NA,NA,NA,NA,NA,NA,NA,NA,NA,NA,NA,NA,NA,NA,NA,NA,NA,NA,NA,NA,NA,NA,NA,NA,NA,NA,NA,NA,NA,NA,NA,NA,NA,NA,NA,NA,NA,NA,NA,NA,NA,NA,NA,NA,NA,NA,NA,NA,NA,NA,NA,NA,NA,NA,NA,NA,NA,NA,NA,NA,NA
"1.0 (2026-03-05)","doi:10.11587/BA1ORN","820","Partei",NA,NA,NA,NA,"GRÜNE","Salzburg",NA,"nein",NA,"ja","ja",NA,NA,NA,NA,NA,NA,NA,NA,NA,NA,NA,NA,NA,NA,NA,NA,NA,NA,NA,NA,NA,NA,NA,NA,NA,NA,NA,NA,NA,NA,NA,NA,NA,NA,NA,NA,NA,NA,NA,NA,NA,NA,NA,NA,NA,NA,NA,NA,NA,NA,NA,NA,NA,NA,NA,NA,NA,NA,NA,NA,NA,NA,NA,NA,NA,NA,NA,NA,NA,NA,NA,NA,NA,NA,NA,NA,NA,NA,NA,NA,NA,NA,NA,NA,NA,NA,NA,NA,NA,NA,NA,NA,NA,NA,NA,NA,NA,NA,NA,NA,NA,NA,NA,NA,NA,NA,NA,NA,NA,NA,NA,NA,NA,NA,NA,NA,NA,NA,NA,NA,NA,NA,NA,NA,NA,NA,NA,NA,NA,NA,NA,NA,NA,NA,NA
"1.0 (2026-03-05)","doi:10.11587/BA1ORN","821","Partei",NA,NA,NA,NA,"GRÜNE","Steiermark",NA,"ja","https://www.tiktok.com/@diegruenenstmk","ja","ja",1526,1513,269,22400,"Hey, wir sind die Annas! Und wir nehmen euch hier ein wenig mit 🫱‍🫲","https://www.tiktok.com/@diegruenenstmk/video/7139194058613804293?is_from_webapp=1&sender_device=pc&web_id=7560437013087569430",140800,4600,188,276,"Privat","nein","leger","ja","nein","nein","erkennbar","nein","https://www.tiktok.com/@diegruenenstmk/video/7121415935700765958?is_from_webapp=1&sender_device=pc&web_id=7560437013087569430",22700,920,68,305,"Arbeit","nein","formal","nein","ja","nein","erkennbar","nein","https://www.tiktok.com/@diegruenenstmk/video/7553269138622401814?is_from_webapp=1&sender_device=pc&web_id=7560437013087569430",36000,870,99,58,"Privat","nein","leger","nein","nein","nein","erkennbar","nein","https://www.tiktok.com/@diegruenenstmk/video/7558905744997879062?is_from_webapp=1&sender_device=pc&web_id=7560437013087569430",6834,348,18,71,"Privat","nein","leger","nein","nein","nein","erkennbar","nein","https://www.tiktok.com/@diegruenenstmk/video/7379571710263151904?is_from_webapp=1&sender_device=pc&web_id=7560437013087569430",9009,250,92,27,"Privat","nein","leger","nein","nein","nein","nicht erkennbar","nein","https://www.tiktok.com/@diegruenenstmk/video/7067495081154055429?is_from_webapp=1&sender_device=pc&web_id=7560437013087569430",3306,234,0,15,"Privat","nein","formal","ja","nein","nein","erkennbar","nein","https://www.tiktok.com/@diegruenenstmk/video/7145877731710962950?is_from_webapp=1&sender_device=pc&web_id=7560437013087569430",24700,231,64,77,"Privat","nein","leger","ja","ja","nein","erkennbar","nein","https://www.tiktok.com/@diegruenenstmk/video/7334708947301010720?is_from_webapp=1&sender_device=pc&web_id=7560437013087569430",6703,230,10,7,"Privat","nein","leger","nein","ja","nein","erkennbar","nein","https://www.tiktok.com/@diegruenenstmk/video/7339497389385977120?is_from_webapp=1&sender_device=pc&web_id=7560437013087569430",22500,226,425,18,"Privat","nein","leger","nein","nein","nein","erkennbar","nein","https://www.tiktok.com/@diegruenenstmk/video/7077633330409131270?is_from_webapp=1&sender_device=pc&web_id=7560437013087569430",31700,223,0,0,"Privat","nein","formal","ja","ja","nein","erkennbar","nein"
"1.0 (2026-03-05)","doi:10.11587/BA1ORN","822","Partei",NA,NA,NA,NA,"ÖVP","Steiermark",NA,"ja","https://www.tiktok.com/@steirischevolkspartei","ja","ja",819,853,11,334,"steirischevolkspartei","https://www.tiktok.com/@steirischevolkspartei/video/7432962039208758560",4229,71,9,9,"Privat","nein","formal","nein","ja","nein","erkennbar","nein","https://www.tiktok.com/@steirischevolkspartei/video/7481671195578928406",1924,70,1,3,"Arbeit","nein","leger","ja","nein","nein","erkennbar","nein","https://www.tiktok.com/@steirischevolkspartei/video/7462736571704298774",1331,49,0,0,"Arbeit","nein","formal","nein","nein","nein","erkennbar","nein","https://www.tiktok.com/@steirischevolkspartei/video/7431978581145734432",1958,40,0,1,"Arbeit","nein","formal","nein","ja","nein","erkennbar","ja","https://www.tiktok.com/@steirischevolkspartei/video/7462636212847758614",1799,23,0,2,"Arbeit","ja","formal","nein","ja","nein","erkennbar","ja","https://www.tiktok.com/@steirischevolkspartei/video/7439389858797227297",1051,20,4,0,"Arbeit","nein","leger","ja","ja","nein","erkennbar","nein","https://www.tiktok.com/@steirischevolkspartei/video/7256774652674985242",770,17,1,3,"Privat","nein","leger","ja","nein","nein","erkennbar","nein","https://www.tiktok.com/@steirischevolkspartei/video/7256776318782639386",726,14,0,0,"Privat","nein","leger","ja","nein","nein","erkennbar","nein","https://www.tiktok.com/@steirischevolkspartei/video/7436873189084417312",941,10,0,1,"Arbeit",NA,NA,"ja","ja","nein","erkennbar","ja","https://www.tiktok.com/@steirischevolkspartei/video/7256777091255913754",801,10,0,1,"Privat","nein","leger","ja","nein","nein","erkennbar","nein"
"1.0 (2026-03-05)","doi:10.11587/BA1ORN","823","Partei",NA,NA,NA,NA,"NEOS","Steiermark",NA,"nein",NA,"ja","ja",NA,NA,NA,NA,NA,NA,NA,NA,NA,NA,NA,NA,NA,NA,NA,NA,NA,NA,NA,NA,NA,NA,NA,NA,NA,NA,NA,NA,NA,NA,NA,NA,NA,NA,NA,NA,NA,NA,NA,NA,NA,NA,NA,NA,NA,NA,NA,NA,NA,NA,NA,NA,NA,NA,NA,NA,NA,NA,NA,NA,NA,NA,NA,NA,NA,NA,NA,NA,NA,NA,NA,NA,NA,NA,NA,NA,NA,NA,NA,NA,NA,NA,NA,NA,NA,NA,NA,NA,NA,NA,NA,NA,NA,NA,NA,NA,NA,NA,NA,NA,NA,NA,NA,NA,NA,NA,NA,NA,NA,NA,NA,NA,NA,NA,NA,NA,NA,NA,NA,NA,NA,NA,NA,NA,NA,NA,NA,NA,NA,NA,NA,NA,NA,NA,NA
"1.0 (2026-03-05)","doi:10.11587/BA1ORN","824","Partei",NA,NA,NA,NA,"SPÖ","Steiermark",NA,"nein",NA,"ja","ja",NA,NA,NA,NA,NA,NA,NA,NA,NA,NA,NA,NA,NA,NA,NA,NA,NA,NA,NA,NA,NA,NA,NA,NA,NA,NA,NA,NA,NA,NA,NA,NA,NA,NA,NA,NA,NA,NA,NA,NA,NA,NA,NA,NA,NA,NA,NA,NA,NA,NA,NA,NA,NA,NA,NA,NA,NA,NA,NA,NA,NA,NA,NA,NA,NA,NA,NA,NA,NA,NA,NA,NA,NA,NA,NA,NA,NA,NA,NA,NA,NA,NA,NA,NA,NA,NA,NA,NA,NA,NA,NA,NA,NA,NA,NA,NA,NA,NA,NA,NA,NA,NA,NA,NA,NA,NA,NA,NA,NA,NA,NA,NA,NA,NA,NA,NA,NA,NA,NA,NA,NA,NA,NA,NA,NA,NA,NA,NA,NA,NA,NA,NA,NA,NA,NA
"1.0 (2026-03-05)","doi:10.11587/BA1ORN","825","Partei",NA,NA,NA,NA,"FPÖ","Steiermark",NA,"nein",NA,"ja","ja",NA,NA,NA,NA,NA,NA,NA,NA,NA,NA,NA,NA,NA,NA,NA,NA,NA,NA,NA,NA,NA,NA,NA,NA,NA,NA,NA,NA,NA,NA,NA,NA,NA,NA,NA,NA,NA,NA,NA,NA,NA,NA,NA,NA,NA,NA,NA,NA,NA,NA,NA,NA,NA,NA,NA,NA,NA,NA,NA,NA,NA,NA,NA,NA,NA,NA,NA,NA,NA,NA,NA,NA,NA,NA,NA,NA,NA,NA,NA,NA,NA,NA,NA,NA,NA,NA,NA,NA,NA,NA,NA,NA,NA,NA,NA,NA,NA,NA,NA,NA,NA,NA,NA,NA,NA,NA,NA,NA,NA,NA,NA,NA,NA,NA,NA,NA,NA,NA,NA,NA,NA,NA,NA,NA,NA,NA,NA,NA,NA,NA,NA,NA,NA,NA,NA
"1.0 (2026-03-05)","doi:10.11587/BA1ORN","826","Partei",NA,NA,NA,NA,"SPÖ","Tirol",NA,"ja","https://www.tiktok.com/@spoetirol","ja","ja",11,252,1,8,"Der offizielle TikTok Account der Spö Tirol","https://www.tiktok.com/@spoetirol/video/7568426229431323926",362,8,1,0,"Arbeit",NA,NA,"nein","ja","nein","erkennbar","nein",NA,NA,NA,NA,NA,NA,NA,NA,NA,NA,NA,NA,NA,NA,NA,NA,NA,NA,NA,NA,NA,NA,NA,NA,NA,NA,NA,NA,NA,NA,NA,NA,NA,NA,NA,NA,NA,NA,NA,NA,NA,NA,NA,NA,NA,NA,NA,NA,NA,NA,NA,NA,NA,NA,NA,NA,NA,NA,NA,NA,NA,NA,NA,NA,NA,NA,NA,NA,NA,NA,NA,NA,NA,NA,NA,NA,NA,NA,NA,NA,NA,NA,NA,NA,NA,NA,NA,NA,NA,NA,NA,NA,NA,NA,NA,NA,NA,NA,NA,NA,NA,NA,NA,NA,NA,NA,NA,NA,NA,NA,NA,NA,NA,NA,NA,NA,NA
"1.0 (2026-03-05)","doi:10.11587/BA1ORN","827","Partei",NA,NA,NA,NA,"FPÖ","Tirol",NA,"ja","https://www.tiktok.com/@fpoe.tirol","ja","ja",42000,1128,94,309500,"Die soziale Heimatpartei in Tirol! dierichtigeEntscheidung","https://www.tiktok.com/@fpoe.tirol/video/7459799193473912086",631100,63300,0,13900,"Arbeit","nein","formal","nein","nein","nein","erkennbar","ja","https://www.tiktok.com/@fpoe.tirol/video/7499125842581130518",351300,47800,0,8551,"Privat","nein","leger","nein","ja","nein","erkennbar","ja","https://www.tiktok.com/@fpoe.tirol/video/7522891986412522774",362100,33900,0,12200,"Arbeit","nein","formal","nein","ja","nein","erkennbar","nein","https://www.tiktok.com/@fpoe.tirol/video/7519918693061512470",178100,18200,0,2168,"Privat","nein","formal","ja","ja","nein","erkennbar","ja","https://www.tiktok.com/@fpoe.tirol/video/7513605381638180118",200300,16400,0,6042,NA,NA,NA,NA,"ja",NA,"erkennbar","ja","https://www.tiktok.com/@fpoe.tirol/video/7515108121476386070",166700,16100,0,6956,NA,NA,NA,"nein","ja",NA,"erkennbar","ja","https://www.tiktok.com/@fpoe.tirol/video/7501734756057353494",154400,14500,0,4673,"Arbeit","nein","formal","nein","ja","nein","erkennbar","ja","https://www.tiktok.com/@fpoe.tirol/video/7255299796053822747",288100,13000,313,1691,"Arbeit","nein","formal","nein","nein","nein","erkennbar","nein","https://www.tiktok.com/@fpoe.tirol/video/7500262447564000535",187300,11400,0,6680,NA,NA,NA,"nein","ja",NA,"erkennbar","ja","https://www.tiktok.com/@fpoe.tirol/video/7523257650126097687",98700,9011,0,1503,NA,NA,NA,"ja","ja",NA,"erkennbar","nein"
"1.0 (2026-03-05)","doi:10.11587/BA1ORN","828","Partei",NA,NA,NA,NA,"GRÜNE","Tirol",NA,"ja","https://www.tiktok.com/@gruene_tirol","ja","nein",1000,749,58,18500,"https://tirol.gruene.at/mitmachen/","https://www.tiktok.com/@gruene_tirol/video/7522401160431553814",41500,6358,133,503,"Arbeit","nein","leger",NA,"ja","nein","erkennbar","ja","https://www.tiktok.com/@gruene_tirol/video/7535421849824480534",28200,5079,73,524,"Arbeit","nein","formal","nein","nein","nein","erkennbar","ja","https://www.tiktok.com/@gruene_tirol/video/7504679555727215894",44200,2055,346,274,NA,NA,NA,"nein","ja","nein","erkennbar","ja","https://www.tiktok.com/@gruene_tirol/video/7483801033072889110",8033,987,28,23,"Arbeit","nein","formal","nein","nein","nein","erkennbar","nein","https://www.tiktok.com/@gruene_tirol/video/7530610924252712214",14500,873,54,145,"Arbeit","nein","formal","nein","ja","nein","erkennbar","nein","https://www.tiktok.com/@gruene_tirol/video/7523110953290976534",4796,327,14,78,"Arbeit","nein","formal","nein","ja","nein","erkennbar","nein","https://www.tiktok.com/@gruene_tirol/video/7484311937216564502",3100,237,476,8,"Privat",NA,NA,"nein","nein","nein","erkennbar","nein","https://www.tiktok.com/@gruene_tirol/video/7536561931151232278",2944,172,6,40,"Privat","nein","leger","nein","ja","nein","erkennbar","ja","https://www.tiktok.com/@gruene_tirol/video/7559161820850736406",1194,161,8,12,"Arbeit","nein","formal","nein","nein","nein","erkennbar","nein","https://www.tiktok.com/@gruene_tirol/video/7529894627218853142",1640,147,1,0,"Privat","nein",NA,"nein","ja","nein","erkennbar","nein"
"1.0 (2026-03-05)","doi:10.11587/BA1ORN","829","Partei",NA,NA,NA,NA,"NEOS","Tirol",NA,"nein",NA,"ja","ja",NA,NA,NA,NA,NA,NA,NA,NA,NA,NA,NA,NA,NA,NA,NA,NA,NA,NA,NA,NA,NA,NA,NA,NA,NA,NA,NA,NA,NA,NA,NA,NA,NA,NA,NA,NA,NA,NA,NA,NA,NA,NA,NA,NA,NA,NA,NA,NA,NA,NA,NA,NA,NA,NA,NA,NA,NA,NA,NA,NA,NA,NA,NA,NA,NA,NA,NA,NA,NA,NA,NA,NA,NA,NA,NA,NA,NA,NA,NA,NA,NA,NA,NA,NA,NA,NA,NA,NA,NA,NA,NA,NA,NA,NA,NA,NA,NA,NA,NA,NA,NA,NA,NA,NA,NA,NA,NA,NA,NA,NA,NA,NA,NA,NA,NA,NA,NA,NA,NA,NA,NA,NA,NA,NA,NA,NA,NA,NA,NA,NA,NA,NA,NA,NA,NA
"1.0 (2026-03-05)","doi:10.11587/BA1ORN","830","Partei",NA,NA,NA,NA,"ÖVP","Tirol",NA,"nein",NA,"ja","ja",NA,NA,NA,NA,NA,NA,NA,NA,NA,NA,NA,NA,NA,NA,NA,NA,NA,NA,NA,NA,NA,NA,NA,NA,NA,NA,NA,NA,NA,NA,NA,NA,NA,NA,NA,NA,NA,NA,NA,NA,NA,NA,NA,NA,NA,NA,NA,NA,NA,NA,NA,NA,NA,NA,NA,NA,NA,NA,NA,NA,NA,NA,NA,NA,NA,NA,NA,NA,NA,NA,NA,NA,NA,NA,NA,NA,NA,NA,NA,NA,NA,NA,NA,NA,NA,NA,NA,NA,NA,NA,NA,NA,NA,NA,NA,NA,NA,NA,NA,NA,NA,NA,NA,NA,NA,NA,NA,NA,NA,NA,NA,NA,NA,NA,NA,NA,NA,NA,NA,NA,NA,NA,NA,NA,NA,NA,NA,NA,NA,NA,NA,NA,NA,NA,NA
"1.0 (2026-03-05)","doi:10.11587/BA1ORN","831","Partei",NA,NA,NA,NA,"NEOS","Vorarlberg",NA,"ja","https://www.tiktok.com/@neos.vlbg","ja","ja",211,850,26,658,"Mutige Ideen für die Zukunft. Bildung, Wohnen & Unternehmertum ️️‍","https://www.tiktok.com/@neos.vlbg/video/7334299313301966113",3331,95,0,2,"Arbeit","nein","formal","nein","nein","nein","erkennbar","ja","https://www.tiktok.com/@neos.vlbg/video/7404748456000113953",1244,62,3,3,"Privat","nein","formal","nein","ja","nein","erkennbar","nein","https://www.tiktok.com/@neos.vlbg/video/7376144631559507232",1918,61,14,0,"Privat","nein","leger","ja","ja","nein","erkennbar","nein","https://www.tiktok.com/@neos.vlbg/photo/7258662430715235611",1313,53,13,2,NA,NA,NA,"nein","nein","nein","erkennbar","nein","https://www.tiktok.com/@neos.vlbg/video/7355384468707855649",1467,39,2,1,"Arbeit","nein","formal","nein","ja","nein","erkennbar","nein","https://www.tiktok.com/@neos.vlbg/video/7330515585807240481",1678,37,5,3,"Privat","nein","formal","nein","ja","nein","erkennbar","nein","https://www.tiktok.com/@neos.vlbg/video/7339907714182679840",1020,30,1,1,"Privat","nein","formal","nein","ja","nein","erkennbar","nein","https://www.tiktok.com/@neos.vlbg/video/7402152763561348385",998,28,1,0,"Privat","nein","formal","nein","ja","nein","erkennbar","nein","https://www.tiktok.com/@neos.vlbg/video/7399611980413226272",463,28,0,0,"Privat","nein","leger","nein","ja","nein","erkennbar","nein","https://www.tiktok.com/@neos.vlbg/video/7301188104214367520",360,26,0,0,"Privat","nein","leger","nein","ja","nein","erkennbar","nein"
"1.0 (2026-03-05)","doi:10.11587/BA1ORN","832","Partei",NA,NA,NA,NA,"ÖVP","Vorarlberg",NA,"ja","https://www.tiktok.com/@vorarlberger_volkspartei","ja","ja",412,818,123,1484,"Hi Das ist der offizielle TikTok-Account der Vorarlberger Volkspartei!","https://www.tiktok.com/@vorarlberger_volkspartei/video/7508625416744209686?is_from_webapp=1&sender_device=pc&web_id=7560437013087569430",2792,76,43,2,"Arbeit","nein","formal","nein","ja","ja","nicht erkennbar","nein","https://www.tiktok.com/@vorarlberger_volkspartei/video/7296154187316858145?is_from_webapp=1&sender_device=pc&web_id=7560437013087569430",952,48,1,0,"Arbeit","nein","formal","nein","ja","nein","nicht erkennbar","nein","https://www.tiktok.com/@vorarlberger_volkspartei/video/7572531932823604502?is_from_webapp=1&sender_device=pc&web_id=7560437013087569430",1661,42,1,2,"Privat","nein","formal","nein","nein","nein","nicht erkennbar","nein","https://www.tiktok.com/@vorarlberger_volkspartei/video/7330280374951562529?is_from_webapp=1&sender_device=pc&web_id=7560437013087569430",3301,32,10,9,"Arbeit","nein","formal","nein","ja","nein","nicht erkennbar","nein","https://www.tiktok.com/@vorarlberger_volkspartei/video/7582905167352204566?is_from_webapp=1&sender_device=pc&web_id=7560437013087569430",914,30,1,2,"Arbeit","nein","formal","nein","nein","nein","nicht erkennbar","nein","https://www.tiktok.com/@vorarlberger_volkspartei/video/7525722977837583638?is_from_webapp=1&sender_device=pc&web_id=7560437013087569430",1331,29,0,2,"Arbeit","nein","formal","nein","nein","nein","nicht erkennbar","nein","https://www.tiktok.com/@vorarlberger_volkspartei/video/7511593844081822998?is_from_webapp=1&sender_device=pc&web_id=7560437013087569430",964,29,0,0,"Privat","nein","formal","ja","nein","nein","erkennbar","nein","https://www.tiktok.com/@vorarlberger_volkspartei/video/7559205603520892182?is_from_webapp=1&sender_device=pc&web_id=7560437013087569430",593,26,1,0,"Arbeit","nein","formal","nein","nein","nein","nicht erkennbar","nein","https://www.tiktok.com/@vorarlberger_volkspartei/video/7512483885096193302?is_from_webapp=1&sender_device=pc&web_id=7560437013087569430",654,26,0,1,"Arbeit","nein","formal","nein","nein","nein","nicht erkennbar","nein","https://www.tiktok.com/@vorarlberger_volkspartei/video/7521664916118375702?is_from_webapp=1&sender_device=pc&web_id=7560437013087569430",1294,25,0,1,"Privat","nein","formal","nein","nein","nein","nicht erkennbar","nein"
"1.0 (2026-03-05)","doi:10.11587/BA1ORN","833","Partei",NA,NA,NA,NA,"GRÜNE","Vorarlberg",NA,"ja","https://www.tiktok.com/@diegruenenvorarlberg","ja","ja",1033,965,212,5203,"Der offizielle Account der Vorarlberger Grünen Weil grünwirkt","https://www.tiktok.com/@diegruenenvorarlberg/video/7513458708945325334?is_from_webapp=1&sender_device=pc&web_id=7560437013087569430",1572,193,4,5,"Privat","nein","leger","nein","ja","nein","nicht erkennbar","nein","https://www.tiktok.com/@diegruenenvorarlberg/video/7507297830877580566?is_from_webapp=1&sender_device=pc&web_id=7560437013087569430",4599,138,11,33,"Privat","nein","leger","nein","nein","nein","nicht erkennbar","nein","https://www.tiktok.com/@diegruenenvorarlberg/video/7532436275912101142?is_from_webapp=1&sender_device=pc&web_id=7560437013087569430",8473,174,46,6,"Privat","ja","leger","nein","nein","nein","nicht erkennbar","nein","https://www.tiktok.com/@diegruenenvorarlberg/video/7506525265200303382?is_from_webapp=1&sender_device=pc&web_id=7560437013087569430",1000,102,5,9,"Privat","nein","leger","nein","nein","nein","nicht erkennbar","nein","https://www.tiktok.com/@diegruenenvorarlberg/video/7490879543872441622?is_from_webapp=1&sender_device=pc&web_id=7560437013087569430",1108,100,5,1,"Privat","nein","leger","nein","ja","nein","nicht erkennbar","nein","https://www.tiktok.com/@diegruenenvorarlberg/video/7469774742371814678?is_from_webapp=1&sender_device=pc&web_id=7560437013087569430",1609,99,0,4,"Privat","nein",NA,"nein","ja","nein","nicht erkennbar","nein","https://www.tiktok.com/@diegruenenvorarlberg/video/7382944236225826081?is_from_webapp=1&sender_device=pc&web_id=7560437013087569430",4467,89,72,6,"Privat","nein","formal","nein","nein","nein","nicht erkennbar","nein","https://www.tiktok.com/@diegruenenvorarlberg/video/7444129121766083862?is_from_webapp=1&sender_device=pc&web_id=7560437013087569430",621,72,2,5,"Privat","nein","leger","ja","nein","nein","erkennbar","nein","https://www.tiktok.com/@diegruenenvorarlberg/video/7215917402314312965?is_from_webapp=1&sender_device=pc&web_id=7560437013087569430",1293,76,10,5,"Privat","nein","leger","nein","ja","nein","nicht erkennbar","nein","https://www.tiktok.com/@diegruenenvorarlberg/video/7477585256606928160?is_from_webapp=1&sender_device=pc&web_id=7560437013087569430",1693,67,7,5,"Privat","nein","leger","nein","ja","nein","erkennbar","nein"
"1.0 (2026-03-05)","doi:10.11587/BA1ORN","834","Partei",NA,NA,NA,NA,"SPÖ","Vorarlberg",NA,"nein",NA,"ja","ja",NA,NA,NA,NA,NA,NA,NA,NA,NA,NA,NA,NA,NA,NA,NA,NA,NA,NA,NA,NA,NA,NA,NA,NA,NA,NA,NA,NA,NA,NA,NA,NA,NA,NA,NA,NA,NA,NA,NA,NA,NA,NA,NA,NA,NA,NA,NA,NA,NA,NA,NA,NA,NA,NA,NA,NA,NA,NA,NA,NA,NA,NA,NA,NA,NA,NA,NA,NA,NA,NA,NA,NA,NA,NA,NA,NA,NA,NA,NA,NA,NA,NA,NA,NA,NA,NA,NA,NA,NA,NA,NA,NA,NA,NA,NA,NA,NA,NA,NA,NA,NA,NA,NA,NA,NA,NA,NA,NA,NA,NA,NA,NA,NA,NA,NA,NA,NA,NA,NA,NA,NA,NA,NA,NA,NA,NA,NA,NA,NA,NA,NA,NA,NA,NA,NA
"1.0 (2026-03-05)","doi:10.11587/BA1ORN","835","Partei",NA,NA,NA,NA,"FPÖ","Vorarlberg",NA,"nein",NA,"ja","ja",NA,NA,NA,NA,NA,NA,NA,NA,NA,NA,NA,NA,NA,NA,NA,NA,NA,NA,NA,NA,NA,NA,NA,NA,NA,NA,NA,NA,NA,NA,NA,NA,NA,NA,NA,NA,NA,NA,NA,NA,NA,NA,NA,NA,NA,NA,NA,NA,NA,NA,NA,NA,NA,NA,NA,NA,NA,NA,NA,NA,NA,NA,NA,NA,NA,NA,NA,NA,NA,NA,NA,NA,NA,NA,NA,NA,NA,NA,NA,NA,NA,NA,NA,NA,NA,NA,NA,NA,NA,NA,NA,NA,NA,NA,NA,NA,NA,NA,NA,NA,NA,NA,NA,NA,NA,NA,NA,NA,NA,NA,NA,NA,NA,NA,NA,NA,NA,NA,NA,NA,NA,NA,NA,NA,NA,NA,NA,NA,NA,NA,NA,NA,NA,NA,NA
"1.0 (2026-03-05)","doi:10.11587/BA1ORN","836","Partei",NA,NA,NA,NA,"ÖVP","Wien",NA,"ja","https://www.tiktok.com/@wienervp","ja","ja",2846,1226,405,54200,"Die Wiener Volkspartei - ÖVP Wien www.volkspartei.wien; www.markusfigl.at; 🩵","https://www.tiktok.com/@wienervp/video/7167007831068118278",711500,28400,714,1369,"Arbeit","nein","formal","nein","nein","nein","erkennbar","nein","https://www.tiktok.com/@wienervp/video/7404768975583743265",36100,3409,232,1108,"Privat","nein","leger","ja","ja","nein","erkennbar","nein","https://www.tiktok.com/@wienervp/video/7330529183866653984",50600,2599,85,141,"Privat","nein","leger","nein","ja","nein","erkennbar","nein","https://www.tiktok.com/@wienervp/video/7522450862732545302",22400,1181,50,331,NA,NA,NA,"nein","ja","nein","erkennbar","ja","https://www.tiktok.com/@wienervp/video/7190326210713455877",26300,791,8,72,"Arbeit","nein","formal","nein","nein","nein","erkennbar","nein","https://www.tiktok.com/@wienervp/video/7172198181210492166",10900,584,78,22,"Arbeit","nein","formal","nein","nein","nein","erkennbar","nein","https://www.tiktok.com/@wienervp/video/7126838840354032902",19600,574,101,31,"Privat","nein","formal","nein","ja","nein","erkennbar","nein","https://www.tiktok.com/@wienervp/video/7189138189725011206",11200,534,54,29,"Arbeit","nein","formal","nein","nein","nein","erkennbar","nein","https://www.tiktok.com/@wienervp/video/7470551580081704214",21900,375,876,50,"Arbeit","nein","formal","nein","nein","nein","erkennbar","nein","https://www.tiktok.com/@wienervp/video/7327350379090365729",9427,360,75,17,NA,"nein",NA,"ja","ja","nein","erkennbar","nein"
"1.0 (2026-03-05)","doi:10.11587/BA1ORN","837","Partei",NA,NA,NA,NA,"NEOS","Wien",NA,"ja","https://www.tiktok.com/@neos_wien","ja","ja",2036,1258,613,68800,"NEOS Wien ️🩷; ️ Bildung, Integration, Klima, Wiener Märkte, Wirtschaft; m.mtrbio.com/neos-wien","https://www.tiktok.com/@neos_wien/video/7386699714927889697",196800,14700,92,2557,"Arbeit","nein","leger","nein","ja","nein","erkennbar","ja","https://www.tiktok.com/@neos_wien/video/7496140021729185046",73500,5975,100,3920,"Privat","nein","leger","nein","nein","nein","erkennbar","ja","https://www.tiktok.com/@neos_wien/video/7302090986535128352",141400,5586,143,442,"Privat","ja","leger","nein","ja","nein","erkennbar","ja","https://www.tiktok.com/@neos_wien/video/7213699531664264453",59700,2217,179,188,"Arbeit","nein","formal","nein","ja","nein","erkennbar","nein","https://www.tiktok.com/@neos_wien/video/7283894343629425953",18600,1290,6,168,"Arbeit","nein","leger","nein","ja","nein","erkennbar","ja","https://www.tiktok.com/@neos_wien/video/7329618369492159777",53900,928,74,83,"Privat","nein","leger","ja","ja","nein","erkennbar","nein","https://www.tiktok.com/@neos_wien/video/7214048418967129350",13600,719,133,35,"Arbeit","nein","formal","nein","ja","nein","erkennbar","nein","https://www.tiktok.com/@neos_wien/video/7312115623813778721",23100,563,79,15,"Privat","nein","leger","nein","ja","nein","erkennbar","nein","https://www.tiktok.com/@neos_wien/video/7114599347811110150",12600,485,17,6,"Privat","nein","leger","nein","ja","nein","erkennbar","nein","https://www.tiktok.com/@neos_wien/video/7276719316987333921",33800,347,16,170,NA,"nein",NA,"nein","ja","nein","erkennbar","nein"
"1.0 (2026-03-05)","doi:10.11587/BA1ORN","838","Partei",NA,NA,NA,NA,"GRÜNE","Wien",NA,"ja","https://www.tiktok.com/@diegruenenwien","ja","ja",2326,1518,295,39600,"Soziale Gerechtigkeit/Klima/Gegen Rechts","https://www.tiktok.com/@diegruenenwien/video/7569205556888538390",121700,6029,313,333,"Privat","nein","leger","nein","ja","nein","erkennbar","nein","https://www.tiktok.com/@diegruenenwien/video/7382859086251019553",96200,3209,115,1116,"Privat","nein","leger","nein","nein","nein","erkennbar","nein","https://www.tiktok.com/@diegruenenwien/video/7494677947161464086",49200,1873,213,135,"Privat","nein","leger","nein","nein","nein","erkennbar","nein","https://www.tiktok.com/@diegruenenwien/video/7218627458596130074",21900,1328,159,33,"Privat","nein","formal","ja","ja","nein","erkennbar","nein","https://www.tiktok.com/@diegruenenwien/video/7460144104614137110",26100,983,186,80,"Privat","nein","leger","nein","nein","nein","erkennbar","nein","https://www.tiktok.com/@diegruenenwien/video/7323113885614083360",46300,761,220,273,"Privat","nein","formal","nein","ja","nein","erkennbar","nein","https://www.tiktok.com/@diegruenenwien/video/7214128494974930181",8132,408,136,16,"Arbeit","nein","formal","nein","nein","nein","erkennbar","nein","https://www.tiktok.com/@diegruenenwien/video/7270471704495934753",10400,384,9,33,"Privat","nein","formal","nein","nein","nein","erkennbar","nein","https://www.tiktok.com/@diegruenenwien/video/7146873264223096070",12000,356,30,1,"Privat","nein",NA,"nein","nein","nein","erkennbar","nein","https://www.tiktok.com/@diegruenenwien/video/7402542701759024416",34400,354,65,206,"Privat","nein","leger","nein","ja","nein","erkennbar","nein"
"1.0 (2026-03-05)","doi:10.11587/BA1ORN","839","Partei",NA,NA,NA,NA,"SPÖ","Wien",NA,"ja","https://www.tiktok.com/@spoe.wien","ja","ja",2730,601,177,28700,"sozialgerechte politik für wien aus überzeugung seit deine wienpartei ️","https://www.tiktok.com/@spoe.wien/video/7460835090369694998",49600,1530,353,132,"Arbeit","nein","formal","nein","nein","nein","erkennbar","nein","https://www.tiktok.com/@spoe.wien/video/7498094843231603991",29300,1241,65,95,"Arbeit","nein","formal","nein","ja","nein","erkennbar","nein","https://www.tiktok.com/@spoe.wien/video/7486820165045275926",59100,805,86,381,"Arbeit","nein","leger","nein","ja","nein","erkennbar","nein","https://www.tiktok.com/@spoe.wien/video/7487897892326313238",20700,774,25,224,"Privat","ja","leger","nein","ja","nein","erkennbar","ja","https://www.tiktok.com/@spoe.wien/video/7550971932116585750",32400,726,62,213,"Privat","nein",NA,"nein","ja","nein","erkennbar","nein","https://www.tiktok.com/@spoe.wien/video/7428564329462648096",46800,646,105,33,"Privat","nein","leger","nein",NA,"nein","erkennbar","nein","https://www.tiktok.com/@spoe.wien/video/7350980217780964641",16800,605,96,110,"Arbeit","nein","leger","nein","ja","nein","erkennbar","nein","https://www.tiktok.com/@spoe.wien/video/7358800331184098592",18500,542,37,73,"Arbeit","nein","formal","nein","ja","nein","erkennbar","ja","https://www.tiktok.com/@spoe.wien/video/7499408334626376982",9367,534,99,34,"Privat","ja",NA,"nein","nein","nein","erkennbar","nein","https://www.tiktok.com/@spoe.wien/video/7418456996317351201",16800,525,156,127,"Arbeit","nein","formal","nein","ja","nein","erkennbar","nein"
"1.0 (2026-03-05)","doi:10.11587/BA1ORN","840","Partei",NA,NA,NA,NA,"FPÖ","Wien",NA,"ja","https://www.tiktok.com/@fpoe_wien","ja","ja",13800,557,91,73000,"Politik mit Herz","https://www.tiktok.com/@fpoe_wien/video/7377782215792446752",138400,10400,666,2895,"Privat","nein","leger","ja","ja","nein","erkennbar","nein","https://www.tiktok.com/@fpoe_wien/video/7492867652898016534",98600,8359,186,3590,"Privat","nein","leger","ja","ja","nein","erkennbar","nein","https://www.tiktok.com/@fpoe_wien/video/7472842884203531542",86100,3718,180,537,"Arbeit","nein","formal","nein","ja","nein","erkennbar","nein","https://www.tiktok.com/@fpoe_wien/video/7439070314736176416",32100,2745,306,262,"Arbeit","nein","leger","nein","ja","nein","erkennbar","nein","https://www.tiktok.com/@fpoe_wien/video/7402644008343784736",32500,2541,76,268,"Arbeit","nein","formal","nein","nein","nein","erkennbar","ja","https://www.tiktok.com/@fpoe_wien/video/7437190175047929120",27600,2031,201,198,"Privat","nein","leger","nein","nein","nein","erkennbar","nein","https://www.tiktok.com/@fpoe_wien/video/7475328693787708694",27100,1993,156,147,"Arbeit","nein","formal","nein","nein","nein","erkennbar","nein","https://www.tiktok.com/@fpoe_wien/video/7488675762980080918",73900,1930,569,718,NA,NA,NA,"nein","nein","nein","erkennbar","nein","https://www.tiktok.com/@fpoe_wien/video/7494736997114727702",33300,1878,252,261,"Arbeit","nein","formal","nein","ja","nein","erkennbar","nein","https://www.tiktok.com/@fpoe_wien/video/7487990829643009302",30100,1686,131,457,"Arbeit","nein","formal","nein","ja","nein","erkennbar","nein"
"1.0 (2026-03-05)","doi:10.11587/BA1ORN","841","Partei",NA,NA,NA,NA,"GRÜNE","Österreich",NA,"ja","https://www.tiktok.com/@diegruenenaustria","ja","ja",5335,993,475,93900,"woke seit","https://www.tiktok.com/@diegruenenaustria/video/7324247348425837857",745700,20900,1704,2092,"Arbeit","nein","formal","nein","nein","nein","erkennbar","nein","https://www.tiktok.com/@diegruenenaustria/photo/7458207050078735638",106700,5145,9,6,"Privat","nein","leger","nein","nein","nein","erkennbar","nein","https://www.tiktok.com/@diegruenenaustria/video/7408177378918272288",61600,2689,105,687,"Privat","nein","leger","nein","ja","nein","erkennbar","nein","https://www.tiktok.com/@diegruenenaustria/video/7504208559480065302",41100,2159,71,255,"Arbeit","nein","formal","nein","nein","nein","erkennbar","nein","https://www.tiktok.com/@diegruenenaustria/photo/7394836028873346337",16200,1892,24,210,NA,NA,NA,"ja","ja","nein","erkennbar","nein","https://www.tiktok.com/@diegruenenaustria/video/7463014888206634242",55700,1812,282,140,"Arbeit","nein","formal","nein","nein","nein","erkennbar","nein","https://www.tiktok.com/@diegruenenaustria/video/7294603135819992353",96800,1809,267,135,"Arbeit","nein","formal","nein","nein","nein","erkennbar","nein","https://www.tiktok.com/@diegruenenaustria/video/7218575137996639514",62100,1413,138,72,"Arbeit","nein","formal","nein","nein","nein","erkennbar","nein","https://www.tiktok.com/@diegruenenaustria/video/7493880724563528982",17100,1326,45,26,NA,NA,NA,"nein","ja","nein","erkennbar","ja","https://www.tiktok.com/@diegruenenaustria/video/7347742261318339872",66000,1272,252,237,"Arbeit","nein","formal","ja","nein","nein","erkennbar","nein"
"1.0 (2026-03-05)","doi:10.11587/BA1ORN","842","Partei",NA,NA,NA,NA,"NEOS","Österreich",NA,"ja","https://www.tiktok.com/@neos_eu","ja","ja",23900,2268,874,597700,"Reformkraft oida","https://www.tiktok.com/@neos_eu/video/6917571281596468486",885400,84100,1731,3710,"Arbeit","nein","formal","nein","nein","nein","erkennbar","nein","https://www.tiktok.com/@neos_eu/video/6903471927130606849",412300,38900,902,1410,"Arbeit","nein","formal","nein","nein","nein","erkennbar","nein","https://www.tiktok.com/@neos_eu/video/7415922663241174305",498500,24800,496,1766,"Arbeit","nein","formal","nein","nein","nein","erkennbar","nein","https://www.tiktok.com/@neos_eu/video/6919498838780808453",278100,21500,371,1315,"Arbeit","nein","formal","nein","nein","nein","erkennbar","nein","https://www.tiktok.com/@neos_eu/video/7277438136517463329",132200,16500,82,2729,"Arbeit","nein",NA,"nein","ja","nein","erkennbar","ja","https://www.tiktok.com/@neos_eu/video/6895029218556529922",274800,16400,638,1538,"Arbeit","nein","formal","nein","nein","nein","erkennbar","nein","https://www.tiktok.com/@neos_eu/video/7516496660193611030",223200,9819,202,280,"Arbeit","nein","formal","nein","nein","nein","erkennbar","nein","https://www.tiktok.com/@neos_eu/video/6820667779817999622",197300,9711,208,792,"Privat","nein","formal","nein","nein","nein","erkennbar","nein","https://www.tiktok.com/@neos_eu/video/6821443961433935109",277200,8870,213,408,"Privat","nein","leger","nein","ja","nein","erkennbar","nein","https://www.tiktok.com/@neos_eu/video/6829232050881449221",231100,8435,128,130,"Arbeit","nein","formal","nein","ja","nein","erkennbar","ja"
"1.0 (2026-03-05)","doi:10.11587/BA1ORN","843","Partei",NA,NA,NA,NA,"SPÖ","Österreich",NA,"ja","https://www.tiktok.com/@spoe_at","nein","ja",20600,1379,518,401900,"SPÖ | Wir bringen Österreich wieder auf Kurs @Andi Babler","https://www.tiktok.com/@spoe_at/video/7117664333240274182",757800,42400,1115,2406,"Arbeit","nein","formal","nein","ja","nein","erkennbar","nein","https://www.tiktok.com/@spoe_at/video/7405636272288533793",375800,31900,854,16500,"Arbeit","nein","formal","nein","nein","nein","erkennbar","ja","https://www.tiktok.com/@spoe_at/video/7083112333676956934",609000,30300,1312,2245,"Arbeit","nein","formal","nein","ja","nein","erkennbar","nein","https://www.tiktok.com/@spoe_at/video/7078248977849650437",511600,29200,729,633,"Arbeit","nein","formal","nein","ja","nein","erkennbar","nein","https://www.tiktok.com/@spoe_at/video/7195506597810949381",460100,16800,437,874,"Arbeit","nein","formal","nein","ja","nein","erkennbar","nein","https://www.tiktok.com/@spoe_at/video/7150629282639908102",285000,8838,231,951,"Arbeit","nein","formal","ja","ja","nein","erkennbar","nein","https://www.tiktok.com/@spoe_at/photo/7307278229079952673",85900,8527,69,510,NA,NA,NA,"nein","ja","nein","erkennbar","ja","https://www.tiktok.com/@spoe_at/video/7197010500427730182",314700,7873,27,765,"Arbeit","nein","formal","nein","ja","nein","erkennbar","nein","https://www.tiktok.com/@spoe_at/video/7117688694361836805",246800,7814,379,293,"Arbeit","nein","formal","nein","ja","nein","erkennbar","nein","https://www.tiktok.com/@spoe_at/video/7073116455646006534",202000,7439,417,458,"Arbeit","nein","formal","nein","ja","nein","erkennbar","nein"
"1.0 (2026-03-05)","doi:10.11587/BA1ORN","844","Partei",NA,NA,NA,NA,"FPÖ","Österreich",NA,"ja","https://www.tiktok.com/@fpoe_at","ja","ja",104200,1813,925,1791700,"Der offizielle Tik Tok Auftritt der FPÖ","https://www.tiktok.com/@fpoe_at/video/7434501549289704736",687100,55100,4074,4329,"Arbeit","nein","formal","nein","nein","nein","erkennbar","nein","https://www.tiktok.com/@fpoe_at/video/7379920138985901345",628700,50200,2397,6688,"Arbeit","nein","formal","nein","nein","nein","erkennbar","nein","https://www.tiktok.com/@fpoe_at/video/7379571229012938016",401300,34800,3218,5153,"Arbeit","nein","formal","nein","nein","nein","erkennbar","nein","https://www.tiktok.com/@fpoe_at/video/7496819260816100630",342500,30900,1884,3855,"Arbeit","nein","formal","nein","nein","nein","erkennbar","nein","https://www.tiktok.com/@fpoe_at/video/7466127386644466966",455500,30400,1952,3756,"Privat","nein","leger","nein","ja","nein","erkennbar","nein","https://www.tiktok.com/@fpoe_at/video/7393009058426522912",246100,27600,4866,2435,"Arbeit","nein","formal","nein","ja","nein","erkennbar","nein","https://www.tiktok.com/@fpoe_at/video/7419403998320446753",591100,23700,1388,2217,"Privat","nein","leger","nein","nein","nein","erkennbar","nein","https://www.tiktok.com/@fpoe_at/video/7315003534292929825",398200,20800,697,1031,"Arbeit","nein","formal","nein","nein","nein","erkennbar","nein","https://www.tiktok.com/@fpoe_at/video/7309127971388919073",341900,19000,960,1793,"Arbeit","nein","formal","nein","nein","nein","erkennbar","nein","https://www.tiktok.com/@fpoe_at/video/7292754458927287584",341600,18800,1399,3684,"Privat","nein","leger","nein","ja","nein","erkennbar","nein"
"1.0 (2026-03-05)","doi:10.11587/BA1ORN","845","Partei",NA,NA,NA,NA,"ÖVP","Österreich",NA,"nein",NA,"nein","nein",NA,NA,NA,NA,NA,NA,NA,NA,NA,NA,NA,NA,NA,NA,NA,NA,NA,NA,NA,NA,NA,NA,NA,NA,NA,NA,NA,NA,NA,NA,NA,NA,NA,NA,NA,NA,NA,NA,NA,NA,NA,NA,NA,NA,NA,NA,NA,NA,NA,NA,NA,NA,NA,NA,NA,NA,NA,NA,NA,NA,NA,NA,NA,NA,NA,NA,NA,NA,NA,NA,NA,NA,NA,NA,NA,NA,NA,NA,NA,NA,NA,NA,NA,NA,NA,NA,NA,NA,NA,NA,NA,NA,NA,NA,NA,NA,NA,NA,NA,NA,NA,NA,NA,NA,NA,NA,NA,NA,NA,NA,NA,NA,NA,NA,NA,NA,NA,NA,NA,NA,NA,NA,NA,NA,NA,NA,NA,NA,NA,NA,NA,NA,NA,NA,NA
