LikeCount,ShareCount,UserID,video_duration,ViewCount,CommentCount,create_time,VidID,Partei,profile_name
3045,82,fpoe_at,31,35967,173,2024-09-29 21:32:14,7420181027760475425,,
108,27,spoe.wien,47,1896,4,2024-09-29 14:59:17,7420079753060830497,,
118,13,diegruenenaustria,8,6012,7,2024-09-29 09:41:51,7419997977118248225,,
24482,2242,fpoe_at,28,615346,1215,2024-09-27 19:16:53,7419403998320446753,,
1885,282,spoe_at,56,33386,83,2024-09-27 19:14:15,7419403314145611040,,
1068,112,fpoe_wien,72,21911,81,2024-09-27 15:34:02,7419346562490387744,,
5193,325,spoe_at,44,81316,63,2024-09-27 14:12:05,7419325434866830625,,
110,3,wienervp,47,8736,52,2024-09-27 12:09:23,7419293820547812641,,
64,44,spoe.wien,90,811,5,2024-09-27 09:33:58,7419253701983882529,,
27,2,wienervp,25,851,13,2024-09-27 08:42:55,7419240586500230432,,
38,0,diegruenenwien,39,948,41,2024-09-27 08:35:17,7419238636803067168,,
1215,129,spoe_at,41,15202,13,2024-09-27 08:32:10,7419237828523003169,,
32,1,neos_wien,15,534,2,2024-09-27 08:14:46,7419233338440813857,,
56,2,neos_eu,16,2331,2,2024-09-27 06:29:42,7419206278800510240,,
94,3,diegruenenaustria,58,1509,8,2024-09-26 17:15:30,7419001625567677729,,
123,2,spoe_at,30,2628,3,2024-09-26 16:00:00,7418965996376952096,,
49,1,neos_wien,79,664,1,2024-09-26 14:23:23,7418957238804417824,,
91,2,neos_eu,0,3762,2,2024-09-26 14:20:14,7418956448450874657,,
243,44,spoe_at,14,2844,9,2024-09-26 13:57:29,7418950553830542624,,
1207,122,fpoe_at,458,28242,136,2024-09-26 12:04:14,7418921405791718688,,
28,0,diegruenenwien,29,421,11,2024-09-26 11:47:16,7418917017132076321,,
305,20,spoe_at,44,4583,16,2024-09-26 11:33:09,7418913379336621345,,
109,6,neos_eu,87,6998,53,2024-09-26 11:14:36,7418908588569005344,,
114,3,spoe_at,43,2319,1,2024-09-26 10:41:27,7418900069283286304,,
3778,555,fpoe_at,54,75695,401,2024-09-26 10:05:44,7418890854477172000,,
27,0,wienervp,40,1079,46,2024-09-26 09:40:23,7418884277154172192,,
52,0,neos_eu,0,2300,16,2024-09-26 09:07:15,7418875787740187937,,
111,5,neos_eu,11,2609,6,2024-09-26 07:42:46,7418853979678936353,,
73,0,dietomaselli,29,1730,3,2024-09-29 09:39:31,7419997363688721697,,
154,10,chriswiederkehr,7,6289,9,2024-09-29 09:00:29,7419987235572944160,,
18,0,dietomaselli,19,892,0,2024-09-27 11:18:08,7419280609886948640,,
50,0,olgavoglauer,49,646,8,2024-09-27 07:36:36,7419223513099226401,,
32,0,olgavoglauer,73,425,4,2024-09-26 19:39:43,7419038788476734753,,
133,4,dietomaselli,39,2732,17,2024-09-26 18:08:40,7419015337884142881,,
153,2,thomas_waitz,11,3241,0,2024-09-26 13:13:14,7418939147018161440,,
51,1,dietomaselli,50,608,2,2024-09-26 10:05:04,7418890681466244384,,
37,2,olgavoglauer,29,2807,8,2024-09-26 06:39:50,7418837768555547937,,
221,17,tho_weber,39,3202,0,2024-09-26 05:39:07,7418822141618982177,,
14,0,rudi_silvan,0,308,0,2024-09-29 19:54:53,7420155936477695264,,
1978,29,christophsteinerfpoe,0,27602,128,2024-09-29 18:01:30,7420126742855060769,,
186,3,andreas_spanring,32,3860,18,2024-09-29 16:47:56,7420107767156903201,,
932,12,christophsteinerfpoe,0,18519,40,2024-09-29 09:53:13,7420000904188939552,,
529,10,petra.steger,69,7025,26,2024-09-29 07:31:13,7419964302888586528,,
972,63,christophsteinerfpoe,31,17944,35,2024-09-29 04:20:03,7419914844452785441,,
87,0,christophsteinerfpoe,93,3327,3,2024-09-27 18:19:55,7419389320252886305,,
973,57,yannickshetty,79,20592,58,2024-09-27 14:00:26,7419322449059237153,,
29,4,jakobcschwarz,43,1704,3,2024-09-27 13:57:53,7419321784186522913,,
823,72,yannickshetty,73,15197,11,2024-09-27 13:51:38,7419320168741899552,,
203,3,christophsteinerfpoe,113,3852,2,2024-09-27 13:17:23,7419311347852266784,,
683,25,yannickshetty,45,13933,33,2024-09-27 10:00:25,7419260588343610657,,
88,0,andreas_spanring,6,1481,4,2024-09-27 09:58:12,7419260009134984480,,
108,9,jakobcschwarz,52,6125,23,2024-09-27 09:21:04,7419250435967503648,,
132,13,christophsteinerfpoe,31,4931,6,2024-09-27 09:15:51,7419249090397080864,,
187,5,anna.gkh,87,1954,8,2024-09-27 08:08:01,7419231607808134433,,
808,132,christophsteinerfpoe,112,20622,163,2024-09-26 19:45:44,7419040340189007137,,
615,19,yannickshetty,78,11244,23,2024-09-26 19:15:51,7419032646455463200,,
399,9,christophsteinerfpoe,54,8929,13,2024-09-26 18:51:00,7419026242004995361,,
1709,41,yannickshetty,46,39403,53,2024-09-26 17:35:04,7419006672942664993,,
1819,62,yannickshetty,91,25921,65,2024-09-26 15:05:30,7418968130627652896,,
181,1,yannickshetty,44,4637,15,2024-09-26 13:58:49,7418950924372086048,,
2382,95,christophsteinerfpoe,77,43163,86,2024-09-26 13:17:33,7418940272882552096,,
220,10,petra.steger,64,2452,9,2024-09-26 10:20:13,7418894562640317728,,
319,5,yannickshetty,63,6927,24,2024-09-26 10:00:43,7418889573331160353,,
86,1,jakobcschwarz,0,2042,4,2024-09-26 09:36:40,7418883351014149408,,
77,2,jakobcschwarz,43,1643,1,2024-09-26 08:18:21,7418863141297179937,,
1302,79,yannickshetty,84,23270,44,2024-09-26 07:18:14,7418847658720120096,,
567,25,christophsteinerfpoe,33,14752,18,2024-09-26 06:27:14,7418834496121769248,,
24,1,rudi_silvan,0,1718,18,2024-09-26 04:57:44,7418811426514521376,,
235,7,christophsteinerfpoe,21,5751,2,2024-09-26 04:23:22,7418802472677887264,,
66,4,cranzmaier,50,1057,5,2024-09-29 10:57:42,7420017516333878560,,
97,6,sebastianschwaighofer,26,1548,15,2024-09-29 07:41:53,7419967011733703968,,
22,4,ralphschallmeiner,50,559,5,2024-09-27 16:06:48,7419355013773806881,,
2872,205,lisa.schuchgubik,42,48274,198,2024-09-27 14:16:58,7419326703123647776,,
70,3,ralphschallmeiner,69,1310,13,2024-09-27 12:33:49,7419300117796162849,,
20,0,ralphschallmeiner,63,295,12,2024-09-26 15:43:18,7418977866198633760,,
970,68,lisa.schuchgubik,31,14091,48,2024-09-26 15:36:57,7418976232441662753,,
31,0,ralphschallmeiner,48,565,15,2024-09-26 11:54:17,7418918840370760993,,
86,5,sebastianschwaighofer,51,842,5,2024-09-26 11:11:40,7418907816301317409,,
21,1,ralphschallmeiner,38,268,8,2024-09-26 09:29:22,7418881467192773921,,
552,37,cranzmaier,72,11571,58,2024-09-26 06:23:27,7418833464511794464,,
4645,69,mario.kunasek,24,51236,218,2024-09-29 16:46:50,7420107487342382369,,
18,0,drgudrunkugler,74,1091,1,2024-09-29 07:25:05,7419962704632270113,,
151,10,wolfgangkocevar,20,11399,39,2024-09-29 06:51:55,7419954145685212449,,
45,3,sebastiankolland1983,20,1207,0,2024-09-29 06:41:37,7419951485506587936,,
393,9,mario.kunasek,40,3203,41,2024-09-29 02:56:11,7419893047200075040,,
38,4,drgudrunkugler,94,1047,1,2024-09-27 21:24:44,7419436940489002273,,
111,18,wolfgangkocevar,33,3786,11,2024-09-27 17:46:07,7419380603579075872,,
104,0,werner.kogler,25,2254,5,2024-09-27 13:21:28,7419312398521208097,,
69,1,sebastiankolland1983,89,2625,96,2024-09-27 08:21:02,7419234959640104225,,
127,2,udo_landbauer,51,1411,8,2024-09-27 06:00:41,7419198795025517857,,
107,1,werner.kogler,40,1492,6,2024-09-26 20:44:04,7419055378916265248,,
181,1,werner.kogler,86,3236,13,2024-09-26 16:09:17,7418984570806127905,,
40,0,mario.kunasek,1225,987,1,2024-09-26 13:56:39,7418950386758716705,,
15,0,peterkraus.wien,29,617,2,2024-09-26 11:59:48,7418920261937941793,,
12,1,drgudrunkugler,42,919,1,2024-09-26 08:40:38,7418868932238380321,,
150,2,nicolefeursteinhosp,42,1180,14,2024-09-29 22:02:05,7420188721783278881,,
65,3,gangandreas,19,2127,1,2024-09-27 20:23:22,7419421122392870176,,
14,2,eligoetze,64,952,1,2024-09-27 19:50:51,7419412755813272864,,
59,0,eligoetze,60,867,5,2024-09-27 19:47:35,7419411911579585825,,
672,30,nicolefeursteinhosp,72,7123,99,2024-09-27 19:23:34,7419405721785158945,,
73,14,gangandreas,42,1682,7,2024-09-27 16:35:12,7419362328119954720,,
59,1,andreas_hanger,41,4108,46,2024-09-27 10:40:21,7419270874840272161,,
16,0,elisabethfeichtin6,30,952,6,2024-09-27 07:33:03,7419222555548011809,,
15,1,elisabethfeichtin6,37,995,11,2024-09-27 07:32:28,7419222451122392352,,
58,2,lukas_hammer_tugendhat,33,1048,0,2024-09-27 05:28:21,7419190466924629281,,
489,4,hafenecker,390,5554,44,2024-09-27 05:00:36,7419183298720714016,,
70,9,gangandreas,40,1286,3,2024-09-26 21:15:13,7419063391152819488,,
30,0,nicolefeursteinhosp,0,1010,2,2024-09-26 20:25:03,7419050485191068961,,
202,6,geistlerluca,45,1925,15,2024-09-26 17:18:43,7419002447277853984,,
987,154,patrickhaslwanter,392,17018,59,2024-09-26 17:16:14,7419001819021593889,,
24,3,gangandreas,29,969,2,2024-09-26 17:04:28,7418998780579564833,,
23,0,eligoetze,52,822,6,2024-09-26 10:12:53,7418892703905123617,,
23,1,eligoetze,20,1356,64,2024-09-26 09:54:13,7418887860327075104,,
935,76,lukas_hammer_tugendhat,71,51919,151,2024-09-26 05:32:31,7418820389217848609,,
606,25,hafenecker,298,11381,85,2024-09-26 05:22:29,7418817753890557217,,
2747,49,andibabler,12,56559,61,2024-09-29 10:19:06,7420007564026432800,,
61,1,martinaberthold,5,4025,7,2024-09-29 09:37:03,7419996712862895392,,
41,0,katrinauer_steyr,59,773,0,2024-09-29 08:10:38,7419974445466471713,,
18,0,katrinauer_steyr,0,483,0,2024-09-29 06:39:45,7419950912312986913,,
20,0,katrinauer_steyr,12,378,0,2024-09-29 06:30:11,7419948450793426209,,
1048,41,andibabler,117,22426,31,2024-09-27 19:39:58,7419409945868668193,,
367,11,andibabler,101,10619,8,2024-09-27 16:28:03,7419360485415456032,,
397,14,andibabler,70,19892,17,2024-09-26 15:46:56,7418978804019842336,,
223,4,andibabler,15,6935,12,2024-09-26 15:39:33,7418976906013363488,,
7738,712,andibabler,83,82296,46,2024-09-26 14:35:10,7418960297643363617,,
626,42,markusabwerzger,77,8680,45,2024-09-26 13:13:19,7418939185521872161,,
437,36,andibabler,38,15741,25,2024-09-26 09:37:27,7418883554291092769,,
332,5,andibabler,12,10700,15,2024-09-26 07:12:23,7418846126717127968,,
112,2,erwin_angerer,57,886,10,2024-09-26 06:21:00,7418832923018808609,,
74,7,joachimaigner27,50,957,5,2024-09-26 17:20:00,7417792216694902048,,
111,4,joachimaigner27,32,4020,9,2024-09-27 05:50:00,7416330529210928417,,
51,0,joachimaigner27,10,1035,4,2024-09-27 17:50:00,7416315627863919904,,
31,0,joachimaigner27,40,1054,2,2024-09-26 10:50:00,7415217740207656225,,
173,11,spoe_at,29,2689,4,2024-09-25 18:08:42,7418644259672231201,,
50,12,neos_eu,19,1812,1,2024-09-25 15:57:29,7418610428265155872,,
184,12,spoe_at,92,2618,3,2024-09-25 13:49:53,7418577542891785504,,
1072,80,neos_eu,12,56305,473,2024-09-25 13:08:40,7418566919348899104,,
448,34,spoe_at,0,9939,14,2024-09-25 12:06:32,7418550920536968480,,
28,1,neos_eu,7,1660,2,2024-09-25 11:28:21,7418541079311420704,,
98,17,fpoe_wien,74,7617,4,2024-09-25 11:03:47,7418534750270262560,,
67,1,diegruenenwien,29,932,13,2024-09-25 11:02:58,7418534527540268321,,
51,8,neos_wien,0,1007,0,2024-09-25 10:26:48,7418525219784002849,,
4378,481,fpoe_at,68,71823,359,2024-09-25 10:15:08,7418522207950818593,,
68,1,diegruenenaustria,0,1880,3,2024-09-25 09:28:35,7418510212581149984,,
73,0,diegruenenwien,38,1107,15,2024-09-25 09:27:10,7418509839623654688,,
49,1,neos_eu,8,1561,2,2024-09-25 08:56:30,7418501935160151328,,
161,15,spoe_at,0,2565,6,2024-09-25 08:38:39,7418497329679977761,,
293,16,neos_eu,31,20565,81,2024-09-25 08:07:40,7418489353556512032,,
22,0,diegruenenvorarlberg,68,886,2,2024-09-25 08:01:45,7418487818382495009,,
525,128,spoe.wien,50,16807,151,2024-09-25 06:02:09,7418456996317351201,,
52,3,neos_eu,34,1782,3,2024-09-24 18:53:34,7418284729981537568,,
619,301,spoe_at,18,6967,8,2024-09-24 18:08:23,7418273081564695840,,
3338,816,fpoe_at,218,82255,238,2024-09-24 15:36:31,7418233954114751777,,
66,11,neos_eu,43,1765,6,2024-09-24 15:34:17,7418233378975092001,,
80,6,diegruenenaustria,13,1699,6,2024-09-24 15:06:23,7418226188012768545,,
146,10,spoe_at,0,2686,2,2024-09-24 14:08:41,7418211321017027872,,
17577,1241,fpoe_at,116,255832,772,2024-09-24 12:18:21,7418182880553159968,,
56,1,neos_eu,0,2563,41,2024-09-24 12:02:47,7418178866532928801,,
64,1,neos_wien,9,1168,3,2024-09-24 11:56:33,7418177263327333664,,
87,20,spoe.wien,55,1257,3,2024-09-24 11:00:29,7418162814000319776,,
108,4,spoe_at,5,3126,3,2024-09-24 09:47:11,7418143912700726560,,
175,6,diegruenenaustria,0,4960,7,2024-09-24 09:38:34,7418141687760948513,,
152,17,neos_eu,8,9562,68,2024-09-24 08:58:19,7418131318120156449,,
127,7,neos_eu,24,11864,64,2024-09-24 07:00:11,7418100884363562273,,
366,20,fpoe_wien,43,9825,16,2024-09-24 04:59:38,7418069686652374304,,
260,55,spoe_at,102,3569,9,2024-09-23 19:21:11,7417920745633762593,,
68,5,wienervp,73,2379,19,2024-09-23 17:46:32,7417896366329941281,,
73,12,neos_eu,213,1848,4,2024-09-23 16:59:08,7417884152772431137,,
754,194,spoe_at,0,22053,21,2024-09-23 16:43:01,7417880010335210785,,
83,4,spoe_at,5,2092,2,2024-09-23 14:12:07,7417841105623895329,,
84,7,neos_eu,0,8533,4,2024-09-23 13:08:30,7417824696294493473,,
30,5,diegruenenvorarlberg,65,987,4,2024-09-23 12:03:17,7417807871762533664,,
88,2,neos_wien,0,2612,0,2024-09-23 11:28:09,7417798784148573473,,
193,19,neos_eu,0,6436,22,2024-09-23 11:00:55,7417791792113896737,,
63,4,diegruenenaustria,0,1478,1,2024-09-23 10:23:31,7417782162566516001,,
45,8,neos_wien,8,592,0,2024-09-23 09:03:15,7417761480407338273,,
1904,287,fpoe_at,64,28944,124,2024-09-23 08:48:21,7417757611430366497,,
67,4,neos_eu,35,1654,0,2024-09-23 08:42:56,7417756251049807136,,
185,17,spoe_at,9,2945,6,2024-09-23 08:38:40,7417755140402285857,,
76,0,diegruenenwien,43,908,2,2024-09-23 08:16:31,7417749421435276576,,
271,14,neos_eu,14,19350,59,2024-09-23 07:17:26,7417734196728237344,,
4183,811,fpoe_at,40,108473,489,2024-09-22 15:48:25,7417494804604456224,,
77,3,neos_eu,0,7922,10,2024-09-22 15:46:58,7417494469253156128,,
29,4,neos_wien,38,594,0,2024-09-22 13:25:31,7417457998731250976,,
22,0,wienervp,90,711,1,2024-09-22 08:58:26,7417389159033228577,,
163,13,neos_eu,52,3709,58,2024-09-22 08:00:42,7417374295845817632,,
1638,39,fpoe_at,152,30708,161,2024-09-21 14:58:01,7417110751179001121,,
5896,2643,spoe_at,5,72316,65,2024-09-21 09:25:23,7417025051813268768,,
23,0,diegruenenvorarlberg,61,855,3,2024-09-21 08:00:51,7417003236348972321,,
1366,48,neos_eu,268,18519,33,2024-09-20 19:22:35,7416807868550155552,,
94,8,neos_eu,0,10910,69,2024-09-20 14:04:49,7416725958520032545,,
80,9,neos_eu,19,1675,11,2024-09-20 12:20:29,7416699061639646496,,
50,2,neos_wien,34,1043,0,2024-09-20 12:05:46,7416695280097168673,,
83,1,diegruenenwien,32,1310,10,2024-09-20 11:52:02,7416691751701761312,,
2626,260,fpoe_at,84,44753,135,2024-09-20 10:49:05,7416675493082123552,,
104,5,diegruenenwien,56,3092,28,2024-09-20 09:26:12,7416654142074064160,,
23,0,wienervp,23,844,51,2024-09-20 08:25:50,7416638555407093024,,
106,3,diegruenenaustria,46,1662,9,2024-09-20 07:11:29,7416619433478671648,,
92,5,neos_wien,22,3078,2,2024-09-19 21:25:22,7416468404875382048,,
66,3,neos_eu,0,2505,4,2024-09-19 10:34:44,7416300740592946465,,
333,16,fpoe_at,19,10116,19,2024-09-19 10:16:01,7416295917260754208,,
7,0,diegruenenvorarlberg,19,835,0,2024-09-19 08:16:21,7416265082495175969,,
14,0,diegruenenvorarlberg,84,836,2,2024-09-19 08:01:43,7416261296494071072,,
195,3,spoe_at,30,3108,4,2024-09-18 17:17:39,7416033491319524640,,
76,2,neos_eu,50,2306,19,2024-09-18 16:17:45,7416018062421413153,,
82,7,neos_eu,100,2887,9,2024-09-18 15:30:02,7416005746027990305,,
95,0,neos_eu,15,3996,19,2024-09-18 13:48:15,7415979532135517473,,
334,61,spoe.wien,6,4366,8,2024-09-18 11:52:57,7415949827285994785,,
24894,1768,neos_eu,50,503077,468,2024-09-18 10:07:35,7415922663241174305,,
19,0,diegruenenvorarlberg,95,800,4,2024-09-18 09:00:54,7415905485385125153,,
1512,41,fpoe_at,294,18363,139,2024-09-18 06:38:40,7415868816908946721,,
115,5,diegruenenaustria,31,2656,23,2024-09-17 13:27:41,7415603129066081569,,
80,18,spoe.wien,18,1027,7,2024-09-17 11:10:46,7415567850510765344,,
15,0,diegruenenvorarlberg,67,776,1,2024-09-17 08:01:38,7415519100107066657,,
54,0,spoe_at,0,2566,4,2024-09-16 16:06:33,7415273007964228896,,
135,13,wienervp,23,7093,76,2024-09-16 15:07:22,7415257758582295840,,
8,0,diegruenenvorarlberg,65,781,0,2024-09-16 09:48:47,7415175628036590880,,
1484,121,fpoe_wien,71,36633,130,2024-09-16 09:34:07,7415171853150424353,,
247,30,diegruenenwien,68,16727,28,2024-09-14 16:07:34,7414531090288872736,,
346,39,fpoe_at,27,9704,13,2024-09-14 15:48:32,7414526188418354464,,
24,4,wienervp,13,1250,3,2024-09-14 14:28:09,7414505478178262304,,
56,1,wienervp,73,1300,4,2024-09-14 09:28:39,7414428283179240736,,
16,0,diegruenenvorarlberg,51,853,1,2024-09-14 08:00:57,7414405641957149984,,
54,0,neos_eu,40,2721,5,2024-09-14 06:46:13,7414386333403122976,,
71,3,neos_eu,195,2345,10,2024-09-13 17:08:13,7414175642276678945,,
74,0,spoe_at,0,3081,2,2024-09-13 14:40:44,7414137610844572961,,
2591,130,fpoe_at,48,74128,558,2024-09-13 14:14:43,7414130923295264032,,
247,2,neos_eu,37,18651,60,2024-09-13 13:46:46,7414123724481367329,,
74,19,spoe.wien,19,1437,6,2024-09-13 11:59:27,7414096072642972960,,
66,1,neos_eu,9,1978,3,2024-09-13 10:25:12,7414071778097515809,,
101,20,diegruenenwien,13,2968,40,2024-09-13 08:45:19,7414046011011763488,,
535,138,neos_eu,0,12608,38,2024-09-13 06:00:01,7414003435617439009,,
15,0,diegruenenvorarlberg,83,803,3,2024-09-12 16:04:12,7413788058887212321,,
1303,265,spoe_at,36,60703,110,2024-09-12 13:55:05,7413754785150651681,,
156,13,wienervp,49,11497,71,2024-09-12 11:08:11,7413711753235664160,,
38,1,neos_eu,40,1700,3,2024-09-12 10:32:53,7413702645220642080,,
1682,207,fpoe_at,112,23115,62,2024-09-12 09:51:35,7413691927264087328,,
165,6,spoe_at,184,3298,2,2024-09-12 08:32:52,7413671689147469088,,
28,2,neos_wien,5,691,0,2024-09-12 07:26:01,7413654503360040225,,
44,1,neos_eu,30,1644,1,2024-09-12 06:35:54,7413641576942964000,,
1361,238,fpoe_at,32,29366,66,2024-09-11 16:50:00,7413428774915607841,,
51,2,neos_eu,162,1843,0,2024-09-11 14:35:51,7413394196742065440,,
42,40,spoe.wien,13,1574,0,2024-09-11 14:24:38,7413391310528318753,,
917,55,spoe_at,0,20709,22,2024-09-11 12:00:17,7413354129281518880,,
41,1,neos_wien,6,1184,0,2024-09-11 09:19:49,7413312748722949408,,
17,1,diegruenenvorarlberg,58,838,1,2024-09-11 09:01:09,7413307939051638048,,
48,1,wienervp,66,1470,5,2024-09-11 08:02:56,7413292938723151137,,
126,5,neos_eu,30,7579,49,2024-09-11 07:27:38,7413283852195466528,,
53,4,diegruenenwien,32,5742,5,2024-09-10 16:02:10,7413045355069197600,,
103,20,neos_eu,38,2856,8,2024-09-10 15:11:16,7413032239593835809,,
155,2,neos_eu,42,10174,16,2024-09-10 11:32:31,7412975855535787297,,
1787,469,neos_eu,0,73983,141,2024-09-10 08:47:31,7412933313167412512,,
845,36,fpoe_at,202,12251,56,2024-09-10 08:30:57,7412929032980925729,,
41,1,neos_wien,8,1049,5,2024-09-10 07:41:18,7412916236599790881,,
164,3,diegruenenaustria,27,4875,16,2024-09-10 06:30:35,7412898023061179680,,
243,11,neos_eu,40,9045,6,2024-09-09 17:10:33,7412691899036863776,,
14,0,diegruenenvorarlberg,58,804,2,2024-09-09 16:05:41,7412675184630517025,,
102,9,diegruenenaustria,15,2216,3,2024-09-09 14:02:21,7412643393488063776,,
45,2,neos_wien,8,1002,4,2024-09-09 14:01:07,7412643082929278240,,
84,1,diegruenenwien,25,2302,28,2024-09-09 13:06:06,7412628881418603808,,
848,40,fpoe_at,50,12676,58,2024-09-09 11:11:41,7412599391556586785,,
20,0,diegruenenvorarlberg,18,951,5,2024-09-09 09:50:31,7412578474822487328,,
931,19,neos_eu,60,39590,94,2024-09-09 09:30:19,7412573269020134689,,
65,3,neos_wien,75,1069,2,2024-09-09 06:56:30,7412533573720345889,,
5496,436,neos_eu,19,148856,138,2024-09-09 06:23:20,7412525024294260000,,
15,2,diegruenenvorarlberg,49,893,3,2024-09-09 06:04:07,7412520129222823200,,
226,3,diegruenenaustria,24,8036,35,2024-09-08 19:50:48,7412362108869823777,,
98,12,neos_eu,32,3115,4,2024-09-08 16:57:05,7412317344824888609,,
2777,115,fpoe_at,43,26036,174,2024-09-08 16:11:36,7412305623926181152,,
87,3,neos_wien,15,1745,0,2024-09-07 21:30:42,7412016778143862049,,
1659,69,fpoe_at,36,25817,108,2024-09-07 16:46:22,7411943492252912928,,
79,4,diegruenenaustria,42,1866,4,2024-09-07 15:24:10,7411922320064826657,,
2760,150,fpoe_at,27,52697,201,2024-09-07 09:41:03,7411833895936642337,,
157,33,neos_eu,14,5113,7,2024-09-07 07:23:53,7411798535047335201,,
608,19,fpoe_wien,52,12700,31,2024-09-06 17:51:30,7411589196483284256,,
69,0,neos_eu,11,2493,9,2024-09-06 13:18:47,7411518841286692128,,
985,22,neos_eu,24,75436,305,2024-09-06 13:10:45,7411516820991053089,,
67,4,neos_wien,19,1142,4,2024-09-06 11:29:52,7411490825672084769,,
65,0,neos_eu,114,2468,6,2024-09-06 08:21:43,7411442314029174049,,
2539,196,fpoe_at,80,30670,235,2024-09-05 16:14:53,7411193211089128737,,
21,3,neos_wien,8,956,2,2024-09-05 14:43:17,7411169607064620321,,
54,1,neos_wien,9,734,2,2024-09-05 13:22:05,7411148683288349984,,
16,2,diegruenenvorarlberg,51,1897,0,2024-09-05 12:09:51,7411130067285216545,,
132,15,diegruenenaustria,0,5747,28,2024-09-05 12:07:26,7411129443785198880,,
57,0,neos_eu,59,1974,6,2024-09-05 10:54:33,7411110657631816992,,
28,4,wienervp,61,1319,3,2024-09-05 07:54:25,7411064222525803809,,
51,2,neos_eu,0,1674,2,2024-09-05 07:51:07,7411063373460213024,,
250,16,spoe_at,82,5404,11,2024-09-05 07:36:26,7411059570337926433,,
1858,123,fpoe_at,64,34548,124,2024-09-04 16:03:10,7410819102073261344,,
85,1,neos_eu,105,2200,5,2024-09-04 15:53:48,7410816689178168609,,
54,2,neos_eu,110,1899,6,2024-09-04 08:55:39,7410708934794710304,,
860,60,fpoe_at,47,13949,81,2024-09-03 16:49:22,7410459917426904352,,
61,5,neos_eu,0,4371,92,2024-09-03 13:28:07,7410408054270741792,,
83,2,neos_wien,19,1106,0,2024-09-03 12:25:40,7410391958591409441,,
127,9,neos_eu,12,5047,23,2024-09-03 09:39:15,7410349068968398113,,
91,2,fpoe_wien,64,12109,8,2024-09-03 08:40:03,7410333819829554464,,
210,6,diegruenenaustria,38,6238,13,2024-09-02 17:52:13,7410105042750950689,,
41,1,neos_wien,13,814,1,2024-09-02 16:37:17,7410085740501028128,,
81,3,neos_eu,7,2438,5,2024-09-02 14:06:21,7410046828999101728,,
776,28,fpoe_at,52,11555,57,2024-09-02 13:26:59,7410036672563350816,,
397,34,neos_eu,0,26732,37,2024-09-02 10:17:48,7409987913414348064,,
67,1,neos_wien,15,1063,0,2024-09-02 05:53:54,7409919853403950369,,
1975,130,spoe_at,37,67636,102,2024-09-01 17:40:10,7409730846845963553,,
221,15,fpoe_wien,69,23503,18,2024-09-01 08:38:56,7409591371717152032,,
1482,167,fpoe_at,31,23635,126,2024-08-31 12:26:28,7409278919364365601,,
22,3,neos_wien,48,968,3,2024-08-31 06:31:46,7409187510758149408,,
24,2,neos_wien,0,482,0,2024-08-30 10:13:04,7408873472727715105,,
983,66,fpoe_at,66,15547,102,2024-08-30 09:07:27,7408856555111583009,,
44,1,neos_eu,23,1664,11,2024-08-30 08:18:55,7408844043754474784,,
20,1,neos_wien,6,476,0,2024-08-29 15:24:31,7408582639692664096,,
556,21,diegruenenaustria,33,21408,49,2024-08-29 14:28:52,7408568304614313249,,
1419,26,fpoe_at,56,15892,113,2024-08-29 13:39:10,7408555492194209057,,
10,0,neos_wien,6,180,0,2024-08-29 12:15:47,7408533998290455841,,
176,70,spoe_at,56,3553,10,2024-08-28 16:51:07,7408233867804495136,,
3611,405,fpoe_at,19,91600,270,2024-08-28 14:39:21,7408199915937041697,,
76,5,neos_eu,35,1898,2,2024-08-28 14:29:47,7408197450151890209,,
27,2,neos_wien,14,430,0,2024-08-28 13:15:25,7408178281276640545,,
2731,692,diegruenenaustria,14,62868,103,2024-08-28 13:11:55,7408177378918272288,,
131,24,diegruenenaustria,44,5003,23,2024-08-28 05:03:54,7408051592278134049,,
304,23,spoe_at,53,8118,46,2024-08-27 16:59:06,7407864816544615712,,
22,1,wienervp,66,901,3,2024-08-27 14:14:25,7407822395534347553,,
47,4,diegruenenvorarlberg,35,465,4,2024-08-27 14:04:14,7407819767848946977,,
29,2,neos_wien,9,484,3,2024-08-27 13:38:04,7407813026184826145,,
910,64,fpoe_at,28,12790,54,2024-08-27 13:32:44,7407811651602304288,,
83,1,neos_eu,24,2482,32,2024-08-27 08:12:48,7407729174879751457,,
23,1,petra.tanzler,100,825,5,2024-09-25 17:54:27,7418640587559013665,,
69,0,dietomaselli,48,931,1,2024-09-25 10:19:58,7418523448089054497,,
31,2,dietomaselli,54,925,2,2024-09-24 09:51:46,7418145095821610273,,
166,2,tho_weber,133,7799,2,2024-09-24 07:50:42,7418113891810413857,,
151,18,thomas_waitz,60,2592,2,2024-09-23 15:08:51,7417855710756687137,,
73,0,dietomaselli,50,1415,2,2024-09-23 09:52:37,7417774198392687904,,
169,2,tho_weber,64,2604,4,2024-09-23 06:18:49,7417719102988389665,,
17,2,dietomaselli,56,856,2,2024-09-22 14:20:35,7417472199692537121,,
2395,848,marco.triller,11,21652,183,2024-09-20 20:20:36,7416822807880813856,,
24,0,petra.tanzler,45,2218,12,2024-09-20 18:01:02,7416786858404744481,,
61,3,philip.wohlgemuth,56,1054,5,2024-09-20 14:04:53,7416725984109432097,,
23,0,dietomaselli,19,388,1,2024-09-20 09:48:58,7416660021204798753,,
13,2,dietomaselli,19,829,1,2024-09-20 06:44:28,7416612474398444832,,
432,4,thomas_waitz,43,4800,36,2024-09-19 10:50:24,7416304786779213088,,
74,2,tho_weber,0,1014,4,2024-09-19 05:01:18,7416214824087981345,,
21,1,dietomaselli,24,802,2,2024-09-18 10:00:02,7415920720015854880,,
770,174,marco.triller,57,13912,154,2024-09-18 05:11:06,7415846249657617696,,
101,0,dietomaselli,32,1996,2,2024-09-17 10:09:30,7415552027658390816,,
224,7,tho_weber,111,7690,0,2024-09-17 04:40:57,7415467362167573793,,
49,2,chriswiederkehr,67,1556,3,2024-09-16 12:57:07,7415224149666319648,,
18,1,dietomaselli,14,816,0,2024-09-15 14:40:09,7414879659885595937,,
32,0,dietomaselli,52,1001,1,2024-09-14 09:37:18,7414430509968706848,,
905,304,marco.triller,57,39604,182,2024-09-13 16:00:27,7414158176293047585,,
97,10,chriswiederkehr,8,8970,15,2024-09-13 12:37:55,7414105982470606112,,
31,0,dietomaselli,90,912,1,2024-09-13 09:53:54,7414063709720562977,,
74,0,marco.triller,54,1120,1,2024-09-12 10:02:23,7413694798873300257,,
21,1,olgavoglauer,0,448,0,2024-09-12 09:07:03,7413680546296892705,,
86,1,tho_weber,46,1258,0,2024-09-12 05:17:33,7413621367364504864,,
28,0,dietomaselli,49,875,2,2024-09-11 10:15:53,7413327204685303073,,
108,3,marco.triller,59,1207,4,2024-09-11 06:11:27,7413264204003691809,,
33,2,olgavoglauer,31,3368,6,2024-09-10 17:58:00,7413075216768699680,,
30,1,dietomaselli,23,940,2,2024-09-10 09:49:09,7412949222539971872,,
374,45,tho_weber,141,9528,10,2024-09-10 04:43:50,7412870366982327585,,
83,0,marco.triller,47,959,1,2024-09-09 17:09:16,7412691557129719073,,
73,6,chriswiederkehr,10,2807,3,2024-09-09 13:41:08,7412637927299173664,,
24,0,dietomaselli,39,834,0,2024-09-09 09:53:36,7412579272654720288,,
82,2,marco.triller,9,1301,2,2024-09-08 15:27:39,7412294287200685345,,
28,1,lh.markus.wallner,30,1237,2,2024-09-08 09:06:06,7412195968059264289,,
21,0,dietomaselli,23,828,0,2024-09-07 09:57:48,7411838208113249569,,
20,0,chriswiederkehr,12,1074,0,2024-09-06 15:18:04,7411549659459505441,,
146,1,tho_weber,0,2226,0,2024-09-06 06:02:09,7411406361797332257,,
119,5,dietomaselli,51,3149,17,2024-09-05 10:02:49,7411097329500998944,,
33,3,marco.triller,38,576,0,2024-09-05 05:56:12,7411033740056481056,,
17,0,lh.markus.wallner,20,796,1,2024-09-04 19:21:42,7410870285424921889,,
53,1,dietomaselli,27,1168,5,2024-09-04 10:55:27,7410739802259197217,,
25,2,dietomaselli,34,936,4,2024-09-03 10:00:39,7410354595215576353,,
106,0,marco.triller,59,1199,1,2024-09-03 05:35:16,7410286138688146721,,
287,0,tho_weber,26,18833,0,2024-09-03 05:16:58,7410281383492422944,,
58,0,marco.triller,30,953,1,2024-09-02 13:09:18,7410032123911982368,,
58,3,petra.tanzler,6,1661,1,2024-09-01 20:16:07,7409771040865324320,,
29,0,dietomaselli,50,1129,0,2024-08-31 09:57:10,7409240452488088865,,
58,1,marco.triller,49,702,3,2024-08-31 05:29:29,7409171445412023585,,
23,1,petra.tanzler,23,1242,8,2024-08-30 19:24:56,7409015681275972896,,
460,7,tho_weber,161,16762,7,2024-08-30 05:43:50,7408804075036282145,,
21,2,dietomaselli,31,1494,1,2024-08-29 10:08:36,7408501240344087841,,
72,0,chriswiederkehr,8,1265,3,2024-08-29 09:38:21,7408493422727810337,,
86,0,marco.triller,57,951,0,2024-08-29 05:42:09,7408432398720896288,,
41,7,petra.tanzler,44,3809,24,2024-08-28 18:38:57,7408261656817519904,,
32,0,marco.triller,40,436,1,2024-08-27 18:05:20,7407881912724868384,,
31,2,dietomaselli,52,1058,4,2024-08-27 10:34:01,7407765588690406689,,
141,4,tho_weber,98,1772,0,2024-08-27 09:47:12,7407753530552896801,,
849,37,yannickshetty,105,15266,134,2024-09-25 19:23:05,7418663409354362144,,
77,7,christophsteinerfpoe,138,2710,7,2024-09-25 19:01:53,7418657942733425953,,
53,1,rudi_silvan,12,1692,6,2024-09-25 17:29:05,7418634038476393761,,
147,4,christophsteinerfpoe,0,4474,9,2024-09-25 12:50:54,7418562350166330657,,
2097,134,yannickshetty,0,54791,253,2024-09-25 11:49:53,7418546633190722848,,
369,21,yannickshetty,75,8557,23,2024-09-25 10:00:27,7418518419932335392,,
1390,43,yannickshetty,21,26854,62,2024-09-25 09:59:44,7418518226755276065,,
63,1,jakobcschwarz,21,1180,19,2024-09-25 08:45:19,7418499053924797729,,
249,26,rudi_silvan,0,13389,75,2024-09-25 06:14:21,7418460146210196769,,
7,0,rudi_silvan,0,540,0,2024-09-24 20:43:09,7418312964664577312,,
8,3,rudi_silvan,0,925,4,2024-09-24 20:24:15,7418308105244560673,,
1914,98,christophsteinerfpoe,104,26418,92,2024-09-24 16:39:48,7418250235639516449,,
243,11,yannickshetty,80,4812,13,2024-09-24 16:21:50,7418245630906109217,,
1191,34,christophsteinerfpoe,11,30310,32,2024-09-24 15:18:59,7418229429085736224,,
14,1,jakobcschwarz,15,829,2,2024-09-24 12:53:57,7418192047422590241,,
314,15,yannickshetty,56,5637,18,2024-09-24 12:35:36,7418187323671694625,,
2047,128,yannickshetty,75,46263,181,2024-09-24 11:31:03,7418170682774752545,,
1974,130,christophsteinerfpoe,7,46777,62,2024-09-24 11:23:00,7418168616123698465,,
12,8,jakobcschwarz,0,920,1,2024-09-24 08:50:19,7418129258071084320,,
11047,2185,yannickshetty,71,141446,312,2024-09-24 06:19:49,7418090472503119136,,
89,6,nicole.sunitsch3,104,729,10,2024-09-23 19:33:48,7417924006877121824,,
83,4,petra.steger,751,1022,3,2024-09-23 18:28:05,7417907078380948769,,
533,7,yannickshetty,56,9604,17,2024-09-23 18:08:37,7417902062094142752,,
890,43,yannickshetty,64,9223,30,2024-09-23 16:07:05,7417870742609562913,,
345,20,christophsteinerfpoe,29,5666,17,2024-09-23 15:36:12,7417862777882135841,,
32,1,rudi_silvan,138,789,7,2024-09-23 12:25:24,7417813581095292193,,
67,0,andreas_spanring,62,1336,2,2024-09-23 11:16:02,7417795711720328480,,
895,30,christophsteinerfpoe,23,19133,17,2024-09-23 09:33:40,7417769299680562465,,
160,4,jakobcschwarz,15,1919,7,2024-09-23 08:57:28,7417759962333596961,,
600,27,christophsteinerfpoe,28,13544,24,2024-09-23 07:57:19,7417744473100258593,,
969,53,yannickshetty,46,14174,33,2024-09-23 06:44:54,7417725764084288800,,
311,8,christophsteinerfpoe,0,5862,21,2024-09-22 18:34:12,7417537549792595233,,
16,0,rudi_silvan,0,394,0,2024-09-22 18:16:32,7417533008523136288,,
99,2,christophsteinerfpoe,0,4166,2,2024-09-22 16:47:03,7417509945496718624,,
528,12,yannickshetty,43,10797,41,2024-09-22 16:01:59,7417498333259828513,,
371,9,nicole.sunitsch3,61,5143,24,2024-09-22 09:12:09,7417392728402611488,,
1236,33,yannickshetty,89,15120,37,2024-09-22 08:10:55,7417376897534938401,,
4491,605,christophsteinerfpoe,176,66653,336,2024-09-21 18:05:12,7417159007762173216,,
18,0,rudi_silvan,175,389,0,2024-09-21 17:16:28,7417146448623570209,,
197,9,christophsteinerfpoe,5,4552,17,2024-09-21 15:25:24,7417117836465818913,,
2200,67,yannickshetty,36,27609,75,2024-09-21 13:15:55,7417084458983017761,,
19649,2094,yannickshetty,137,200815,799,2024-09-21 08:19:38,7417008090802933024,,
934,42,christophsteinerfpoe,0,23070,48,2024-09-20 18:46:28,7416798546365631776,,
15,0,rudi_silvan,0,891,0,2024-09-20 16:16:07,7416759788589141280,,
329,6,christophsteinerfpoe,27,7959,15,2024-09-20 13:30:40,7416717159872695585,,
60,2,jakobcschwarz,20,1509,10,2024-09-20 12:21:16,7416699276195007776,,
254,24,petra.steger,97,2332,20,2024-09-20 10:45:12,7416674526685105440,,
25529,1285,yannickshetty,19,194877,280,2024-09-20 07:21:52,7416622072010427681,,
1727,94,christophsteinerfpoe,126,31659,52,2024-09-19 18:03:24,7416416364149181729,,
49,2,christophsteinerfpoe,0,2909,8,2024-09-19 17:09:52,7416402580860914977,,
50,5,rudi_silvan,0,5858,20,2024-09-19 12:33:22,7416331305933180193,,
58,1,jakobcschwarz,14,3233,8,2024-09-19 11:26:00,7416313956752493857,,
87,0,christophsteinerfpoe,19,2125,2,2024-09-19 09:27:38,7416283450426117408,,
65568,5203,yannickshetty,125,749321,2341,2024-09-19 06:30:00,7416043867243384096,,
167,5,christophsteinerfpoe,0,7573,5,2024-09-18 17:42:17,7416039851025386785,,
13828,763,yannickshetty,80,186859,310,2024-09-18 17:23:09,7416034923041066273,,
32,3,rudi_silvan,278,946,1,2024-09-18 17:01:52,7416029422018415904,,
54,0,jakobcschwarz,42,951,5,2024-09-18 14:23:17,7415988556432182561,,
903,24,christophsteinerfpoe,22,14760,25,2024-09-18 10:03:47,7415921685909589281,,
97,1,nicole.sunitsch3,0,933,7,2024-09-18 06:27:26,7415865922214300961,,
2073,92,christophsteinerfpoe,101,35335,77,2024-09-17 18:38:33,7415683260933508385,,
387,29,petra.steger,164,2915,33,2024-09-17 17:03:48,7415658851191508257,,
602,4,yannickshetty,41,12457,23,2024-09-17 17:50:00,7415634759809879328,,
536,29,yannickshetty,96,13389,29,2024-09-18 17:45:00,7415633854943202593,,
1922,157,yannickshetty,72,31158,286,2024-09-17 14:55:11,7415625673416445217,,
4230,195,yannickshetty,94,73829,132,2024-09-17 14:06:56,7415613256938671393,,
13,0,rudi_silvan,0,1110,3,2024-09-17 12:29:30,7415588078334512417,,
32,2,jakobcschwarz,27,523,6,2024-09-17 12:09:39,7415582978325089568,,
315,14,petra.steger,69,2875,21,2024-09-16 19:40:55,7415328241176595745,,
384,51,christophsteinerfpoe,0,18575,12,2024-09-16 17:06:07,7415288336769715488,,
8,2,rudi_silvan,0,958,0,2024-09-15 19:44:08,7414957996154817825,,
2165,147,christophsteinerfpoe,180,30623,103,2024-09-15 16:40:33,7414910677619412256,,
183,0,christophsteinerfpoe,0,6100,9,2024-09-15 11:59:17,7414838202093047072,,
250,4,christophsteinerfpoe,87,5954,8,2024-09-14 18:13:21,7414563493954719008,,
165,5,andreas_spanring,85,3151,9,2024-09-14 18:11:21,7414563004970192161,,
295,10,nicole.sunitsch3,21,15253,26,2024-09-14 14:34:59,7414507222958427424,,
757,28,christophsteinerfpoe,47,16701,12,2024-09-14 14:33:46,7414506910931586337,,
181,0,nicole.sunitsch3,10,2351,18,2024-09-14 13:58:10,7414497744158510369,,
1563,105,yannickshetty,54,17438,88,2024-09-14 08:52:14,7414418912730844448,,
162,9,anna.gkh,76,3296,13,2024-09-13 16:46:23,7414170006868593952,,
700,29,christophsteinerfpoe,39,16767,32,2024-09-13 14:54:21,7414141132650728737,,
351,6,yannickshetty,0,9099,16,2024-09-13 14:27:43,7414134265039883552,,
1010,32,yannickshetty,120,15033,43,2024-09-14 14:40:00,7414133016185900320,,
164,6,jakobcschwarz,0,11158,33,2024-09-13 09:40:02,7414060139407297825,,
478,18,yannickshetty,16,10174,23,2024-09-13 07:28:14,7414026178173881632,,
54,3,rudi_silvan,348,1099,1,2024-09-12 19:08:46,7413835627533290784,,
15,0,rudi_silvan,0,804,0,2024-09-12 18:11:33,7413820884332350752,,
414,29,nicole.sunitsch3,15,5069,42,2024-09-12 14:00:08,7413756088698342689,,
2213,101,christophsteinerfpoe,35,40091,62,2024-09-12 13:30:53,7413748549826972961,,
12225,1651,yannickshetty,55,149901,670,2024-09-12 13:25:12,7413747079169854753,,
145,2,petra.steger,1003,1588,12,2024-09-12 12:35:05,7413734161657220385,,
1627,79,yannickshetty,0,22276,76,2024-09-12 11:16:47,7413713939151818016,,
12,0,rudi_silvan,0,819,0,2024-09-11 18:39:54,7413457105375546656,,
4723,199,yannickshetty,56,47126,93,2024-09-11 15:43:27,7413411616512904480,,
102,3,christophsteinerfpoe,0,6128,7,2024-09-11 12:55:28,7413368325633232160,,
372,23,yannickshetty,110,8239,25,2024-09-11 10:26:51,7413330025421868321,,
1319,33,christophsteinerfpoe,81,19752,75,2024-09-10 19:49:36,7413103969993526560,,
609,20,yannickshetty,0,16512,54,2024-09-10 16:45:27,7413056518817385761,,
1337,114,petra.steger,129,8809,130,2024-09-10 16:12:36,7413048048143699232,,
41,1,christophsteinerfpoe,0,2768,2,2024-09-10 13:37:24,7413008057824726305,,
299,4,christophsteinerfpoe,0,5729,25,2024-09-10 11:10:03,7412970003936431392,,
858,8,yannickshetty,83,18308,10,2024-09-10 08:10:26,7412923758870072609,,
130,4,yannickshetty,57,4698,9,2024-09-10 07:57:44,7412920473081728288,,
105,1,nicole.sunitsch3,51,1049,15,2024-09-09 17:25:07,7412695640154574112,,
5644,878,christophsteinerfpoe,122,143284,246,2024-09-09 16:08:56,7412676026360188193,,
21,2,rudi_silvan,0,1907,3,2024-09-09 14:53:51,7412656654648446240,,
729,13,christophsteinerfpoe,51,12104,27,2024-09-09 13:12:06,7412630420363300128,,
223,18,christophsteinerfpoe,0,12150,8,2024-09-09 06:05:25,7412520442625314080,,
494,37,yannickshetty,122,16391,80,2024-09-08 18:25:59,7412340247406644512,,
603,9,petra.steger,12,4372,54,2024-09-08 17:06:48,7412319857896688928,,
27,0,petra.steger,3600,627,0,2024-09-08 17:06:46,7412319837046754592,,
7928,594,christophsteinerfpoe,120,123058,236,2024-09-08 16:49:45,7412315440862498081,,
21,4,rudi_silvan,0,1395,1,2024-09-08 15:49:23,7412299901465283873,,
1258,58,yannickshetty,104,29678,121,2024-09-08 12:59:11,7412256033504120096,,
269,6,christophsteinerfpoe,47,9958,16,2024-09-08 11:47:59,7412237676595694880,,
132,1,yannickshetty,27,5078,5,2024-09-07 17:56:22,7411961525503659296,,
39,0,anna.gkh,71,2082,3,2024-09-07 17:37:59,7411956804516580640,,
110,0,anna.gkh,68,2028,3,2024-09-07 17:24:26,7411953306798411041,,
1140,40,yannickshetty,105,21921,114,2024-09-07 13:37:42,7411894882773552416,,
1065,32,yannickshetty,76,14302,45,2024-09-07 12:17:06,7411874114123697441,,
62,6,rudi_silvan,19,1916,28,2024-09-07 05:54:35,7411775518351084833,,
142,11,petra.steger,350,1533,8,2024-09-06 21:42:35,7411648735672798496,,
283,1,yannickshetty,40,5538,6,2024-09-06 20:25:26,7411628872036273441,,
71,0,jakobcschwarz,54,1025,4,2024-09-06 08:43:01,7411447818688204065,,
3631,171,yannickshetty,94,95406,266,2024-09-06 06:32:38,7411414216340458784,,
8,0,rudi_silvan,0,924,2,2024-09-05 20:52:55,7411264868168355104,,
18,1,rudi_silvan,0,844,1,2024-09-05 15:10:02,7411176508422655264,,
559,43,christophsteinerfpoe,0,19835,44,2024-09-05 12:07:48,7411129534906502433,,
4372,119,yannickshetty,53,48493,105,2024-09-05 08:17:36,7411070196128992544,,
11,1,rudi_silvan,0,918,2,2024-09-04 19:58:41,7410879802225233185,,
3180,214,yannickshetty,38,69145,145,2024-09-04 16:45:47,7410830093313953057,,
759,29,christophsteinerfpoe,174,11428,44,2024-09-04 15:38:23,7410812724726238497,,
255,8,christophsteinerfpoe,0,14511,12,2024-09-04 13:42:34,7410782876104461600,,
199,8,jakobcschwarz,75,8281,17,2024-09-04 09:23:59,7410716241582624032,,
9,0,rudi_silvan,0,1366,2,2024-09-04 04:49:17,7410645427315412256,,
3328,958,michael_stumpf,54,136921,179,2024-09-03 19:41:32,7410504292488006944,,
601,4,yannickshetty,50,14671,44,2024-09-03 16:21:47,7410452827723615520,,
102,0,anna.gkh,16,1754,7,2024-09-03 15:44:33,7410443201489685792,,
11020,959,yannickshetty,63,178696,384,2024-09-03 15:18:33,7410436525185453345,,
161,2,yannickshetty,0,5718,1,2024-09-03 10:03:35,7410355311824932128,,
1734,85,christophsteinerfpoe,92,49080,74,2024-09-03 09:20:18,7410344202401238304,,
38,1,jakobcschwarz,51,754,3,2024-09-03 08:16:47,7410327817453309217,,
421,9,yannickshetty,64,6416,15,2024-09-02 14:02:10,7410045770038037792,,
836,11,christophsteinerfpoe,23,15605,50,2024-09-02 10:57:38,7409998177685785888,,
239,2,jakobcschwarz,18,13024,55,2024-09-02 10:26:09,7409990076584709409,,
160,8,andreas_spanring,29,2423,18,2024-09-02 09:59:47,7409982822229789984,,
3050,249,christophsteinerfpoe,108,37588,191,2024-09-01 18:01:25,7409736319326326048,,
586,116,christophsteinerfpoe,0,19535,27,2024-08-31 19:11:39,7409383333479664929,,
1968,100,christophsteinerfpoe,47,39248,96,2024-08-30 18:50:50,7409006869538295073,,
245,43,andreas_spanring,51,5366,31,2024-08-30 16:25:30,7408968689820716321,,
8,0,rudi_silvan,0,365,1,2024-08-30 14:54:45,7408946046296050977,,
6,0,rudi_silvan,0,382,1,2024-08-30 14:45:41,7408943717366631712,,
2225,151,christophsteinerfpoe,62,35433,84,2024-08-30 07:20:55,7408829094009326880,,
130,8,yannickshetty,33,3713,6,2024-08-29 16:20:14,7408596994530282784,,
1426,74,christophsteinerfpoe,22,25604,62,2024-08-29 15:46:15,7408588242078928160,,
210,9,yannickshetty,10,5151,13,2024-08-30 16:05:00,7408587926247935264,,
130,5,rudi_silvan,0,5863,36,2024-08-29 13:41:26,7408556074053258529,,
3567,152,jakobcschwarz,66,58889,322,2024-08-29 08:58:51,7408483251808914721,,
1402,9,christophsteinerfpoe,16,19111,41,2024-08-29 07:30:23,7408460458459401505,,
14496,1615,yannickshetty,76,218039,471,2024-08-28 16:51:15,7408233891582070049,,
6,1,rudi_silvan,0,812,0,2024-08-28 15:13:45,7408208770947370273,,
351,17,christophsteinerfpoe,0,7498,38,2024-08-28 11:48:11,7408155809894419745,,
8,0,rudi_silvan,0,879,0,2024-08-28 10:22:27,7408133679295368480,,
266,5,yannickshetty,51,4886,22,2024-08-28 10:21:34,7408133474680442145,,
84,1,jakobcschwarz,51,3024,13,2024-08-28 09:52:04,7408125881618681121,,
1331,43,christophsteinerfpoe,86,22492,53,2024-08-27 12:40:18,7407798130890116385,,
5,0,rudi_silvan,0,357,0,2024-08-27 05:14:08,7407683035262487840,,
964,78,lisa.schuchgubik,64,12239,69,2024-09-25 15:35:24,7418604737836158241,,
29,0,ralphschallmeiner,60,412,20,2024-09-25 11:04:23,7418534905430248736,,
39,7,hannes_schwarz,20,641,3,2024-09-25 09:28:40,7418510241815334176,,
8,0,beatescheiber0,25,895,0,2024-09-24 17:18:56,7418260340493847841,,
98,0,cranzmaier,65,1024,7,2024-09-23 13:27:55,7417829685972749600,,
199,32,lisa.schuchgubik,64,3947,7,2024-09-22 16:36:19,7417507195404684577,,
53,9,beatescheiber0,12,3932,0,2024-09-22 12:48:24,7417448448720456993,,
1674,55,cranzmaier,32,39314,139,2024-09-22 10:06:09,7417406631551487265,,
32,0,ralphschallmeiner,35,420,8,2024-09-22 07:04:13,7417359702415232289,,
14,2,beatescheiber0,17,1368,3,2024-09-21 19:32:26,7417181491991530785,,
29,1,ralphschallmeiner,71,470,6,2024-09-21 15:05:57,7417112811572120865,,
7,0,beatescheiber0,57,874,0,2024-09-21 13:18:22,7417085090041220384,,
14,0,ralphschallmeiner,4,134,2,2024-09-20 13:49:17,7416721957808360736,,
956,68,cranzmaier,44,28268,90,2024-09-20 12:29:40,7416701435435355425,,
3,0,beatescheiber0,25,940,0,2024-09-19 22:19:04,7416482214541675808,,
682,37,lisa.schuchgubik,16,9524,44,2024-09-19 16:37:59,7416394362621381920,,
960,36,lisa.schuchgubik,72,18519,58,2024-09-19 05:58:38,7416229589753548065,,
6,1,beatescheiber0,12,897,0,2024-09-18 19:19:18,7416064844836719904,,
127,2,dieschilling,36,4162,32,2024-09-18 16:07:03,7416015304364461345,,
31,1,ralphschallmeiner,86,506,9,2024-09-18 14:59:15,7415997835272817952,,
24,9,hannes_schwarz,145,763,1,2024-09-18 14:57:15,7415997304429186337,,
2253,87,cranzmaier,36,58620,248,2024-09-18 12:35:07,7415960689296100641,,
107,3,lisa.schuchgubik,51,3016,11,2024-09-18 12:00:59,7415951884596383008,,
38,0,ralphschallmeiner,95,587,14,2024-09-17 10:15:28,7415553618658463009,,
7,0,beatescheiber0,28,1975,0,2024-09-17 05:35:52,7415481493373455649,,
52,0,ralphschallmeiner,8,707,8,2024-09-16 14:18:47,7415245210482969889,,
137,2,cranzmaier,39,1847,19,2024-09-16 13:53:28,7415238700986141985,,
100,2,dieschilling,34,4938,24,2024-09-16 13:09:37,7415227408669838625,,
4580,295,lisa.schuchgubik,42,56411,355,2024-09-15 08:15:10,7414780402851794209,,
9692,1264,cranzmaier,32,208224,958,2024-09-14 13:51:26,7414496009834745121,,
881,39,lisa.schuchgubik,57,11732,71,2024-09-14 10:54:41,7414450462298098976,,
78,1,ralphschallmeiner,6,896,10,2024-09-13 12:22:46,7414102075400899872,,
75,0,ralphschallmeiner,55,1680,27,2024-09-12 17:50:05,7413815347201035553,,
113,8,ralphschallmeiner,73,7900,54,2024-09-12 13:13:48,7413744153613307169,,
1008,137,sebastianschwaighofer,9,13342,11,2024-09-12 10:04:21,7413695295126637856,,
143,6,dieschilling,36,14324,37,2024-09-11 16:55:26,7413430160868822304,,
200,11,lisa.schuchgubik,112,2884,9,2024-09-11 16:53:04,7413429557769948448,,
78,1,ralphschallmeiner,0,1723,14,2024-09-11 13:14:41,7413373256725581088,,
19,0,ralphschallmeiner,6,821,4,2024-09-11 10:48:30,7413335613144845600,,
38,1,ralphschallmeiner,40,1417,9,2024-09-09 15:43:53,7412669570881817888,,
75,5,dieschilling,85,3013,11,2024-09-09 10:30:40,7412588799282122016,,
310,2,ralphschallmeiner,68,4731,39,2024-09-09 09:55:13,7412579713983515937,,
421,26,cranzmaier,41,11160,63,2024-09-09 09:53:03,7412579146582314272,,
443,13,lisa.schuchgubik,26,8259,27,2024-09-09 08:06:35,7412551653573823776,,
59,3,beatescheiber0,26,3851,0,2024-09-08 10:37:46,7412219567629520161,,
25,0,ralphschallmeiner,12,959,1,2024-09-07 22:19:03,7412029215857511712,,
99,9,ralphschallmeiner,71,3872,80,2024-09-05 11:34:36,7411120976865398048,,
21,1,beatescheiber0,18,1566,0,2024-09-04 19:56:32,7410879248958770465,,
626,51,lisa.schuchgubik,64,17867,47,2024-09-04 16:41:09,7410828899464023329,,
16,1,ralphschallmeiner,48,383,3,2024-09-04 14:40:47,7410797875975720225,,
259,7,cranzmaier,38,3627,32,2024-09-04 12:38:53,7410766463822236961,,
70,2,ralphschallmeiner,24,1127,11,2024-09-04 09:47:53,7410722403589819681,,
233,27,lisa.schuchgubik,47,4453,10,2024-09-03 16:01:16,7410447539788401953,,
5,1,beatescheiber0,87,911,0,2024-09-03 13:59:51,7410416231624297761,,
10,0,beatescheiber0,12,927,0,2024-09-03 13:54:54,7410414948863560993,,
28,0,ralphschallmeiner,31,431,12,2024-09-03 08:24:54,7410329899430366497,,
47,2,ralphschallmeiner,78,644,36,2024-09-02 08:26:03,7409959105013517600,,
796,42,lisa.schuchgubik,40,10837,28,2024-09-02 07:32:34,7409945301164903713,,
16,2,ralphschallmeiner,22,1193,0,2024-09-01 12:55:51,7409657580231855393,,
64,2,cranzmaier,37,878,11,2024-08-31 12:11:48,7409275140673948960,,
719,31,michaelschnedlitz,24,19588,62,2024-08-29 17:14:47,7408611056425225505,,
27,7,hannes_schwarz,32,844,2,2024-08-29 14:28:31,7408568209596599585,,
244,10,ralphschallmeiner,88,11606,139,2024-08-29 11:26:46,7408521373125070113,,
23,1,ralphschallmeiner,28,1234,27,2024-08-28 12:58:57,7408174043347635488,,
38,0,ralphschallmeiner,20,563,7,2024-08-28 08:00:44,7408097172241124640,,
11,5,beatescheiber0,33,926,0,2024-08-27 17:36:28,7407874476764876065,,
123,4,cranzmaier,29,1333,7,2024-08-27 11:52:16,7407785753767431456,,
352,3,lisa.schuchgubik,42,5329,20,2024-08-27 08:33:40,7407734584755932449,,
87,14,wolfgangkocevar,20,2628,6,2024-09-25 19:31:47,7418665649032924449,,
71,0,mario.kunasek,42,821,5,2024-09-25 18:19:00,7418646905820941600,,
30,0,robertlaimer.at,66,1487,3,2024-09-25 17:35:40,7418635719716932896,,
118,0,werner.kogler,30,3906,3,2024-09-25 15:41:24,7418606269335932193,,
35,4,maximiliankoellner,16,1280,0,2024-09-25 15:00:52,7418595845206969632,,
212,31,mario.kunasek,0,14727,85,2024-09-25 12:21:41,7418554825308114208,,
1285,79,mario.kunasek,34,20372,99,2024-09-25 09:57:33,7418517670309432608,,
20,0,drgudrunkugler,174,907,1,2024-09-25 08:46:19,7418499319973547297,,
69,4,udo_landbauer,55,1143,0,2024-09-25 06:10:10,7418459067544292640,,
95,0,mario.kunasek,0,928,4,2024-09-24 13:36:35,7418203030648130849,,
50,8,philipkucher,81,1831,2,2024-09-24 13:36:03,7418202899441896737,,
45,0,mario.kunasek,187,810,2,2024-09-24 12:49:03,7418190783838244129,,
13,0,drgudrunkugler,59,945,2,2024-09-24 12:47:35,7418190386042031392,,
39,2,drgudrunkugler,50,4866,8,2024-09-23 19:25:42,7417921913332223264,,
121,5,claudia.klimtweithaler,27,1133,6,2024-09-23 18:32:50,7417908292619357472,,
87,0,mario.kunasek,761,914,6,2024-09-23 18:13:40,7417903361116114208,,
311,15,werner.kogler,73,5682,4,2024-09-23 17:28:58,7417891821583469856,,
19,0,sebastiankolland1983,28,940,0,2024-09-23 15:38:14,7417863279193771297,,
116,14,philipkucher,54,5030,18,2024-09-23 13:56:53,7417837129197309217,,
49,3,mario.kunasek,0,4826,23,2024-09-23 11:54:19,7417805545119272225,,
164,8,udo_landbauer,69,3454,25,2024-09-23 10:54:46,7417790234571705632,,
149,3,werner.kogler,43,2237,16,2024-09-22 21:05:45,7417576610368441633,,
55,3,fabiennelackner,72,771,2,2024-09-22 17:23:11,7417519264480972064,,
62,3,maximiliankoellner,48,2475,0,2024-09-22 16:26:35,7417504679405309217,,
80,1,claudia.klimtweithaler,17,909,4,2024-09-22 16:11:36,7417500813750291744,,
265,5,claudia.klimtweithaler,27,2208,4,2024-09-22 14:06:56,7417468688619638048,,
47,5,wolfgangkocevar,10,2335,2,2024-09-21 09:36:10,7417027808616041761,,
25,1,sebastiankolland1983,0,2455,0,2024-09-21 09:28:22,7417025812358090016,,
839,43,werner.kogler,55,16792,10,2024-09-21 08:18:19,7417007736937844000,,
18,5,drgudrunkugler,58,1014,5,2024-09-20 20:09:34,7416819981591022880,,
142,1,werner.kogler,27,1678,7,2024-09-20 19:29:36,7416809667281571105,,
152,13,drgudrunkugler,51,11642,58,2024-09-20 06:36:10,7416610314378120481,,
191,3,werner.kogler,68,3840,15,2024-09-19 17:00:04,7416400060621098272,,
41,5,mario.kunasek,0,781,14,2024-09-19 13:35:19,7416347290832489761,,
83,1,mario.kunasek,227,1369,10,2024-09-19 12:48:46,7416335290031263008,,
112,4,werner.kogler,30,2400,11,2024-09-19 10:04:04,7416292851417353504,,
79,10,maximiliankoellner,45,2413,4,2024-09-19 04:50:29,7416212012855823648,,
102,4,werner.kogler,63,2807,7,2024-09-18 13:10:34,7415969826205715744,,
769,23,mario.kunasek,35,14769,58,2024-09-18 12:40:52,7415962174494985504,,
47,1,mario.kunasek,0,1036,6,2024-09-18 10:08:12,7415922833831759137,,
74,3,drgudrunkugler,64,6846,22,2024-09-17 21:26:30,7415726493025815840,,
618,305,mario.kunasek,0,24694,17,2024-09-17 19:33:17,7415697359260142881,,
160,8,fabiennelackner,17,2141,6,2024-09-16 21:22:45,7415354479060520224,,
61,1,mario.kunasek,507,1010,7,2024-09-16 18:40:46,7415312734604021024,,
527,1,mario.kunasek,36,10435,33,2024-09-16 08:31:11,7415155583185210656,,
39,1,manuelkrautgartner,20,4200,5,2024-09-15 15:55:52,7414899172173761825,,
27,0,drgudrunkugler,38,510,3,2024-09-14 16:55:53,7414543549120679201,,
23,0,peterkraus.wien,68,498,0,2024-09-14 16:29:43,7414536789769178400,,
128,32,wolfgangkocevar,85,2955,4,2024-09-14 16:15:00,7414533016573185312,,
227,12,werner.kogler,72,15905,21,2024-09-14 14:20:57,7414503600904228129,,
243,116,wolfgangkocevar,12,11565,18,2024-09-14 09:56:14,7414435409381297441,,
66,5,werner.kogler,23,6420,4,2024-09-14 06:00:05,7414374502156520736,,
122,6,sebastiankolland1983,7,14982,0,2024-09-13 19:56:57,7414219122243931424,,
94,0,mario.kunasek,0,991,3,2024-09-13 11:37:28,7414090401646185760,,
322,5,udo_landbauer,63,7763,32,2024-09-13 08:05:53,7414035861391691041,,
71,0,werner.kogler,38,1241,0,2024-09-13 07:10:07,7414021497745968417,,
718,158,maximilian_krauss,34,13233,127,2024-09-12 21:00:38,7413864444993834272,,
31,1,mario.kunasek,1533,879,3,2024-09-12 13:43:59,7413751909762354464,,
115,0,mario.kunasek,0,969,18,2024-09-12 10:31:45,7413702288889498913,,
179,10,werner.kogler,19,14171,21,2024-09-12 09:35:19,7413687789256019232,,
42,8,drgudrunkugler,40,3682,13,2024-09-12 08:23:56,7413669405709651232,,
238,10,udo_landbauer,65,3752,25,2024-09-11 18:57:05,7413461523558976801,,
124,0,mario.kunasek,37,1204,7,2024-09-11 18:33:51,7413455548558986528,,
552,57,mario.kunasek,0,9783,126,2024-09-11 13:29:45,7413377154525826336,,
44,0,werner.kogler,22,1056,1,2024-09-11 11:06:55,7413340362476997920,,
392,11,udo_landbauer,75,9822,51,2024-09-11 10:27:41,7413330246507777313,,
96,2,werner.kogler,43,4409,9,2024-09-11 06:49:16,7413273947535346976,,
140,4,mario.kunasek,145,2207,10,2024-09-10 19:36:10,7413100502663154976,,
300,19,werner.kogler,34,14196,23,2024-09-10 19:33:10,7413099738846825761,,
62,1,maximiliankoellner,30,1269,1,2024-09-10 17:45:52,7413072090200280352,,
84,5,philipkucher,32,1450,7,2024-09-10 12:08:03,7412985014373059872,,
121,0,mario.kunasek,59,1028,6,2024-09-10 08:08:22,7412923244879088929,,
465,10,udo_landbauer,115,11007,36,2024-09-10 07:26:55,7412912477932965153,,
358,8,mario.kunasek,1313,4925,24,2024-09-09 18:58:06,7412719597754797345,,
45,1,sebastiankolland1983,8,1366,2,2024-09-09 17:02:58,7412689954943421728,,
16,0,peterkraus.wien,25,403,1,2024-09-09 13:10:03,7412629913494146336,,
46,1,maximiliankoellner,13,1239,0,2024-09-09 10:14:58,7412584793570954529,,
27,0,drgudrunkugler,30,1076,4,2024-09-08 22:38:42,7412405346850868512,,
638,45,gudrunkofler,30,20328,46,2024-09-08 19:30:45,7412356936500350240,,
25,1,drgudrunkugler,44,415,2,2024-09-08 18:41:26,7412344242762190113,,
68,2,fabiennelackner,15,1205,1,2024-09-08 15:00:17,7412287231718690081,,
84,11,sebastiankolland1983,16,2497,0,2024-09-08 14:59:10,7412286946963229984,,
103,2,werner.kogler,25,3277,4,2024-09-08 14:25:28,7412278264405839136,,
104,37,wolfgangkocevar,17,3645,2,2024-09-08 13:05:45,7412257716456017184,,
17,2,drgudrunkugler,40,1022,3,2024-09-08 11:44:04,7412236685129338144,,
359,4,mario.kunasek,41,3491,36,2024-09-08 08:59:10,7412194170506349856,,
88,0,werner.kogler,34,1514,80,2024-09-07 15:26:11,7411922829425331489,,
109,0,mario.kunasek,0,1212,16,2024-09-07 13:39:50,7411895421607480608,,
10,0,robertlaimer.at,18,471,0,2024-09-07 04:51:33,7411759262831037729,,
147,4,claudia.klimtweithaler,82,1191,5,2024-09-06 15:48:08,7411557398957149473,,
237,13,philipkucher,39,13747,32,2024-09-06 15:30:19,7411552803375598880,,
40,0,werner.kogler,75,1150,0,2024-09-06 14:06:41,7411531263003118880,,
15,0,robertlaimer.at,57,419,1,2024-09-06 12:57:01,7411513297276554528,,
81,4,werner.kogler,27,3670,9,2024-09-06 11:25:08,7411489613463686432,,
101,33,drgudrunkugler,56,12839,85,2024-09-06 11:07:29,7411485054687317281,,
70,1,mario.kunasek,0,973,0,2024-09-06 08:58:56,7411451925238943009,,
107,0,udo_landbauer,44,2604,4,2024-09-06 06:47:07,7411417962474753313,,
110,2,mario.kunasek,104,843,7,2024-09-05 18:47:17,7411232486316838177,,
123,1,claudia.klimtweithaler,48,913,4,2024-09-05 17:52:55,7411218478750879009,,
73,6,maximilian_krauss,64,1376,6,2024-09-05 17:33:49,7411213563731234080,,
161,10,werner.kogler,56,7876,15,2024-09-05 06:34:13,7411043499681926432,,
32,1,mario.kunasek,0,975,6,2024-09-04 18:54:45,7410863331013053728,,
32,1,drgudrunkugler,126,2260,8,2024-09-04 14:42:49,7410798398225403169,,
90,2,werner.kogler,19,1266,8,2024-09-04 13:21:54,7410777556087016736,,
243,5,mario.kunasek,56,2226,17,2024-09-04 12:19:45,7410761540275572001,,
8928,1480,udo_landbauer,67,125317,681,2024-09-04 09:53:47,7410723913040252192,,
89,0,claudia.klimtweithaler,44,888,1,2024-09-04 09:07:12,7410711913371323681,,
87,1,werner.kogler,24,2845,10,2024-09-03 17:11:46,7410465713862806816,,
84,2,mario.kunasek,1884,1157,4,2024-09-03 12:19:42,7410390404085959969,,
135,2,udo_landbauer,107,2992,8,2024-09-03 09:00:33,7410339104954666272,,
88,0,werner.kogler,33,1285,9,2024-09-03 06:25:42,7410299139356937504,,
15,0,robertlaimer.at,325,432,0,2024-09-02 18:52:02,7410120452623961377,,
155,2,mario.kunasek,60,1261,11,2024-09-02 18:36:07,7410116362640624928,,
49,1,werner.kogler,33,1151,1,2024-09-02 14:29:15,7410052737200704800,,
42,0,mario.kunasek,0,1012,4,2024-09-02 12:55:39,7410028604312096033,,
61,1,mario.kunasek,0,890,6,2024-09-02 12:44:31,7410025743712914720,,
143,9,werner.kogler,43,5885,6,2024-09-02 06:57:31,7409936284476640544,,
99,3,mario.kunasek,40,1138,3,2024-09-01 10:35:14,7409621339125894433,,
56,1,claudia.klimtweithaler,44,1018,2,2024-08-30 14:23:28,7408937990795349280,,
157,2,udo_landbauer,83,1464,4,2024-08-30 09:37:33,7408864308593052961,,
92,3,werner.kogler,34,1572,10,2024-08-30 09:23:13,7408860616154156320,,
37,1,fabiennelackner,37,1001,1,2024-08-29 21:38:23,7408678941822700833,,
515,113,robertlaimer.at,59,30370,25,2024-08-29 20:05:00,7408654904610409760,,
88,2,sebastiankolland1983,13,2478,5,2024-08-29 19:07:36,7408640139884236064,,
112,5,maximiliankoellner,22,5535,1,2024-08-29 15:18:18,7408581040593227041,,
162,1,mario.kunasek,56,937,20,2024-08-28 17:31:00,7408244141555060000,,
49,4,robertlaimer.at,40,3292,3,2024-08-28 09:56:54,7408127122155343136,,
62,1,werner.kogler,46,1150,7,2024-08-28 08:49:25,7408109722840206625,,
20,0,robertlaimer.at,65,509,1,2024-08-27 17:41:51,7407875870158753057,,
28,0,robertlaimer.at,61,711,4,2024-08-27 12:50:19,7407800723305467168,,
96,5,mario.kunasek,0,639,4,2024-08-27 11:06:35,7407773948995226913,,
539,44,udo_landbauer,83,6483,60,2024-08-27 06:10:38,7407697696733023520,,
193,6,gangandreas,50,3233,13,2024-09-25 17:58:40,7418641640367099168,,
23,0,lukas_hammer_tugendhat,84,912,1,2024-09-25 17:13:00,7418629889860865312,,
26,0,eligoetze,56,767,1,2024-09-25 13:20:28,7418569955060239648,,
13,1,eligoetze,59,888,7,2024-09-25 11:06:09,7418535353302240545,,
81,1,patrickhaslwanter,97,1823,10,2024-09-24 15:49:02,7418237176619502880,,
26,1,eligoetze,45,850,3,2024-09-24 12:46:43,7418190188561567009,,
44,1,nicolefeursteinhosp,29,1156,2,2024-09-24 11:44:31,7418174157529124129,,
13,0,elisabethfeichtin6,31,401,1,2024-09-24 05:32:01,7418078129928834337,,
8,0,elisabethfeichtin6,20,366,1,2024-09-24 05:30:27,7418077644941577505,,
864,21,lukas_hammer_tugendhat,69,17642,83,2024-09-24 05:19:14,7418074780525497632,,
2987,161,gangandreas,122,115304,254,2024-09-23 21:52:54,7417959841274088736,,
11,0,nicolefeursteinhosp,0,865,0,2024-09-23 16:31:07,7417876933226073377,,
45,4,eligoetze,56,875,14,2024-09-23 16:04:49,7417870158183533857,,
16,3,eligoetze,48,837,8,2024-09-23 16:02:59,7417869673871576352,,
10,2,eligoetze,46,925,11,2024-09-23 16:00:55,7417869142323219744,,
174,25,gangandreas,55,3071,10,2024-09-23 16:00:37,7417869069270961440,,
14,0,eligoetze,121,789,4,2024-09-23 12:56:29,7417821577976352032,,
21,2,der.gasser,45,950,1,2024-09-23 12:20:47,7417812411903692065,,
9443,967,patrickhaslwanter,55,153915,557,2024-09-23 12:01:45,7417807478227848480,,
30,2,lukas_hammer_tugendhat,33,802,1,2024-09-22 11:14:49,7417424301088967968,,
120,24,gangandreas,50,9228,30,2024-09-21 07:28:56,7416995006923263264,,
15,0,elisabethfeichtin6,34,376,1,2024-09-21 07:07:30,7416989496673176864,,
312,9,gangandreas,20,6438,31,2024-09-20 14:44:11,7416736117774372128,,
16,0,eligoetze,58,847,12,2024-09-20 12:58:54,7416708975137230113,,
37,0,natalie.hangoebl,68,429,1,2024-09-20 12:50:40,7416706867197398305,,
13,1,eligoetze,61,323,4,2024-09-20 08:53:12,7416645633949437217,,
562,20,hafenecker,505,12256,38,2024-09-20 07:00:40,7416616630739914017,,
31,0,nicolefeursteinhosp,0,981,0,2024-09-19 17:53:22,7416413787474988320,,
25,1,der.gasser,54,525,0,2024-09-19 15:49:45,7416381931056565536,,
37,1,eligoetze,57,857,6,2024-09-19 12:33:13,7416331280301755681,,
10,1,elisabethfeichtin6,19,1961,3,2024-09-19 09:43:12,7416287454354836768,,
234,0,hafenecker,490,2872,9,2024-09-19 06:34:36,7416238867625381152,,
27,1,eligoetze,58,764,9,2024-09-18 16:23:52,7416019624602389792,,
353,17,patrickhaslwanter,203,9299,32,2024-09-18 11:08:48,7415938446486670624,,
64,0,natalie.hangoebl,65,610,2,2024-09-18 08:45:55,7415901615657356577,,
25,0,der.gasser,51,793,0,2024-09-17 16:42:27,7415653339507035425,,
46,9,eligoetze,59,9766,107,2024-09-17 13:48:44,7415608571838074144,,
883,169,patrickhaslwanter,103,48312,104,2024-09-17 10:23:40,7415555720273300769,,
14,0,nicolefeursteinhosp,0,397,0,2024-09-17 08:55:17,7415532945240263968,,
920,39,hafenecker,230,15226,86,2024-09-17 06:37:26,7415497350245846304,,
17,0,eligoetze,50,1313,19,2024-09-16 12:57:41,7415224332483382561,,
24,1,eligoetze,60,1420,23,2024-09-16 12:55:38,7415223794723245344,,
50,0,eligoetze,57,1770,51,2024-09-16 12:54:54,7415223604637371681,,
41,0,nicolefeursteinhosp,122,489,2,2024-09-15 19:36:37,7414956044167712032,,
77,6,gangandreas,10,2189,1,2024-09-15 14:01:23,7414869663143759136,,
645,40,hafenecker,270,9902,33,2024-09-15 06:00:31,7414745664334073121,,
90,7,gangandreas,31,2438,6,2024-09-14 18:57:36,7414574902285520160,,
17,6,der.gasser,26,2058,3,2024-09-14 15:42:07,7414524541818375456,,
165,3,gangandreas,19,3040,18,2024-09-14 06:41:48,7414385286781635873,,
456,3,hafenecker,440,7860,30,2024-09-14 06:12:30,7414377722660539680,,
41,1,natalie.hangoebl,70,552,0,2024-09-13 15:16:09,7414146757119986976,,
2180,157,gangandreas,122,58283,205,2024-09-13 11:40:49,7414091266209664288,,
888,46,patrickhaslwanter,169,36320,135,2024-09-13 10:35:03,7414074326409825569,,
19,0,eligoetze,55,1163,20,2024-09-13 08:38:37,7414044316202454304,,
36,0,eligoetze,59,912,31,2024-09-12 12:34:11,7413733934556581153,,
1175,142,patrickhaslwanter,144,16959,153,2024-09-12 11:45:39,7413721398457224480,,
20,0,nicolefeursteinhosp,0,838,0,2024-09-12 09:06:33,7413680362070527264,,
74,8,nicolefeursteinhosp,23,1056,5,2024-09-11 17:34:06,7413440143840824608,,
19,0,nicolefeursteinhosp,0,749,2,2024-09-11 16:32:58,7413424378622364961,,
22,0,eligoetze,53,307,3,2024-09-11 15:25:58,7413407120734817568,,
7,0,andreas_hanger,48,842,1,2024-09-11 13:47:52,7413381836497243425,,
495,325,patrickhaslwanter,6,29588,412,2024-09-11 10:55:04,7413337310885858593,,
10,0,eligoetze,314,800,7,2024-09-11 09:27:47,7413314808969284896,,
335,6,hafenecker,582,3351,19,2024-09-11 06:13:37,7413264759853747489,,
33,0,eligoetze,56,737,14,2024-09-10 15:15:47,7413033401873190177,,
3,0,andreas_hanger,95,75,0,2024-09-10 08:29:33,7412928659276795168,,
3,0,andreas_hanger,36,363,2,2024-09-10 07:09:52,7412908179706645793,,
36,0,eligoetze,54,923,27,2024-09-09 15:45:37,7412669995806739745,,
44,2,natalie.hangoebl,35,657,1,2024-09-09 15:05:10,7412659534445038881,,
17,0,eligoetze,176,783,4,2024-09-09 13:04:05,7412628366655851808,,
19,0,eligoetze,56,1024,0,2024-09-09 09:11:44,7412568503540026656,,
7,0,eligoetze,52,785,0,2024-09-09 09:09:48,7412567967872978209,,
70,2,nicolefeursteinhosp,50,1226,1,2024-09-08 16:36:58,7412312166386240800,,
303,5,hafenecker,308,3108,21,2024-09-08 07:00:41,7412163611306544416,,
6,0,andreas_hanger,35,459,7,2024-09-07 14:57:51,7411915541499120928,,
16,0,der.gasser,66,935,0,2024-09-07 13:26:36,7411892022023392544,,
87,15,elisabethfeichtin6,14,3619,15,2024-09-07 10:25:26,7411845337821793569,,
32,13,elisabethfeichtin6,30,2805,1,2024-09-07 10:10:04,7411841369532140833,,
1295,361,patrickhaslwanter,22,66793,341,2024-09-07 06:38:22,7411786795932831009,,
2384,84,gangandreas,148,38751,192,2024-09-06 16:13:12,7411563852497882401,,
20,0,eligoetze,60,882,0,2024-09-06 14:03:59,7411530519181135137,,
19488,1719,patrickhaslwanter,235,344887,1682,2024-09-06 12:06:14,7411500203380935968,,
615,72,patrickhaslwanter,151,8442,65,2024-09-06 09:51:04,7411465369669422369,,
8,0,lukas_hammer_tugendhat,56,398,0,2024-09-06 09:31:37,7411460346176720161,,
10,0,nicolefeursteinhosp,25,349,2,2024-09-05 14:23:48,7411164588881808672,,
72,1,eligoetze,51,862,0,2024-09-05 11:13:58,7411115661612616993,,
65,6,patrickhaslwanter,28,3145,31,2024-09-05 09:54:55,7411095287801941280,,
9,0,der.gasser,76,912,0,2024-09-05 07:42:52,7411061242992790816,,
48,11,elisabethfeichtin6,44,1042,4,2024-09-05 06:59:41,7411050117899357473,,
757,23,hafenecker,534,15237,82,2024-09-05 06:00:40,7411034855317851425,,
315,63,gangandreas,63,31610,702,2024-09-04 16:31:23,7410826379303914784,,
3,0,andreas_hanger,77,839,1,2024-09-04 16:14:29,7410822010646891809,,
2307,490,patrickhaslwanter,245,57012,396,2024-09-04 14:15:59,7410791485777399072,,
24,0,eligoetze,55,1602,28,2024-09-04 11:34:42,7410749932790877472,,
235,2,hafenecker,573,2049,28,2024-09-04 06:10:34,7410666381655510305,,
9,1,andreas_hanger,33,1236,9,2024-09-03 09:18:15,7410343640318446880,,
13,0,eligoetze,59,897,5,2024-09-03 08:52:46,7410337054137077025,,
23,0,eligoetze,55,396,6,2024-09-03 08:51:02,7410336626632641825,,
26,0,eligoetze,59,866,9,2024-09-03 08:49:26,7410336202454240545,,
10,0,eligoetze,58,843,3,2024-09-03 08:47:47,7410335776917048608,,
22,11,elisabethfeichtin6,33,1169,6,2024-09-03 07:55:12,7410322265641962784,,
40,7,elisabethfeichtin6,37,2889,8,2024-09-03 07:40:01,7410318314322398497,,
87,3,gangandreas,17,3534,1,2024-09-02 22:22:33,7410174679530409248,,
24,0,nicolefeursteinhosp,24,876,2,2024-09-02 14:10:00,7410047719642893600,,
72,4,lukas_hammer_tugendhat,89,898,12,2024-09-02 10:41:13,7409993976104733985,,
385,1,hafenecker,288,2743,34,2024-09-02 06:19:28,7409926441250376993,,
167,18,gangandreas,57,16770,23,2024-09-01 16:07:56,7409707084201168160,,
121,10,gangandreas,82,9083,4,2024-09-01 14:46:45,7409686176677760289,,
115,2,nicolefeursteinhosp,25,1175,8,2024-09-01 13:38:28,7409668556528323873,,
18,2,nicolefeursteinhosp,0,936,4,2024-09-01 07:30:42,7409573759671209248,,
1922,148,hafenecker,486,36711,149,2024-09-01 06:00:36,7409550465467256096,,
210,5,nicolefeursteinhosp,31,5661,1,2024-08-31 19:06:47,7409382094268271904,,
334,23,gangandreas,21,5340,14,2024-08-31 07:08:58,7409197100266753313,,
186,1,hafenecker,414,1612,10,2024-08-31 06:00:36,7409179470034193697,,
51,2,eligoetze,57,1448,46,2024-08-30 15:39:07,7408957467696188704,,
24,0,der.gasser,38,809,0,2024-08-30 10:21:51,7408875695205649696,,
14,0,eligoetze,59,929,10,2024-08-30 08:05:52,7408840677204839712,,
377,7,hafenecker,408,4371,19,2024-08-30 05:44:30,7408804223586012449,,
439,46,gangandreas,25,10248,20,2024-08-29 19:54:59,7408652342909881633,,
16,0,mariohaas0,20,1990,1,2024-08-29 10:20:42,7408504343202204960,,
207,32,gangandreas,142,3698,12,2024-08-28 13:52:01,7408187710407576864,,
17,1,elisabethfeichtin6,46,972,3,2024-08-28 11:16:37,7408147678414015776,,
42,1,eligoetze,57,3127,119,2024-08-28 11:12:43,7408146673152675104,,
197,4,hafenecker,333,1750,15,2024-08-28 06:53:29,7408079832354917665,,
43,56,patrickhaslwanter,10,3793,32,2024-08-27 16:58:08,7407864572658421024,,
15,2,elisabethfeichtin6,26,344,4,2024-08-27 16:25:26,7407856168627965216,,
4,0,eligoetze,202,423,13,2024-08-27 13:09:12,7407805566669606177,,
45,0,eligoetze,57,14196,506,2024-08-27 12:01:43,7407788209721068833,,
33,2,eligoetze,59,2539,117,2024-08-27 11:53:30,7407786104209804577,,
17,0,eligoetze,57,1708,78,2024-08-27 11:51:00,7407785447251856672,,
23,1,eligoetze,53,1491,54,2024-08-27 11:49:52,7407785140753141024,,
19,0,eligoetze,59,588,21,2024-08-27 11:12:35,7407775541266337057,,
36,0,der.gasser,81,537,0,2024-08-27 09:04:02,7407742409045445920,,
221,3,hafenecker,469,2244,20,2024-08-27 05:51:31,7407692748419108128,,
418,6,andibabler,37,10209,11,2024-09-25 22:09:54,7418706373451500833,,
585,33,andibabler,94,14865,11,2024-09-25 14:24:43,7418586525710978336,,
608,45,andibabler,1499,12739,26,2024-09-25 14:10:50,7418582942974299424,,
2656,181,andibabler,22,43385,64,2024-09-25 11:55:19,7418548019999690017,,
15,5,reinhold_binder,3,377,1,2024-09-25 09:29:36,7418510468869934369,,
582,45,markusabwerzger,129,7303,103,2024-09-24 14:15:06,7418212968053099808,,
183,11,andibabler,22,4344,5,2024-09-24 11:19:01,7418167582190095648,,
39,7,reinhold_binder,95,1297,1,2024-09-24 10:38:35,7418157159415958817,,
44,0,erwin_angerer,35,477,4,2024-09-24 06:37:32,7418095027815058720,,
8,0,katrinauer_steyr,23,1984,0,2024-09-23 19:08:01,7417917370993265953,,
10,0,katrinauer_steyr,8,2012,0,2024-09-23 16:36:41,7417878355921489185,,
320,5,andibabler,37,7956,7,2024-09-23 14:23:56,7417844160842976544,,
51,2,joachimaigner27,21,1036,1,2024-09-24 06:05:00,7417789737475312929,,
76,4,joachimaigner27,32,858,1,2024-09-23 10:46:28,7417788030213311776,,
39,3,reinhold_binder,78,1544,2,2024-09-23 08:33:15,7417753754784648480,,
43,1,katrinauer_steyr,36,2358,0,2024-09-23 07:34:41,7417738652366687521,,
12,0,katrinauer_steyr,12,923,0,2024-09-22 16:56:11,7417512308982811937,,
396,26,cbitschi,28,6664,23,2024-09-22 08:28:50,7417381557813415201,,
20995,2224,andibabler,50,215364,243,2024-09-20 22:13:40,7416851941516430624,,
266,3,andibabler,0,8481,28,2024-09-20 20:43:47,7416828789134593312,,
22,0,katrinauer_steyr,21,527,0,2024-09-20 19:03:51,7416803040600018209,,
13,0,katrinauer_steyr,10,464,0,2024-09-20 19:00:16,7416802109594619169,,
1432,23,andibabler,18,26050,14,2024-09-20 17:00:24,7416771211495034144,,
172,10,andibabler,33,3956,2,2024-09-20 14:39:50,7416735004560002337,,
131,23,stephanauerstueger,40,4332,3,2024-09-20 11:17:22,7416682804467060000,,
98,4,joachimaigner27,11,944,2,2024-09-19 11:30:52,7416315202288864545,,
59,2,helmut.brandstaetter,106,555,5,2024-09-19 09:20:38,7416281639933857057,,
59,0,helmut.brandstaetter,83,452,3,2024-09-19 09:01:07,7416276605984722208,,
612,33,andibabler,47,22100,33,2024-09-19 08:03:31,7416261756303068448,,
63,0,cbitschi,19,1139,3,2024-09-18 17:34:24,7416037784974085409,,
206,23,andibabler,121,4598,5,2024-09-18 12:52:10,7415965092786769184,,
74,3,helmut.brandstaetter,114,695,0,2024-09-18 00:06:31,7415767743338646817,,
11,0,katrinauer_steyr,55,888,0,2024-09-17 22:31:43,7415743313472392481,,
10,0,katrinauer_steyr,64,849,0,2024-09-17 22:29:49,7415742795014491425,,
7,1,katrinauer_steyr,28,888,0,2024-09-17 22:25:28,7415741722015075616,,
101,1,joachimaigner27,20,1027,5,2024-09-25 05:15:00,7415224273876421920,,
21,2,joachimaigner27,38,796,1,2024-09-18 06:10:00,7415223050825633057,,
62,3,joachimaigner27,26,1076,3,2024-09-17 09:55:00,7415218977959447840,,
72,0,joachimaigner27,13,1049,2,2024-09-25 15:50:00,7415218365775498528,,
203,16,joachimaigner27,32,3110,16,2024-09-24 16:45:00,7415217331829214497,,
94,2,joachimaigner27,14,948,0,2024-09-23 16:45:00,7415216095797234977,,
84,1,joachimaigner27,5,970,5,2024-09-16 12:23:19,7415215446376451361,,
367,21,andibabler,47,13799,37,2024-09-14 18:06:16,7414561675036183841,,
152,3,markusabwerzger,32,2211,7,2024-09-14 17:10:46,7414547387672235297,,
46,16,katrinauer_steyr,119,3665,0,2024-09-14 12:52:15,7414480757839678753,,
767,36,andibabler,28,30236,52,2024-09-14 08:30:07,7414413147743833376,,
21,1,joachimaigner27,19,399,0,2024-09-22 16:05:00,7414077106050632992,,
200,10,andibabler,45,4356,6,2024-09-13 05:27:13,7413994971612695840,,
40,1,reinhold_binder,90,767,1,2024-09-12 10:44:05,7413705548643749153,,
40,2,joachimaigner27,39,542,3,2024-09-21 17:35:00,7413683398599773473,,
25,1,joachimaigner27,36,414,2,2024-09-20 18:10:00,7413682831823473953,,
2264,204,andibabler,57,30038,35,2024-09-12 08:36:09,7413672354062060833,,
96,4,cbitschi,37,1489,2,2024-09-11 17:05:31,7413432771147828513,,
12,0,katrinauer_steyr,58,792,0,2024-09-11 15:38:40,7413410381797838113,,
23,0,katrinauer_steyr,9,895,0,2024-09-11 15:13:34,7413403919042252064,,
31,5,reinhold_binder,58,1179,1,2024-09-11 11:12:22,7413341762413972768,,
11,0,katrinauer_steyr,20,888,0,2024-09-10 20:18:59,7413111527894453536,,
420,34,andibabler,20,14481,15,2024-09-10 18:07:01,7413077542359321889,,
67,6,cbitschi,1187,1027,5,2024-09-10 16:34:29,7413053684499615008,,
214,5,andibabler,11,9581,8,2024-09-10 13:40:48,7413008909650185504,,
24,2,joachimaigner27,574,337,0,2024-09-17 17:40:00,7412988362983804193,,
15,1,katrinauer_steyr,30,357,0,2024-09-10 11:57:29,7412982300629060896,,
28,1,joachimaigner27,23,380,1,2024-09-19 17:00:00,7412950095316012320,,
20,0,joachimaigner27,49,362,0,2024-09-16 16:00:00,7412947402304359713,,
16,3,joachimaigner27,11,393,1,2024-09-13 16:55:00,7412946312930282785,,
19,2,joachimaigner27,17,347,4,2024-09-15 16:30:00,7412942051702066465,,
38,1,joachimaigner27,47,465,1,2024-09-18 17:00:00,7412941270655470880,,
30,1,joachimaigner27,44,503,3,2024-09-12 17:05:00,7412685088674123041,,
24,0,joachimaigner27,41,387,1,2024-09-14 17:00:00,7412683858455448864,,
17,1,joachimaigner27,36,248,0,2024-09-11 16:55:00,7412683052305927456,,
393,8,joachimaigner27,40,16834,87,2024-09-10 17:00:00,7412682069689601313,,
17,0,joachimaigner27,18,494,0,2024-09-09 16:28:55,7412681161488485665,,
401,17,andibabler,20,8071,14,2024-09-09 08:33:23,7412558562620165408,,
325,3,andibabler,28,6480,11,2024-09-08 21:04:31,7412381088896584992,,
10,0,katrinauer_steyr,22,831,0,2024-09-08 15:40:19,7412297548485938465,,
11,0,katrinauer_steyr,18,359,0,2024-09-08 15:32:25,7412295537073900832,,
103,0,joachimaigner27,19,4045,2,2024-09-08 13:09:05,7412258589605104928,,
48,1,joachimaigner27,16,965,2,2024-09-07 18:43:13,7411973617518529825,,
11,0,katrinauer_steyr,10,378,0,2024-09-07 16:07:27,7411933470202596640,,
5,0,katrinauer_steyr,32,66,0,2024-09-06 16:21:03,7411565887255252256,,
56,0,joachimaigner27,8,847,2,2024-09-06 15:54:10,7411558967576366369,,
274,8,andibabler,38,7753,18,2024-09-06 13:34:37,7411522950744116513,,
418,6,andibabler,23,11699,23,2024-09-05 16:11:07,7411192246298512672,,
116,0,reinhold_binder,71,1661,1,2024-09-04 20:41:02,7410890723672902945,,
45,1,joachimaigner27,23,750,2,2024-09-04 16:49:06,7410830921210924320,,
16,0,katrinauer_steyr,22,352,0,2024-09-04 16:14:02,7410821909736099105,,
34,0,helmut.brandstaetter,63,433,3,2024-09-04 16:07:32,7410820227128249632,,
7985,1031,andibabler,58,166718,81,2024-09-04 15:27:58,7410810019127594273,,
1097,96,andibabler,81,41242,49,2024-09-04 11:00:17,7410741049573887265,,
55001,7390,andibabler,37,727861,442,2024-09-03 16:36:42,7410456663162998049,,
46,0,cbitschi,540,927,1,2024-09-03 13:35:41,7410410010620022048,,
64,8,martinaberthold,22,1084,0,2024-09-03 10:26:49,7410361341023636768,,
1615,99,andibabler,47,27551,56,2024-09-03 08:03:53,7410324458461826336,,
97,9,joachimaigner27,21,827,15,2024-09-03 07:29:02,7410315478834384160,,
17,0,katrinauer_steyr,21,439,0,2024-09-02 22:43:52,7410180177545710881,,
18,1,katrinauer_steyr,34,393,0,2024-09-02 21:10:35,7410156128127978784,,
36,0,joachimaigner27,23,443,2,2024-09-02 17:18:50,7410096440355065121,,
178,0,andibabler,19,6477,6,2024-09-02 14:50:05,7410058109374188832,,
467,31,andibabler,58,8051,22,2024-09-02 13:20:18,7410034966328839457,,
15,0,katrinauer_steyr,18,178,0,2024-09-01 21:20:47,7409787698262576417,,
22,0,katrinauer_steyr,0,181,0,2024-09-01 21:08:24,7409784484700228896,,
15,0,katrinauer_steyr,0,194,0,2024-09-01 20:22:26,7409772649632648481,,
12,0,katrinauer_steyr,14,320,0,2024-09-01 18:54:46,7409750078761602337,,
19,1,katrinauer_steyr,18,349,0,2024-09-01 18:46:18,7409747881378303265,,
18,0,katrinauer_steyr,8,465,0,2024-09-01 04:30:04,7409527080993574177,,
14,0,katrinauer_steyr,21,439,0,2024-08-31 23:25:29,7409448719734656289,,
16,0,katrinauer_steyr,18,304,0,2024-08-31 17:04:51,7409350661013359904,,
14,0,katrinauer_steyr,0,193,0,2024-08-30 21:56:31,7409054745203068192,,
15,0,katrinauer_steyr,8,162,0,2024-08-30 21:53:34,7409053985174228257,,
10,0,katrinauer_steyr,8,395,0,2024-08-30 21:52:05,7409053601227689248,,
21,0,katrinauer_steyr,0,525,12,2024-08-30 21:48:30,7409052678031936800,,
28,1,katrinauer_steyr,21,471,3,2024-08-30 21:41:07,7409050772475858208,,
25,0,katrinauer_steyr,22,686,9,2024-08-30 21:30:37,7409048065233014048,,
87,9,katrinauer_steyr,183,2518,58,2024-08-30 21:28:26,7409047505142385953,,
36,0,katrinauer_steyr,6,799,12,2024-08-30 21:20:34,7409045479088000288,,
12,0,katrinauer_steyr,8,342,0,2024-08-30 21:18:29,7409044948927974688,,
633,36,andibabler,47,15032,31,2024-08-30 20:06:41,7409026439669976352,,
54,0,katrinauer_steyr,12,1874,29,2024-08-29 21:22:00,7408674758813863200,,
18,1,katrinauer_steyr,0,385,2,2024-08-29 17:45:37,7408619009362398497,,
1515,265,markusabwerzger,99,22713,180,2024-08-29 13:03:24,7408546280252673313,,
97,15,martinaberthold,16,1532,4,2024-08-29 11:08:19,7408516617803402528,,
247,15,andibabler,50,4602,25,2024-08-28 09:07:53,7408114494477520161,,
814,140,markusabwerzger,57,11438,65,2024-08-27 10:09:10,7407759186521591072,,
234,4,andibabler,39,4241,16,2024-08-27 08:21:12,7407731305527528737,,
102,1,neos_eu,59,6869,183,2024-08-26 15:53:02,7407476728349642016,,
24,1,neos_wien,59,415,2,2024-08-26 14:01:52,7407448080934604064,,
43,3,neos_wien,0,457,0,2024-08-26 12:59:20,7407431952313404704,,
2338,272,fpoe_at,37,25162,106,2024-08-26 10:19:43,7407390824369114400,,
211,35,diegruenenaustria,24,9075,15,2024-08-24 15:53:13,7406734602250816800,,
37,0,neos_wien,10,1193,5,2024-08-24 13:50:04,7406702844142816544,,
247,30,fpoe_wien,43,10348,9,2024-08-24 09:15:25,7406632079091338529,,
220,33,diegruenenaustria,13,10335,56,2024-08-24 06:55:49,7406596026209013025,,
327,12,neos_eu,108,15155,13,2024-08-23 16:43:19,7406376375319416097,,
52,1,neos_wien,35,1184,2,2024-08-23 15:30:38,7406357690861063456,,
720,34,fpoe_at,46,12266,51,2024-08-23 13:28:06,7406326116928998689,,
134,6,diegruenenaustria,8,10644,21,2024-08-23 11:48:57,7406300555464674592,,
25,0,neos.vlbg,26,1026,3,2024-08-23 07:35:17,7406234995624299808,,
38,3,neos_eu,0,1537,5,2024-08-22 16:30:39,7406002070320418080,,
69,2,neos_eu,20,3193,73,2024-08-22 11:15:40,7405920896797429024,,
2400,62,fpoe_at,58,26091,188,2024-08-22 11:12:57,7405920203902618913,,
32011,16498,spoe_at,11,377610,771,2024-08-21 16:51:08,7405636272288533793,,
52,2,wienervp,51,1624,10,2024-08-21 14:31:32,7405600298221276448,,
96,0,diegruenenwien,40,2948,52,2024-08-21 10:06:46,7405532064138677536,,
10,0,diegruenenvorarlberg,60,322,1,2024-08-21 09:19:46,7405519939794259233,,
103,3,diegruenenaustria,0,2198,11,2024-08-20 11:53:05,7405188256238734625,,
82,2,wienervp,36,2648,15,2024-08-20 09:18:20,7405148480710200608,,
12,1,neos_wien,28,868,0,2024-08-19 14:43:31,7404861200414149921,,
149,11,diegruenenaustria,17,2633,10,2024-08-19 13:54:00,7404848459359997217,,
5121,545,fpoe_at,49,59285,385,2024-08-19 10:25:34,7404794734520093985,,
3420,1110,wienervp,79,36601,170,2024-08-19 08:45:38,7404768975583743265,,
63,3,neos.vlbg,35,1288,2,2024-08-19 07:27:23,7404748456000113953,,
268,11,spoe_at,77,5510,35,2024-08-17 10:48:20,7404058441154579745,,
8,0,diegruenenvorarlberg,54,754,1,2024-08-17 10:01:12,7404046296182476065,,
539,20,fpoe_at,31,9432,18,2024-08-16 10:24:19,7403681165300845856,,
783,31,spoe_at,52,23186,35,2024-08-15 11:29:11,7403326802342546720,,
81,0,neos_eu,47,1816,45,2024-08-15 11:07:08,7403321111439576353,,
2738,79,fpoe_at,63,36859,70,2024-08-15 10:11:05,7403306674846485793,,
34,4,diegruenenvorarlberg,43,889,4,2024-08-14 10:34:15,7402941558363868449,,
69,1,neos_eu,0,1656,15,2024-08-14 09:23:36,7402923351506717984,,
131,15,spoe.wien,73,1945,1,2024-08-14 08:54:46,7402915926686895392,,
16,1,wienervp,18,1164,2,2024-08-14 07:48:00,7402898670498172192,,
2544,268,fpoe_wien,47,32646,66,2024-08-13 15:19:38,7402644008343784736,,
54,2,neos_wien,31,1364,2,2024-08-13 15:04:25,7402640100800089376,,
280,4,spoe_at,0,12545,17,2024-08-13 09:42:52,7402557203682544928,,
354,206,diegruenenwien,68,34449,64,2024-08-13 08:46:36,7402542701759024416,,
33,5,neos_wien,80,1941,2,2024-08-12 14:56:31,7402266946760183072,,
109,3,diegruenenaustria,15,2051,4,2024-08-12 12:49:34,7402234259332664609,,
16,0,diegruenenvorarlberg,27,785,1,2024-08-12 12:10:07,7402224072374979873,,
66,2,neos_eu,0,1823,7,2024-08-12 10:04:22,7402191666481794337,,
29,0,neos.vlbg,37,1014,1,2024-08-12 07:34:37,7402152763561348385,,
6464,8643,fpoe_wien,33,75454,308,2024-08-11 10:58:40,7401834589234171169,,
549,28,spoe_at,77,16005,34,2024-08-09 13:58:40,7401138808244276512,,
143,2,neos_wien,17,1430,1,2024-08-09 08:16:04,7401050523937361185,,
52,9,wienervp,59,1289,4,2024-08-09 06:55:35,7401029772320476448,,
45,0,wienervp,32,1120,4,2024-08-08 15:11:32,7400786501887429921,,
7,0,diegruenenvorarlberg,36,610,0,2024-08-08 14:38:57,7400778114990607648,,
2422,153,fpoe_at,47,38335,200,2024-08-08 11:05:01,7400722680262970657,,
225,5,spoe_at,87,4101,10,2024-08-07 17:00:00,7400419731859164448,,
20,1,neos_wien,49,470,2,2024-08-07 12:20:20,7400371308891999520,,
2208,75,fpoe_at,22,26197,124,2024-08-07 11:12:47,7400353443187019041,,
48,5,diegruenenwien,67,1074,13,2024-08-07 09:55:17,7400333920014847265,,
94,6,spoe_at,45,2141,6,2024-08-06 12:13:54,7399998275933244705,,
753,58,spoe_at,0,14699,56,2024-08-05 18:55:19,7399730917129964832,,
1421,44,fpoe_at,94,27569,163,2024-08-05 15:32:26,7399678278283431201,,
29,0,neos.vlbg,38,477,0,2024-08-05 11:14:21,7399611980413226272,,
10,0,diegruenenvorarlberg,67,299,1,2024-08-05 10:19:55,7399598074399673632,,
118,8,diegruenenaustria,0,4738,18,2024-08-05 08:30:18,7399569816249584928,,
332,17,fpoe_wien,26,6681,26,2024-08-04 17:26:14,7399336870968069409,,
1879,220,fpoe_at,55,28578,82,2024-08-03 16:22:55,7398949459054415137,,
59,0,neos_wien,135,1183,1,2024-08-03 16:20:17,7398948785386163488,,
119,35,wienervp,86,2945,19,2024-08-02 13:27:43,7398533233597582624,,
552,21,fpoe_wien,58,5818,60,2024-08-02 10:42:31,7398490658899627297,,
116,5,spoe_at,9,2444,1,2024-08-01 15:25:18,7398192450835189025,,
1624,83,fpoe_at,77,16674,74,2024-08-01 15:06:44,7398187630761905441,,
12,0,diegruenenvorarlberg,53,574,0,2024-08-01 12:53:00,7398153211724467489,,
25,1,neos_wien,27,536,1,2024-08-01 12:28:56,7398147011700067617,,
1224,137,fpoe_at,92,15689,159,2024-08-01 11:28:08,7398131295462673696,,
18,0,neos_wien,28,329,0,2024-07-31 15:53:42,7397828679633571105,,
114,2,diegruenenaustria,9,1816,17,2024-07-31 15:44:15,7397826112522390816,,
60,2,neos_eu,62,3103,48,2024-07-31 14:48:19,7397811825447931169,,
20,1,neos_wien,0,447,0,2024-07-30 17:22:58,7397480608101846305,,
405,43,spoe_at,0,6699,11,2024-07-30 13:28:40,7397420212024249633,,
18,0,wienervp,24,834,1,2024-07-30 11:04:49,7397383144187383073,,
14,0,diegruenenvorarlberg,42,654,3,2024-07-30 08:11:03,7397338349859622176,,
22,0,neos_wien,11,450,0,2024-07-30 08:07:31,7397337423333690656,,
58,1,diegruenenwien,56,1143,10,2024-07-29 18:01:30,7397119444801113377,,
33,0,neos_wien,11,753,0,2024-07-29 16:17:11,7397092556644863264,,
592,379,fpoe_wien,68,26259,56,2024-07-29 10:46:58,7397007458587266337,,
105,1,diegruenenaustria,36,2085,6,2024-07-29 07:54:20,7396962948884860192,,
10,0,diegruenenvorarlberg,54,771,2,2024-07-28 10:15:49,7396628345229823265,,
38,3,petra.tanzler,90,1852,25,2024-08-26 10:27:24,7407392789912194336,,
36,0,dietomaselli,22,901,1,2024-08-24 10:09:48,7406646090814033184,,
46,1,chriswiederkehr,8,1532,1,2024-08-23 17:20:30,7406385993600847136,,
45,1,marco.triller,51,534,1,2024-08-23 15:45:49,7406361611608378657,,
284,15,tho_weber,74,7323,4,2024-08-23 05:48:43,7406207679535910176,,
23,0,marco.triller,59,366,0,2024-08-22 18:45:57,7406036949888208160,,
55,3,dietomaselli,57,3674,6,2024-08-22 10:07:41,7405903267114388768,,
87,4,dietomaselli,28,8196,11,2024-08-21 07:05:38,7405485319342099745,,
50,0,marco.triller,58,532,2,2024-08-21 06:32:12,7405476706359741729,,
60,3,olgavoglauer,45,3351,16,2024-08-20 13:34:54,7405214624506711329,,
7,0,dietomaselli,13,327,0,2024-08-20 09:57:25,7405158564563520801,,
1042,95,tho_weber,0,29479,191,2024-08-20 06:10:05,7405099911143886112,,
14,1,dietomaselli,12,256,0,2024-08-19 10:02:57,7404788902638210336,,
129,0,philip.wohlgemuth,14,1167,3,2024-08-18 06:25:15,7404361642206694688,,
30,0,dietomaselli,27,661,2,2024-08-17 13:04:59,7404093648670969121,,
121,2,tho_weber,0,1787,7,2024-08-16 08:18:16,7403648660979895584,,
68,0,marco.triller,59,760,3,2024-08-16 06:52:22,7403626479940160801,,
104,0,olgavoglauer,45,3964,14,2024-08-13 10:14:00,7402565238853340448,,
142,1,tho_weber,49,2820,10,2024-08-13 05:10:05,7402486828856577313,,
32,0,philip.wohlgemuth,12,877,2,2024-08-12 09:58:30,7402190177025740065,,
19,0,petra.tanzler,60,539,1,2024-08-11 15:43:40,7401908037390224672,,
87,3,chriswiederkehr,46,1481,5,2024-08-11 07:43:33,7401784283267878177,,
13,0,petra.tanzler,12,407,2,2024-08-10 16:19:34,7401546207136320800,,
43,0,marco.triller,56,646,1,2024-08-10 06:32:50,7401394931283037473,,
255,5,tho_weber,63,4391,5,2024-08-09 03:55:41,7400983394928086304,,
35,0,petra.tanzler,52,634,0,2024-08-09 04:30:00,7400921060222209312,,
178,13,chriswiederkehr,85,4836,5,2024-08-08 14:38:17,7400777936560737568,,
45,0,olgavoglauer,39,3077,30,2024-08-08 07:38:21,7400669693750562080,,
21,0,marco.triller,48,404,1,2024-08-07 14:49:56,7400409852087946529,,
69,0,chriswiederkehr,5,1515,0,2024-08-07 12:47:39,7400378344426032416,,
202,0,tho_weber,42,2227,3,2024-08-07 06:15:16,7400277191574981921,,
28,1,olgavoglauer,37,453,1,2024-08-05 11:25:43,7399615050157231392,,
39,5,marco.triller,54,468,1,2024-08-04 18:02:31,7399346218679291168,,
18,4,petra.tanzler,8,1665,0,2024-08-03 15:50:53,7398941205981105440,,
51,7,marco.triller,37,827,0,2024-08-03 05:53:16,7398787107755429152,,
89,0,tho_weber,10,5172,0,2024-08-02 05:38:27,7398412206821477664,,
16,0,petra.tanzler,89,361,0,2024-08-01 21:47:08,7398290317797051681,,
71,0,chriswiederkehr,8,1527,1,2024-08-01 15:08:51,7398188213111770400,,
12,0,philip.wohlgemuth,27,693,0,2024-07-31 17:00:03,7397845781337705760,,
26,0,philip.wohlgemuth,31,859,0,2024-07-30 18:18:29,7397494917481631008,,
194,1,tho_weber,93,6857,5,2024-07-30 08:42:24,7397346433185238304,,
68,5,marco.triller,50,772,6,2024-07-29 17:06:10,7397105185530596640,,
94,2,chriswiederkehr,17,1631,2,2024-07-29 13:48:51,7397054335491869985,,
372,7,christophsteinerfpoe,98,9400,15,2024-08-26 14:40:52,7407458135465544992,,
252,8,christophsteinerfpoe,0,8097,12,2024-08-26 14:26:19,7407454381345393953,,
15,0,rudi_silvan,38,471,0,2024-08-26 04:56:57,7407307567052983584,,
12,1,rudi_silvan,32,379,5,2024-08-25 17:22:47,7407128778637364512,,
18,1,rudi_silvan,0,1926,2,2024-08-25 17:13:33,7407126399779130656,,
14,0,rudi_silvan,28,400,3,2024-08-25 17:12:28,7407126112784092449,,
431,14,christophsteinerfpoe,0,10660,20,2024-08-25 11:54:15,7407044105471053088,,
7,1,rudi_silvan,0,415,0,2024-08-25 10:27:09,7407021661075115297,,
6,0,rudi_silvan,0,287,1,2024-08-24 20:22:08,7406803900679933216,,
129,0,yannickshetty,43,3159,3,2024-08-24 14:14:05,7406709053767945505,,
24,0,jakobcschwarz,56,654,7,2024-08-24 08:11:31,7406615587809545504,,
148,8,yannickshetty,41,4176,8,2024-08-24 07:42:13,7406608031338728737,,
6,0,rudi_silvan,0,890,0,2024-08-23 21:39:06,7406452650213952801,,
718,7,christophsteinerfpoe,95,11835,36,2024-08-23 20:22:19,7406432849085222177,,
2539,156,christophsteinerfpoe,95,38431,139,2024-08-22 17:18:35,7406014426878397728,,
341,4,yannickshetty,14,6331,50,2024-08-21 13:40:42,7405587207290998049,,
142,7,christophsteinerfpoe,0,3340,9,2024-08-21 12:35:08,7405570301012069665,,
1049,98,yannickshetty,0,16174,90,2024-08-20 14:48:32,7405233581347425568,,
205,9,christophsteinerfpoe,0,11190,28,2024-08-20 14:31:16,7405229131954244897,,
483,11,yannickshetty,50,9347,66,2024-08-20 13:54:37,7405219698733763873,,
957,4,yannickshetty,55,21599,25,2024-08-19 14:04:26,7404851138169802016,,
5724,576,yannickshetty,41,43763,203,2024-08-18 06:24:33,7404361484978916641,,
11,0,rudi_silvan,0,916,0,2024-08-17 20:49:31,7404213356166466849,,
12,3,rudi_silvan,0,502,0,2024-08-17 20:46:16,7404212531067096353,,
12682,1066,yannickshetty,75,217677,668,2024-08-17 08:26:34,7404021883873578272,,
404,4,yannickshetty,56,6833,35,2024-08-16 14:00:43,7403736925963636001,,
1395,40,yannickshetty,48,17017,95,2024-08-15 14:04:32,7403366832490433825,,
813,24,christophsteinerfpoe,30,15568,38,2024-08-15 10:19:02,7403308718844054817,,
2913,216,christophsteinerfpoe,105,31052,67,2024-08-14 20:51:50,7403100693529234720,,
1490,61,yannickshetty,66,16861,101,2024-08-14 15:57:58,7403024983590440225,,
16,0,rudi_silvan,0,859,2,2024-08-13 20:56:17,7402730769124232481,,
9279,1386,petra.steger,153,146084,582,2024-08-13 15:10:25,7402641636368321824,,
144,0,yannickshetty,23,3961,22,2024-08-13 14:49:03,7402636137073741089,,
613,33,petra.steger,444,6505,59,2024-08-12 18:35:43,7402323446765554976,,
11,0,rudi_silvan,0,316,0,2024-08-12 17:48:00,7402311158973123873,,
172,9,christophsteinerfpoe,22,4192,11,2024-08-12 15:43:04,7402278964493847840,,
262,7,yannickshetty,32,3825,30,2024-08-12 13:44:19,7402248358221368609,,
901,26,yannickshetty,67,13440,15,2024-08-11 14:58:44,7401896451762081057,,
1156,19,christophsteinerfpoe,0,26463,70,2024-08-11 09:11:03,7401806846828367136,,
22,5,rudi_silvan,34,1050,0,2024-08-10 22:06:16,7401635545358552352,,
46,2,rudi_silvan,0,3286,93,2024-08-09 20:12:17,7401235091231411488,,
18,2,rudi_silvan,29,889,5,2024-08-09 18:56:07,7401215468998053152,,
94,0,christophsteinerfpoe,0,5181,5,2024-08-09 16:53:38,7401183897481907489,,
170,7,yannickshetty,27,3978,23,2024-08-09 12:43:38,7401119481474338081,,
177,6,yannickshetty,35,3640,11,2024-08-09 12:17:27,7401112735972363552,,
203,3,christophsteinerfpoe,0,6262,12,2024-08-09 08:07:11,7401048231330778400,,
22,0,rudi_silvan,17,545,6,2024-08-08 21:26:47,7400883213180210465,,
16,0,rudi_silvan,0,344,0,2024-08-08 17:02:18,7400815052648893729,,
449,118,michael_stumpf,55,13523,30,2024-08-08 13:56:34,7400767190200225057,,
1146,28,yannickshetty,134,13976,48,2024-08-08 12:20:31,7400742436093332769,,
918,15,yannickshetty,0,18598,85,2024-08-08 06:59:51,7400659742567288096,,
310,22,yannickshetty,23,8894,13,2024-08-07 14:44:53,7400408548808658209,,
5,0,rudi_silvan,4,67,0,2024-08-07 07:16:12,7400292906533227808,,
7,0,rudi_silvan,0,342,0,2024-08-06 16:55:12,7400071034403130657,,
2962,445,yannickshetty,22,35797,82,2024-08-06 13:50:00,7399988122085313825,,
114,1,anna.gkh,60,1994,10,2024-08-06 11:13:33,7399982997505625376,,
7,0,rudi_silvan,0,370,0,2024-08-05 17:20:57,7399706585674698016,,
17622,564,yannickshetty,31,283368,278,2024-08-05 16:20:34,7399691036005502241,,
1289,97,christophsteinerfpoe,86,16743,72,2024-08-05 15:26:40,7399677141346012448,,
7,0,rudi_silvan,10,774,0,2024-08-05 10:10:35,7399595683281423648,,
10,0,rudi_silvan,0,839,2,2024-08-04 15:45:41,7399310960617409824,,
132,10,petra.steger,852,1816,14,2024-08-03 10:16:47,7398855102360063265,,
119,8,andreas_spanring,51,1650,11,2024-08-02 17:09:57,7398590019344092448,,
939,20,christophsteinerfpoe,54,16390,44,2024-08-02 15:28:48,7398564429807242529,,
612,53,yannickshetty,24,13887,36,2024-08-04 16:25:00,7398527685871291681,,
74,1,yannickshetty,15,1738,1,2024-08-02 11:23:05,7398501111050571041,,
259,10,yannickshetty,0,7136,15,2024-08-02 10:09:28,7398482133523713313,,
105,5,andreas_spanring,59,1657,14,2024-08-01 15:51:30,7398199209637301536,,
1561,82,christophsteinerfpoe,73,17861,86,2024-08-01 15:30:06,7398193700339240224,,
5685,357,petra.steger,77,44788,763,2024-08-01 14:46:12,7398182380957125921,,
8,0,rudi_silvan,0,875,0,2024-08-01 14:24:35,7398176819863637281,,
18,0,rudi_silvan,0,1026,3,2024-07-31 21:44:58,7397919198221012257,,
64,4,jakobcschwarz,59,5730,67,2024-07-31 17:56:35,7397860343877356832,,
2301,104,christophsteinerfpoe,70,31556,146,2024-07-31 15:58:13,7397829831091670304,,
190,4,anna.gkh,85,2561,5,2024-07-31 15:45:04,7397826451212389664,,
763,10,yannickshetty,87,13701,15,2024-07-31 16:10:00,7397767107812789537,,
411,6,yannickshetty,7,6728,13,2024-07-30 16:58:13,7397474229328891169,,
3146,146,christophsteinerfpoe,120,43291,119,2024-07-30 15:30:49,7397451700879052065,,
2108,44,yannickshetty,31,28759,133,2024-07-29 17:08:34,7397105804156996896,,
8355,756,christophsteinerfpoe,99,121476,383,2024-07-28 14:25:24,7396692668920712481,,
21,1,ralphschallmeiner,9,364,2,2024-08-26 07:53:48,7407353206667250977,,
261,24,lisa.schuchgubik,37,3850,12,2024-08-23 16:42:06,7406376110071631137,,
156,1,ralphschallmeiner,73,2396,48,2024-08-22 14:44:41,7405974773311769889,,
47,1,ralphschallmeiner,22,1106,6,2024-08-22 12:31:34,7405940466962812193,,
53,6,ralphschallmeiner,18,979,4,2024-08-22 09:27:41,7405893072619408673,,
28,0,ralphschallmeiner,60,576,12,2024-08-21 12:26:14,7405567992811113760,,
144,6,dieschilling,38,6694,88,2024-08-20 17:37:33,7405277152024857888,,
2214,125,cranzmaier,45,47249,146,2024-08-20 12:25:48,7405196797255240992,,
1924,162,lisa.schuchgubik,45,37036,114,2024-08-19 15:41:13,7404876081297100064,,
36,0,ralphschallmeiner,77,442,7,2024-08-19 14:09:46,7404852515390475552,,
8,0,ralphschallmeiner,29,333,1,2024-08-18 20:17:00,7404576068704816417,,
29,0,ralphschallmeiner,84,552,20,2024-08-18 15:56:36,7404508966212046112,,
360,4,lisa.schuchgubik,61,6546,21,2024-08-17 18:37:44,7404179399978913057,,
24,0,ralphschallmeiner,18,390,21,2024-08-17 14:54:26,7404121852919991585,,
180,0,lisa.schuchgubik,30,2758,12,2024-08-16 11:47:37,7403702607044283680,,
1070,51,cranzmaier,37,15699,98,2024-08-16 09:28:26,7403666752829164832,,
43,0,ralphschallmeiner,9,395,2,2024-08-16 07:21:47,7403634099191057697,,
20,0,ralphschallmeiner,11,337,0,2024-08-15 20:15:30,7403462367520034080,,
617,12,lisa.schuchgubik,54,12533,21,2024-08-14 16:31:27,7403033609470217505,,
37,1,ralphschallmeiner,82,523,11,2024-08-14 13:09:16,7402981509080157473,,
26,1,ralphschallmeiner,85,454,12,2024-08-13 18:52:47,7402698927432158496,,
1400,64,cranzmaier,30,17452,115,2024-08-13 12:51:04,7402605646614367521,,
23,0,ralphschallmeiner,72,431,5,2024-08-12 12:39:59,7402231750031625504,,
23,2,elviraschmidt969,19,1372,2,2024-08-11 18:46:19,7401955105903365409,,
14,0,ralphschallmeiner,33,336,2,2024-08-11 13:39:40,7401876085366869281,,
32,1,ralphschallmeiner,11,376,4,2024-08-11 07:30:38,7401780934770445601,,
30,0,ralphschallmeiner,5,416,2,2024-08-10 13:59:39,7401510141805350177,,
31,1,ralphschallmeiner,9,393,10,2024-08-09 17:40:29,7401195971432025376,,
484,28,cranzmaier,45,8383,30,2024-08-09 13:02:13,7401124257314622752,,
57,0,ralphschallmeiner,51,726,42,2024-08-09 12:37:22,7401117853455371553,,
21,0,ralphschallmeiner,17,342,1,2024-08-08 21:11:24,7400879242000534817,,
49,0,ralphschallmeiner,42,550,14,2024-08-08 13:14:00,7400756216391028000,,
700,32,lisa.schuchgubik,62,13722,30,2024-08-07 18:22:24,7400464586652142881,,
40,0,ralphschallmeiner,98,457,8,2024-08-07 12:25:25,7400372615161859361,,
29,0,ralphschallmeiner,45,328,11,2024-08-05 13:52:01,7399652752139242785,,
95,0,lisa.schuchgubik,89,2054,3,2024-08-05 12:56:26,7399638428620442913,,
405,37,cranzmaier,43,6055,46,2024-08-05 07:12:44,7399549823789092129,,
38,0,ralphschallmeiner,145,624,27,2024-08-03 08:09:31,7398822301954805024,,
23,1,ralphschallmeiner,88,250,7,2024-08-02 18:13:38,7398606915607088417,,
27,0,ralphschallmeiner,75,381,18,2024-08-01 07:59:14,7398077482374614305,,
143,7,cranzmaier,41,2848,18,2024-08-01 07:40:53,7398072734992862496,,
1593,187,lisa.schuchgubik,55,15634,118,2024-07-31 17:29:15,7397853303620554017,,
65,2,ralphschallmeiner,63,767,9,2024-07-31 09:51:05,7397735246856195360,,
394,36,lisa.schuchgubik,37,4964,72,2024-07-29 18:54:38,7397133138729684256,,
50,1,sebastianschwaighofer,47,682,1,2024-07-29 10:03:03,7396996139456810272,,
132,2,dieschilling,20,7434,70,2024-07-29 09:11:44,7396982900354338081,,
96,5,cranzmaier,20,2388,7,2024-07-28 15:27:36,7396708704805997857,,
81,0,mario.kunasek,59,732,9,2024-08-26 15:44:34,7407474553036754208,,
94,0,mario.kunasek,44,730,8,2024-08-26 13:10:28,7407434834143907105,,
124,1,mario.kunasek,0,694,18,2024-08-24 20:06:45,7406799949465160992,,
98,1,werner.kogler,70,1667,6,2024-08-24 15:20:31,7406726165815119137,,
61,6,maximilian_krauss,43,981,3,2024-08-23 19:19:28,7406416664255892768,,
84,1,maximiliankoellner,38,1913,5,2024-08-22 16:51:21,7406007426069105953,,
67,1,mario.kunasek,0,1015,5,2024-08-22 12:38:08,7405942169187519777,,
63,0,werner.kogler,22,1360,13,2024-08-22 08:55:23,7405884645918739744,,
13,0,robertlaimer.at,0,877,0,2024-08-21 17:52:58,7405652218696781088,,
51,1,mario.kunasek,0,1905,1,2024-08-21 14:03:06,7405592954619907361,,
117,0,mario.kunasek,60,974,4,2024-08-21 10:43:41,7405541568238652704,,
140,0,mario.kunasek,0,995,6,2024-08-20 19:14:18,7405302087057231136,,
87,4,werner.kogler,40,4474,14,2024-08-20 15:03:14,7405237369420533024,,
118,1,mario.kunasek,49,1180,9,2024-08-20 13:26:52,7405212543322459424,,
211,0,mario.kunasek,0,1770,26,2024-08-19 16:53:07,7404894614919908640,,
15,5,robertlaimer.at,75,389,0,2024-08-18 13:57:23,7404478238019390752,,
21,3,robertlaimer.at,18,632,1,2024-08-18 10:54:42,7404431157070286112,,
84,0,werner.kogler,29,1630,6,2024-08-17 06:38:25,7403993969681534240,,
92,6,maximiliankoellner,43,3973,6,2024-08-16 16:16:09,7403771825664101665,,
87,1,werner.kogler,56,2209,0,2024-08-16 09:37:12,7403669014901230880,,
38,8,fabiennelackner,32,923,6,2024-08-15 18:37:30,7403437177885052192,,
109,1,mario.kunasek,0,1139,2,2024-08-15 10:43:55,7403315135198072097,,
82,0,mario.kunasek,30,1048,10,2024-08-14 23:04:18,7403134824636026144,,
154,12,maximiliankoellner,26,9132,3,2024-08-14 15:57:59,7403024981765934369,,
96,12,mario.kunasek,0,4157,47,2024-08-14 13:42:32,7402990075367132449,,
144,0,udo_landbauer,62,2825,20,2024-08-14 12:22:19,7402969415169346849,,
69,2,werner.kogler,31,2164,10,2024-08-13 16:12:44,7402657669091233056,,
171,9,maximilian_krauss,47,4487,14,2024-08-13 16:05:50,7402655914580348192,,
237,2,mario.kunasek,58,3313,10,2024-08-13 10:26:31,7402568478990912800,,
72,1,mario.kunasek,27,1040,3,2024-08-12 21:55:04,7402374828692376864,,
36,0,maximiliankoellner,43,863,0,2024-08-12 20:06:46,7402346871810755873,,
27,0,mario.kunasek,10,787,2,2024-08-12 19:39:06,7402339787639770400,,
30,2,werner.kogler,30,851,5,2024-08-10 16:33:01,7401549660881538336,,
97,56,wolfgangkocevar,11,5254,8,2024-08-09 15:37:39,7401164315388169504,,
153,2,udo_landbauer,97,1430,8,2024-08-09 11:26:39,7401099638960344353,,
52,1,maximiliankoellner,36,1236,2,2024-08-08 17:49:57,7400827328332451105,,
500,43,mario.kunasek,53,11539,45,2024-08-08 12:33:43,7400745834737962272,,
121,0,mario.kunasek,59,4083,10,2024-08-07 15:48:57,7400425061120838944,,
62,0,werner.kogler,44,1261,1,2024-08-07 08:08:41,7400306449374645537,,
37,0,werner.kogler,10,1120,5,2024-08-06 13:33:59,7400019181032328480,,
24,4,philipkucher,92,1025,5,2024-08-06 11:31:00,7399987495410175265,,
35,0,mario.kunasek,52,881,4,2024-08-06 10:45:18,7399975743591107872,,
120,2,mario.kunasek,59,1027,14,2024-08-05 13:47:46,7399651657274920225,,
41,0,werner.kogler,23,1572,4,2024-08-04 06:33:16,7399168533927611681,,
37,0,mario.kunasek,59,873,7,2024-08-03 13:20:06,7398902354965187873,,
45,1,werner.kogler,77,1537,3,2024-08-03 06:27:39,7398796057481645344,,
18,0,manuelkrautgartner,20,449,1,2024-08-03 04:36:22,7398767214515588384,,
59,23,wolfgangkocevar,41,2646,3,2024-08-02 15:19:04,7398561927401639200,,
64,4,werner.kogler,14,3992,28,2024-08-02 06:48:54,7398430409362574624,,
424,9,mario.kunasek,50,6279,44,2024-08-01 13:58:11,7398170014924164385,,
33,4,werner.kogler,14,1540,5,2024-08-01 13:15:44,7398159067434290465,,
99,0,udo_landbauer,109,1188,1,2024-08-01 12:57:26,7398154350712982816,,
44,1,werner.kogler,35,1300,2,2024-07-31 14:28:43,7397806784473222432,,
79,1,mario.kunasek,147,1261,9,2024-07-31 12:21:44,7397774071217261856,,
50,3,werner.kogler,22,2030,32,2024-07-30 13:58:07,7397427816809237792,,
62,0,mario.kunasek,57,933,2,2024-07-30 13:24:08,7397419048218201376,,
44,0,werner.kogler,7,900,1,2024-07-29 17:12:12,7397106738375265568,,
47,2,mario.kunasek,33,1462,0,2024-07-28 17:10:33,7396735228200471841,,
570,32,udo_landbauer,97,5186,57,2024-07-28 13:02:09,7396671211574529312,,
65,1,natalie.hangoebl,52,991,4,2024-08-26 14:54:29,7407461642528640289,,
168,5,patrickhaslwanter,141,3132,5,2024-08-26 12:14:15,7407420333814189345,,
81,3,elisabethfeichtin6,35,1228,4,2024-08-26 06:16:16,7407328050469211424,,
127,9,gangandreas,27,2879,9,2024-08-25 17:24:44,7407129272600628512,,
621,18,hafenecker,384,10137,55,2024-08-25 06:18:30,7406957531614039328,,
12,0,nicolefeursteinhosp,20,1769,1,2024-08-24 09:49:47,7406640942557482272,,
366,6,hafenecker,406,4049,70,2024-08-24 06:16:27,7406585854258449697,,
1282,90,hafenecker,545,21127,79,2024-08-23 06:00:41,7406210740635356449,,
52,1,eligoetze,57,2455,141,2024-08-22 14:14:19,7405966929472671009,,
23,0,eligoetze,51,2224,50,2024-08-22 13:49:01,7405960414464462112,,
7,0,eligoetze,41,955,28,2024-08-22 13:45:25,7405959491004501281,,
17,0,eligoetze,55,905,22,2024-08-22 13:43:33,7405959013227154720,,
38,1,eligoetze,53,1105,25,2024-08-22 13:41:39,7405958408345636128,,
158,20,peter_hacker,33,6642,90,2024-08-22 12:09:37,7405934814496394528,,
13,1,eligoetze,58,926,18,2024-08-21 10:35:16,7405539413305888033,,
13,0,eligoetze,46,1062,57,2024-08-21 10:32:35,7405538715327548705,,
19,1,eligoetze,59,924,9,2024-08-21 10:28:06,7405537563630390561,,
15,1,eligoetze,48,1051,18,2024-08-21 10:26:39,7405537188579904800,,
62,1,eligoetze,59,893,15,2024-08-21 10:25:32,7405536893762309409,,
34,0,eligoetze,56,1461,56,2024-08-21 10:16:29,7405534549196819744,,
24,0,eligoetze,56,1848,64,2024-08-21 10:15:13,7405534246804131104,,
23,2,der.gasser,67,834,0,2024-08-20 16:04:34,7405253184467373344,,
19,1,eligoetze,60,1670,7,2024-08-20 11:32:55,7405183174738840864,,
15,3,elisabethfeichtin6,17,1956,0,2024-08-19 08:19:29,7404762231189015841,,
461,4,hafenecker,366,7082,33,2024-08-19 05:57:26,7404725565036449056,,
16,1,der.gasser,44,957,0,2024-08-17 07:18:47,7404004383580605728,,
620,12,hafenecker,382,8026,34,2024-08-17 06:44:26,7403995516989623585,,
59,22,geistlerluca,592,1352,3,2024-08-16 19:08:41,7403816293704437025,,
294,22,gangandreas,29,31779,10,2024-08-14 17:05:24,7403042349615484192,,
37,0,gangandreas,40,1161,2,2024-08-14 07:22:15,7402892076456709409,,
386,5,hafenecker,276,5277,11,2024-08-14 06:17:27,7402875377606987040,,
27,0,diegamon,22,734,1,2024-08-13 10:20:09,7402566814171024673,,
23,2,mariohaas0,7,807,0,2024-08-12 14:32:54,7402260883100929313,,
378,7,hafenecker,311,4271,48,2024-08-12 06:15:26,7402132642021281056,,
95,2,gangandreas,81,3687,11,2024-08-11 15:55:07,7401910979434482977,,
27,0,nicolefeursteinhosp,8,442,1,2024-08-11 09:12:10,7401807134381378848,,
412,14,hafenecker,429,6279,54,2024-08-11 06:00:34,7401757683545558304,,
296,1,hafenecker,372,3480,21,2024-08-10 06:00:34,7401386626187889953,,
16,1,mariohaas0,9,1966,0,2024-08-09 20:02:43,7401232619758816545,,
26,0,eligoetze,59,1006,34,2024-08-09 09:41:18,7401072485325671712,,
386,11,hafenecker,444,4576,76,2024-08-09 06:13:28,7401018913623919904,,
14,1,der.gasser,41,1953,4,2024-08-08 14:00:56,7400768310134017313,,
15,1,eligoetze,59,338,5,2024-08-08 09:14:43,7400694547598085409,,
10,1,nicolefeursteinhosp,96,384,0,2024-08-07 21:52:32,7400518751445191969,,
9,1,eligoetze,59,285,3,2024-08-07 12:14:53,7400369904995552544,,
241,3,hafenecker,362,2394,9,2024-08-07 08:00:35,7400304365203885345,,
54,0,gangandreas,6,1465,1,2024-08-06 18:37:26,7400097389278792992,,
14,0,nicolefeursteinhosp,94,358,0,2024-08-06 14:41:20,7400036536542121249,,
10,1,eligoetze,56,103,2,2024-08-06 13:30:38,7400018320096775456,,
10,0,eligoetze,55,369,7,2024-08-06 10:49:27,7399976783052803360,,
13,2,eligoetze,59,828,5,2024-08-06 10:47:56,7399976391829130528,,
8,0,eligoetze,43,61,4,2024-08-06 10:39:40,7399974261487717665,,
10,0,eligoetze,59,62,3,2024-08-06 10:37:34,7399973714512579872,,
10,0,eligoetze,59,64,1,2024-08-06 10:31:07,7399972061873016096,,
7,0,eligoetze,57,65,3,2024-08-06 10:29:00,7399971509910932769,,
24,0,eligoetze,57,788,1,2024-08-06 10:19:27,7399969063373458721,,
10,5,eligoetze,55,970,14,2024-08-06 10:13:44,7399967575389605152,,
6,2,eligoetze,52,820,3,2024-08-06 10:09:39,7399966515258297633,,
6,0,eligoetze,59,791,8,2024-08-06 10:08:28,7399966230104263969,,
12,0,eligoetze,55,859,7,2024-08-06 10:07:08,7399965882082004257,,
27,2,eligoetze,59,1738,5,2024-08-06 10:06:14,7399965643191094561,,
304,6,hafenecker,234,3361,41,2024-08-06 07:00:42,7399917800023739680,,
59,2,nicolefeursteinhosp,45,443,4,2024-08-05 13:11:43,7399642364668595488,,
519,17,hafenecker,309,7860,62,2024-08-05 06:00:34,7399531184566357280,,
208,3,hafenecker,247,2027,18,2024-08-04 07:00:30,7399175564365483296,,
290,9,hafenecker,352,2866,40,2024-08-03 06:00:32,7398788981678230817,,
1447,144,hafenecker,328,25931,104,2024-08-02 06:28:29,7398425141274856737,,
6,0,nicolefeursteinhosp,0,78,0,2024-08-01 19:49:16,7398260483922480417,,
15,0,elisabethfeichtin6,23,669,1,2024-08-01 14:02:32,7398171118936395041,,
12,4,elisabethfeichtin6,12,724,0,2024-07-31 18:21:14,7397866638202146081,,
167,12,patrickhaslwanter,84,3949,25,2024-07-30 14:01:01,7397427862489386272,,
13,1,nicolefeursteinhosp,4,78,0,2024-07-30 06:48:43,7397317094716607777,,
40,0,gangandreas,6,1388,0,2024-07-28 15:37:50,7396711333116333345,,
16,0,katrinauer_steyr,8,434,9,2024-08-26 17:55:38,7407508320543591712,,
310,7,andibabler,15,6456,19,2024-08-26 17:49:10,7407506663231606049,,
27,7,martinaberthold,13,469,0,2024-08-26 10:53:09,7407399429356948769,,
296,25,andibabler,59,3654,19,2024-08-26 07:38:21,7407349206056258848,,
11,0,katrinauer_steyr,0,377,0,2024-08-25 21:47:47,7407197049273257249,,
250,24,andibabler,88,4762,10,2024-08-25 15:21:47,7407097598579887392,,
37,3,joachimaigner27,44,730,2,2024-08-24 15:29:10,7406728376200793376,,
8,0,katrinauer_steyr,15,316,1,2024-08-24 13:04:26,7406691102318742816,,
5330,235,andibabler,18,210853,72,2024-08-22 12:53:19,7405945923567734049,,
298,17,andibabler,33,8229,19,2024-08-22 11:02:29,7405917504003902753,,
88,4,joachimaigner27,89,2427,6,2024-08-22 08:53:55,7405884365873433889,,
16,0,katrinauer_steyr,8,371,2,2024-08-21 15:45:32,7405619362998013217,,
19,0,katrinauer_steyr,6,322,3,2024-08-21 15:38:59,7405617671624035617,,
68,1,cbitschi,35,885,0,2024-08-20 17:57:07,7405282191225163040,,
131,4,joachimaigner27,41,1110,5,2024-08-20 13:02:00,7405206127564148000,,
699,33,andibabler,28,37586,36,2024-08-20 10:41:48,7405169996562713889,,
225,1,andibabler,41,5263,7,2024-08-19 15:21:34,7404871023524334881,,
80,2,joachimaigner27,32,1043,3,2024-08-18 06:11:15,7404358028356570400,,
50,4,joachimaigner27,11,920,1,2024-08-17 07:00:00,7403999552191106337,,
241,8,andibabler,53,4603,12,2024-08-16 15:52:24,7403765718598126881,,
721,50,andibabler,54,7659,19,2024-08-16 07:43:33,7403639586615840032,,
308,6,andibabler,18,10147,19,2024-08-15 19:08:55,7403445265962700064,,
204,16,markusabwerzger,71,2226,18,2024-08-14 13:41:50,7402989882802572577,,
1329,108,andibabler,39,40210,46,2024-08-14 13:22:26,7402984904486604065,,
97,3,joachimaigner27,28,987,3,2024-08-14 05:36:08,7402864724271959329,,
242,14,andibabler,59,3960,21,2024-08-13 14:27:21,7402630547261902113,,
84,2,joachimaigner27,36,892,1,2024-08-12 16:48:57,7402295946010184993,,
217,3,andibabler,49,4392,7,2024-08-12 14:34:55,7402261389861047584,,
872,20,andibabler,57,16805,17,2024-08-12 09:00:34,7402175226924125472,,
61,0,reinhold_binder,83,963,2,2024-08-12 07:00:40,7402144305961291040,,
85,4,joachimaigner27,53,1061,4,2024-08-11 16:55:26,7401926523986398497,,
55,5,joachimaigner27,56,978,5,2024-08-10 19:43:46,7401598824902364448,,
149,6,markusabwerzger,44,1730,6,2024-08-10 17:55:54,7401571007942774049,,
285,19,andibabler,39,11385,22,2024-08-10 17:27:00,7401563580664958241,,
152,2,andibabler,30,2956,7,2024-08-09 19:08:50,7401218734636977440,,
35,2,joachimaigner27,13,827,2,2024-08-09 17:35:09,7401194584736419104,,
118,5,reinhold_binder,72,1961,8,2024-08-09 08:26:50,7401053284737240353,,
76,2,andibabler,10,1986,1,2024-08-08 14:30:19,7400775883147021600,,
374,9,andibabler,0,19947,12,2024-08-07 21:29:09,7400512716512824608,,
242,9,andibabler,59,3739,14,2024-08-06 16:06:48,7400058560920522016,,
189,9,markusabwerzger,71,2470,8,2024-08-06 09:09:50,7399951108887596320,,
110,8,joachimaigner27,16,1061,6,2024-08-05 16:50:57,7399698867169594656,,
71,2,erwin_angerer,46,678,8,2024-08-05 09:34:09,7399586287440710945,,
38,4,joachimaigner27,7,515,1,2024-08-03 04:37:07,7398767343976975649,,
247,25,andibabler,47,3808,7,2024-08-02 18:18:24,7398608145230089504,,
2658,202,andibabler,11,24349,6,2024-08-02 13:36:53,7398535596144086304,,
116,2,andibabler,52,2219,3,2024-08-02 11:26:08,7398501889098124577,,
236,6,andibabler,13,6394,14,2024-08-02 07:15:31,7398437248900877601,,
36,0,cbitschi,32,758,2,2024-07-31 14:53:59,7397813299657575713,,
122,5,andibabler,46,1900,6,2024-07-30 20:29:05,7397528569943035169,,
4,1,joachimaigner27,24,95,1,2024-07-30 16:53:47,7397473074167254305,,
228,39,andibabler,0,3206,7,2024-07-29 14:50:02,7397070099657608480,,
27,0,joachimaigner27,21,729,2,2024-07-29 14:49:13,7397069889946619169,,
174,4,andibabler,27,4299,24,2024-07-28 16:00:00,7395919480775363873,,
24,2,neos_wien,72,339,0,2024-07-27 07:33:42,7396215470266780961,,
159,5,diegruenenwien,35,4528,81,2024-07-26 10:06:00,7395883639168388385,,
26,0,neos_wien,31,485,4,2024-07-25 15:28:29,7395595686609227041,,
37,1,neos_wien,11,437,2,2024-07-25 10:37:26,7395520678977473825,,
94,6,diegruenenaustria,0,1418,1,2024-07-25 06:35:00,7395458183793282336,,
77,1,neos_wien,55,1619,0,2024-07-23 14:45:46,7394842486083964193,,
1891,211,diegruenenaustria,0,16209,23,2024-07-23 14:20:41,7394836028873346337,,
36,2,diegruenenwien,49,2377,27,2024-07-23 11:29:14,7394791852173626656,,
7,0,diegruenenvorarlberg,60,778,0,2024-07-23 08:18:03,7394742566534614304,,
7716,1408,fpoe_at,34,79895,233,2024-07-22 17:24:26,7394512230584257824,,
68,1,diegruenenaustria,6,1176,2,2024-07-20 07:56:42,7393623802116197665,,
24,0,neos_wien,0,734,1,2024-07-19 16:14:54,7393381138078715168,,
100,8,wienervp,24,2682,11,2024-07-19 13:45:34,7393342624922438945,,
27,1,neos_wien,7,439,2,2024-07-19 09:37:28,7393278686553771296,,
17,0,diegruenenvorarlberg,70,844,2,2024-07-18 16:59:01,7393021416339180832,,
7,0,diegruenenvorarlberg,70,670,0,2024-07-18 16:37:23,7393015841610124576,,
27573,2436,fpoe_at,40,246666,4244,2024-07-18 16:11:02,7393009058426522912,,
64,5,diegruenenaustria,45,1506,6,2024-07-18 15:14:08,7392994381034245409,,
115,20,spoe.wien,12,2898,3,2024-07-18 13:49:41,7392972621098388769,,
145,5,spoe_at,38,2318,9,2024-07-18 11:49:04,7392941157216570656,,
11,0,neos_wien,113,380,0,2024-07-17 12:49:19,7392585979447627041,,
1845,255,fpoe_wien,47,23312,102,2024-07-17 08:04:38,7392512603966164256,,
46,1,diegruenenaustria,26,1087,4,2024-07-17 08:02:29,7392512041744895265,,
23,0,neos_wien,14,547,0,2024-07-17 07:38:25,7392505845440859424,,
250,27,spoe.wien,21,7368,23,2024-07-16 14:02:31,7392233763998010657,,
227,82,neos_wien,32,18695,22,2024-07-16 12:42:10,7392212973042912545,,
52,2,diegruenenaustria,17,1081,1,2024-07-16 11:52:13,7392200146399874336,,
1317,112,fpoe_wien,35,33161,144,2024-07-15 16:17:40,7391897491517508897,,
71,4,diegruenenwien,53,2604,44,2024-07-15 13:06:40,7391848258320092449,,
66,2,diegruenenaustria,19,1252,5,2024-07-15 12:18:29,7391835866387205408,,
43,0,neos_eu,166,1654,1,2024-07-15 11:11:59,7391818724354903328,,
51,1,diegruenenaustria,13,1148,6,2024-07-14 13:27:25,7391482539581476128,,
42,2,neos_wien,44,698,2,2024-07-14 07:52:04,7391396015749844256,,
360,12,fpoe_wien,39,6748,22,2024-07-13 13:55:34,7391118697034681632,,
18,3,wienervp,16,976,1,2024-07-12 14:16:29,7390753013335346465,,
30,0,neos_eu,57,1464,1,2024-07-12 10:46:03,7390698786470825249,,
18,0,diegruenenvorarlberg,35,836,1,2024-07-12 09:25:45,7390678091909090593,,
106,15,spoe_at,0,3415,0,2024-07-12 07:40:47,7390651038354689313,,
53,7,diegruenenaustria,63,1090,4,2024-07-12 07:31:19,7390648594073767200,,
34,0,neos_wien,14,589,1,2024-07-12 05:46:09,7390621466405997857,,
162,26,spoe_at,82,3576,6,2024-07-11 14:51:05,7390390854961171745,,
96,45,spoe.wien,50,2264,4,2024-07-11 14:01:04,7390377943345777952,,
54,0,diegruenenaustria,23,1029,3,2024-07-11 09:26:55,7390307298825997600,,
784,44,fpoe_wien,75,12676,82,2024-07-10 16:20:00,7390042665271758112,,
62,4,neos_wien,15,1109,1,2024-07-10 15:27:54,7390029241238162720,,
117,4,spoe_at,0,3437,6,2024-07-10 14:30:45,7390014500117761312,,
21,0,wienervp,18,1085,2,2024-07-10 09:37:08,7389938836442254625,,
92,0,diegruenenaustria,17,3708,24,2024-07-10 08:15:26,7389917774283312417,,
39,2,wienervp,88,2524,5,2024-07-09 18:41:27,7389708034353794337,,
33,1,neos_eu,51,1296,1,2024-07-09 16:24:19,7389672691801918753,,
1058,36,fpoe_at,82,16655,83,2024-07-09 15:31:07,7389658537120550176,,
55,0,neos_wien,12,726,2,2024-07-09 14:26:14,7389642267817987360,,
727,18,diegruenenaustria,0,16216,76,2024-07-09 14:23:16,7389641498360401184,,
179,8,diegruenenwien,31,5515,52,2024-07-09 12:37:54,7389614334013426976,,
134,5,diegruenenaustria,69,2364,8,2024-07-09 09:34:07,7389566974239558945,,
2223,40,fpoe_at,41,27548,98,2024-07-08 14:55:06,7389278631509445921,,
26,1,neos_wien,9,475,0,2024-07-08 14:48:21,7389276884669893920,,
8,0,wienervp,65,332,1,2024-07-08 13:17:53,7389253550443990304,,
157,3,spoe_at,50,2499,5,2024-07-07 09:24:10,7388822249320582432,,
85,1,diegruenenaustria,15,1586,8,2024-07-07 07:24:50,7388791471744372001,,
104,0,spoe_at,34,2581,5,2024-07-06 16:40:55,7388563732604964128,,
2345,145,fpoe_at,57,38527,172,2024-07-06 16:33:39,7388561841733111073,,
279,21,diegruenenwien,43,10324,136,2024-07-06 12:04:47,7388492565382696224,,
72,0,spoe_at,36,2164,3,2024-07-06 03:42:11,7388362822922538273,,
36,4,neos_wien,9,715,2,2024-07-05 16:55:58,7388196514734099745,,
148,11,spoe_at,36,3660,21,2024-07-05 16:18:37,7388186891226647841,,
12,0,diegruenenvorarlberg,22,346,1,2024-07-05 15:10:36,7388169356544429345,,
13,0,diegruenenvorarlberg,21,388,1,2024-07-05 10:25:34,7388095907075493153,,
131,3,diegruenenwien,89,2419,39,2024-07-05 10:18:35,7388094107232603424,,
1249,99,fpoe_at,48,16704,62,2024-07-05 10:17:31,7388093648862203168,,
103,2,diegruenenaustria,45,1708,9,2024-07-05 10:11:32,7388092275286445345,,
12,0,diegruenenvorarlberg,31,363,1,2024-07-05 07:01:15,7388043231004495137,,
189,7,spoe_at,74,2695,7,2024-07-04 17:02:55,7387827218245864736,,
20,1,neos_wien,65,845,0,2024-07-04 16:14:12,7387814669341183265,,
2,0,diegruenenvorarlberg,39,263,1,2024-07-04 16:04:49,7387812248162503968,,
105,0,spoe_at,41,2285,3,2024-07-04 15:05:14,7387796893700574496,,
2330,147,fpoe_at,96,32461,135,2024-07-04 15:06:21,7387796566100282656,,
6,0,diegruenenvorarlberg,78,273,4,2024-07-04 13:15:56,7387768742605851937,,
13,0,diegruenenvorarlberg,23,294,5,2024-07-04 12:14:58,7387753022081813793,,
85,5,diegruenenaustria,21,2262,8,2024-07-04 09:33:08,7387711306230484256,,
14,0,diegruenenvorarlberg,67,254,1,2024-07-03 20:02:41,7387502467421900064,,
13,0,diegruenenvorarlberg,59,256,6,2024-07-03 18:03:47,7387471824692677921,,
7,0,diegruenenvorarlberg,48,303,6,2024-07-03 15:20:34,7387429751591423265,,
239,72,spoe_at,22,4115,17,2024-07-03 14:55:18,7387423234117094688,,
118,2,diegruenenaustria,38,2261,8,2024-07-03 14:31:42,7387417174115224865,,
864,22,fpoe_at,59,9641,88,2024-07-03 13:24:37,7387399847596281121,,
463,17,spoe_at,54,7177,11,2024-07-03 12:44:24,7387389489573809441,,
473,23,diegruenenaustria,40,19051,58,2024-07-03 11:54:31,7387376665208376608,,
32,1,neos_wien,0,1068,0,2024-07-02 15:19:43,7387058450641046816,,
374,15,fpoe_wien,41,7735,49,2024-07-02 16:00:00,7387044632359636256,,
174,0,diegruenenaustria,27,3945,15,2024-07-02 13:08:41,7387024696832724257,,
87,3,spoe_at,0,2477,1,2024-07-02 12:22:13,7387012722531093793,,
938,19,fpoe_at,63,16087,60,2024-07-02 10:51:22,7386989278397500704,,
266,16,spoe_at,45,8566,26,2024-07-02 09:58:01,7386975522082852129,,
56,3,diegruenenaustria,65,1191,7,2024-07-02 06:41:24,7386924863228857633,,
14691,2559,neos_wien,20,197175,84,2024-07-01 16:07:40,7386699714927889697,,
18,2,diegruenenvorarlberg,32,474,7,2024-07-01 09:31:26,7386597605037428001,,
71,26,diegruenenwien,34,4195,131,2024-07-01 08:21:16,7386579502513556769,,
81,4,spoe_at,121,1204,4,2024-07-01 07:57:43,7386573030815747360,,
22,2,neos_wien,45,722,2,2024-06-30 17:55:06,7386356321601326368,,
36,0,neos_eu,55,1720,3,2024-06-30 14:36:42,7386305205194771744,,
5187,680,fpoe_at,66,46753,470,2024-06-30 11:39:26,7386259517316582689,,
14,0,neos_wien,30,575,0,2024-06-29 13:14:27,7385912908812668192,,
19,0,wienervp,39,546,3,2024-06-28 15:23:20,7385575052080663840,,
49,1,neos_eu,57,1678,1,2024-06-28 14:31:08,7385561606756781344,,
66,4,neos_wien,9,994,0,2024-06-28 12:12:31,7385525874218618144,,
79,25,spoe.wien,61,1645,1,2024-06-28 11:39:28,7385517342664510753,,
9,0,diegruenenvorarlberg,144,317,4,2024-06-28 11:01:20,7385507531767975201,,
481,30,spoe_at,0,19416,9,2024-06-28 10:31:39,7385499876043279649,,
694,22,fpoe_at,147,8862,52,2024-06-28 08:57:39,7385475630307003681,,
125,1,diegruenenaustria,37,3148,24,2024-06-28 07:20:39,7385450630225218848,,
12,0,philip.wohlgemuth,127,786,0,2024-07-26 14:41:15,7395954584809721120,,
66,1,tho_weber,97,1311,6,2024-07-26 06:13:22,7395823623543491872,,
27,0,chriswiederkehr,58,722,5,2024-07-25 13:59:16,7395572689248832801,,
74,1,tho_weber,76,1596,2,2024-07-25 05:22:23,7395439449179475233,,
32,1,olgavoglauer,21,609,1,2024-07-23 13:05:20,7394816603440925984,,
803,12,tho_weber,0,44916,48,2024-07-23 08:06:28,7394739587932802337,,
19737,2700,haraldvilimsky,83,180569,1071,2024-07-19 08:35:58,7393262847276371232,,
672,31,haraldvilimsky,56,6649,58,2024-07-18 10:40:36,7392923897168973088,,
102,1,tho_weber,166,1832,1,2024-07-16 09:32:04,7392164050269965600,,
42,0,marco.triller,58,574,4,2024-07-10 15:43:10,7390033182818569504,,
119,1,tho_weber,66,2531,2,2024-07-09 04:03:09,7389481439726816544,,
250,3,haraldvilimsky,41,3207,7,2024-07-08 17:43:57,7389322135828761889,,
43,1,thomas_waitz,47,2071,4,2024-07-08 12:44:49,7389245049567022369,,
35,0,philip.wohlgemuth,52,379,0,2024-07-08 12:20:17,7389238702922321185,,
32,1,dietomaselli,42,1736,2,2024-07-08 10:31:05,7389210497515556129,,
835,6,tho_weber,0,44882,66,2024-07-05 07:40:46,7388053406637739297,,
34,0,philip.wohlgemuth,45,431,0,2024-07-04 16:02:14,7387811577384160544,,
55,1,olgavoglauer,33,1486,12,2024-07-04 11:24:27,7387740013137530144,,
63,5,marco.triller,51,1743,0,2024-07-03 17:50:32,7387468407676964128,,
159,0,tho_weber,10,3528,2,2024-07-01 06:00:47,7386543268974071072,,
11,0,philip.wohlgemuth,21,312,0,2024-06-30 09:34:33,7386227335390907680,,
76,0,marco.triller,56,1232,8,2024-06-30 05:46:03,7386168278638447905,,
54,2,olgavoglauer,75,1090,2,2024-06-29 11:38:26,7385888171512319265,,
56,2,thomas_waitz,44,1994,2,2024-06-28 12:21:43,7385528251965312289,,
64,6,tho_weber,65,1394,0,2024-06-28 05:19:15,7385419322480413984,,
218,5,yannickshetty,22,3396,26,2024-07-27 15:49:18,7396343196248329505,,
10,1,rudi_silvan,0,571,2,2024-07-26 08:42:02,7395862000284306721,,
654,37,petra.steger,184,4600,58,2024-07-23 15:41:59,7394856967405128993,,
252,30,christophsteinerfpoe,78,6804,34,2024-07-23 15:32:08,7394854436658564384,,
210,3,rudi_silvan,0,3545,56,2024-07-23 09:20:27,7394758651501628704,,
20,0,rudi_silvan,0,5358,9,2024-07-22 17:04:30,7394507167803378976,,
373,8,anna.gkh,11,3486,13,2024-07-22 15:23:49,7394481224669990176,,
220,7,yannickshetty,49,4018,41,2024-07-22 14:00:48,7394459833061084449,,
1231,32,rudi_silvan,0,24667,1487,2024-07-21 19:07:54,7394167881442905377,,
534,5,christophsteinerfpoe,6,8331,25,2024-07-21 18:42:51,7394161415562612000,,
58,1,yannickshetty,68,1466,1,2024-07-21 12:58:56,7394072795451329824,,
28,2,rudi_silvan,72,539,4,2024-07-21 08:16:48,7394000068480699680,,
2128,178,petra.steger,112,15136,156,2024-07-21 08:12:38,7393999008936512801,,
3968,235,christophsteinerfpoe,94,53845,195,2024-07-20 14:42:58,7393728515553660192,,
4511,422,petra.steger,478,29648,376,2024-07-19 17:17:16,7393397193975090464,,
1701,147,yannickshetty,74,34301,151,2024-07-19 14:08:00,7393348414047653153,,
11,0,rudi_silvan,0,289,0,2024-07-19 11:38:56,7393309995770645793,,
36726,5163,petra.steger,186,307838,3432,2024-07-18 20:36:21,7393077423505411360,,
167,2,christophsteinerfpoe,20,6440,6,2024-07-18 18:59:14,7393052402443652384,,
803,7,yannickshetty,39,10989,32,2024-07-18 14:08:20,7392977424604007713,,
1230,56,christophsteinerfpoe,38,13588,70,2024-07-17 17:15:08,7392654487460121888,,
117,1,yannickshetty,55,2263,24,2024-07-16 14:57:50,7392248008223509792,,
70723,11453,petra.steger,164,710929,6727,2024-07-16 14:23:06,7392239059311119648,,
5,0,rudi_silvan,0,360,0,2024-07-15 19:44:11,7391950710063041825,,
74,0,anna.gkh,79,976,5,2024-07-15 18:45:08,7391935500329717025,,
13688,849,christophsteinerfpoe,59,243954,490,2024-07-15 16:31:20,7391901010702142753,,
1082,40,yannickshetty,105,20188,101,2024-07-15 15:44:24,7391888906008022304,,
57,8,rudi_silvan,0,9091,128,2024-07-14 21:11:05,7391602030084738336,,
4,0,rudi_silvan,0,957,0,2024-07-14 21:10:39,7391601919598415137,,
4392,497,christophsteinerfpoe,101,71106,179,2024-07-14 16:06:26,7391523525808459041,,
8,0,rudi_silvan,0,513,1,2024-07-13 10:36:15,7391067325685927200,,
8335,1105,petra.steger,199,96340,578,2024-07-12 16:31:46,7390787877162011936,,
2372,171,christophsteinerfpoe,182,33527,120,2024-07-12 16:13:37,7390783204707323168,,
1702,108,christophsteinerfpoe,36,21460,65,2024-07-11 16:28:02,7390415832494378273,,
27,0,rudi_silvan,5,532,3,2024-07-11 14:55:41,7390392038316887328,,
98,5,andreas_spanring,43,1312,20,2024-07-11 14:10:36,7390380409697094944,,
73,2,anna.gkh,42,1188,4,2024-07-10 17:29:19,7390060528229436704,,
1853,75,christophsteinerfpoe,169,24817,83,2024-07-10 13:54:34,7390005180999257377,,
849,17,yannickshetty,47,11090,24,2024-07-10 18:25:00,7389991904802393376,,
2204,97,petra.steger,159,20479,175,2024-07-09 17:39:05,7389691964226161952,,
619,5,christophsteinerfpoe,74,11238,14,2024-07-09 14:30:15,7389643298735967521,,
199,1,yannickshetty,46,2771,11,2024-07-09 13:55:12,7389634270488317216,,
126,4,yannickshetty,49,3572,18,2024-07-10 16:55:00,7389582721103711521,,
88,3,anna.gkh,88,1329,17,2024-07-09 09:32:48,7389566633519385889,,
144,2,yannickshetty,22,3056,22,2024-07-09 08:03:02,7389543496497024288,,
11240,827,petra.steger,82,92746,1101,2024-07-08 20:10:10,7389359826016488736,,
103,1,petra.steger,1522,2128,9,2024-07-07 21:11:23,7389004509399239969,,
2850,301,christophsteinerfpoe,82,47091,119,2024-07-07 16:27:09,7388931256232250657,,
9318,3790,andreas_spanring,22,141111,199,2024-07-07 10:40:31,7388841516715789600,,
2525,299,petra.steger,308,47855,434,2024-07-06 19:33:19,7388608148250135840,,
9,0,rudi_silvan,0,779,0,2024-07-06 18:25:16,7388590607842692385,,
472,16,yannickshetty,90,7781,50,2024-07-05 15:00:44,7388166827760831776,,
1181,22,christophsteinerfpoe,15,14819,36,2024-07-05 11:32:18,7388113102417579297,,
18,0,jakobcschwarz,90,973,1,2024-07-05 10:51:38,7388102609787211041,,
391,5,anna.gkh,41,8742,6,2024-07-04 17:49:14,7387839162201689376,,
4451,287,christophsteinerfpoe,184,41573,164,2024-07-04 16:00:47,7387811205915643168,,
478,22,yannickshetty,48,8337,97,2024-07-07 16:05:00,7387792483821899040,,
902,33,yannickshetty,39,10470,41,2024-07-04 16:05:00,7387792086168390945,,
36,0,rudi_silvan,276,994,3,2024-07-03 20:01:42,7387502208755027232,,
80,2,anna.gkh,18,1005,7,2024-07-03 17:53:41,7387469227902487840,,
117,0,christophsteinerfpoe,0,3299,4,2024-07-03 11:25:25,7387369162999483681,,
7,0,jakobcschwarz,41,1816,1,2024-07-03 10:28:42,7387354549205339425,,
183943,10742,yannickshetty,20,1928646,696,2024-07-03 06:28:38,7387292658156293409,,
8753,918,yannickshetty,31,143245,302,2024-07-02 18:46:26,7387111733560708385,,
211,1,christophsteinerfpoe,0,3723,10,2024-07-02 18:00:44,7387099953937567008,,
60,0,anna.gkh,64,1015,3,2024-07-02 17:37:44,7387094014891248928,,
252,1,yannickshetty,167,6765,10,2024-07-02 16:03:21,7387069702863883552,,
214,9,christophsteinerfpoe,56,3750,3,2024-07-02 15:39:36,7387063578894798112,,
75,9,andreas_spanring,45,1838,5,2024-07-02 15:21:19,7387058867785501985,,
317,3,yannickshetty,25,4943,8,2024-07-02 15:13:10,7387056777960918305,,
7,0,rudi_silvan,0,391,0,2024-07-01 19:39:13,7386754252686773536,,
891,112,christophsteinerfpoe,0,17633,89,2024-07-01 15:18:55,7386687158041447712,,
14517,1688,petra.steger,204,135526,897,2024-07-01 15:06:02,7386683837956263200,,
106,3,anna.gkh,13,3242,5,2024-07-01 13:05:14,7386652599073770785,,
800,127,christophsteinerfpoe,67,21425,123,2024-07-01 07:16:18,7386562762845031712,,
453,23,yannickshetty,64,6781,37,2024-06-30 12:25:20,7386271343509097761,,
9,0,rudi_silvan,0,374,0,2024-06-30 10:40:26,7386244315544063265,,
97,0,christophsteinerfpoe,0,3622,3,2024-06-30 09:09:14,7386220809112603936,,
951,79,christophsteinerfpoe,120,36311,245,2024-06-29 17:48:25,7385983517726969120,,
22,1,rudi_silvan,0,570,11,2024-06-29 13:30:25,7385917023571709216,,
2627,343,petra.steger,162,25199,230,2024-06-28 19:16:56,7385635260324662560,,
1060,75,yannickshetty,48,16066,148,2024-06-28 19:10:00,7385633468027374880,,
736,26,christophsteinerfpoe,48,12365,37,2024-06-28 17:51:36,7385613264312372512,,
3838,173,christophsteinerfpoe,137,70701,128,2024-06-28 12:55:21,7385536914763336992,,
229,8,andreas_spanring,44,3333,30,2024-06-28 07:46:00,7385457178032819488,,
530,20,cranzmaier,48,9734,58,2024-07-25 11:47:30,7395538737007971616,,
141,14,dieschilling,10,7565,36,2024-07-23 14:07:55,7394832733412887841,,
33,2,ralphschallmeiner,82,1071,18,2024-07-23 10:10:16,7394771483274349857,,
3057,581,lisa.schuchgubik,34,28051,88,2024-07-22 16:57:33,7394505374818143521,,
345,27,dieschilling,30,22755,213,2024-07-19 14:01:42,7393346794656238881,,
21,0,ralphschallmeiner,46,476,8,2024-07-18 19:07:32,7393054536597818656,,
20,0,ralphschallmeiner,92,425,3,2024-07-18 14:17:53,7392979887520369952,,
166,14,dieschilling,61,10826,69,2024-07-17 22:04:44,7392729111472426272,,
37,3,ralphschallmeiner,92,542,13,2024-07-16 09:16:47,7392160091723681057,,
29,2,ralphschallmeiner,46,658,24,2024-07-15 12:20:21,7391836336019262752,,
25,0,ralphschallmeiner,35,585,15,2024-07-15 11:10:06,7391818240650956065,,
64,1,sebastianschwaighofer,35,897,1,2024-07-11 12:04:53,7390348014935657761,,
20,0,ralphschallmeiner,9,459,4,2024-07-11 09:38:57,7390310384789425440,,
35,1,ralphschallmeiner,41,1055,8,2024-07-10 14:45:55,7390018408470924576,,
34,1,ralphschallmeiner,76,756,10,2024-07-09 12:47:50,7389616892895366433,,
66,4,ralphschallmeiner,52,3264,30,2024-07-08 15:52:42,7389293466154487073,,
227,15,dieschilling,62,17071,76,2024-07-08 13:55:55,7389263359692098849,,
92,3,ralphschallmeiner,74,3149,16,2024-07-04 13:31:48,7387772819486149921,,
96,1,ralphschallmeiner,66,1831,17,2024-07-04 09:29:20,7387710339237924128,,
25,9,hannes_schwarz,104,822,0,2024-07-03 09:32:23,7387340032849268001,,
47,1,ralphschallmeiner,32,1498,11,2024-07-01 14:39:42,7386677045952105761,,
3,0,beatescheiber0,11,1104,0,2024-06-29 13:20:41,7385914528824888608,,
65,12,renesauerschnig,11,2375,8,2024-06-29 10:57:49,7385877708963597600,,
27,0,elviraschmidt969,0,700,2,2024-06-28 19:35:43,7385640098122992928,,
40,1,wolfgangkocevar,15,2152,1,2024-07-27 14:48:02,7396327417033411872,,
79,3,werner.kogler,42,3538,11,2024-07-27 13:10:39,7396302308939697441,,
58,27,wolfgangkocevar,47,2271,2,2024-07-27 11:12:18,7396271823471594785,,
55,0,werner.kogler,12,1313,1,2024-07-26 08:26:18,7395857943628959009,,
28,1,werner.kogler,56,1047,1,2024-07-25 13:06:03,7395558976005393697,,
58,1,mario.kunasek,55,923,7,2024-07-25 10:33:56,7395519774639312160,,
207,3,udo_landbauer,37,1476,10,2024-07-23 18:05:53,7394894067403967776,,
205,5,mario.kunasek,46,3295,16,2024-07-23 09:58:11,7394768364675157281,,
384,12,mario.kunasek,54,5472,47,2024-07-22 10:22:11,7394403472902196512,,
159,5,udo_landbauer,46,1365,13,2024-07-22 06:42:58,7394346940776844576,,
47,3,werner.kogler,55,2030,7,2024-07-21 08:34:21,7394004594621205793,,
129,0,mario.kunasek,34,1083,12,2024-07-20 11:46:09,7393682959770864928,,
14,0,manuelkrautgartner,46,434,0,2024-07-19 06:25:30,7393229165794823457,,
52,0,werner.kogler,60,1705,3,2024-07-18 13:04:21,7392960938099428640,,
41,0,werner.kogler,75,710,2,2024-07-18 13:01:43,7392960258806664481,,
64,6,udo_landbauer,106,1799,2,2024-07-18 11:42:07,7392939744264588577,,
116,0,mario.kunasek,31,1085,12,2024-07-18 10:57:06,7392928147739512096,,
61,1,robertlaimer.at,53,1072,11,2024-07-17 19:00:50,7392681728705318176,,
36,1,mario.kunasek,15,576,2,2024-07-17 16:26:55,7392642060844633377,,
54,1,mario.kunasek,53,901,3,2024-07-17 10:19:39,7392547393784286496,,
81,0,mario.kunasek,42,1130,6,2024-07-16 13:57:33,7392232448899239201,,
97,1,werner.kogler,54,5033,11,2024-07-16 11:26:21,7392193506455932193,,
81,2,werner.kogler,90,1515,3,2024-07-15 17:01:02,7391908668800797984,,
1503,84,udo_landbauer,35,15212,195,2024-07-15 13:39:49,7391856818743479584,,
54,0,mario.kunasek,59,926,2,2024-07-15 13:11:49,7391849561729404193,,
53,3,mario.kunasek,59,956,1,2024-07-14 17:08:11,7391539419871776032,,
81,0,werner.kogler,47,1795,3,2024-07-13 06:35:30,7391005226771205408,,
534,96,maximiliankoellner,19,26909,65,2024-07-12 17:29:58,7390802879709334816,,
86,0,mario.kunasek,24,933,5,2024-07-12 10:54:55,7390701071506722080,,
62,2,werner.kogler,120,1128,2,2024-07-12 09:15:47,7390675525049650464,,
186,22,werner.kogler,67,8821,69,2024-07-11 11:37:41,7390340987400359201,,
7095,815,robertlaimer.at,91,96979,335,2024-07-11 07:17:46,7390274001064496417,,
140,1,mario.kunasek,59,1226,4,2024-07-10 19:57:53,7390098828377984288,,
508,42,maximilian_krauss,43,5958,73,2024-07-10 19:00:27,7390084014662585633,,
42,0,mario.kunasek,635,822,1,2024-07-09 11:13:01,7389592463893122336,,
62,1,werner.kogler,54,1788,0,2024-07-09 06:38:42,7389521745344023840,,
100,6,werner.kogler,110,2852,2,2024-07-08 17:45:47,7389322597319724321,,
103,10,maximiliankoellner,34,4923,7,2024-07-08 15:03:01,7389280653952552225,,
40,1,mario.kunasek,170,898,3,2024-07-08 13:17:50,7389253551819607328,,
63,0,carinalaschoberluif,22,1342,1,2024-07-07 18:07:30,7388957121364200737,,
84,1,udo_landbauer,142,1153,2,2024-07-07 16:14:41,7388928039113018657,,
109,1,manuelkrautgartner,22,3370,24,2024-07-07 10:32:02,7388839755355524385,,
180,3,udo_landbauer,65,1328,9,2024-07-06 15:54:06,7388551655064718624,,
92,3,werner.kogler,62,3437,18,2024-07-06 06:24:43,7388404867213085985,,
429,19,udo_landbauer,94,3047,40,2024-07-05 16:59:02,7388197301388463392,,
59,2,manuelkrautgartner,35,1275,2,2024-07-05 16:52:25,7388195599914372385,,
27,0,mario.kunasek,49,942,2,2024-07-05 16:37:24,7388191723475799329,,
226,25,philipkucher,184,14865,14,2024-07-05 13:39:33,7388145899219733793,,
30,0,maximiliankoellner,61,1350,2,2024-07-04 18:14:10,7387845582099975456,,
15,0,manuelkrautgartner,47,421,0,2024-07-04 18:04:43,7387843135117839649,,
66,4,werner.kogler,48,3656,12,2024-07-04 13:00:26,7387764738219887904,,
940,26,mario.kunasek,41,15268,78,2024-07-04 11:02:50,7387734436999187745,,
536,29,philipkucher,49,15530,97,2024-07-04 09:09:33,7387705229329960225,,
22,0,maximiliankoellner,22,1006,0,2024-07-03 17:59:19,7387470679739747616,,
140,6,werner.kogler,79,5288,12,2024-07-03 17:01:22,7387455724625988897,,
110,10,claudia.klimtweithaler,42,1419,4,2024-07-03 16:06:44,7387441649808395552,,
22,0,robertlaimer.at,180,1899,1,2024-07-03 10:05:20,7387348530169515297,,
96,13,werner.kogler,40,9738,11,2024-07-02 18:24:19,7387106031525973280,,
11,0,udo_landbauer,136,411,1,2024-07-01 16:23:57,7386703910691507488,,
28,0,maximiliankoellner,18,1257,3,2024-07-01 16:06:48,7386699492952673568,,
91,4,werner.kogler,26,7182,29,2024-07-01 09:23:46,7386595615586782496,,
106,5,maximiliankoellner,35,4434,1,2024-06-30 17:54:02,7386356052058475808,,
177,4,udo_landbauer,88,1430,13,2024-06-30 16:02:40,7386327345524657440,,
83,3,mario.kunasek,153,1261,2,2024-06-29 17:43:54,7385982356668058913,,
114,6,werner.kogler,162,5535,5,2024-06-29 07:06:20,7385818005197950240,,
46,0,mario.kunasek,126,1038,3,2024-06-28 10:13:19,7385495148353867040,,
356,11,hafenecker,226,4083,40,2024-07-27 06:00:35,7396191414142422305,,
88,4,geistlerluca,235,1599,2,2024-07-26 21:04:42,7396053403853524257,,
66,1,patrickhaslwanter,123,1353,5,2024-07-26 08:23:28,7395856831991614752,,
492,19,hafenecker,597,7838,55,2024-07-26 06:00:47,7395820373595409696,,
149,3,hafenecker,293,1687,19,2024-07-25 05:55:29,7395448003269496096,,
131,2,patrickhaslwanter,158,2655,5,2024-07-23 14:55:24,7394844320349637921,,
210,7,hafenecker,433,2269,25,2024-07-23 07:00:41,7394722623399218465,,
20,2,gangandreas,15,2228,0,2024-07-23 06:09:23,7394709355557358880,,
16,1,eligoetze,59,182,0,2024-07-22 11:14:15,7394416898164755745,,
18,0,eligoetze,59,206,5,2024-07-22 09:41:11,7394392903885475104,,
19,0,eligoetze,58,636,15,2024-07-22 09:39:09,7394392385993641248,,
19,0,gangandreas,6,1310,3,2024-07-22 06:18:37,7394340623953808672,,
398,13,hafenecker,482,4448,40,2024-07-22 06:01:30,7394336207334919456,,
546,39,gangandreas,22,15931,4,2024-07-21 15:19:46,7394109084695366944,,
19,3,eligoetze,59,246,6,2024-07-19 08:29:26,7393261142006713633,,
688,29,hafenecker,281,10676,81,2024-07-19 06:09:28,7393225050104630560,,
1015,85,gangandreas,53,37366,12,2024-07-18 20:50:16,7393081011048877344,,
12,0,eligoetze,59,192,2,2024-07-18 12:17:57,7392948984999988512,,
14,2,eligoetze,55,216,2,2024-07-17 15:57:58,7392634602034072865,,
310,7,hafenecker,373,4814,38,2024-07-17 05:50:29,7392478026098838816,,
16,0,eligoetze,55,243,0,2024-07-16 14:29:41,7392240744959937825,,
229,3,hafenecker,477,3029,41,2024-07-16 07:00:45,7392124987013942560,,
98,16,gangandreas,13,2916,1,2024-07-15 14:57:01,7391876711903677729,,
20,2,eligoetze,55,660,23,2024-07-15 12:58:02,7391846035536039201,,
18,1,eligoetze,49,328,5,2024-07-15 08:08:56,7391771518226746656,,
16,0,eligoetze,51,320,3,2024-07-15 08:08:12,7391771333601807648,,
506,16,hafenecker,361,6919,46,2024-07-15 06:43:27,7391749482892758305,,
30,0,geistlerluca,51,943,1,2024-07-14 14:15:38,7391494949029694753,,
363,8,hafenecker,292,4004,33,2024-07-13 05:24:40,7390986942046883105,,
10,0,eligoetze,53,295,4,2024-07-12 14:45:28,7390760489539603745,,
47,1,lukas_hammer_tugendhat,67,841,3,2024-07-12 08:44:34,7390667476641565984,,
18,0,eligoetze,57,313,4,2024-07-11 17:06:09,7390425656041000224,,
399,7,hafenecker,320,3923,25,2024-07-11 06:54:27,7390267969110134049,,
16,3,eligoetze,59,554,12,2024-07-10 13:16:45,7389995432698531104,,
74,5,diegamon,98,1129,0,2024-07-10 08:53:39,7389927633317940513,,
94,20,hafenecker,259,2015,25,2024-07-10 05:28:33,7389874679563013409,,
8,0,eligoetze,53,390,11,2024-07-09 11:49:23,7389601842214309152,,
72,8,gangandreas,12,1744,0,2024-07-08 18:58:46,7389341419191782688,,
25,1,eligoetze,51,823,12,2024-07-08 14:54:01,7389278328265477409,,
16,1,eligoetze,47,807,6,2024-07-08 08:22:48,7389177499562904864,,
18,1,eligoetze,55,1058,30,2024-07-08 08:20:51,7389177006908345632,,
24,0,eligoetze,44,1342,28,2024-07-08 08:15:04,7389175498670198049,,
1147,76,hafenecker,582,20154,76,2024-07-08 05:33:31,7389133764410084640,,
70,3,gangandreas,7,2335,1,2024-07-07 17:17:04,7388944118963113249,,
85,10,gangandreas,420,2449,7,2024-07-07 07:07:10,7388786900536003872,,
80,1,geistlerluca,69,1292,4,2024-07-06 09:10:13,7388447563973692704,,
104,2,gangandreas,23,2092,3,2024-07-05 13:07:59,7388137756943207712,,
311,19,patrickhaslwanter,561,6934,22,2024-07-04 12:54:48,7387762957846924576,,
19,0,eligoetze,54,776,10,2024-07-04 11:44:03,7387745049628527905,,
23,2,nicolefeursteinhosp,386,908,0,2024-07-03 20:40:34,7387512192041536801,,
30,0,eligoetze,47,791,6,2024-07-03 18:05:23,7387472237894323489,,
50,6,natalie.hangoebl,54,943,2,2024-07-03 16:38:46,7387449907667291424,,
6,1,mariohaas0,14,922,0,2024-07-03 07:47:43,7387313051864763681,,
18,2,eligoetze,39,849,0,2024-07-03 06:59:45,7387300689782885665,,
375,8,natalie.hangoebl,51,8560,47,2024-07-02 08:06:05,7386946706912529697,,
19,1,eligoetze,58,860,4,2024-07-02 06:54:20,7386928210757324065,,
927,74,hafenecker,378,10043,93,2024-07-02 05:52:27,7386912237195250976,,
16,0,eligoetze,56,723,1,2024-07-01 11:56:01,7386634866013637921,,
14,0,eligoetze,57,1030,5,2024-07-01 11:48:49,7386633017969708321,,
12,0,eligoetze,55,739,3,2024-07-01 11:47:47,7386632708488711456,,
221,47,gangandreas,25,5091,112,2024-06-30 11:49:23,7386262078207593760,,
40,10,gangandreas,86,1415,4,2024-06-30 09:15:19,7386222363874020640,,
45,3,patrickhaslwanter,33,1439,15,2024-06-28 12:51:49,7385535659211083040,,
61,4,joachimaigner27,16,855,1,2024-07-26 16:48:49,7395987462373362977,,
129,2,andibabler,14,4071,6,2024-07-27 08:00:00,7395918400968543521,,
123,3,andibabler,40,2140,6,2024-07-25 17:45:27,7395630984776961313,,
177,3,andibabler,60,3070,19,2024-07-25 08:42:46,7395491123063459105,,
64,3,joachimaigner27,35,686,2,2024-07-23 17:54:11,7394891047605767456,,
222,6,andibabler,46,2715,10,2024-07-23 15:23:28,7394852217754225953,,
10,0,joachimaigner27,339,221,1,2024-07-22 09:13:21,7394385739632397601,,
22,1,joachimaigner27,103,855,1,2024-07-21 11:12:07,7394045272956882209,,
16831,2205,andibabler,11,240987,138,2024-07-20 16:55:05,7393762555136724257,,
65,0,joachimaigner27,13,945,2,2024-07-19 16:50:03,7393390181782474016,,
48,2,reinhold_binder,42,666,2,2024-07-18 17:39:35,7393031877952605472,,
75,2,helmut.brandstaetter,87,1585,36,2024-07-17 17:22:14,7392656316159757600,,
17,0,joachimaigner27,15,894,2,2024-07-17 17:20:02,7392655744039980321,,
124,1,helmut.brandstaetter,55,1797,38,2024-07-16 18:48:48,7392307527834176800,,
50,1,joachimaigner27,21,746,4,2024-07-16 16:50:44,7392277099391831329,,
91,2,cbitschi,52,1257,5,2024-07-16 14:40:00,7392243413178928417,,
29,3,joachimaigner27,58,441,3,2024-07-16 12:36:31,7392211569633021217,,
91,4,andibabler,28,1704,5,2024-07-15 16:53:25,7391906693132651809,,
15,2,joachimaigner27,139,769,1,2024-07-15 16:41:23,7391903599212743969,,
43,22,reinhold_binder,0,2089,0,2024-07-13 19:54:46,7391211260081196320,,
11,3,joachimaigner27,24,287,0,2024-07-13 18:15:34,7391185717977795872,,
26,0,joachimaigner27,12,375,0,2024-07-12 17:05:34,7390796596595739936,,
42,0,helmut.brandstaetter,0,511,8,2024-07-12 15:24:59,7390770663348342048,,
136,18,andibabler,15,2239,6,2024-07-12 11:19:16,7390707348270042401,,
152,12,joachimaigner27,59,1850,31,2024-07-12 06:04:11,7390626130207771937,,
47,2,joachimaigner27,25,869,4,2024-07-11 15:18:34,7390397938196811041,,
126,19,joachimaigner27,38,1721,7,2024-07-10 16:51:27,7390050774258175264,,
401,56,reinhold_binder,88,17584,74,2024-07-10 16:45:25,7390049215172398368,,
217,5,andibabler,40,3697,15,2024-07-10 12:53:48,7389989074154671393,,
62,2,joachimaigner27,14,790,2,2024-07-09 20:56:25,7389742823257509152,,
234,17,andibabler,53,5292,26,2024-07-09 15:04:41,7389651752892599585,,
14,0,joachimaigner27,60,823,1,2024-07-09 10:23:05,7389579595953098016,,
126,11,joachimaigner27,49,1460,16,2024-07-08 16:51:10,7389308534321646880,,
35,6,katrinauer_steyr,35,1453,2,2024-07-07 17:47:06,7388951865460821281,,
620,117,joachimaigner27,32,15590,41,2024-07-07 10:34:09,7388840280188865824,,
60,1,joachimaigner27,22,1026,5,2024-07-05 16:50:11,7388195015073352992,,
84,4,joachimaigner27,25,1195,5,2024-07-04 18:05:50,7387843343759314208,,
8,1,joachimaigner27,57,390,0,2024-07-04 05:42:35,7387651899522026784,,
93,0,reinhold_binder,28,3865,3,2024-07-03 21:23:50,7387523366036491553,,
166,3,andibabler,15,2454,5,2024-07-03 14:23:35,7387415076703161632,,
14,0,joachimaigner27,32,785,4,2024-07-02 14:41:53,7387048717020335393,,
235,15,andibabler,61,3154,12,2024-07-02 09:53:22,7386974325502414112,,
197,12,andibabler,33,2909,35,2024-07-01 17:00:00,7386703735453453601,,
147,1,andibabler,41,2017,6,2024-07-01 15:17:24,7386686501381295392,,
76,3,helmut.brandstaetter,13,2092,15,2024-07-01 13:13:38,7386654877100805409,,
208,14,andibabler,84,2763,20,2024-06-30 16:25:11,7386333155101379872,,
94,6,helmut.brandstaetter,63,2385,60,2024-06-30 06:01:46,7386172418538081568,,
31,0,neos_wien,122,569,0,2024-06-27 14:52:00,7385195878434262305,,
8,0,diegruenenvorarlberg,38,315,0,2024-06-27 12:40:42,7385162042803506465,,
103,86,spoe.wien,43,5090,2,2024-06-27 11:37:56,7385145864479657248,,
155,5,diegruenenaustria,59,2757,22,2024-06-26 14:35:01,7384820420551200033,,
29,0,neos_wien,110,503,0,2024-06-26 13:49:23,7384808651627842849,,
187,95,spoe.wien,41,10240,5,2024-06-26 12:08:43,7384782727393840417,,
12,0,diegruenenvorarlberg,37,347,4,2024-06-26 09:28:41,7384741449969061153,,
28,0,neos_wien,15,961,1,2024-06-25 18:51:47,7384515519166106912,,
73,0,spoe_at,0,1846,2,2024-06-25 14:52:39,7384453873458498848,,
1252,220,spoe_at,31,37362,154,2024-06-25 10:46:55,7384390548808846625,,
97,1,diegruenenaustria,25,1989,12,2024-06-25 09:02:43,7384363683989769505,,
88,3,spoe_at,37,2698,16,2024-06-24 14:03:06,7384069409238797600,,
39,0,diegruenenaustria,15,1146,0,2024-06-24 09:34:52,7384000878446955809,,
56,0,wienervp,51,4977,52,2024-06-23 14:49:13,7383710819869101345,,
96,61,spoe.wien,28,2283,4,2024-06-23 14:36:27,7383707523808890145,,
68,60,diegruenenaustria,65,6067,26,2024-06-23 12:18:07,7383671893921975584,,
28,0,neos_wien,9,544,0,2024-06-22 15:31:50,7383350715231653152,,
83,3,diegruenenaustria,31,1396,2,2024-06-22 06:59:49,7383218742353825056,,
227,16,neos_wien,6,9450,5,2024-06-21 19:03:52,7383034291443256609,,
152,19,spoe.wien,9,3419,3,2024-06-21 17:43:23,7383013553541745953,,
89,6,diegruenenvorarlberg,60,4473,66,2024-06-21 13:14:26,7382944236225826081,,
57,2,diegruenenwien,49,1838,10,2024-06-21 11:32:20,7382917891278114080,,
81,1,diegruenenaustria,51,1214,5,2024-06-21 10:46:57,7382906233625267489,,
6,0,diegruenenvorarlberg,65,780,1,2024-06-21 10:06:32,7382895814475025696,,
3247,1118,diegruenenwien,32,98149,114,2024-06-21 07:44:04,7382859086251019553,,
33,0,diegruenenwien,44,1215,7,2024-06-21 06:15:15,7382836200245087521,,
86,9,spoe_at,59,1547,5,2024-06-20 15:48:59,7382612980950650145,,
63,3,diegruenenaustria,21,1411,3,2024-06-20 14:27:45,7382592050169908513,,
9,0,diegruenenvorarlberg,116,741,1,2024-06-20 14:21:23,7382590396280360225,,
1029,64,fpoe_at,66,20354,25,2024-06-20 11:49:17,7382550632974077216,,
134,8,spoe_at,23,2265,5,2024-06-20 07:53:24,7382490376118095136,,
7,1,diegruenenvorarlberg,49,973,2,2024-06-20 06:50:31,7382474195680103713,,
104,2,diegruenenaustria,41,1327,4,2024-06-19 15:13:35,7382232758623489313,,
253,20,spoe_at,0,3195,6,2024-06-19 14:13:48,7382217347425242401,,
12,0,neos_wien,6,738,0,2024-06-19 13:12:48,7382201637714021664,,
1174,46,fpoe_at,71,22780,110,2024-06-19 11:24:42,7382173779960630560,,
240,26,spoe_at,0,3322,6,2024-06-18 14:29:07,7381850233828838689,,
110,1,spoe_at,58,1617,5,2024-06-18 13:36:22,7381835956581715233,,
59,20,diegruenenaustria,45,1356,2,2024-06-18 07:56:06,7381748943807319329,,
108,1,diegruenenwien,38,4803,60,2024-06-17 15:38:36,7381497042016734496,,
63,2,spoe_at,18,1964,9,2024-06-17 07:40:26,7381373504400198945,,
1891,63,fpoe_at,31,22139,164,2024-06-17 06:57:12,7381362283273932064,,
28,1,neos_wien,30,631,0,2024-06-16 18:53:02,7381176073448361248,,
285,8,diegruenenaustria,54,5394,73,2024-06-16 18:41:31,7381173113175723296,,
69,3,diegruenenaustria,58,1467,14,2024-06-16 16:14:29,7381135209070169377,,
171,2,spoe_at,43,2217,4,2024-06-15 12:10:07,7380700163364490529,,
9,0,diegruenenvorarlberg,30,782,4,2024-06-15 06:01:04,7380605966695320864,,
88,2,spoe_at,34,2479,17,2024-06-14 17:00:35,7380404917799882016,,
68,1,spoe_at,12,1332,1,2024-06-14 13:25:21,7380349444778249504,,
157,9,neos_eu,64,4683,137,2024-06-14 11:37:01,7380321543106120993,,
1014,45,fpoe_at,22,19163,118,2024-06-14 10:27:59,7380303218548542752,,
5,0,diegruenenvorarlberg,70,861,4,2024-06-14 08:01:57,7380266112539217185,,
91,1,diegruenenaustria,0,1788,5,2024-06-14 06:49:01,7380247304046923040,,
42,2,neos_wien,23,3922,3,2024-06-13 14:40:30,7379997741230951713,,
81,1,spoe_at,45,1338,6,2024-06-13 13:45:55,7379983673430412576,,
167,5,spoe_at,0,4440,18,2024-06-13 12:19:43,7379961462619376929,,
50396,6711,fpoe_at,125,633133,2166,2024-06-13 09:40:59,7379920138985901345,,
73,1,neos_eu,10,1642,7,2024-06-13 09:19:46,7379915075844410656,,
24,0,diegruenenwien,24,1053,7,2024-06-12 17:43:17,7379673745180429601,,
311,4,neos_eu,60,7466,170,2024-06-12 16:55:38,7379661466430934304,,
238,28,spoe_at,66,7430,10,2024-06-12 15:42:31,7379642185009925409,,
13,3,diegruenenvorarlberg,28,825,2,2024-06-12 12:48:41,7379597832614841633,,
34942,5162,fpoe_at,30,406435,2911,2024-06-12 11:07:37,7379571229012938016,,
79,3,neos_wien,0,1244,0,2024-06-11 16:16:24,7379280280751787297,,
955,22,fpoe_at,76,17353,63,2024-06-11 16:15:13,7379279966090890528,,
134,7,neos_wien,15,1704,1,2024-06-11 11:09:52,7379201271275818272,,
20,1,wienervp,32,1337,3,2024-06-11 07:29:35,7379144507385777441,,
2015,71,fpoe_at,8,30143,140,2024-06-10 13:16:16,7378862771183570208,,
33,0,diegruenenvorarlberg,54,1072,7,2024-06-10 11:01:31,7378828032447909152,,
139,0,neos_wien,80,1455,4,2024-06-10 07:25:31,7378772348268317985,,
2064,30,neos_eu,0,30045,66,2024-06-09 17:02:59,7378550118703795488,,
229,6,neos_wien,8,6228,10,2024-06-09 11:45:40,7378468338789322017,,
155,61,spoe.wien,60,2755,5,2024-06-09 10:06:20,7378442740708789537,,
7,2,wienervp,106,1216,0,2024-06-09 09:03:52,7378426632865975584,,
14,0,diegruenenvorarlberg,30,757,4,2024-06-09 07:54:33,7378408772936437025,,
96,3,wienervp,40,2111,14,2024-06-09 06:46:58,7378391325525183777,,
8281,1093,fpoe_at,30,150335,340,2024-06-09 06:13:13,7378382604338220320,,
129,2,neos_eu,19,4521,13,2024-06-09 06:06:37,7378380892718271776,,
175,46,diegruenenaustria,89,9837,22,2024-06-08 14:35:41,7378141069982059808,,
79,2,diegruenenaustria,19,3405,6,2024-06-08 11:40:15,7378095858497146145,,
641,40,spoe_at,104,13733,5,2024-06-08 08:23:34,7378045149512797472,,
1726,65,fpoe_at,115,33929,87,2024-06-08 07:34:19,7378032470588968225,,
22,2,neos_wien,39,2083,0,2024-06-08 07:16:55,7378027973540171041,,
336,14,neos_eu,12,9403,13,2024-06-08 05:19:35,7377997650802593056,,
1984,223,fpoe_at,43,43596,70,2024-06-07 15:51:58,7377789639861587233,,
258,9,neos_wien,9,5936,3,2024-06-07 15:47:48,7377788570964184353,,
10601,2956,fpoe_wien,29,144350,595,2024-06-07 15:23:08,7377782215792446752,,
56,5,neos_eu,0,2628,6,2024-06-07 14:02:57,7377761548124654881,,
36,1,diegruenenaustria,18,1282,0,2024-06-07 11:17:03,7377718798046055712,,
212,40,spoe_at,27,4614,4,2024-06-07 11:01:14,7377714713842568481,,
13,1,diegruenenvorarlberg,38,809,0,2024-06-07 10:19:45,7377704027905117473,,
11,0,neos_wien,10,230,0,2024-06-07 09:48:14,7377695902200302880,,
95,3,diegruenenaustria,58,9078,66,2024-06-07 07:28:12,7377659810541538593,,
1323,263,neos_eu,19,21485,66,2024-06-07 05:59:55,7377637056547245344,,
32,2,wienervp,49,1359,5,2024-06-06 10:53:41,7377341692220853536,,
3119,61,fpoe_at,95,68814,110,2024-06-06 10:26:57,7377334024743750944,,
38,0,neos_eu,116,1977,1,2024-06-06 10:03:37,7377328774221794592,,
388,10,fpoe_wien,39,5208,26,2024-06-06 08:58:59,7377312122591628576,,
3973,308,spoe_at,0,51335,75,2024-06-06 08:33:53,7377305663665474848,,
96,2,diegruenenaustria,26,3310,20,2024-06-06 08:01:28,7377297291574660385,,
15,0,diegruenenvorarlberg,47,696,2,2024-06-05 15:06:33,7377035776602770721,,
72,3,diegruenenaustria,29,2025,16,2024-06-05 15:03:02,7377034852291464481,,
41,62,spoe.wien,7,874,3,2024-06-05 14:18:42,7377023442081680673,,
13806,1054,fpoe_at,68,238226,1041,2024-06-05 12:47:14,7376999311613168928,,
68,14,diegruenenaustria,24,2363,11,2024-06-05 12:26:14,7376994458916621601,,
83,2,neos_eu,74,2443,16,2024-06-05 11:15:09,7376976139576741152,,
846,47,spoe_at,39,19865,36,2024-06-05 08:46:21,7376937775368604961,,
82,11,neos_eu,25,2053,5,2024-06-05 06:48:29,7376907400105757984,,
18,3,wienervp,64,1209,3,2024-06-05 06:13:10,7376898311069961505,,
88,3,neos_eu,15,2148,6,2024-06-04 15:48:08,7376675319870197024,,
55,1,diegruenenaustria,25,960,4,2024-06-04 15:15:50,7376667068466302241,,
166,6,spoe_at,23,3672,13,2024-06-05 05:00:00,7376660913429990688,,
873,15,fpoe.tirol,41,13511,97,2024-06-04 11:34:29,7376610038867086625,,
93,6,neos_eu,10,4870,19,2024-06-04 11:17:30,7376605648999550241,,
1854,97,fpoe_at,40,29801,69,2024-06-04 10:21:28,7376591168106204449,,
84,11,diegruenenaustria,23,5595,61,2024-06-04 09:29:00,7376577688770841889,,
238,19,spoe_at,73,4866,16,2024-06-04 07:32:26,7376546371177909537,,
56,1,neos_eu,14,1746,49,2024-06-03 16:13:28,7376310833128738080,,
292,21,spoe_at,52,7343,11,2024-06-03 15:12:22,7376294136594353441,,
59,7,diegruenenaustria,24,2660,37,2024-06-03 14:20:17,7376281665976536353,,
104,1,neos_eu,0,3774,7,2024-06-03 13:05:29,7376262391773891873,,
3321,993,spoe_at,0,45467,84,2024-06-03 12:38:25,7376255409352445216,,
797,26,fpoe_at,66,19545,75,2024-06-03 12:08:43,7376246551276031265,,
1603,110,fpoe.tirol,50,14218,176,2024-06-03 10:07:30,7376216510940859681,,
47,2,diegruenenwien,75,1218,15,2024-06-03 08:52:28,7376197178156404001,,
70,1,neos_eu,0,3794,4,2024-06-03 07:51:45,7376181512774995233,,
61,0,neos.vlbg,24,1926,3,2024-06-03 05:28:46,7376144631559507232,,
59,0,neos_eu,15,1683,9,2024-06-02 18:05:38,7375968666183044384,,
578,17,fpoe_at,81,15044,21,2024-06-02 13:35:12,7375897821079211296,,
56,1,neos_eu,26,1788,12,2024-06-02 13:04:51,7375891153574481185,,
927,78,spoe_at,51,24316,1,2024-06-02 07:00:00,7375618645176700192,,
75,1,neos_eu,9,1377,8,2024-06-01 17:53:52,7375594543724465441,,
830,66,fpoe_at,49,21106,71,2024-06-01 16:21:10,7375569750279064865,,
1931,84,fpoe_at,65,39551,41,2024-06-01 09:10:19,7375458297010294049,,
43,1,neos_wien,79,989,0,2024-06-01 08:58:30,7375456522022702369,,
38,0,neos_eu,38,1334,3,2024-06-01 08:34:55,7375450488482925857,,
100,6,diegruenenaustria,20,4059,48,2024-05-31 18:55:35,7375239362814020897,,
32,2,neos_eu,20,1295,9,2024-05-31 17:48:36,7375222098198859041,,
9652,538,fpoe_at,43,134922,296,2024-05-31 17:30:38,7375217473970294049,,
43,1,spoe_at,27,2405,1,2024-05-31 13:16:53,7375151113932262688,,
77,1,diegruenenaustria,17,1683,11,2024-05-31 12:00:30,7375132401317448992,,
13,0,diegruenenvorarlberg,116,282,0,2024-05-31 10:23:09,7375107311192263969,,
47,1,neos_eu,22,1491,15,2024-05-30 18:15:05,7374857851451215137,,
129,1,fpoe.tirol,39,2927,5,2024-05-30 17:13:49,7374842055526288673,,
74,1,diegruenenaustria,42,2131,13,2024-05-30 15:47:44,7374819865686740257,,
17,3,neos_wien,72,807,0,2024-05-30 15:06:46,7374809308891991328,,
1951,56,fpoe_at,46,24511,129,2024-05-30 10:36:45,7374739734620310816,,
31,0,neos_eu,18,1185,13,2024-05-30 09:36:05,7374724090675907872,,
81,32,spoe.wien,6,2364,7,2024-05-30 09:01:53,7374715273145879840,,
53,20,diegruenenvorarlberg,47,8281,99,2024-05-30 00:01:04,7374575892078595361,,
16322,2426,fpoe_at,59,227472,730,2024-05-29 18:05:17,7374483652643687712,,
6683,479,spoe_at,19,71382,134,2024-05-30 11:30:00,7374477681095642401,,
57,3,neos_eu,15,1562,20,2024-05-29 16:26:26,7374458747235732768,,
52,3,diegruenenaustria,26,1857,9,2024-05-29 12:34:12,7374398908358790432,,
2099,589,spoe_at,0,34493,54,2024-05-29 11:18:25,7374379379771624736,,
890,40,fpoe_at,40,16400,40,2024-05-29 09:53:52,7374356906757983520,,
17,2,diegruenenvorarlberg,73,1489,48,2024-05-29 09:08:40,7374345917912173857,,
45,2,neos_eu,30,1872,28,2024-05-29 07:27:01,7374319728526888224,,
20,4,chriswiederkehr,122,513,0,2024-06-27 15:37:15,7385207531494264097,,
41,0,olgavoglauer,43,861,8,2024-06-27 10:31:44,7385128790034271520,,
280,7,thomas_waitz,50,3385,139,2024-06-26 12:12:04,7384783577017240864,,
843,48,tho_weber,0,43465,139,2024-06-26 07:10:39,7384705864688586016,,
19,0,philip.wohlgemuth,91,791,0,2024-06-25 14:26:44,7384447195510000929,,
73,1,olgavoglauer,43,2419,16,2024-06-25 12:34:54,7384418382625377569,,
44,1,thomas_waitz,66,1779,1,2024-06-24 12:34:09,7384047104655691040,,
462,4,tho_weber,46,13738,141,2024-06-24 05:01:33,7383930342786321696,,
24,1,beewieser,54,1122,0,2024-06-23 04:22:11,7383549019903036704,,
85,30,tho_weber,84,1258,5,2024-06-21 06:37:24,7382841910236368161,,
28,1,thuerli2704,0,1234,0,2024-06-21 04:50:53,7382814450526555424,,
33,9,dietomaselli,35,870,5,2024-06-20 15:59:17,7382615631176174880,,
34,0,dietomaselli,40,1037,1,2024-06-19 15:13:06,7382232632773315873,,
166,1,tho_weber,0,1770,9,2024-06-19 06:35:22,7382098998204697889,,
119,0,tho_weber,66,2270,31,2024-06-18 07:38:25,7381744381268610337,,
48,2,dietomaselli,54,955,5,2024-06-17 11:09:04,7381427563379330336,,
202,5,thomas_waitz,9,6765,10,2024-06-14 12:19:47,7380332562138352929,,
27,0,dietomaselli,42,630,0,2024-06-14 10:08:49,7380298813782641952,,
111,5,tho_weber,27,1791,13,2024-06-13 07:51:41,7379892375289711904,,
475,5,haraldvilimsky,18,6452,25,2024-06-11 08:39:24,7379162515227282721,,
230,6,tho_weber,26,5120,0,2024-06-11 05:38:09,7379115796301122849,,
635,106,dietomaselli,44,11906,37,2024-06-10 17:28:12,7378927696052620577,,
224,3,haraldvilimsky,40,4227,9,2024-06-10 13:07:53,7378860608071929121,,
103,3,thomas_waitz,24,3237,4,2024-06-10 12:40:19,7378853496973561121,,
96,9,marco.triller,27,2192,9,2024-06-09 05:29:36,7378371326869802272,,
259,2,ines.vukajlovic,8,6600,4,2024-06-08 20:02:29,7378225294454295840,,
1265,43,haraldvilimsky,39,23690,47,2024-06-08 14:23:16,7378137865395490080,,
70,0,marco.triller,55,1249,4,2024-06-08 05:50:21,7378005607556664608,,
301,8,haraldvilimsky,17,6398,18,2024-06-07 17:57:56,7377822092630281505,,
25,0,philip.wohlgemuth,41,843,0,2024-06-07 16:24:09,7377797939609046304,,
273,9,haraldvilimsky,48,6575,9,2024-06-07 13:26:45,7377752213512375584,,
77,5,thomas_waitz,14,1817,7,2024-06-07 12:30:15,7377737664386092321,,
458,31,ines.vukajlovic,44,17754,19,2024-06-07 11:02:17,7377714990339345697,,
107,11,tho_weber,93,1745,18,2024-06-07 06:03:33,7377637998491471137,,
11,6,marco.triller,9,915,6,2024-06-06 20:15:23,7377486441007385888,,
668,16,haraldvilimsky,95,12301,21,2024-06-06 13:21:34,7377379779307244833,,
324,18,thomas_waitz,7,14513,31,2024-06-06 10:52:27,7377341375391501600,,
6734,1895,haraldvilimsky,22,115117,184,2024-06-06 06:36:42,7377275455805738272,,
143,9,thomas_waitz,26,7936,32,2024-06-05 12:28:37,7376995074019724576,,
149,4,chriswiederkehr,58,2828,3,2024-06-05 11:55:54,7376986643384831264,,
34,1,olgavoglauer,37,949,5,2024-06-05 10:27:45,7376963922315791649,,
401,21,haraldvilimsky,33,5661,43,2024-06-05 08:10:27,7376928539020430624,,
24,0,philip.wohlgemuth,26,690,0,2024-06-04 18:37:05,7376718942087269665,,
3718,195,haraldvilimsky,75,33877,123,2024-06-04 16:00:57,7376678679797173537,,
257,6,haraldvilimsky,57,13965,19,2024-06-04 13:00:11,7376632096414108960,,
98,3,tho_weber,23,2356,0,2024-06-04 07:58:43,7376554417933323552,,
79,3,thomas_waitz,10,5638,1,2024-06-03 12:26:35,7376252360475151648,,
22,0,philip.wohlgemuth,15,776,0,2024-06-03 12:14:08,7376249144265985313,,
1689,55,haraldvilimsky,28,20015,50,2024-06-02 17:22:24,7375957524144540961,,
37,0,olgavoglauer,45,1129,3,2024-06-02 15:37:07,7375930393637162273,,
10,0,philip.wohlgemuth,34,657,0,2024-06-02 12:06:55,7375876217313971489,,
77,1,tho_weber,10,2688,3,2024-06-02 09:27:51,7375835232156519712,,
1065,46,haraldvilimsky,28,18267,65,2024-06-01 11:36:59,7375497416717454625,,
138,0,ines.vukajlovic,15,8733,23,2024-05-31 20:09:08,7375258315405806881,,
39,1,thomas_waitz,29,975,4,2024-05-31 12:26:53,7375139187793661217,,
23,2,philip.wohlgemuth,73,1738,1,2024-05-31 11:49:13,7375129477409475872,,
319,9,haraldvilimsky,58,4724,13,2024-05-31 08:51:54,7375083779410414881,,
87,2,tho_weber,61,2548,0,2024-05-31 04:45:29,7375020175441120545,,
1446,100,haraldvilimsky,319,21003,58,2024-05-30 14:08:48,7374794358513618209,,
66,3,thomas_waitz,32,1065,6,2024-05-29 14:33:49,7374429728507170080,,
1129,184,haraldvilimsky,40,18421,135,2024-05-29 08:54:49,7374342352539897120,,
1185,71,tho_weber,0,44470,102,2024-05-29 07:20:04,7374317929413741857,,
251,3,petra.steger,289,2887,9,2024-06-27 22:54:32,7385320226373602592,,
7,0,rudi_silvan,0,867,0,2024-06-27 19:49:52,7385272640576998688,,
8406,810,christophsteinerfpoe,139,127936,341,2024-06-27 19:34:57,7385268792722558241,,
653,72,petra.steger,200,8376,108,2024-06-27 16:22:13,7385219133912239393,,
42,2,anna.gkh,24,845,2,2024-06-27 15:45:03,7385209564871789856,,
1209,12,christophsteinerfpoe,84,23280,36,2024-06-27 15:30:30,7385205803667442977,,
207,0,christophsteinerfpoe,33,3984,7,2024-06-26 17:41:22,7384868446804184352,,
7,0,rudi_silvan,0,575,2,2024-06-26 17:00:52,7384858005327711520,,
944,6,christophsteinerfpoe,58,22076,22,2024-06-26 13:26:54,7384802859231055136,,
2553,35,yannickshetty,20,18192,25,2024-06-26 10:29:25,7384757120341773601,,
157,1,yannickshetty,70,3020,6,2024-06-25 15:36:28,7384465184754208032,,
649,14,christophsteinerfpoe,42,11235,17,2024-06-25 13:30:35,7384432722384604448,,
21328,1101,yannickshetty,44,428882,950,2024-06-25 15:40:00,7384383413748321568,,
7,1,rudi_silvan,0,413,0,2024-06-24 22:09:31,7384195366935104801,,
705,13,christophsteinerfpoe,0,11997,18,2024-06-24 15:58:16,7384099701823491360,,
1265,45,christophsteinerfpoe,141,17055,96,2024-06-23 16:09:46,7383731599507983648,,
169,0,yannickshetty,58,3455,18,2024-06-23 14:07:24,7383700057436015905,,
122,1,yannickshetty,16,3774,22,2024-06-22 17:15:11,7383377365184908577,,
1270,298,christophsteinerfpoe,201,43190,54,2024-06-22 15:37:05,7383352087591079200,,
11,0,rudi_silvan,0,630,0,2024-06-22 10:57:15,7383279965464317216,,
8,1,rudi_silvan,0,1466,9,2024-06-21 07:23:16,7382853737779367200,,
67,0,anna.gkh,86,900,1,2024-06-20 16:08:22,7382617971375492385,,
4782,161,christophsteinerfpoe,69,75609,177,2024-06-20 15:14:05,7382603970847558944,,
241,1,christophsteinerfpoe,8,6526,4,2024-06-19 16:56:12,7382259207183158561,,
242,14,yannickshetty,84,4525,26,2024-06-19 14:32:45,7382222241376849185,,
118,1,christophsteinerfpoe,0,5031,4,2024-06-19 14:26:32,7382220634220285216,,
1731,173,christophsteinerfpoe,23,31570,33,2024-06-19 10:42:25,7382162869103627552,,
506,17,yannickshetty,56,7890,18,2024-06-19 07:07:08,7382107365425810721,,
139,2,yannickshetty,25,2589,19,2024-06-18 17:02:42,7381889809930865952,,
1075,42,christophsteinerfpoe,9,25595,50,2024-06-18 14:05:02,7381844029383642400,,
10,1,rudi_silvan,0,550,0,2024-06-18 08:35:45,7381759155490557217,,
313,6,christophsteinerfpoe,33,6462,6,2024-06-17 16:06:20,7381504197130210592,,
1,0,rudi_silvan,0,404,0,2024-06-17 10:34:21,7381418591213718817,,
566,6,christophsteinerfpoe,75,9343,17,2024-06-17 07:17:05,7381367757440421152,,
202,8,christophsteinerfpoe,0,7001,8,2024-06-17 06:07:43,7381349874861706528,,
4207,307,christophsteinerfpoe,141,67575,232,2024-06-16 17:16:00,7381151058581622049,,
1356,94,yannickshetty,247,18517,115,2024-06-16 12:46:57,7381081722017942817,,
7,0,rudi_silvan,0,401,0,2024-06-16 08:49:43,7381020588850122016,,
8,0,rudi_silvan,9,292,0,2024-06-15 17:56:52,7380790511524678944,,
51,0,anna.gkh,0,1074,0,2024-06-15 07:43:39,7380632476848295201,,
562,6,christophsteinerfpoe,30,9360,15,2024-06-14 15:07:55,7380375888128445728,,
5,0,rudi_silvan,0,805,0,2024-06-14 12:08:54,7380329756216118561,,
24,0,anna.gkh,37,817,2,2024-06-14 10:14:15,7380300209227582752,,
662,23,christophsteinerfpoe,36,13973,20,2024-06-14 09:54:52,7380295214734282016,,
2889,137,petra.steger,166,35018,223,2024-06-14 09:48:14,7380293482834890016,,
77,1,jakobcschwarz,55,1006,0,2024-06-14 09:43:33,7380292294890556704,,
48,4,rudi_silvan,0,6427,27,2024-06-14 09:39:44,7380291310365740321,,
3246,179,yannickshetty,12,38103,203,2024-06-13 15:33:20,7380011358328196384,,
409,12,yannickshetty,0,13569,37,2024-06-13 14:29:14,7379994835308137760,,
1587,80,christophsteinerfpoe,31,31213,35,2024-06-13 09:49:32,7379922752691604768,,
146,1,christophsteinerfpoe,0,6186,4,2024-06-13 08:23:59,7379900713637252384,,
1049,33,yannickshetty,20,17959,35,2024-06-13 08:16:13,7379898701612993825,,
797,13,yannickshetty,53,17335,19,2024-06-13 13:30:00,7379697617938189601,,
301,1,yannickshetty,49,5194,3,2024-06-13 06:30:00,7379697400560061728,,
2228,96,yannickshetty,49,33695,98,2024-06-12 18:36:51,7379687551210212641,,
273,3,anna.gkh,12,5346,11,2024-06-12 13:30:23,7379608568036740385,,
21,0,jakobcschwarz,41,657,5,2024-06-12 11:15:00,7379573662548118817,,
1156,46,christophsteinerfpoe,32,17709,30,2024-06-12 08:48:53,7379536010478193952,,
264,0,anna.gkh,0,10280,8,2024-06-11 17:34:44,7379300449528139041,,
21189,1879,christophsteinerfpoe,99,284255,1312,2024-06-11 15:25:15,7379267099828456736,,
962,25,yannickshetty,38,14240,59,2024-06-11 15:04:28,7379261733958946081,,
36,3,rudi_silvan,0,5996,42,2024-06-11 10:54:38,7379197342223797536,,
18,0,rudi_silvan,23,430,1,2024-06-11 04:30:17,7379098271173709089,,
1435,29,yannickshetty,82,15327,73,2024-06-10 20:42:09,7378977686644935969,,
719,15,christophsteinerfpoe,18,13449,15,2024-06-10 18:13:42,7378939416535944480,,
2831,22,christophsteinerfpoe,0,37328,118,2024-06-10 11:17:52,7378832238667975968,,
1532,95,yannickshetty,0,32941,100,2024-06-10 07:22:59,7378771697912040737,,
2827,33,yannickshetty,9,54839,49,2024-06-09 15:22:08,7378524131026816288,,
87,1,anna.gkh,20,1424,2,2024-06-09 09:19:42,7378430728192691488,,
4063,157,christophsteinerfpoe,27,45789,152,2024-06-09 05:05:48,7378365125184589088,,
393,8,petra.steger,17,4843,25,2024-06-08 20:39:11,7378234754673429793,,
113,2,anna.gkh,34,1489,1,2024-06-08 18:16:53,7378198074595773728,,
1425,83,petra.steger,706,28255,99,2024-06-08 17:18:19,7378182975369923872,,
1970,52,anna.gkh,60,22220,29,2024-06-08 16:02:29,7378163430550752544,,
1181,45,christophsteinerfpoe,166,15095,48,2024-06-08 09:51:40,7378067871231986977,,
1387,71,andreas_spanring,60,32866,54,2024-06-08 08:37:13,7378048251112459552,,
743,51,petra.steger,332,13091,76,2024-06-07 20:48:49,7377866139931643168,,
30,1,anna.gkh,24,1100,2,2024-06-07 17:50:35,7377820198537055520,,
303,5,christophsteinerfpoe,80,10184,2,2024-06-07 16:06:19,7377793352328072481,,
59,0,anna.gkh,59,1196,4,2024-06-07 13:53:19,7377759071773920544,,
24823,1938,yannickshetty,36,259635,546,2024-06-07 13:12:33,7377748564992101665,,
14,1,jakobcschwarz,89,810,2,2024-06-07 11:57:14,7377729158006312225,,
75,1,anna.gkh,12,1223,1,2024-06-07 09:10:23,7377686157615713569,,
82,4,andreas_spanring,77,874,8,2024-06-07 06:01:26,7377636013075713313,,
811,20,yannickshetty,80,14859,46,2024-06-06 16:06:18,7377422248296123680,,
4743,210,christophsteinerfpoe,98,76188,143,2024-06-06 16:00:11,7377420670738648353,,
1462,54,petra.steger,133,18308,170,2024-06-06 14:44:51,7377401247327898913,,
24,0,anna.gkh,49,970,0,2024-06-06 09:55:55,7377326802076732705,,
2617,256,christophsteinerfpoe,170,41026,91,2024-06-06 09:38:46,7377322383666842913,,
56,0,jakobcschwarz,40,1958,21,2024-06-06 07:41:34,7377292175161199905,,
6,1,rudi_silvan,63,453,7,2024-06-06 06:37:06,7377275563838328097,,
88,4,andreas_spanring,49,1310,8,2024-06-06 05:20:38,7377254666175810848,,
5754,793,christophsteinerfpoe,116,79365,129,2024-06-05 17:36:40,7377074456960716064,,
79,1,anna.gkh,5,1522,7,2024-06-05 16:40:46,7377060050889608480,,
1282,51,christophsteinerfpoe,84,15261,70,2024-06-05 15:00:31,7377034218012003616,,
4126,933,christophsteinerfpoe,136,52809,216,2024-06-04 18:07:10,7376711228581776673,,
9,0,rudi_silvan,10,238,0,2024-06-04 15:32:50,7376671437681184033,,
1106,35,christophsteinerfpoe,255,15498,51,2024-06-04 15:29:50,7376670671054687521,,
18,4,rudi_silvan,10,763,0,2024-06-03 18:11:35,7376341282265861408,,
61,1,anna.gkh,7,2817,21,2024-06-03 15:51:20,7376305126459428129,,
6174,1572,christophsteinerfpoe,46,79278,206,2024-06-03 15:20:59,7376297316191358240,,
485,72,andreas_spanring,56,6678,41,2024-06-03 13:57:02,7376274667281157409,,
1532,46,yannickshetty,43,23448,68,2024-06-03 13:25:54,7376267645772959008,,
70,1,anna.gkh,12,1068,10,2024-06-02 21:10:42,7376016347941047584,,
304,5,yannickshetty,73,8480,35,2024-06-02 06:29:41,7375789249016253729,,
6,0,rudi_silvan,0,319,0,2024-06-01 18:47:04,7375608247090285857,,
170,3,yannickshetty,72,5369,2,2024-06-01 14:00:13,7375534324365528352,,
90,2,anna.gkh,24,1624,30,2024-06-01 13:03:49,7375519800283368736,,
1391,211,petra.steger,49,22846,148,2024-06-01 08:49:39,7375454299037519137,,
1661,52,christophsteinerfpoe,68,25060,69,2024-05-31 17:03:56,7375210589519416608,,
51,0,anna.gkh,59,1213,15,2024-05-31 14:57:19,7375177957280714016,,
403,10,yannickshetty,95,6865,10,2024-05-31 14:18:44,7375168016188837152,,
211,8,yannickshetty,115,4357,9,2024-05-31 13:59:49,7375163143644810529,,
36,0,anna.gkh,22,909,3,2024-05-31 11:16:27,7375121036888640800,,
48,0,anna.gkh,7,842,3,2024-05-31 09:48:51,7375098460833336609,,
99,5,petra.steger,1306,1457,6,2024-05-30 20:35:09,7374893941285522721,,
10,0,rudi_silvan,10,497,1,2024-05-30 18:34:27,7374862837153287457,,
83,1,petra.steger,627,1779,5,2024-05-30 17:02:58,7374839258726567200,,
9,0,rudi_silvan,10,449,0,2024-05-30 16:07:03,7374824841691663648,,
3413,225,yannickshetty,78,49978,217,2024-05-30 14:01:00,7374792371243961632,,
911,70,christophsteinerfpoe,1800,15899,33,2024-05-29 17:18:15,7374472107239017760,,
45,0,anna.gkh,7,967,2,2024-05-29 15:48:23,7374448944992095521,,
4150,250,yannickshetty,122,42574,211,2024-05-29 14:43:41,7374432272214215968,,
87,4,anna.gkh,8,1745,5,2024-05-29 13:22:17,7374411293391949089,,
603,33,yannickshetty,182,10563,84,2024-05-29 10:21:17,7374364657865248032,,
144,4,anna.gkh,42,1767,5,2024-05-29 09:00:40,7374343864758455585,,
20,2,beatescheiber0,18,1632,0,2024-06-27 21:00:23,7385290819638480160,,
3,0,beatescheiber0,12,1918,0,2024-06-27 20:59:41,7385290637689556256,,
29,0,ralphschallmeiner,38,1170,8,2024-06-27 15:34:43,7385206884778757409,,
82,10,ralphschallmeiner,50,3629,36,2024-06-26 10:48:28,7384762027425746209,,
359,8,hannes_schwarz,49,6003,14,2024-06-25 19:10:56,7384520454800772385,,
39,0,ralphschallmeiner,62,1693,16,2024-06-25 14:19:05,7384445216960318753,,
37,5,sebastianschwaighofer,68,734,6,2024-06-25 11:47:52,7384406261166509345,,
57,2,ralphschallmeiner,65,2452,29,2024-06-25 06:49:06,7384329244794440992,,
207,172,ralphschallmeiner,20,10439,69,2024-06-24 14:30:12,7384077011075042593,,
13,0,ralphschallmeiner,5,1141,2,2024-06-23 20:28:30,7383798265851989280,,
25,5,elviraschmidt969,0,1162,0,2024-06-22 13:21:09,7383317039231913249,,
506,18,lisa.schuchgubik,92,9340,37,2024-06-20 19:33:47,7382670905433918753,,
105,5,dieschilling,49,4492,12,2024-06-19 16:55:43,7382259098730925344,,
40,1,ralphschallmeiner,26,1080,14,2024-06-19 14:41:44,7382224549401709856,,
49,0,ralphschallmeiner,69,1659,2,2024-06-17 15:22:56,7381493008795061536,,
849,25,dieschilling,58,23653,38,2024-06-16 10:11:43,7381041722622577952,,
5,0,beatescheiber0,20,1018,0,2024-06-14 21:27:07,7380473597237693729,,
10,0,beatescheiber0,9,1816,1,2024-06-14 13:29:55,7380350614921891104,,
3770,531,lisa.schuchgubik,30,60882,194,2024-06-08 16:06:20,7378164415776050465,,
811,15,dieschilling,42,29588,8,2024-06-08 07:57:32,7378038445920292128,,
32,3,ralphschallmeiner,38,1127,24,2024-06-07 16:04:02,7377792762055265569,,
20,0,ralphschallmeiner,91,997,3,2024-06-07 07:59:31,7377667879342312737,,
331,23,dieschilling,85,13513,19,2024-06-07 07:17:58,7377657194528951584,,
193,6,dieschilling,16,6350,9,2024-06-06 17:36:09,7377445408945032481,,
22,8,hannes_schwarz,73,380,1,2024-06-06 12:46:07,7377370647783165217,,
440,4,dieschilling,38,12794,15,2024-06-06 07:08:32,7377283659075751200,,
440,11,dieschilling,31,19978,17,2024-06-05 19:30:44,7377103857811279137,,
187,67,michaelschnedlitz,10,11059,259,2024-06-05 16:34:14,7377058361101126944,,
170,2,dieschilling,34,4502,6,2024-06-05 14:54:15,7377032607499881761,,
2601,552,lisa.schuchgubik,68,46847,140,2024-06-05 12:50:22,7377000674699021601,,
21,6,hannes_schwarz,24,1233,1,2024-06-05 08:39:58,7376936136649870624,,
179,3,dieschilling,57,6508,4,2024-06-03 14:34:44,7376285387884416288,,
551,36,dieschilling,56,19639,50,2024-06-03 11:29:21,7376237596634074401,,
202,7,dieschilling,38,8488,31,2024-06-02 19:48:08,7375995080403995936,,
41,3,ralphschallmeiner,10,956,5,2024-06-02 13:15:25,7375893870464257313,,
12,0,ralphschallmeiner,8,807,1,2024-06-02 12:03:54,7375875443586616609,,
19,1,elviraschmidt969,0,619,1,2024-06-01 19:11:36,7375614574873169185,,
6,0,beatescheiber0,9,875,0,2024-06-01 12:56:07,7375517807183793441,,
102,0,dieschilling,0,4133,3,2024-06-01 06:24:23,7375416833572162849,,
18,0,elviraschmidt969,0,1190,1,2024-05-30 18:20:28,7374859230500654368,,
1,0,beatescheiber0,8,76,0,2024-05-30 12:10:39,7374763938203847969,,
57,4,ralphschallmeiner,46,1614,22,2024-05-30 08:28:14,7374706606002507041,,
93,1,dieschilling,10,4501,18,2024-05-30 07:17:13,7374688299740384544,,
1685,300,lisa.schuchgubik,59,32714,111,2024-05-29 17:37:32,7374477081142365473,,
34,3,ralphschallmeiner,70,1231,15,2024-05-29 16:07:50,7374453958686936352,,
25,11,beatescheiber0,54,2296,0,2024-05-29 14:21:02,7374426437153033505,,
243,10,dieschilling,24,14105,60,2024-05-29 13:00:20,7374405647040810273,,
44,0,ralphschallmeiner,13,925,0,2024-05-29 07:44:57,7374324349215526176,,
89,3,udo_landbauer,21,1141,7,2024-06-27 19:29:27,7385267387282525472,,
501,23,udo_landbauer,36,17846,28,2024-06-27 17:35:58,7385238131378769185,,
197,5,udo_landbauer,16,4887,31,2024-06-27 17:32:41,7385237293986172193,,
61,3,werner.kogler,97,6527,4,2024-06-27 13:01:51,7385167502260604192,,
31,0,mario.kunasek,171,1072,2,2024-06-27 11:01:31,7385136482647870753,,
115,1,udo_landbauer,74,1716,7,2024-06-26 16:51:59,7384855710124887329,,
32,0,mario.kunasek,15,886,2,2024-06-26 14:14:05,7384815022192545056,,
301,79,werner.kogler,48,22343,13,2024-06-26 07:06:21,7384704758252047649,,
66,7,manuelkrautgartner,74,696,5,2024-06-25 16:49:59,7384484129015975201,,
21,0,mario.kunasek,15,874,1,2024-06-25 15:58:03,7384470744681450785,,
98,2,werner.kogler,43,3345,16,2024-06-25 10:14:56,7384382308452666656,,
115,1,udo_landbauer,45,1257,5,2024-06-25 08:46:22,7384359471167900960,,
64,1,mario.kunasek,54,1736,3,2024-06-25 07:10:17,7384334689718390048,,
136,3,udo_landbauer,44,1305,7,2024-06-24 17:13:21,7384119041570524449,,
26,0,manuelkrautgartner,15,377,2,2024-06-24 16:48:40,7384112695940746529,,
73,4,philipkucher,29,2680,1,2024-06-24 15:39:30,7384094868118785313,,
28,0,fabiennelackner,46,905,5,2024-06-23 19:12:51,7383778767510048033,,
82,0,werner.kogler,26,2804,3,2024-06-23 14:23:18,7383704154365087009,,
49,0,mario.kunasek,15,531,6,2024-06-21 15:38:19,7382981319371918625,,
69,0,claudia.klimtweithaler,41,1226,7,2024-06-21 13:55:52,7382954920971865377,,
63,0,werner.kogler,62,2098,1,2024-06-20 13:07:27,7382571356778401056,,
214,14,mario.kunasek,59,5102,16,2024-06-20 10:17:24,7382527503824407841,,
17,0,mario.kunasek,15,456,1,2024-06-20 10:05:59,7382524548631088416,,
52,1,maximiliankoellner,58,1267,2,2024-06-19 16:11:19,7382247550029434144,,
148,21,philipkucher,77,3239,13,2024-06-19 13:57:43,7382213216287329569,,
35,0,mario.kunasek,15,1001,5,2024-06-19 11:49:06,7382180059416694049,,
165,16,mario.kunasek,126,4360,10,2024-06-18 19:44:43,7381931568903769376,,
67,0,mario.kunasek,31,1210,2,2024-06-18 12:31:44,7381819981543116065,,
46,1,robertlaimer.at,50,653,2,2024-06-18 09:03:47,7381766353646144800,,
180,15,udo_landbauer,27,8065,12,2024-06-17 18:06:15,7381535107460418849,,
45,0,udo_landbauer,13,1713,0,2024-06-17 17:25:57,7381524718823705888,,
117,3,werner.kogler,65,8088,20,2024-06-17 17:11:47,7381521064565689632,,
94,3,claudia.klimtweithaler,130,611,9,2024-06-17 16:20:39,7381507878210899233,,
5151,1397,mario.kunasek,53,89609,190,2024-06-17 14:39:28,7381481815627795745,,
56,0,udo_landbauer,20,1330,2,2024-06-17 08:08:58,7381381130299165985,,
72,1,werner.kogler,63,4053,7,2024-06-17 08:05:16,7381380142985268513,,
144,1,mario.kunasek,57,3213,4,2024-06-16 18:20:57,7381167811579612449,,
160,6,udo_landbauer,162,1700,16,2024-06-16 16:53:12,7381145194311273761,,
2467,224,udo_landbauer,21,38492,186,2024-06-15 12:13:22,7380701998850526497,,
150,2,udo_landbauer,23,1750,6,2024-06-15 10:05:16,7380668988478524705,,
219,4,udo_landbauer,31,2054,11,2024-06-15 09:15:08,7380656048467758368,,
57,0,maximiliankoellner,37,1154,1,2024-06-14 13:09:26,7380345347044068641,,
134,4,mario.kunasek,51,2532,5,2024-06-14 10:59:00,7380311741453978913,,
82,6,philipkucher,93,3240,15,2024-06-14 06:53:01,7380248350479732000,,
55,3,manuelkrautgartner,21,639,0,2024-06-13 16:48:58,7380030846469770529,,
34,0,robertlaimer.at,53,552,0,2024-06-13 16:11:27,7380021181363129632,,
54,0,robertlaimer.at,235,836,1,2024-06-13 14:38:09,7379997136428993824,,
109,8,werner.kogler,58,16266,34,2024-06-13 13:01:51,7379972311711108385,,
91,1,mario.kunasek,57,1448,5,2024-06-13 12:34:31,7379965273530469665,,
69,1,fabiennelackner,37,1278,8,2024-06-12 20:21:19,7379714476985158944,,
33,0,drgudrunkugler,74,999,2,2024-06-12 17:48:04,7379674980138732833,,
3932,775,manuelkrautgartner,27,56598,163,2024-06-12 17:25:16,7379669106993155361,,
80,0,udo_landbauer,66,1069,1,2024-06-12 14:50:34,7379629232382659872,,
203,3,mario.kunasek,27,3882,5,2024-06-12 11:53:27,7379583605128858913,,
66,6,manuelkrautgartner,27,1063,3,2024-06-11 16:48:41,7379288593275145505,,
657,34,mario.kunasek,49,11495,71,2024-06-11 16:37:57,7379285828696165665,,
132,15,werner.kogler,24,8957,99,2024-06-11 12:37:09,7379223769237163296,,
126,0,mario.kunasek,56,1657,2,2024-06-10 19:20:34,7378956653162482976,,
89,1,robertlaimer.at,18,1201,1,2024-06-10 06:43:49,7378761586439146784,,
453,4,mario.kunasek,81,4675,51,2024-06-09 20:15:07,7378599619355249953,,
147,6,robertlaimer.at,26,3906,2,2024-06-09 09:27:16,7378432662471462177,,
139,5,mario.kunasek,18,2412,9,2024-06-09 02:22:42,7378323066054659360,,
156,7,mario.kunasek,53,2224,10,2024-06-08 22:59:51,7378270967774137633,,
105,0,udo_landbauer,62,1120,3,2024-06-08 08:01:38,7378039497239366944,,
52,0,werner.kogler,29,4660,18,2024-06-08 07:09:47,7378026134182628640,,
468,30,mario.kunasek,52,13209,30,2024-06-07 20:25:01,7377860011369745697,,
44,0,manuelkrautgartner,13,492,2,2024-06-06 19:03:54,7377468017283829025,,
39,1,drgudrunkugler,37,7665,8,2024-06-06 16:58:14,7377435622014766369,,
94,3,werner.kogler,71,5790,18,2024-06-06 13:01:29,7377374610192354593,,
182,5,mario.kunasek,54,2413,16,2024-06-06 11:09:04,7377345653921418529,,
76,0,udo_landbauer,59,1238,2,2024-06-06 07:51:58,7377294844500249888,,
698,26,mario.kunasek,34,6387,101,2024-06-05 12:25:45,7376994328595533089,,
71,3,sophiakircher,47,2998,1,2024-06-05 08:40:57,7376936394863758624,,
1894,75,mario.kunasek,48,50468,94,2024-06-03 18:08:25,7376340468545703200,,
44,1,werner.kogler,49,3832,0,2024-06-02 16:37:06,7375945845612694816,,
122,2,udo_landbauer,46,1455,14,2024-06-02 09:04:17,7375829150323494177,,
6,0,florian.krumboeck,18,760,0,2024-06-01 09:55:35,7375471294118169889,,
7,0,florian.krumboeck,89,1930,0,2024-05-31 21:58:54,7375286589863349536,,
30,1,manuelkrautgartner,29,518,1,2024-05-31 17:06:54,7375211358515629345,,
89,15,werner.kogler,50,9176,12,2024-05-31 08:38:23,7375080297102052640,,
90,10,udo_landbauer,40,2827,9,2024-05-30 18:43:11,7374865086407626017,,
52,3,werner.kogler,77,4259,31,2024-05-30 12:59:05,7374776407253191968,,
81,8,claudia.klimtweithaler,88,381,0,2024-05-30 08:20:19,7374704575556619552,,
70,0,udo_landbauer,121,1391,4,2024-05-29 14:41:48,7374431793790864672,,
13,0,eligoetze,59,590,3,2024-06-27 16:20:12,7385218605996199201,,
632,14,hafenecker,282,7403,116,2024-06-27 06:05:31,7385060144956149025,,
16,1,mariohaas0,29,793,0,2024-06-26 14:17:38,7384815952669510945,,
28,1,eligoetze,59,1782,17,2024-06-26 13:38:26,7384805834980707616,,
116,5,patrickhaslwanter,28,2374,14,2024-06-26 10:30:03,7384756949218348320,,
14,5,eligoetze,53,948,5,2024-06-25 12:30:03,7384417131376479520,,
56,1,natalie.hangoebl,50,1106,2,2024-06-25 07:47:44,7384344347879165217,,
780,38,hafenecker,289,11087,80,2024-06-25 05:37:32,7384310733841976609,,
22,0,eligoetze,58,923,10,2024-06-24 09:58:21,7384006935227518241,,
14,0,eligoetze,48,767,18,2024-06-24 09:00:05,7383991920369945888,,
21,2,eligoetze,51,781,2,2024-06-24 08:56:24,7383990976462785825,,
837,28,hafenecker,141,7893,66,2024-06-23 05:45:27,7383570599240535329,,
41,1,eligoetze,40,951,32,2024-06-21 15:18:34,7382976232025001249,,
30,1,patrickhaslwanter,367,910,1,2024-06-21 13:13:35,7382943996009516320,,
137,21,gangandreas,31,5707,2,2024-06-21 07:37:57,7382857522937335072,,
38,0,eligoetze,49,3406,118,2024-06-20 19:16:58,7382666568905411873,,
660,175,gangandreas,44,41417,13,2024-06-20 15:42:34,7382611314717281569,,
990,74,hafenecker,493,18820,116,2024-06-20 07:48:35,7382489145832213793,,
85,3,natalie.hangoebl,67,2370,4,2024-06-18 12:22:32,7381817603276295457,,
550,17,hafenecker,298,6840,49,2024-06-18 06:20:32,7381724298093858080,,
61,3,gangandreas,53,1651,4,2024-06-17 21:55:29,7381594174035905825,,
298,30,gangandreas,172,14817,42,2024-06-17 16:53:14,7381516283868695841,,
56,0,nicolefeursteinhosp,34,1112,3,2024-06-17 15:21:16,7381492583681297696,,
397,10,hafenecker,201,6725,27,2024-06-16 06:17:28,7380981340054752544,,
1308,238,gangandreas,27,19576,494,2024-06-15 16:03:18,7380761235983224096,,
166,8,gangandreas,158,4148,1,2024-06-15 11:02:38,7380683771521010977,,
19,0,nicolefeursteinhosp,14,889,0,2024-06-14 19:34:37,7380444612730572064,,
199,19,peter_hacker,11,12702,21,2024-06-14 17:11:31,7380407745301744928,,
195,2,patrickhaslwanter,102,3329,5,2024-06-14 15:51:05,7380386467916336416,,
62,10,lukas_hammer_tugendhat,65,991,3,2024-06-14 11:48:27,7380324476841512225,,
25,0,nicolefeursteinhosp,46,961,1,2024-06-14 05:25:23,7380225752110763297,,
83,2,nicolefeursteinhosp,27,1045,4,2024-06-10 13:41:56,7378869382916656416,,
109,6,natalie.hangoebl,71,3068,13,2024-06-10 10:13:55,7378815769917803808,,
65,3,geistlerluca,40,1927,0,2024-06-09 19:39:26,7378590440456506657,,
223,7,gangandreas,41,6389,10,2024-06-09 17:34:05,7378558131355372833,,
444,60,gangandreas,138,22328,86,2024-06-09 15:07:50,7378520441876450593,,
727,39,diegamon,8,7950,3,2024-06-09 07:11:42,7378397709830458656,,
23,1,nicolefeursteinhosp,63,909,2,2024-06-09 07:09:04,7378397031062048033,,
86,0,nicolefeursteinhosp,18,980,1,2024-06-08 21:57:40,7378254964394642721,,
12,1,mariohaas0,49,832,1,2024-06-08 18:50:56,7378206843451100448,,
87,5,gangandreas,36,1644,0,2024-06-08 13:36:40,7378125865483259169,,
663,6,hafenecker,62,10034,48,2024-06-08 07:00:27,7378023736714251552,,
291,3,nicolefeursteinhosp,61,2646,37,2024-06-07 14:35:43,7377769994504981793,,
697,492,patrickhaslwanter,51,36281,219,2024-06-07 13:58:10,7377759703301917985,,
47,0,eligoetze,31,833,2,2024-06-07 11:02:22,7377715018860662048,,
245,4,lukas_hammer_tugendhat,47,11022,72,2024-06-07 07:48:00,7377664908156063008,,
117,5,diegamon,7,5148,48,2024-06-07 07:28:32,7377659901318876448,,
529,17,hafenecker,393,6890,83,2024-06-07 07:00:40,7377652717298273568,,
92,7,gangandreas,80,4881,10,2024-06-07 04:49:13,7377618831113538849,,
88,1,der.gasser,45,1851,0,2024-06-06 17:30:06,7377443842225638688,,
361,13,diegamon,7,6188,15,2024-06-06 11:03:44,7377344279858908448,,
24,0,mariohaas0,13,1749,0,2024-06-06 10:33:02,7377336370496326944,,
84,2,lukas_hammer_tugendhat,37,3911,17,2024-06-06 09:52:45,7377325986578173217,,
203,1,hafenecker,527,2447,4,2024-06-06 06:07:33,7377267953034628385,,
64,0,gangandreas,8,811,5,2024-06-05 21:00:39,7377127025452043552,,
1018,93,hafenecker,11,20271,79,2024-06-05 07:02:52,7376911115810344224,,
129,3,geistlerluca,37,1661,9,2024-06-05 04:49:55,7376876834027310369,,
96,3,gangandreas,28,1644,3,2024-06-04 16:48:55,7376691008752323873,,
147,8,diegamon,75,5596,11,2024-06-04 09:03:20,7376571070171696417,,
331,15,hafenecker,338,4457,16,2024-06-04 07:00:34,7376539436487609633,,
28110,3197,patrickhaslwanter,219,446137,636,2024-06-03 14:42:27,7376286320399863073,,
42,3,patrickhaslwanter,40,2006,21,2024-06-03 10:41:28,7376224421679271201,,
89,3,diegamon,11,2771,4,2024-06-03 09:21:14,7376204579320384800,,
95,3,hafenecker,450,774,5,2024-06-03 06:07:30,7376154622739729696,,
382,13,hafenecker,324,4698,55,2024-06-01 07:00:23,7375426120335789345,,
44,3,gangandreas,8,1556,7,2024-05-31 20:19:19,7375260945704127776,,
901,26,hafenecker,258,12193,71,2024-05-31 07:11:30,7375057880065592609,,
106,9,gangandreas,14,4140,6,2024-05-30 11:29:10,7374753230338755873,,
104,3,helmut.brandstaetter,64,2356,75,2024-06-27 07:41:39,7385084955015105824,,
58,0,thantlinger,7,1990,1,2024-06-26 19:44:24,7384900153431362849,,
124,5,joachimaigner27,20,1215,5,2024-06-25 16:50:28,7384484254962470177,,
63,3,cbitschi,54,1673,1,2024-06-25 16:49:55,7384484107025173792,,
160,3,andibabler,19,2229,5,2024-06-24 19:00:40,7384146712593485088,,
25,0,joachimaigner27,38,791,1,2024-06-24 16:49:39,7384112950191181088,,
375,113,andibabler,47,26437,57,2024-06-24 13:14:29,7384057492088687905,,
1395,98,markusabwerzger,86,13380,259,2024-06-22 15:30:36,7383350401053084961,,
146,0,andibabler,0,1555,8,2024-06-21 14:00:10,7382956024568859937,,
37,12,martinaberthold,16,560,2,2024-06-21 09:56:47,7382893301109722400,,
353,17,andibabler,48,12678,31,2024-06-19 15:09:31,7382231682021149985,,
153,4,andibabler,46,3022,12,2024-06-19 12:33:37,7382191494486150432,,
124,1,andibabler,22,1688,4,2024-06-18 17:07:04,7381890376136772897,,
131,0,andibabler,33,1987,7,2024-06-18 14:09:26,7381845148566670625,,
47,1,cbitschi,41,934,0,2024-06-18 13:19:41,7381832331155279137,,
847,76,markusabwerzger,84,11628,127,2024-06-18 08:52:46,7381763543743384864,,
692,19,andibabler,45,12636,80,2024-06-17 12:36:24,7381450066302717216,,
175,2,andibabler,76,2469,3,2024-06-17 07:48:29,7381375499760667937,,
46,2,cbitschi,22,1183,1,2024-06-16 17:21:10,7381152404890307872,,
27,2,reinhold_binder,114,795,0,2024-06-15 11:25:57,7380689758411935008,,
17,0,katrinauer_steyr,28,588,0,2024-06-14 20:56:20,7380465680203697440,,
110,4,andibabler,15,1336,2,2024-06-14 11:26:26,7380318811641105697,,
12,0,katrinauer_steyr,34,184,0,2024-06-13 16:48:04,7380030617792072993,,
29,0,reinhold_binder,20,1799,0,2024-06-13 14:02:28,7379987934059040032,,
132,12,andibabler,49,1635,6,2024-06-13 11:38:30,7379950829186420001,,
204,40,joachimaigner27,31,3193,16,2024-06-12 17:26:34,7379669441862307105,,
581,36,andibabler,34,17055,44,2024-06-12 14:22:20,7379621420646616352,,
112,26,cbitschi,80,8618,3,2024-06-12 12:00:43,7379585415952551200,,
76,5,joachimaigner27,19,1260,3,2024-06-11 16:50:51,7379289162446294305,,
569,23,markusabwerzger,66,13393,45,2024-06-10 17:46:26,7378932396374166816,,
474,47,andibabler,70,22768,26,2024-06-09 20:46:05,7378607592404192545,,
133,14,thantlinger,16,4845,74,2024-06-09 11:34:25,7378465431591374113,,
99,3,helmut.brandstaetter,57,1619,15,2024-06-08 08:37:25,7378048588292689185,,
17,0,claudia.arpa,35,749,1,2024-06-08 05:03:52,7377993691237010721,,
14,0,claudia.arpa,15,812,1,2024-06-07 21:47:13,7377881178940001569,,
89,0,cbitschi,32,1165,3,2024-06-07 15:39:14,7377786369625574689,,
86,2,helmut.brandstaetter,59,1533,0,2024-06-07 12:12:19,7377733045249396001,,
188,8,andibabler,27,2616,23,2024-06-07 11:44:27,7377725326211796257,,
150,14,joachimaigner27,85,3770,17,2024-06-06 18:32:25,7377459913951350048,,
75,1,helmut.brandstaetter,42,2576,46,2024-06-06 14:51:36,7377402981479746849,,
111,2,erwin_angerer,66,1086,23,2024-06-06 14:25:52,7377396352491310368,,
41,0,helmut.brandstaetter,54,857,0,2024-06-06 11:50:42,7377356388873276704,,
43,0,helmut.brandstaetter,13,1335,0,2024-06-05 16:14:46,7377053358542114081,,
71,0,helmut.brandstaetter,90,1281,1,2024-06-03 18:26:44,7376345183866211617,,
202,5,andibabler,45,3080,14,2024-06-03 17:20:59,7376327430027349281,,
37,1,joachimaigner27,24,978,0,2024-06-03 16:48:51,7376319960315858209,,
19,9,martinaberthold,35,383,0,2024-06-03 13:52:30,7376274503317392673,,
105,7,helmut.brandstaetter,94,2283,0,2024-06-02 16:55:06,7375950484349209888,,
241,14,andibabler,53,2799,15,2024-06-01 13:34:27,7375527693523111201,,
250,44,helmut.brandstaetter,55,17776,185,2024-06-01 11:06:02,7375489436060077345,,
119,11,joachimaigner27,26,11212,74,2024-05-31 17:08:16,7375211712191958305,,
133,3,andibabler,17,1704,2,2024-05-31 14:23:54,7375169347884485921,,
190,3,markusabwerzger,39,2131,9,2024-05-30 13:35:24,7374785769283521825,,
230,14,andibabler,54,2680,20,2024-05-29 17:46:18,7374479342610468129,,
583,42,markusabwerzger,55,12021,45,2024-05-29 07:51:07,7374325909802798369,,
199,9,helmut.brandstaetter,56,8715,1,2024-05-29 06:53:01,7374310922237611296,,
87,5,spoe_at,22,2557,6,2024-05-28 15:44:41,7374076278380432673,,
76,2,neos_eu,30,2249,46,2024-05-28 14:06:18,7374051555340766497,,
37,3,diegruenenvorarlberg,68,2243,3,2024-05-28 10:53:12,7374001799486803233,,
32,0,neos_eu,0,1319,2,2024-05-28 10:03:39,7373989015235710240,,
226,7,spoe_at,36,6309,20,2024-05-28 06:25:52,7373932825214586144,,
26,1,wienervp,80,1462,7,2024-05-27 16:19:12,7373714716520156448,,
804,85,spoe_at,9,35075,51,2024-05-27 17:30:00,7373710736738012448,,
63,1,diegruenenaustria,10,1407,6,2024-05-27 14:54:23,7373692858278186273,,
1785,77,fpoe_at,52,21700,106,2024-05-27 13:55:36,7373677703242796321,,
1685,96,spoe_at,53,24412,16,2024-05-27 10:29:06,7373623456119688481,,
4016,178,fpoe_at,33,52447,152,2024-05-27 09:45:24,7373612205876546848,,
66,2,diegruenenaustria,61,1437,7,2024-05-26 15:35:14,7373332306930584865,,
60,3,diegruenenaustria,21,1392,2,2024-05-26 12:00:26,7373276957791751457,,
1077,73,spoe_at,83,19943,8,2024-05-26 08:57:22,7373229773285297441,,
58,4,diegruenenaustria,35,1900,18,2024-05-25 12:00:28,7372905879571565856,,
42,3,neos_eu,52,1827,10,2024-05-25 07:35:14,7372837494968077601,,
81,1,diegruenenaustria,36,3439,15,2024-05-24 16:48:02,7372608895262444833,,
49,2,neos_eu,59,1520,18,2024-05-24 13:01:37,7372550547032821025,,
458,31,fpoe_at,28,10293,23,2024-05-24 12:12:53,7372537988011527456,,
18,1,diegruenenwien,22,1287,4,2024-05-24 11:18:55,7372524077342362912,,
406,74,spoe_at,8,10945,77,2024-05-24 11:15:57,7372523310997097761,,
46,2,neos_eu,93,1542,6,2024-05-23 15:30:08,7372217728138087713,,
446,11,fpoe_at,42,8372,31,2024-05-23 11:53:12,7372161065141931297,,
31,2,neos_eu,65,1599,25,2024-05-23 11:11:18,7372151038368812320,,
91,62,spoe.wien,34,2027,3,2024-05-23 08:13:12,7372105132739218721,,
128,15,diegruenenaustria,61,4242,5,2024-05-23 07:28:18,7372093564722892064,,
78,4,neos_eu,69,2926,10,2024-05-22 16:15:56,7371858453649837344,,
186,17,neos_wien,13,3554,4,2024-05-22 15:15:52,7371842980757490976,,
643,44,fpoe_at,40,10367,19,2024-05-22 12:26:23,7371797966207667488,,
20,1,wienervp,28,1398,2,2024-05-22 09:31:34,7371754234674433312,,
508,11,fpoe_at,35,11252,18,2024-05-21 15:36:47,7371477288241597728,,
92,4,diegruenenaustria,48,2425,28,2024-05-21 12:19:37,7371426452354518305,,
456,9,fpoe_at,99,7223,29,2024-05-21 12:03:15,7371421170576510241,,
27,1,wienervp,84,1054,3,2024-05-21 11:25:43,7371412565240466720,,
349,22,fpoe_wien,55,6609,26,2024-05-21 09:46:07,7371386889334476065,,
3393,222,spoe_at,71,54147,60,2024-05-21 09:17:53,7371378619702168865,,
263,10,neos_eu,51,10194,62,2024-05-19 11:25:29,7370670356081708320,,
950,31,fpoe_at,45,12954,60,2024-05-19 10:35:09,7370655881698020641,,
19,0,wienervp,44,1185,1,2024-05-19 07:14:12,7370605549643173153,,
177,3,diegruenenaustria,32,3148,8,2024-05-19 07:00:57,7370602144312937761,,
16,2,wienervp,40,1089,4,2024-05-18 17:21:21,7370390972217249057,,
46,0,diegruenenaustria,32,1606,1,2024-05-18 16:14:42,7370373804675058976,,
138,6,fpoe.tirol,77,2245,8,2024-05-18 11:33:45,7370301395326618913,,
2606,247,spoe_at,23,35122,16,2024-05-18 10:34:35,7370286156639915297,,
133,6,fpoe_wien,64,3817,8,2024-05-18 10:20:12,7370282432479726880,,
273,60,diegruenenaustria,46,11483,58,2024-05-18 07:05:03,7370232119584476449,,
8430,819,fpoe_at,215,165123,317,2024-05-17 11:18:44,7369926392533814561,,
59,3,neos_eu,40,3025,35,2024-05-16 16:59:07,7369643078799412512,,
1005,22,fpoe_at,118,17413,58,2024-05-16 15:06:32,7369612941118786849,,
33,3,fpoe_wien,53,2283,4,2024-05-16 13:44:46,7369592984993565984,,
13,1,diegruenenvorarlberg,19,823,0,2024-05-16 12:20:22,7369571224009100576,,
52,0,diegruenenaustria,0,1501,6,2024-05-16 11:47:53,7369562849330400544,,
99,5,fpoe.tirol,43,2044,4,2024-05-16 10:54:57,7369549215279680800,,
50,1,neos_wien,10,1589,5,2024-05-16 09:20:53,7369524942905347361,,
186,4,diegruenenaustria,50,10240,31,2024-05-15 16:02:31,7369257403088424225,,
46,1,neos_eu,43,1258,36,2024-05-15 14:30:28,7369233669065657633,,
111,5,neos_wien,27,9316,5,2024-05-15 13:13:47,7369213897766751520,,
1664,113,fpoe_at,56,23906,90,2024-05-15 12:46:29,7369206824731512096,,
8,2,diegruenenvorarlberg,35,872,3,2024-05-15 10:43:24,7369175155894963488,,
376,20,neos_eu,127,8255,85,2024-05-15 08:34:12,7369141828156706081,,
808,51,spoe_at,0,21417,36,2024-05-14 12:09:34,7368826286476692768,,
4769,677,fpoe_at,84,37167,386,2024-05-14 12:08:41,7368825998843923745,,
90,0,neos_eu,6,2529,28,2024-05-14 11:29:29,7368815951837465888,,
11,0,wienervp,48,1135,1,2024-05-13 16:04:55,7368515843996585248,,
1165,30,fpoe_at,31,23863,83,2024-05-13 13:56:02,7368482572625661217,,
62,2,neos_eu,84,1897,18,2024-05-13 05:45:00,7368356062052748577,,
1339,126,fpoe_at,134,21195,55,2024-05-12 13:14:39,7368100884774964513,,
50,0,neos_eu,6,1833,0,2024-05-12 11:20:01,7368071349060865312,,
117,5,neos_eu,77,2928,13,2024-05-12 08:21:40,7368025376041225505,,
37,5,neos_wien,69,1858,1,2024-05-11 14:03:40,7367742432332483873,,
34,0,wienervp,144,1027,2,2024-05-11 13:43:35,7367737250492255521,,
599,13,fpoe_at,51,7795,38,2024-05-11 10:45:10,7367691287656418592,,
99,3,diegruenenaustria,30,1849,17,2024-05-11 09:26:45,7367671071358586145,,
55,4,neos_eu,102,1685,5,2024-05-11 07:16:21,7367637426103176480,,
70,3,neos_wien,17,1423,0,2024-05-10 17:50:23,7367429769853504801,,
17,1,wienervp,41,1160,3,2024-05-10 16:44:26,7367412785514286369,,
267,5,fpoe_wien,26,4618,18,2024-05-10 15:52:37,7367399426643545376,,
110,2,diegruenenaustria,27,1902,13,2024-05-10 12:47:16,7367351664887598368,,
300,41,spoe.wien,83,8846,8,2024-05-10 12:20:13,7367344692876283169,,
147,1,fpoe.tirol,33,2886,4,2024-05-10 09:07:41,7367295069210053920,,
32,4,diegruenenvorarlberg,89,1594,10,2024-05-09 11:41:56,7366963740211711264,,
4,0,neos_wien,0,204,0,2024-05-08 14:49:29,7366640978536434977,,
14,0,diegruenenvorarlberg,91,1979,12,2024-05-08 11:53:16,7366595566551256353,,
29,2,neos_eu,67,1437,0,2024-05-08 11:44:29,7366593308774124832,,
1340,117,fpoe_at,107,45738,615,2024-05-08 09:44:52,7366561307509673249,,
108,0,fpoe.tirol,56,2183,6,2024-05-08 08:57:57,7366550384329985313,,
59,3,neos_eu,26,2585,34,2024-05-07 18:33:58,7366327746403814688,,
1483,478,fpoe_at,52,40800,249,2024-05-07 15:46:27,7366283546035604769,,
104,5,neos_wien,7,2850,7,2024-05-07 15:06:27,7366274274493091104,,
40,1,neos_eu,0,1916,26,2024-05-07 11:05:52,7366212268863868193,,
54,2,fpoe.tirol,73,1934,2,2024-05-07 10:44:29,7366206764460592417,,
66,4,diegruenenwien,59,2417,11,2024-05-07 10:06:24,7366196950284143905,,
129,15,neos_wien,17,3100,1,2024-05-06 15:13:13,7365904926163094816,,
138,2,diegruenenaustria,0,9368,19,2024-05-06 14:49:50,7365898896545008929,,
70,3,wienervp,58,3008,10,2024-05-06 14:35:20,7365895166730734880,,
2807,81,fpoe_at,114,69931,207,2024-05-06 12:29:33,7365861988116876576,,
93,3,diegruenenaustria,0,4183,11,2024-05-05 14:52:23,7365528475341507873,,
5,0,wienervp,124,205,0,2024-05-04 21:38:57,7365262165751696672,,
95,2,neos_wien,18,1971,12,2024-05-04 11:56:53,7365112159019355425,,
10,1,diegruenenwien,48,921,1,2024-05-03 17:39:28,7364829366083210528,,
60,10,spoe_at,0,1937,2,2024-05-03 16:14:18,7364807416409623840,,
97,4,diegruenenaustria,28,1519,8,2024-05-03 12:32:11,7364750172649196832,,
189,9,diegruenenaustria,37,8128,27,2024-05-03 06:50:09,7364661993388690720,,
40,1,neos_eu,81,1491,5,2024-05-03 05:25:16,7364640090334760224,,
57,14,neos_eu,70,2995,31,2024-05-02 15:22:40,7364423020619779361,,
1406,161,fpoe_at,120,26755,117,2024-05-02 12:37:18,7364378896118156577,,
4667,372,fpoe_at,37,50524,304,2024-05-02 09:43:17,7364334253133352225,,
9,1,diegruenenwien,69,906,0,2024-05-02 07:03:25,7364294317327895840,,
4228,455,fpoe_at,75,98995,174,2024-05-01 13:31:07,7364022074265832737,,
229,57,spoe.wien,51,9287,12,2024-05-01 12:17:14,7364004160615861536,,
136,16,diegruenenaustria,35,4261,16,2024-05-01 11:43:11,7363995374748716321,,
9,0,diegruenenvorarlberg,21,386,1,2024-05-01 09:01:28,7363953710671645985,,
118,4,neos_eu,8,3129,70,2024-05-01 08:19:04,7363942765446597921,,
72,16,diegruenenwien,21,7556,124,2024-04-30 15:39:29,7363685191866404128,,
38,0,neos_wien,11,922,1,2024-04-30 14:47:58,7363671904743427361,,
35,0,wienervp,52,1084,28,2024-04-30 14:43:04,7363670632527170848,,
31,2,diegruenenaustria,57,1168,0,2024-04-30 11:38:27,7363623060156452128,,
547,12,fpoe_at,20,10271,30,2024-04-30 11:15:17,7363615953961110816,,
76,2,diegruenenwien,32,964,14,2024-04-30 09:52:27,7363595737763941665,,
29,2,neos_wien,17,655,1,2024-04-29 14:47:41,7363300753349283105,,
78,5,neos_eu,6,2886,36,2024-04-29 14:33:12,7363297006598638880,,
423,85,spoe_at,10,10570,22,2024-04-29 13:49:21,7363285713632202016,,
121,8,diegruenenaustria,32,6954,26,2024-04-29 13:22:20,7363278749996977440,,
30,3,diegruenenwien,27,869,17,2024-04-29 11:49:42,7363254802601512224,,
985,363,fpoe_at,55,21280,140,2024-04-29 10:33:20,7363233992092552480,,
110,5,olgavoglauer,44,9641,17,2024-05-28 17:31:47,7374104518348246304,,
61,2,olgavoglauer,36,6791,13,2024-05-28 06:02:09,7373926757268720929,,
878,19,haraldvilimsky,34,17580,14,2024-05-27 13:51:57,7373676777731869984,,
90,1,thomas_waitz,21,1724,2,2024-05-27 12:26:55,7373654862866681120,,
279,10,haraldvilimsky,32,3410,13,2024-05-27 11:06:42,7373634174172892448,,
45,3,olgavoglauer,46,5721,9,2024-05-27 10:32:35,7373625376054005025,,
431,10,tho_weber,0,19645,129,2024-05-27 07:46:02,7373582463001496864,,
90,2,thomas_waitz,24,1790,9,2024-05-24 12:26:50,7372541560681975073,,
292,9,haraldvilimsky,99,4363,24,2024-05-24 10:07:26,7372505627920272672,,
111,1,tho_weber,58,2407,2,2024-05-24 07:10:52,7372460134968118560,,
128,3,ines.vukajlovic,0,7356,26,2024-05-23 15:46:17,7372221898349940000,,
48,0,olgavoglauer,20,4612,6,2024-05-23 12:00:56,7372163820309073184,,
36,1,chriswiederkehr,37,1417,1,2024-05-23 09:58:17,7372132213481032992,,
73,5,tho_weber,57,2594,1,2024-05-23 07:09:07,7372088612206267681,,
17,0,dietomaselli,84,960,1,2024-05-22 14:43:34,7371834644334955808,,
139,3,thomas_waitz,27,3694,7,2024-05-22 12:29:26,7371800075401547040,,
277,7,haraldvilimsky,35,4541,11,2024-05-22 07:31:54,7371723366010555681,,
121,0,tho_weber,43,1771,8,2024-05-22 05:07:05,7371686071148547360,,
50,1,philip.wohlgemuth,7,934,3,2024-05-21 19:29:19,7371537211893796129,,
14,0,chriswiederkehr,10,708,0,2024-05-21 10:35:40,7371399663603191072,,
124,1,thomas_waitz,31,2151,17,2024-05-20 13:49:19,7371078502684151073,,
145,1,haraldvilimsky,29,2502,7,2024-05-20 13:40:48,7371076300598971681,,
133,1,tho_weber,0,2831,3,2024-05-20 08:52:50,7371002080007408929,,
365,22,haraldvilimsky,45,5813,14,2024-05-19 12:15:02,7370683113451572512,,
47,1,chriswiederkehr,22,1687,1,2024-05-19 06:23:30,7370592480779144480,,
68,0,philip.wohlgemuth,10,974,0,2024-05-19 06:21:16,7370591880263863584,,
17,0,chriswiederkehr,85,1002,0,2024-05-19 06:17:34,7370590955302391073,,
91,2,haraldvilimsky,13,1732,3,2024-05-18 10:58:33,7370292315203702048,,
254,4,thomas_waitz,35,4592,46,2024-05-17 12:30:46,7369944997589699872,,
130,4,tho_weber,130,2785,7,2024-05-17 06:01:52,7369844777564589344,,
14,0,dietomaselli,88,806,0,2024-05-16 18:05:17,7369660132587818273,,
17,0,philip.wohlgemuth,49,729,0,2024-05-16 13:08:59,7369583751099125025,,
478,6,haraldvilimsky,40,5989,33,2024-05-16 09:05:51,7369521085177416993,,
658,55,ines.vukajlovic,87,13533,13,2024-05-15 18:48:15,7369300118631124257,,
58,1,philip.wohlgemuth,38,1876,0,2024-05-15 13:29:57,7369218087536577825,,
148,3,thomas_waitz,30,6637,93,2024-05-15 13:21:49,7369215994004262176,,
840,74,haraldvilimsky,35,17489,51,2024-05-14 16:37:36,7368895359239671073,,
248,16,haraldvilimsky,65,5746,10,2024-05-13 19:21:59,7368566640407104800,,
189,2,thomas_waitz,28,3459,72,2024-05-13 12:33:29,7368461344502287649,,
111,3,haraldvilimsky,45,1710,4,2024-05-13 07:40:34,7368385855016144161,,
665,35,haraldvilimsky,134,10394,26,2024-05-13 06:43:09,7368371048640793889,,
227,8,haraldvilimsky,51,2996,12,2024-05-12 16:02:31,7368144135733218593,,
153,1,tho_weber,0,2293,2,2024-05-12 09:23:40,7368041353013464353,,
268,6,haraldvilimsky,77,2734,10,2024-05-11 18:43:44,7367814618959383840,,
369,10,haraldvilimsky,38,5080,9,2024-05-11 11:23:32,7367701163086548257,,
155,4,thomas_waitz,36,4738,64,2024-05-10 12:45:24,7367351185969270049,,
315,2,tho_weber,40,9544,180,2024-05-09 08:02:34,7366907206526078241,,
1836,1034,marco.triller,55,78761,80,2024-05-08 16:04:16,7366660255431937312,,
1494,18,thomas_waitz,37,11160,71,2024-05-08 12:32:04,7366605568280169760,,
533,25,haraldvilimsky,51,5209,12,2024-05-07 09:44:22,7366191270257118496,,
76,3,thomas_waitz,68,1238,9,2024-05-06 12:29:15,7365862661122182432,,
200,16,haraldvilimsky,15,2684,7,2024-05-06 11:18:27,7365844416180833569,,
108,2,haraldvilimsky,32,1631,8,2024-05-05 14:20:31,7365520258385415456,,
363,20,haraldvilimsky,48,3729,16,2024-05-05 07:39:49,7365417003105979680,,
76,3,thomas_waitz,44,3099,26,2024-05-03 12:26:36,7364748721315269921,,
20,0,philip.wohlgemuth,47,887,0,2024-05-02 15:02:43,7364417879829138721,,
555,35,haraldvilimsky,75,7734,26,2024-05-02 12:41:39,7364381527687302432,,
75,2,thomas_waitz,35,1465,8,2024-05-01 12:41:30,7364010402381860128,,
108,0,tho_weber,10,2242,0,2024-05-01 06:39:58,7363917204770884896,,
24,4,philip.wohlgemuth,126,1368,1,2024-04-30 13:03:50,7363645060979674401,,
14,0,olgavoglauer,32,1101,2,2024-04-30 12:57:18,7363643384545742113,,
193,5,haraldvilimsky,60,2373,14,2024-04-30 10:14:59,7363601539610529057,,
15,0,philip.wohlgemuth,19,805,0,2024-04-29 16:55:37,7363333716061605153,,
38,2,thomas_waitz,47,1345,3,2024-04-29 12:34:14,7363266350761970976,,
6141,525,christophsteinerfpoe,115,69304,231,2024-05-28 15:16:16,7374069592219454752,,
33,0,anna.gkh,90,1306,23,2024-05-28 09:29:31,7373980230274272544,,
17,0,jakobcschwarz,46,998,0,2024-05-28 09:20:15,7373977809246555424,,
1801,34,christophsteinerfpoe,44,37025,49,2024-05-27 20:34:22,7373780479067163937,,
8,0,rudi_silvan,0,1258,1,2024-05-27 16:50:35,7373722806988606752,,
893,4,christophsteinerfpoe,28,16622,20,2024-05-27 14:36:38,7373688289808633120,,
77,1,anna.gkh,164,1232,3,2024-05-27 11:48:45,7373645025600638240,,
52,2,anna.gkh,15,2556,19,2024-05-26 18:04:45,7373370839254748448,,
69,0,anna.gkh,7,984,10,2024-05-26 11:10:25,7373264060936162593,,
128,1,anna.gkh,15,3082,15,2024-05-25 11:24:15,7372896542845422880,,
920,22,christophsteinerfpoe,37,17328,32,2024-05-25 08:36:19,7372853268742933793,,
5051,162,yannickshetty,79,101466,127,2024-05-24 14:05:56,7372567115443850529,,
415,23,yannickshetty,7,9129,12,2024-05-24 13:56:37,7372564730751257888,,
85,0,anna.gkh,11,1250,10,2024-05-24 13:53:11,7372563837402238241,,
76,0,anna.gkh,44,2182,69,2024-05-24 10:52:04,7372517156761767200,,
984,24,yannickshetty,81,15446,56,2024-05-23 20:19:45,7372292368868986144,,
29,0,anna.gkh,8,366,1,2024-05-23 14:23:19,7372200504711073057,,
20,0,anna.gkh,94,929,4,2024-05-23 12:22:40,7372169428303121696,,
12737,1435,anna.gkh,64,97334,347,2024-05-22 17:57:42,7371884676794912032,,
2129,92,christophsteinerfpoe,28,23358,56,2024-05-22 16:35:00,7371863374184877345,,
193,8,yannickshetty,50,3915,32,2024-05-21 16:23:07,7371489235603393824,,
49,0,anna.gkh,86,1345,13,2024-05-21 14:46:49,7371464392648527136,,
4,0,rudi_silvan,9,878,0,2024-05-19 14:12:39,7370713428815596832,,
153,8,anna.gkh,97,4601,66,2024-05-19 12:43:03,7370690341545970977,,
11,0,rudi_silvan,42,837,6,2024-05-19 11:36:57,7370673310914366752,,
25640,2348,yannickshetty,91,234940,386,2024-05-19 14:00:00,7370645247111548193,,
60,1,anna.gkh,10,1051,3,2024-05-18 13:37:01,7370333160472694049,,
24,0,rudi_silvan,42,664,22,2024-05-17 14:01:29,7369968290099252512,,
47,0,anna.gkh,42,1509,23,2024-05-17 13:44:35,7369964026610060577,,
571,6,yannickshetty,69,9475,42,2024-05-17 10:00:00,7369891711956356384,,
35,0,anna.gkh,102,4102,3,2024-05-17 08:22:01,7369880892149452064,,
1048,89,petra.steger,561,13424,103,2024-05-17 07:05:23,7369861152085445921,,
842,68,petra.steger,154,15112,161,2024-05-16 20:42:15,7369700576705203489,,
180,19,rudi_silvan,0,21472,51,2024-05-16 18:04:00,7369659804635106592,,
121,1,anna.gkh,50,1930,16,2024-05-16 12:26:38,7369572842943286561,,
155,4,petra.steger,401,2340,6,2024-05-16 09:53:53,7369533459846417696,,
0,0,rudi_silvan,0,75,0,2024-05-16 08:07:06,7369505937394044193,,
1603,51,christophsteinerfpoe,72,21224,73,2024-05-15 16:02:41,7369257438643506464,,
57,2,anna.gkh,83,1147,14,2024-05-15 14:10:06,7369228415058087200,,
41,0,anna.gkh,129,716,5,2024-05-15 11:47:07,7369191566495255841,,
248,10,petra.steger,624,2866,21,2024-05-15 11:23:26,7369185461094468897,,
2,0,rudi_silvan,0,394,0,2024-05-15 10:03:45,7369164917808663841,,
111,5,rudi_silvan,0,7689,50,2024-05-15 09:58:44,7369163614588128545,,
236,12,petra.steger,84,2664,8,2024-05-14 15:35:54,7368879463884426529,,
60,8,anna.gkh,228,897,9,2024-05-14 12:00:22,7368823912945306912,,
10,1,rudi_silvan,41,409,2,2024-05-14 10:35:35,7368802072419945760,,
4061,247,christophsteinerfpoe,99,57068,138,2024-05-13 16:25:10,7368521075367365921,,
15,1,anna.gkh,33,974,2,2024-05-13 12:56:49,7368467370626518304,,
66,4,jakobcschwarz,67,2715,15,2024-05-12 18:58:08,7368189416344423713,,
394,9,petra.steger,711,4029,34,2024-05-11 20:56:33,7367848771650063649,,
34,0,anna.gkh,64,960,8,2024-05-11 19:12:43,7367822074620038432,,
4,1,rudi_silvan,10,355,0,2024-05-11 18:33:04,7367811857979133216,,
123,0,petra.steger,17,2060,10,2024-05-11 17:45:10,7367799518303178016,,
13474,2050,christophsteinerfpoe,63,180126,611,2024-05-10 16:23:00,7367407259225296160,,
519,4,christophsteinerfpoe,0,12539,19,2024-05-09 15:36:12,7367024106069429537,,
633,53,andreas_spanring,36,11707,73,2024-05-09 13:04:01,7366984897665191200,,
25,0,anna.gkh,9,254,1,2024-05-09 08:17:37,7366911081391983905,,
105,4,anna.gkh,12,1212,1,2024-05-09 08:15:55,7366910649164680481,,
18,1,rudi_silvan,10,1118,11,2024-05-09 05:57:04,7366874856320666913,,
38,0,petra.steger,11,1073,0,2024-05-08 19:38:08,7366715375171423521,,
41,1,anna.gkh,28,1049,1,2024-05-08 15:05:36,7366645131820289313,,
108,3,yannickshetty,83,3057,32,2024-05-10 14:00:00,7366593009313385760,,
1679,24,yannickshetty,76,21227,115,2024-05-08 14:00:00,7366580785702325536,,
455,16,yannickshetty,55,7891,86,2024-05-07 15:05:26,7366274015826103584,,
250,6,yannickshetty,89,4583,23,2024-05-07 14:05:50,7366258662119066913,,
174,9,anna.gkh,34,4959,68,2024-05-07 13:01:31,7366242080198233377,,
30,0,jakobcschwarz,57,1364,0,2024-05-07 08:07:44,7366166357282458913,,
45,0,anna.gkh,0,1588,3,2024-05-06 18:28:53,7365955355353943328,,
1377,29,christophsteinerfpoe,63,24487,76,2024-05-06 15:21:48,7365907135290494241,,
1454,54,christophsteinerfpoe,41,29593,33,2024-05-05 16:26:33,7365552749078940960,,
37,0,anna.gkh,0,1337,2,2024-05-05 13:56:58,7365514197758872865,,
152,5,petra.steger,19,1944,5,2024-05-04 21:58:21,7365267151051132193,,
1332,31,christophsteinerfpoe,29,20931,43,2024-05-04 15:21:07,7365164797400206625,,
57,3,anna.gkh,14,1848,16,2024-05-04 13:13:40,7365131947539975457,,
577,18,petra.steger,53,6472,39,2024-05-03 23:52:40,7364925437669166368,,
8,0,rudi_silvan,0,979,1,2024-05-03 05:09:47,7364636126608379168,,
3,0,rudi_silvan,0,923,0,2024-05-02 20:26:27,7364501305043275040,,
1478,34,yannickshetty,56,24223,221,2024-05-02 18:38:38,7364473528227286305,,
683,20,christophsteinerfpoe,60,14392,23,2024-05-02 09:49:14,7364337085366471968,,
22,1,rudi_silvan,0,2206,21,2024-05-01 15:02:28,7364046724274457888,,
9,0,rudi_silvan,0,1004,1,2024-04-30 20:38:21,7363762201343118625,,
1141,706,petra.steger,180,38052,127,2024-04-30 18:30:20,7363729223250365728,,
89,7,andreas_spanring,54,1620,6,2024-04-30 07:47:01,7363563404381981985,,
12,9,rudi_silvan,0,1636,2,2024-04-30 04:02:02,7363505200038022432,,
2095,95,yannickshetty,56,24574,145,2024-04-29 18:43:58,7363361642580692257,,
3290,152,christophsteinerfpoe,31,56042,95,2024-04-29 15:39:52,7363314203861585185,,
189,2,yannickshetty,26,5449,19,2024-04-29 14:15:32,7363292462523174176,,
12,1,ralphschallmeiner,0,980,9,2024-05-28 07:26:30,7373948489484586273,,
299,21,dieschilling,80,15636,26,2024-05-28 06:45:55,7373938021768449312,,
149,12,dieschilling,28,5662,13,2024-05-27 20:58:05,7373786588309949728,,
497,28,dieschilling,23,19174,8,2024-05-26 14:06:58,7373309562536971552,,
96,3,dieschilling,18,4168,3,2024-05-25 07:05:59,7372829978477464864,,
3862,254,dieschilling,38,369213,184,2024-05-24 16:34:02,7372605286500142369,,
289,18,lisa.schuchgubik,28,7634,17,2024-05-24 12:15:07,7372538553420631328,,
309,9,dieschilling,24,11503,14,2024-05-24 07:08:43,7372459567579499808,,
1428,61,dieschilling,88,38264,104,2024-05-23 16:38:48,7372235425341082913,,
50,1,ralphschallmeiner,39,925,7,2024-05-23 14:56:47,7372209147221134624,,
110,9,dieschilling,25,9760,20,2024-05-23 11:37:56,7372157905866329377,,
13,0,hannes_schwarz,27,384,0,2024-05-26 06:00:00,7372155759657815329,,
16,0,hannes_schwarz,35,360,0,2024-05-24 15:15:00,7372152844260085025,,
15,2,hannes_schwarz,30,435,0,2024-05-23 08:13:36,7372105237684915488,,
5,0,beatescheiber0,6,945,0,2024-05-22 18:23:35,7371891354642779425,,
222,14,sebastianschwaighofer,13,3016,11,2024-05-21 18:45:41,7371525972501302561,,
11,0,ralphschallmeiner,7,884,0,2024-05-21 07:06:38,7371345765844798753,,
258,8,dieschilling,38,10625,7,2024-05-20 14:05:59,7371082790722456864,,
6,0,beatescheiber0,25,403,0,2024-05-19 20:46:52,7370815016926219552,,
184,4,dieschilling,51,12488,15,2024-05-19 13:25:35,7370701303317613856,,
186,12,dieschilling,33,11775,23,2024-05-18 07:08:09,7370232918037335328,,
4,1,beatescheiber0,11,413,0,2024-05-17 19:50:31,7370058327935454497,,
3093,422,michaelschnedlitz,47,41905,226,2024-05-17 07:32:06,7369868017863363872,,
15,0,ralphschallmeiner,8,891,3,2024-05-16 19:33:58,7369682986805054752,,
1575,42,dieschilling,42,42319,120,2024-05-16 16:30:44,7369635766722448672,,
64,5,ralphschallmeiner,41,3129,23,2024-05-16 11:39:44,7369560750995639584,,
89,1,ralphschallmeiner,37,2205,25,2024-05-15 12:45:07,7369206518891253025,,
7,0,ralphschallmeiner,18,746,0,2024-05-14 09:45:17,7368789095390203169,,
31,0,ralphschallmeiner,0,2309,4,2024-05-13 13:59:30,7368483526141840672,,
7,1,beatescheiber0,16,917,0,2024-05-13 11:44:37,7368448743668010272,,
280,7,dieschilling,35,14268,23,2024-05-13 07:48:15,7368387830533344544,,
2,0,beatescheiber0,9,132,0,2024-05-12 07:51:29,7368017583859060000,,
424,4,dieschilling,26,18874,25,2024-05-11 06:48:00,7367630106577128737,,
150,5,dieschilling,30,12319,25,2024-05-10 12:44:34,7367350969899699488,,
186,4,dieschilling,27,11936,7,2024-05-10 06:15:18,7367250642152279329,,
34,1,ralphschallmeiner,0,5723,7,2024-05-08 12:43:32,7366608520566885664,,
121,0,dieschilling,7,8982,9,2024-05-06 15:25:02,7365907977959738657,,
58,3,ralphschallmeiner,24,1504,6,2024-05-06 12:36:51,7365864624924806433,,
159,10,dieschilling,20,12968,13,2024-05-06 12:36:46,7365864608172641568,,
42,2,ralphschallmeiner,9,1429,8,2024-05-06 10:17:00,7365828576291114273,,
175,6,dieschilling,37,11897,41,2024-05-05 06:59:13,7365406523192921376,,
59,1,ralphschallmeiner,95,1369,10,2024-05-03 21:06:06,7364882611316985121,,
22,0,andreas.schieder,138,2088,2,2024-05-03 14:15:28,7364776797185051936,,
119,0,ralphschallmeiner,6,2771,8,2024-05-01 19:01:03,7364108221457403169,,
33,4,hannes_schwarz,19,548,2,2024-05-01 16:50:11,7364074484803915041,,
317,233,dieschilling,17,41977,61,2024-05-01 07:31:48,7363930582075641120,,
553,23,lisa.schuchgubik,37,6938,23,2024-04-30 17:27:40,7363713058536983840,,
210,8,dieschilling,43,11218,62,2024-04-30 14:39:27,7363669702306041121,,
12,0,beatescheiber0,13,2067,0,2024-04-30 04:17:52,7363509391493991713,,
16,2,hannes_schwarz,45,409,0,2024-04-29 18:00:31,7363350452211043617,,
113,15,dieschilling,0,7660,35,2024-04-29 15:35:22,7363313035575971105,,
310,9,mario.kunasek,28,4076,18,2024-05-28 19:13:51,7374130818005880096,,
97,5,udo_landbauer,58,1832,4,2024-05-28 13:13:29,7374037941313654049,,
78,2,werner.kogler,56,5414,26,2024-05-28 09:12:34,7373975841727925536,,
234,7,udo_landbauer,77,4127,18,2024-05-27 10:16:54,7373621344027610401,,
26,4,fabiennelackner,18,838,7,2024-05-26 13:24:48,7373298695598607649,,
106,8,werner.kogler,44,10639,38,2024-05-26 11:56:17,7373275882053504288,,
160,2,udo_landbauer,34,1781,19,2024-05-24 16:30:51,7372604463850327329,,
76,1,udo_landbauer,61,2084,5,2024-05-24 12:27:21,7372541722145901857,,
55,2,sophiakircher,54,2549,3,2024-05-24 10:01:45,7372504189869526304,,
25,2,fabiennelackner,10,957,1,2024-05-23 20:11:27,7372290229463518496,,
173,9,maximilian_krauss,64,3109,25,2024-05-23 19:37:55,7372281591969664289,,
143,30,werner.kogler,77,14255,54,2024-05-23 13:06:18,7372180662536654112,,
776,37,mario.kunasek,36,8191,92,2024-05-22 13:45:40,7371819725686377761,,
562,184,philipkucher,55,11605,5,2024-05-22 07:22:00,7371720804670721312,,
68,1,udo_landbauer,57,2535,12,2024-05-22 07:12:27,7371718362256264481,,
34,1,manuelkrautgartner,13,741,1,2024-05-21 14:54:26,7371466357742914848,,
31,1,werner.kogler,86,2440,8,2024-05-21 13:38:02,7371446675077926176,,
80,5,werner.kogler,21,7660,7,2024-05-19 15:17:57,7370730258149936417,,
131,4,claudia.klimtweithaler,43,709,5,2024-05-17 18:13:38,7370033362897030432,,
87,4,udo_landbauer,56,4917,10,2024-05-17 11:18:45,7369926419960433953,,
13,0,robertlaimer.at,29,1266,0,2024-05-17 09:34:05,7369899448270327072,,
68,3,werner.kogler,106,6405,29,2024-05-17 07:05:48,7369861252568321312,,
43,2,philipkucher,59,1244,4,2024-05-16 16:09:18,7369630233508564256,,
346,57,werner.kogler,78,11941,19,2024-05-16 13:21:03,7369586861725044000,,
742,66,philipkucher,118,32918,137,2024-05-15 17:19:42,7369277284924099872,,
14,0,robertlaimer.at,241,1846,1,2024-05-15 17:07:29,7369274141414837536,,
50,2,manuelkrautgartner,23,4368,3,2024-05-15 16:55:24,7369271022752763169,,
85,5,mario.kunasek,28,1987,3,2024-05-15 13:18:52,7369215226773802273,,
372,19,udo_landbauer,45,3616,23,2024-05-14 16:09:57,7368888243862949153,,
75,1,werner.kogler,35,3399,7,2024-05-14 13:20:34,7368844580256566561,,
74,6,udo_landbauer,92,2704,7,2024-05-14 12:55:24,7368838089940290848,,
173,7,maximilian_krauss,53,3150,26,2024-05-13 21:03:44,7368592848570076449,,
113,1,mario.kunasek,43,1469,10,2024-05-13 20:26:17,7368583209543585056,,
68,1,manuelkrautgartner,18,6984,22,2024-05-13 17:17:56,7368534665029881121,,
83,4,werner.kogler,38,3557,7,2024-05-12 15:47:02,7368140158329195809,,
112,0,mario.kunasek,53,1701,10,2024-05-12 15:30:06,7368135785800846625,,
66,1,udo_landbauer,44,3432,13,2024-05-12 09:23:10,7368041231990983968,,
99,1,mario.kunasek,55,1216,9,2024-05-11 21:20:34,7367855020127145248,,
70,0,sophiakircher,9,2247,0,2024-05-11 19:39:10,7367828892456865056,,
28,2,sophiakircher,13,910,0,2024-05-10 20:21:31,7367468719666171169,,
72,0,claudia.klimtweithaler,53,540,3,2024-05-10 12:02:04,7367340020761447712,,
73,1,udo_landbauer,51,1701,5,2024-05-10 12:01:25,7367339833699847456,,
42,0,mario.kunasek,39,570,3,2024-05-10 11:41:36,7367334732163599649,,
203,8,werner.kogler,54,9086,5,2024-05-09 13:01:24,7366984229466475808,,
146,1,udo_landbauer,100,2586,20,2024-05-09 11:20:35,7366958240619449633,,
660,54,mario.kunasek,139,16253,107,2024-05-09 10:10:17,7366940122127863072,,
62,18,maximiliankoellner,35,5111,17,2024-05-08 17:18:37,7366679410717625633,,
85,0,udo_landbauer,94,1231,7,2024-05-08 14:00:49,7366628435155848481,,
59,3,werner.kogler,55,3308,4,2024-05-08 13:32:07,7366621037418646816,,
215,8,mario.kunasek,21,2769,13,2024-05-08 11:49:16,7366594534337187104,,
1929,353,udo_landbauer,105,55094,321,2024-05-08 08:25:49,7366542086335712544,,
54,0,robertlaimer.at,20,2920,16,2024-05-08 03:22:38,7366463942241111328,,
33,0,mario.kunasek,219,852,2,2024-05-07 19:56:41,7366349067934321952,,
71,1,manuelkrautgartner,12,2640,9,2024-05-06 17:00:53,7365932675615509793,,
109,2,mario.kunasek,31,1499,6,2024-05-06 12:21:58,7365860793654480161,,
18,1,manuelkrautgartner,18,373,0,2024-05-05 16:50:27,7365558912491228448,,
34,1,werner.kogler,67,2489,5,2024-05-05 16:06:32,7365547584762465569,,
378,37,manuelkrautgartner,16,3771,37,2024-05-04 08:15:53,7365055196772273441,,
22,12,fabiennelackner,33,871,5,2024-05-03 17:39:26,7364829360311815457,,
59,5,werner.kogler,77,4818,27,2024-05-02 14:41:17,7364412348645346593,,
331,13,mario.kunasek,43,4491,27,2024-05-02 10:34:06,7364348646374001953,,
9,1,robertlaimer.at,43,344,0,2024-05-02 04:44:45,7364258270174792993,,
34,4,manuelkrautgartner,26,831,0,2024-05-01 16:52:50,7364075178600500513,,
29,1,fabiennelackner,27,758,3,2024-05-01 11:19:46,7363989335332408608,,
182,8,udo_landbauer,36,1982,0,2024-05-01 08:28:36,7363945208247012640,,
180,1,mario.kunasek,57,1356,4,2024-04-30 19:49:47,7363749693769125152,,
19,2,manuelkrautgartner,20,489,1,2024-04-30 16:54:46,7363704584428129568,,
87,0,mario.kunasek,32,1731,3,2024-04-29 19:17:39,7363370325825965345,,
32,0,manuelkrautgartner,44,637,1,2024-04-29 15:39:16,7363314053000727841,,
107,31,werner.kogler,53,15092,33,2024-04-29 15:13:10,7363307317632224545,,
44,2,diegamon,49,1282,4,2024-05-28 17:11:28,7374099275896196385,,
1607,182,patrickhaslwanter,172,35326,134,2024-05-28 14:31:25,7374056881561816352,,
167,10,natalie.hangoebl,88,6848,8,2024-05-28 13:12:50,7374037780067847457,,
48,2,gangandreas,12,1304,0,2024-05-26 17:51:25,7373367349807795489,,
121,12,gangandreas,62,3627,0,2024-05-25 12:05:27,7372907161959107873,,
83,3,gangandreas,33,2328,3,2024-05-24 15:27:37,7372588164843703584,,
67,2,geistlerluca,212,1427,4,2024-05-24 07:40:37,7372467784120356129,,
438,11,hafenecker,388,6996,57,2024-05-24 07:00:35,7372457503172381985,,
326,4,hafenecker,270,4095,39,2024-05-23 06:26:27,7372077622005648673,,
63,8,gangandreas,27,1653,0,2024-05-22 21:10:35,7371934375560121632,,
174,25,patrickhaslwanter,582,15095,434,2024-05-22 17:18:07,7371873611696770337,,
41,5,peter_hacker,37,2125,3,2024-05-22 12:15:41,7371796536637902112,,
127,17,gangandreas,80,4349,3,2024-05-22 04:06:17,7371670394417220897,,
30,0,eligoetze,150,834,0,2024-05-21 16:21:05,7371488706022149409,,
28,2,gangandreas,15,1049,1,2024-05-19 14:53:58,7370724015524056352,,
464,13,hafenecker,248,5822,90,2024-05-18 06:36:26,7370224739056405793,,
28,0,eligoetze,146,795,0,2024-05-17 15:17:32,7369987979613424928,,
208,76,gangandreas,19,6078,16,2024-05-17 14:56:01,7369982442112929057,,
22,1,der.gasser,38,1982,0,2024-05-17 11:42:10,7369932476560493856,,
22,3,peter_hacker,28,2734,1,2024-05-17 09:01:51,7369891142332058912,,
40,2,diegamon,64,1802,8,2024-05-16 14:30:23,7369604745654177056,,
410,5,natalie.hangoebl,37,5883,8,2024-05-16 11:28:53,7369557850194005281,,
115,6,gangandreas,22,2834,2,2024-05-16 04:40:45,7369452626888510752,,
49,0,gangandreas,8,1055,4,2024-05-15 20:05:07,7369319915662216480,,
85,1,eligoetze,43,947,0,2024-05-15 08:55:53,7369147316583845153,,
81,10,peter_hacker,85,4787,16,2024-05-15 06:46:05,7369113969333685536,,
90,6,peter_hacker,27,6606,21,2024-05-14 09:31:32,7368785560845946144,,
35,1,gangandreas,24,1231,1,2024-05-13 15:26:31,7368505947137903904,,
358,26,patrickhaslwanter,110,5535,24,2024-05-13 13:20:24,7368473109411679520,,
120,13,gangandreas,27,3366,5,2024-05-12 12:33:30,7368090286007864609,,
40,0,gangandreas,0,1221,0,2024-05-11 20:04:20,7367835375923957024,,
74,3,gangandreas,38,1782,0,2024-05-11 15:35:51,7367766190091013408,,
129,12,gangandreas,98,4681,2,2024-05-10 10:22:20,7367314312144145697,,
57,2,gangandreas,38,1833,2,2024-05-09 12:29:58,7366976115858083104,,
1919,278,patrickhaslwanter,248,53963,386,2024-05-09 11:09:58,7366954415539932448,,
42,1,eligoetze,80,812,0,2024-05-09 07:58:49,7366906234500435232,,
695,21,hafenecker,497,12191,63,2024-05-09 06:11:32,7366878574206324000,,
24,0,eligoetze,96,1986,19,2024-05-08 19:11:24,7366708479777852704,,
67,5,gangandreas,13,1255,1,2024-05-08 16:09:06,7366661494597012768,,
153,32,patrickhaslwanter,155,13358,231,2024-05-08 14:38:24,7366637126923930912,,
66,1,gangandreas,15,914,9,2024-05-07 20:36:17,7366359266824899873,,
52,2,gangandreas,20,2087,0,2024-05-07 16:04:26,7366289205321927968,,
489,21,patrickhaslwanter,87,15239,17,2024-05-07 11:28:24,7366216836918168864,,
299,5,hafenecker,575,4571,28,2024-05-07 07:00:30,7366149033452260640,,
161,3,patrickhaslwanter,35,2236,1,2024-05-06 15:10:53,7365903990690680097,,
689,18,hafenecker,319,17452,77,2024-05-06 07:00:39,7365777944272358689,,
81,14,gangandreas,25,2709,1,2024-05-05 13:10:35,7365502240171330848,,
65,1,gangandreas,19,1433,1,2024-05-05 10:43:24,7365464304121941281,,
185,3,gangandreas,8,1480,30,2024-05-04 07:51:15,7365048833241369889,,
831,49,gangandreas,66,16420,22,2024-05-03 15:20:58,7364793673009089824,,
30,0,geistlerluca,79,668,1,2024-05-03 10:58:26,7364726005866482976,,
424,8,hafenecker,231,5436,33,2024-05-03 08:00:32,7364680140892212512,,
65,0,natalie.hangoebl,70,1451,1,2024-05-02 15:38:38,7364427129104256288,,
19,3,peter_hacker,57,1399,4,2024-05-02 15:08:07,7364419269892853025,,
280,2,hafenecker,300,3274,40,2024-05-02 06:53:29,7364291791270464801,,
50,1,geistlerluca,102,1312,0,2024-05-01 18:38:20,7364102356260212001,,
20,0,lilli_bethi,98,971,0,2024-04-30 11:56:23,7363627686905875745,,
88,12,peter_hacker,30,6234,10,2024-04-30 09:27:50,7363589383125093664,,
425,6,hafenecker,558,5474,29,2024-04-30 07:00:41,7363551459360738593,,
24,2,gangandreas,19,942,0,2024-04-29 20:53:55,7363395131048725792,,
293,40,patrickhaslwanter,124,9766,34,2024-04-29 09:57:24,7363225188709731616,,
407,18,hafenecker,366,5685,57,2024-04-29 07:02:35,7363180871710444833,,
58,4,diegruenenaustria,30,1198,24,2024-04-27 08:43:18,7362464679194545441,,
51,2,neos_wien,27,934,2,2024-04-26 16:54:48,7362220251393576225,,
121,7,diegruenenaustria,40,6090,20,2024-04-25 16:07:39,7361837020957707552,,
24,0,neos_wien,88,607,0,2024-04-25 15:48:50,7361832169943207200,,
433,14,fpoe_at,65,9271,11,2024-04-25 14:45:41,7361815155732253984,,
77,8,diegruenenaustria,40,3617,18,2024-04-25 14:27:07,7361811106190478625,,
10,0,diegruenenvorarlberg,47,485,0,2024-04-25 12:52:23,7361786688181488928,,
251,19,diegruenenaustria,0,9205,82,2024-04-25 12:13:44,7361776741641243936,,
269,83,spoe.wien,21,5658,14,2024-04-25 11:18:03,7361762392876928289,,
205,4,neos_eu,0,32478,94,2024-04-25 10:37:51,7361752031700323617,,
30,3,diegruenenwien,49,704,4,2024-04-25 10:27:42,7361749413460593953,,
18,1,wienervp,47,1744,12,2024-04-25 10:00:54,7361742507211787553,,
25,5,diegruenenwien,33,1627,21,2024-04-24 16:42:52,7361475016111721760,,
20,3,neos_wien,0,668,0,2024-04-24 14:51:37,7361446341890936097,,
18,1,wienervp,44,967,4,2024-04-24 14:31:52,7361441246428056865,,
152,75,spoe.wien,95,4010,45,2024-04-24 14:12:19,7361436209140239648,,
1587,104,fpoe_at,104,21313,95,2024-04-24 13:53:50,7361430542312672545,,
64,12,spoe_at,47,2363,8,2024-04-23 15:40:06,7361087762910416160,,
83,2,neos_wien,9,1242,10,2024-04-23 15:05:13,7361078768254864673,,
159,11,diegruenenaustria,48,5469,70,2024-04-23 09:44:17,7360996025915411744,,
1059,56,spoe_at,32,31382,62,2024-04-23 09:40:15,7360994993101704481,,
32,1,neos_wien,54,648,6,2024-04-22 21:54:03,7360813015769304352,,
80,8,wienervp,58,6911,17,2024-04-22 16:14:24,7360725500001586465,,
7867,2880,fpoe_at,42,221476,957,2024-04-22 14:32:55,7360698620603125025,,
46,3,diegruenenaustria,26,1450,4,2024-04-22 13:36:18,7360684759011298593,,
23,1,wienervp,46,1737,11,2024-04-22 12:34:05,7360668713999273248,,
65,2,neos_eu,24,2521,110,2024-04-22 11:13:58,7360648066019495200,,
58,1,diegruenenwien,21,2660,45,2024-04-22 10:25:40,7360635638376353056,,
78,48,spoe.wien,88,1441,9,2024-04-22 09:24:35,7360619871534599457,,
110,10,neos_eu,32,8333,339,2024-04-22 06:34:00,7360575877777870112,,
65,3,neos_wien,60,2788,15,2024-04-21 12:49:13,7360301548095884577,,
139,68,spoe.wien,35,2912,9,2024-04-21 12:20:15,7360294084776381728,,
70,4,neos_eu,18,2845,115,2024-04-21 09:55:10,7360256698667306272,,
71,4,diegruenenaustria,21,2243,32,2024-04-21 07:00:39,7360211675884178721,,
413,13,fpoe_at,85,6674,31,2024-04-20 13:22:14,7359938532951084320,,
309,51,spoe.wien,33,9283,31,2024-04-20 09:59:13,7359886638912245025,,
256,25,diegruenenaustria,0,7625,94,2024-04-20 09:12:07,7359874506858532129,,
92,14,neos_wien,69,3615,5,2024-04-19 14:55:45,7359591990796782881,,
634,20,fpoe_at,35,11139,29,2024-04-19 13:15:11,7359566054441454880,,
18,2,diegruenenvorarlberg,43,1271,1,2024-04-19 09:05:07,7359501622696889633,,
163,11,diegruenenaustria,43,8432,97,2024-04-19 07:07:30,7359471313410411808,,
13,0,wienervp,92,1724,9,2024-04-18 16:44:47,7359249002463792416,,
82,3,diegruenenaustria,36,1542,6,2024-04-18 14:02:37,7359207202957167905,,
19,2,diegruenenvorarlberg,31,639,2,2024-04-18 13:30:37,7359198962148052256,,
14,0,neos_wien,7,433,1,2024-04-17 16:18:00,7358870999607151905,,
542,74,spoe.wien,44,18811,27,2024-04-17 11:43:48,7358800331184098592,,
1162,43,fpoe_at,68,13235,67,2024-04-17 10:57:25,7358788365388451104,,
63,5,neos_eu,0,3044,35,2024-04-17 08:58:33,7358757721274961184,,
108,15,diegruenenwien,23,5470,66,2024-04-17 07:55:53,7358741570029473057,,
59,3,diegruenenaustria,9,1738,15,2024-04-17 07:55:19,7358741417801403680,,
7,0,neos_wien,11,125,0,2024-04-16 17:00:17,7358510824807337248,,
100,2,spoe_at,66,2803,26,2024-04-16 16:00:33,7358495437436816673,,
405,4,diegruenenaustria,33,4282,30,2024-04-16 08:06:19,7358373211936935200,,
1170,79,fpoe_at,38,15001,76,2024-04-16 08:01:32,7358371925615250721,,
467,211,spoe_at,11,9104,21,2024-04-16 05:00:28,7358325291963534624,,
32,2,neos_wien,97,630,1,2024-04-15 14:05:56,7358094792493976864,,
173,12,fpoe_at,43,5729,16,2024-04-15 13:25:40,7358083745057901856,,
117,11,diegruenenaustria,30,4978,7,2024-04-15 13:04:48,7358079049329020192,,
36,0,wienervp,43,1707,10,2024-04-15 12:14:50,7358066157250743585,,
161,13,neos_wien,23,3123,1,2024-04-14 15:51:26,7357750905963351329,,
20,0,wienervp,55,1030,9,2024-04-14 14:59:51,7357737615988116768,,
806,16,fpoe_at,51,11942,53,2024-04-14 10:51:54,7357673413948853536,,
818,105,fpoe_at,100,10955,45,2024-04-13 13:11:24,7357338479694449952,,
49,0,neos_eu,12,1253,27,2024-04-13 11:52:20,7357318203602734369,,
28,0,neos_wien,21,494,0,2024-04-13 09:40:37,7357284255380065569,,
136,22,diegruenenaustria,17,5727,144,2024-04-13 08:00:27,7357258423437692193,,
84,6,neos_eu,14,4189,55,2024-04-12 14:09:13,7356982387236031777,,
153,47,spoe.wien,92,2679,24,2024-04-12 12:21:21,7356954593168805153,,
11,0,diegruenenvorarlberg,36,496,1,2024-04-12 11:02:29,7356934250064579872,,
15,0,diegruenenaustria,3,446,3,2024-04-12 09:37:38,7356912376878353696,,
32,1,neos_eu,15,2538,51,2024-04-12 08:30:31,7356894934160526625,,
14,1,neos_wien,13,407,0,2024-04-11 20:31:20,7356709791156145440,,
452,18,fpoe_at,18,10245,52,2024-04-11 14:00:14,7356608911677345056,,
45,1,wienervp,53,991,4,2024-04-11 12:27:18,7356585049321458976,,
85,1,fpoe.tirol,63,2212,4,2024-04-11 09:38:06,7356541447643876640,,
53,7,wienervp,30,3975,8,2024-04-11 07:27:53,7356507879588842784,,
111,1,neos_eu,0,5701,8,2024-04-11 06:16:08,7356489377662504224,,
7,0,diegruenenvorarlberg,70,335,0,2024-04-10 17:02:47,7356284952775839009,,
64,4,neos_eu,31,2946,127,2024-04-10 15:37:11,7356262844121271584,,
12,0,diegruenenvorarlberg,90,415,4,2024-04-10 14:43:28,7356249044504628512,,
39,6,neos_wien,25,1112,5,2024-04-10 14:12:09,7356240980615400737,,
2180,453,fpoe_at,155,70208,332,2024-04-10 11:40:33,7356201850913312032,,
49,2,diegruenenaustria,26,1508,3,2024-04-10 08:10:54,7356147865074306336,,
13,0,wienervp,43,940,2,2024-04-09 16:02:09,7355898234306366753,,
108,9,neos_eu,0,4876,102,2024-04-09 14:16:26,7355870997108591905,,
22,1,neos_wien,11,678,0,2024-04-09 12:26:19,7355842618561023264,,
32,6,diegruenenaustria,0,1201,7,2024-04-09 11:16:06,7355824521590459680,,
373,12,fpoe_at,107,5627,17,2024-04-09 10:07:08,7355806510166936865,,
47,10,neos_wien,43,1457,3,2024-04-08 13:06:48,7355481960392838432,,
1143,37,fpoe_at,72,16025,152,2024-04-08 12:13:28,7355468007356910881,,
207,71,spoe.wien,17,14451,26,2024-04-08 11:57:43,7355464163499445537,,
42,1,fpoe.tirol,63,2085,1,2024-04-08 08:36:54,7355412203555605793,,
39,1,neos.vlbg,45,1479,1,2024-04-08 06:48:39,7355384468707855649,,
13,0,wienervp,23,964,6,2024-04-06 16:38:19,7354794310971198752,,
20,2,neos_wien,15,950,1,2024-04-05 15:39:46,7354408125081931041,,
103,9,diegruenenaustria,57,3359,73,2024-04-05 13:54:05,7354380897547750689,,
501,109,spoe.wien,15,32951,120,2024-04-05 12:29:31,7354359114186640673,,
758,38,fpoe_at,61,19332,49,2024-04-05 12:26:42,7354358163283479841,,
533,96,neos_eu,12,35617,367,2024-04-05 11:45:09,7354347681038224672,,
4,0,diegruenenvorarlberg,32,35,0,2024-04-05 11:16:43,7354340343606807841,,
39,1,wienervp,55,1111,9,2024-04-05 07:21:39,7354279746269744417,,
30,0,neos_eu,26,1158,21,2024-04-05 07:07:10,7354276026857360672,,
31,0,neos_eu,0,1452,7,2024-04-04 13:32:17,7354004204962188576,,
48,0,diegruenenaustria,0,1360,2,2024-04-04 11:24:12,7353971200713837856,,
103,38,spoe.wien,37,2153,9,2024-04-04 08:32:24,7353926915889089824,,
17,0,neos_eu,21,991,8,2024-04-04 07:40:52,7353913604598451489,,
21,0,diegruenenwien,44,727,2,2024-04-03 14:08:56,7353642550059715872,,
534,35,neos_wien,0,11870,11,2024-04-03 14:02:20,7353640842826960160,,
42,12,neos_eu,46,1346,7,2024-04-03 12:10:49,7353612100763176225,,
451,38,fpoe_at,56,11112,20,2024-04-03 10:29:52,7353586076453326112,,
205,35,spoe.wien,37,9387,24,2024-04-03 07:30:21,7353539799539666209,,
32,1,wienervp,87,1226,9,2024-04-03 06:37:32,7353526180609396001,,
250,43,wienervp,45,14330,84,2024-04-02 13:14:08,7353257346774224161,,
734,45,fpoe_at,146,17655,32,2024-04-02 11:13:43,7353226337403817248,,
60,1,fpoe.tirol,56,1623,2,2024-04-02 07:06:34,7353162586491194657,,
29,4,wienervp,101,1914,4,2024-03-31 12:58:37,7352511173113220385,,
418,71,spoe.wien,13,7088,13,2024-03-31 07:03:11,7352419514996346145,,
87,6,diegruenenaustria,28,2126,49,2024-03-31 07:01:58,7352419214369606945,,
46,0,wienervp,65,2316,21,2024-03-30 15:27:39,7352178490390695201,,
51,4,diegruenenaustria,23,1272,27,2024-03-30 14:00:32,7352156042895150369,,
178,38,spoe.wien,46,8523,18,2024-03-30 11:12:17,7352112682457255200,,
51,4,diegruenenaustria,20,1271,24,2024-03-30 09:00:34,7352078733307579680,,
49,2,ines.vukajlovic,8,1469,1,2024-04-28 15:53:24,7362946602190900512,,
6684,278,haraldvilimsky,29,59862,143,2024-04-27 17:44:01,7362604032566791457,,
55,2,haraldvilimsky,27,954,4,2024-04-27 05:50:17,7362420044254465313,,
12,0,dietomaselli,84,1062,1,2024-04-26 12:41:49,7362155052548574497,,
126,6,thomas_waitz,15,3059,7,2024-04-26 12:26:12,7362151029586054433,,
81,3,haraldvilimsky,23,1116,4,2024-04-25 17:45:07,7361862139763543329,,
85,3,ines.vukajlovic,50,1262,5,2024-04-25 16:20:56,7361840444193459489,,
3,0,dietomaselli,2,57,0,2024-04-24 15:05:44,7361449965282970913,,
71,3,haraldvilimsky,13,909,1,2024-04-24 13:32:53,7361426047876795681,,
352,12,thomas_waitz,53,10708,66,2024-04-24 12:38:06,7361411926137572640,,
27,1,chriswiederkehr,72,1219,0,2024-04-23 13:06:08,7361048079862156577,,
17,0,philip.wohlgemuth,41,458,0,2024-04-23 12:42:03,7361041871679786272,,
17,2,olgavoglauer,24,696,0,2024-04-23 12:20:38,7361036347282410784,,
49,2,haraldvilimsky,12,823,2,2024-04-23 10:44:44,7361011640512384289,,
128,1,tho_weber,40,2533,13,2024-04-23 06:54:07,7360952172579687713,,
34,2,thomas_waitz,14,1296,36,2024-04-22 12:26:33,7360666781054291232,,
97,1,haraldvilimsky,35,1150,4,2024-04-21 08:38:12,7360236850528668961,,
74,2,marco.triller,44,991,2,2024-04-21 06:08:43,7360198247262080288,,
23,0,philip.wohlgemuth,47,448,3,2024-04-20 15:28:35,7359971537845275936,,
187,19,haraldvilimsky,13,5994,8,2024-04-20 10:56:14,7359901343546346785,,
59,0,marco.triller,58,847,3,2024-04-20 05:58:22,7359824524478549281,,
77,3,thomas_waitz,17,3132,85,2024-04-19 12:26:34,7359553533827353888,,
108,1,tho_weber,85,3473,6,2024-04-19 08:53:09,7359498532304309537,,
2289,155,tho_weber,0,72227,97,2024-04-18 07:50:47,7359111375894940961,,
17,0,olgavoglauer,35,710,5,2024-04-17 15:22:12,7358856628214451489,,
70,4,thomas_waitz,10,3752,8,2024-04-17 12:30:57,7358812490261663008,,
62,4,dietomaselli,82,3221,2,2024-04-17 10:06:58,7358775379277942048,,
24,1,philip.wohlgemuth,23,462,0,2024-04-17 09:06:23,7358759747597634848,,
71,1,olgavoglauer,27,1482,29,2024-04-17 08:42:02,7358753469366390049,,
43,2,thomas_waitz,29,1036,28,2024-04-15 12:40:54,7358072886600437025,,
11,0,philip.wohlgemuth,27,342,0,2024-04-15 12:33:29,7358070965823163681,,
95,3,marco.triller,39,2541,3,2024-04-13 17:33:48,7357406202017369377,,
80,4,ines.vukajlovic,72,3268,31,2024-04-13 17:06:47,7357399234779401504,,
18,0,philip.wohlgemuth,23,384,0,2024-04-13 12:42:28,7357331115117497633,,
40,8,dietomaselli,63,2907,4,2024-04-12 15:22:09,7357001186156809505,,
130,0,thomas_waitz,30,2769,12,2024-04-12 13:44:50,7356976107482008865,,
41,4,marco.triller,47,708,6,2024-04-12 06:32:09,7356864551087918368,,
49,4,ines.vukajlovic,75,1411,14,2024-04-10 19:28:28,7356322493323316513,,
34,0,haraldvilimsky,11,830,1,2024-04-10 17:11:57,7356287304488602912,,
118,10,marco.triller,59,3506,4,2024-04-10 16:56:40,7356283373582699809,,
39,1,thomas_waitz,11,1030,4,2024-04-10 12:34:06,7356215699880119585,,
43,2,ines.vukajlovic,19,1542,3,2024-04-09 15:54:05,7355896156125236512,,
29,2,philip.wohlgemuth,36,554,0,2024-04-09 10:39:20,7355815053704039713,,
157,3,haraldvilimsky,26,1840,16,2024-04-09 09:17:27,7355793940190088481,,
30,0,marco.triller,55,640,1,2024-04-09 06:17:04,7355747451195772192,,
40,3,olgavoglauer,25,1928,24,2024-04-08 13:57:02,7355494912273419552,,
105,1,thomas_waitz,16,3093,36,2024-04-08 12:30:29,7355472582746983713,,
47,1,marco.triller,51,826,1,2024-04-07 06:05:57,7355002335422172449,,
148,5,marco.triller,45,3786,20,2024-04-06 05:17:31,7354618752916278561,,
97,14,thomas_waitz,23,9452,271,2024-04-05 12:31:00,7354359491808251168,,
43,3,philip.wohlgemuth,34,1489,2,2024-04-05 12:15:00,7354355357206072609,,
94,1,tho_weber,38,3402,1,2024-04-05 08:00:01,7354289643493313824,,
85,7,marco.triller,43,1702,5,2024-04-05 05:24:01,7354249435112656161,,
14,1,philip.wohlgemuth,77,481,3,2024-04-04 15:33:44,7354035499457105184,,
118,4,haraldvilimsky,19,2099,9,2024-04-04 13:07:12,7353997734371724576,,
216,51,dietomaselli,0,13710,6,2024-04-04 11:57:41,7353979827319213345,,
59,2,thomas_waitz,13,1762,12,2024-04-03 14:23:50,7353646397956050208,,
25,0,philip.wohlgemuth,18,428,0,2024-04-03 05:39:42,7353511244243946785,,
82,5,thomas_waitz,17,3463,55,2024-04-01 12:36:39,7352876613991697697,,
32,0,olgavoglauer,42,1068,4,2024-03-30 14:29:14,7352163445736820000,,
38,0,olgavoglauer,79,706,3,2024-03-30 06:59:31,7352047509067271456,,
1586,40,christophsteinerfpoe,52,37845,37,2024-04-28 17:45:58,7362975616620088609,,
175,20,yannickshetty,85,8658,26,2024-04-27 16:00:00,7362536789061438753,,
20318,3224,christophsteinerfpoe,84,379962,748,2024-04-25 19:01:41,7361881873515089185,,
45,5,rudi_silvan,10,4068,14,2024-04-25 08:24:58,7361717785346460960,,
10,0,rudi_silvan,0,497,1,2024-04-25 08:12:09,7361714472827833633,,
157,14,yannickshetty,89,2670,13,2024-04-24 14:13:32,7361436529178217760,,
3,0,rudi_silvan,11,348,0,2024-04-24 10:33:16,7361379745054952736,,
134,4,yannickshetty,33,4806,6,2024-04-24 08:25:37,7361346801779199265,,
424,2,christophsteinerfpoe,98,7975,21,2024-04-24 07:14:32,7361328505264540960,,
117,0,yannickshetty,49,2265,22,2024-04-22 15:33:21,7360714931420810529,,
62,3,andreas_spanring,53,784,6,2024-04-22 14:15:26,7360694631572573473,,
12,0,rudi_silvan,10,383,0,2024-04-21 19:55:46,7360411471337082144,,
168,11,yannickshetty,141,3498,38,2024-04-21 17:25:31,7360372752844410144,,
128,1,petra.steger,40,1792,13,2024-04-21 12:14:25,7360292578182417697,,
152,2,yannickshetty,90,3208,15,2024-04-20 17:30:15,7360002890552904993,,
5477,456,christophsteinerfpoe,144,80629,236,2024-04-20 16:27:52,7359986806907030817,,
5,2,rudi_silvan,0,561,1,2024-04-20 15:32:18,7359972485401496865,,
498,19,christophsteinerfpoe,22,12143,15,2024-04-19 17:55:20,7359638259644861728,,
244,6,yannickshetty,53,5340,54,2024-04-19 14:38:33,7359587553676184865,,
95,1,yannickshetty,86,2244,7,2024-04-19 14:00:39,7359577782034140449,,
26,1,rudi_silvan,0,3678,11,2024-04-19 05:07:41,7359440419589049633,,
668,88,andreas_spanring,106,13503,58,2024-04-19 11:00:00,7359300391122652448,,
86,7,andreas_spanring,57,2679,2,2024-04-19 06:00:00,7359297173118373153,,
22,1,rudi_silvan,208,365,0,2024-04-18 16:05:45,7359238941469330720,,
309,9,christophsteinerfpoe,79,9806,37,2024-04-18 15:28:01,7359229212684799264,,
3067,1338,petra.steger,42,230425,2016,2024-04-18 11:45:56,7359171979586374944,,
136,0,yannickshetty,63,2510,1,2024-04-18 07:18:27,7359103038398762273,,
510,40,petra.steger,570,6273,47,2024-04-17 17:33:55,7358890573148736800,,
4795,325,christophsteinerfpoe,39,88542,186,2024-04-17 15:57:45,7358865789077687585,,
5423,200,yannickshetty,73,87132,258,2024-04-17 14:30:03,7358843182752206113,,
127,5,petra.steger,38,1732,9,2024-04-16 17:32:20,7358519087724612896,,
464,20,christophsteinerfpoe,61,14836,53,2024-04-16 14:33:09,7358472906298395937,,
4,1,rudi_silvan,0,418,0,2024-04-15 20:42:00,7358196868758670625,,
5,0,rudi_silvan,0,495,0,2024-04-15 20:07:09,7358187893069761825,,
8,0,rudi_silvan,0,386,0,2024-04-15 20:05:18,7358187406694157600,,
158,0,yannickshetty,75,3190,2,2024-04-15 16:00:00,7358113343472766241,,
886,13,christophsteinerfpoe,37,15522,22,2024-04-15 09:04:36,7358017105121332512,,
85,0,petra.steger,202,1087,5,2024-04-14 13:11:37,7357709728580898080,,
9,0,rudi_silvan,0,372,0,2024-04-13 20:06:53,7357445664193645856,,
7,0,rudi_silvan,0,349,1,2024-04-13 20:06:19,7357445510644469025,,
62,4,andreas_spanring,43,1130,5,2024-04-12 12:06:38,7356950592188583200,,
3059,128,christophsteinerfpoe,39,54368,61,2024-04-12 09:43:55,7356914009301372193,,
749,61,christophsteinerfpoe,43,18451,77,2024-04-11 17:41:24,7356665996230266144,,
627,16,christophsteinerfpoe,18,13123,21,2024-04-11 14:09:55,7356611487059741984,,
602,2,yannickshetty,40,10624,19,2024-04-11 14:00:48,7356609128371932449,,
212,1,petra.steger,14,3057,19,2024-04-10 17:53:31,7356298033539108129,,
74,0,yannickshetty,37,1837,5,2024-04-10 14:12:24,7356241044352044321,,
35,1,jakobcschwarz,61,2003,4,2024-04-10 11:50:57,7356204594923343136,,
568,23,christophsteinerfpoe,45,15125,19,2024-04-10 10:49:31,7356188743809764640,,
3348,55,christophsteinerfpoe,44,39107,116,2024-04-09 16:54:29,7355911736010018081,,
96,1,yannickshetty,46,2849,4,2024-04-09 14:01:50,7355867239930776865,,
1896,109,christophsteinerfpoe,78,33066,58,2024-04-09 10:42:46,7355815907484028193,,
14,2,rudi_silvan,0,445,1,2024-04-09 05:56:22,7355742120667319584,,
172,3,yannickshetty,59,2061,14,2024-04-08 12:20:14,7355469954839268640,,
647,25,christophsteinerfpoe,51,13766,48,2024-04-08 08:16:57,7355407242721627424,,
15,0,rudi_silvan,0,415,1,2024-04-07 09:58:56,7355062456894475553,,
25,1,rudi_silvan,0,2784,11,2024-04-07 05:53:50,7354999208924990753,,
6,0,rudi_silvan,14,399,0,2024-04-06 19:41:02,7354841384827882785,,
10,0,rudi_silvan,0,595,0,2024-04-05 20:32:54,7354483677566356768,,
189,5,yannickshetty,59,3332,25,2024-04-05 15:13:40,7354401404703821088,,
78,7,andreas_spanring,62,1226,3,2024-04-05 12:00:44,7354351469325323552,,
1619,20,christophsteinerfpoe,48,31292,60,2024-04-05 07:51:49,7354287522756709664,,
7,0,rudi_silvan,0,422,0,2024-04-04 13:23:38,7354001965359189280,,
1529,80,christophsteinerfpoe,47,36174,52,2024-04-04 10:28:12,7353956748375493921,,
134,5,yannickshetty,60,2067,7,2024-04-04 10:10:00,7353928725001489696,,
278,3,christophsteinerfpoe,11,9522,7,2024-04-03 19:35:31,7353726706156440865,,
62,6,petra.steger,600,1234,5,2024-04-03 19:17:06,7353721971831541025,,
8,1,rudi_silvan,0,431,0,2024-04-03 18:18:07,7353706770931485984,,
720,9,yannickshetty,28,16991,5,2024-04-03 14:51:42,7353653569192545569,,
863,46,christophsteinerfpoe,17,25334,32,2024-04-03 14:33:52,7353648970608004384,,
51,13,petra.steger,159,574,1,2024-04-03 13:03:12,7353625607130959137,,
58,3,andreas_spanring,35,1911,6,2024-04-03 06:35:30,7353525651334286625,,
6,0,rudi_silvan,0,380,0,2024-04-03 02:44:10,7353465898457419041,,
23,0,jakobcschwarz,47,645,1,2024-04-02 09:12:23,7353195048130891041,,
225,6,christophsteinerfpoe,0,7124,12,2024-04-01 17:22:06,7352950173024161056,,
61,1,andreas_spanring,38,1009,3,2024-04-01 16:04:21,7352930133721779489,,
10,0,rudi_silvan,11,383,6,2024-04-01 12:42:18,7352878066835672352,,
3,0,rudi_silvan,4,60,0,2024-04-01 08:22:10,7352811007871388960,,
15,0,rudi_silvan,15,338,0,2024-04-01 06:26:09,7352781057717980449,,
11,0,rudi_silvan,0,736,0,2024-03-31 12:11:42,7352499084277714209,,
228,3,yannickshetty,52,3337,6,2024-04-06 07:00:00,7352302874216385825,,
10,0,rudi_silvan,0,364,3,2024-03-30 14:36:51,7352165410176797985,,
165,17,sebastianschwaighofer,13,3485,59,2024-04-27 16:21:31,7362582763943267617,,
811,22,dieschilling,41,24902,68,2024-04-26 17:09:20,7362224013025742113,,
10,2,ralphschallmeiner,20,336,0,2024-04-26 08:53:15,7362096143943077153,,
218,3,dieschilling,66,12123,33,2024-04-25 14:04:14,7361805209049238817,,
41,0,andreas.schieder,167,1578,0,2024-04-25 12:11:23,7361776135430065440,,
14,0,ralphschallmeiner,11,375,2,2024-04-24 18:58:59,7361510087828999456,,
712,10,hannes_schwarz,47,15512,4,2024-04-24 15:47:30,7361460749371247905,,
34,1,ralphschallmeiner,56,1205,3,2024-04-24 14:35:01,7361442059678436641,,
96,2,ralphschallmeiner,28,6930,23,2024-04-23 13:20:31,7361051786146237729,,
10,0,beatescheiber0,22,1704,0,2024-04-22 11:31:22,7360652552263765281,,
125,2,ralphschallmeiner,11,9939,67,2024-04-22 11:27:09,7360651465590902049,,
47,0,ralphschallmeiner,9,3054,29,2024-04-22 09:14:37,7360617300115918113,,
117,3,dieschilling,28,5974,27,2024-04-20 07:14:37,7359844200847904032,,
964,29,michaelschnedlitz,27,12356,68,2024-04-18 16:28:34,7359244817542434080,,
22,0,andreas.schieder,24,1137,0,2024-04-16 12:21:23,7358438946096925984,,
206,6,dieschilling,35,10729,66,2024-04-14 13:46:03,7357718599219318049,,
55,2,ralphschallmeiner,21,2357,23,2024-04-11 08:39:11,7356526249164000544,,
24,0,andreas.schieder,104,819,1,2024-04-11 07:20:40,7356506004709788960,,
56,3,dieschilling,15,2871,5,2024-04-10 11:05:56,7356192985819680032,,
155,2,dieschilling,40,5596,21,2024-04-09 12:30:45,7355843758140837152,,
12,0,beatescheiber0,19,1084,0,2024-04-08 10:22:27,7355439603781733664,,
106,5,dieschilling,62,5858,17,2024-04-08 09:33:34,7355427004344175905,,
23,1,andreas.schieder,31,876,1,2024-04-03 17:31:33,7353694771895864609,,
21,6,hannes_schwarz,29,1670,3,2024-04-03 14:45:43,7353652031870995745,,
37,1,ralphschallmeiner,39,1210,25,2024-04-03 10:28:24,7353585696550014240,,
33,4,ralphschallmeiner,35,1764,58,2024-04-02 18:24:36,7353337359213038881,,
18,0,andreas.schieder,43,586,3,2024-04-02 09:49:49,7353204700780514592,,
31,2,beatescheiber0,13,4841,0,2024-04-01 15:26:22,7352920348637007136,,
57,4,dieschilling,39,1452,9,2024-04-01 10:15:04,7352840111362559265,,
12,0,ralphschallmeiner,19,549,0,2024-03-31 20:45:19,7352631454427286817,,
57,10,maximiliankoellner,21,1899,0,2024-04-28 17:52:05,7362977186753662240,,
98,14,werner.kogler,33,7915,44,2024-04-28 11:52:38,7362884540135787808,,
219,8,werner.kogler,153,5859,10,2024-04-26 15:03:06,7362191393739066656,,
410,25,manuelkrautgartner,49,7735,31,2024-04-25 15:58:01,7361834528421317921,,
12,0,robertlaimer.at,28,352,0,2024-04-25 15:20:55,7361824976124628256,,
104,2,mario.kunasek,44,1857,3,2024-04-25 13:27:20,7361795700947979553,,
71,7,werner.kogler,178,5317,16,2024-04-25 12:59:25,7361788494387186977,,
211,5,maximilian_krauss,37,2049,24,2024-04-24 18:17:05,7361499295993941280,,
215,1,mario.kunasek,56,2175,13,2024-04-24 16:32:32,7361472351403330848,,
994,82,udo_landbauer,50,22368,81,2024-04-24 09:51:29,7361368957258861856,,
167,1,mario.kunasek,34,1710,12,2024-04-23 18:56:58,7361138488726539552,,
85,7,werner.kogler,18,4104,24,2024-04-23 12:59:59,7361046499897150753,,
223,12,mario.kunasek,28,2994,17,2024-04-22 12:32:17,7360668257352830240,,
68,4,werner.kogler,34,3399,5,2024-04-21 16:13:50,7360354279732841760,,
17,1,robertlaimer.at,33,1266,0,2024-04-21 11:58:51,7360288560676670753,,
549,43,udo_landbauer,104,5548,71,2024-04-20 17:33:59,7360003845008674081,,
19,1,drgudrunkugler,18,1390,1,2024-04-20 15:22:02,7359969837008915744,,
221,12,mario.kunasek,33,5256,27,2024-04-20 14:50:39,7359961753284873505,,
19,3,robertlaimer.at,46,1216,0,2024-04-20 12:11:18,7359920687244479777,,
74,1,claudia.klimtweithaler,52,374,2,2024-04-20 10:36:27,7359896242178084128,,
173,4,mario.kunasek,59,1736,22,2024-04-19 10:53:55,7359529662319512865,,
1200,246,fabiennelackner,35,23881,52,2024-04-18 22:26:25,7359337015697050913,,
32,11,drgudrunkugler,51,1470,2,2024-04-18 17:46:52,7359264999950257440,,
91,2,mario.kunasek,47,1194,15,2024-04-18 13:55:41,7359205411288812833,,
72,0,werner.kogler,58,2647,38,2024-04-18 13:09:55,7359193622744517920,,
167,5,mario.kunasek,58,2664,27,2024-04-17 11:45:07,7358800677830708512,,
57,3,manuelkrautgartner,53,871,4,2024-04-16 17:44:45,7358522284845403424,,
4,0,robertlaimer.at,22,58,0,2024-04-16 15:43:25,7358491013054336289,,
76,1,peterkraus.wien,9,3354,2,2024-04-16 12:21:21,7358438934793243936,,
140,0,mario.kunasek,32,1200,8,2024-04-16 11:56:43,7358432589734104352,,
59,3,mario.kunasek,28,1281,7,2024-04-15 17:09:00,7358141985099648288,,
23,2,drgudrunkugler,63,749,1,2024-04-15 15:32:55,7358117214282632480,,
205,8,mario.kunasek,25,4222,40,2024-04-15 14:50:59,7358106402512047393,,
134,32,werner.kogler,17,9605,43,2024-04-15 09:00:01,7358015942644780320,,
107,5,mario.kunasek,39,1526,14,2024-04-14 20:04:26,7357816107866017057,,
87,7,werner.kogler,61,3219,16,2024-04-14 14:50:14,7357735135632018720,,
739,67,peterkraus.wien,27,16881,112,2024-04-12 19:50:35,7357070359062973729,,
61,6,philipkucher,44,1055,1,2024-04-12 10:37:30,7356927828299877664,,
129,2,claudia.klimtweithaler,71,3121,10,2024-04-12 08:59:29,7356902537368243489,,
166,27,werner.kogler,228,11901,78,2024-04-11 14:00:22,7356609036990565665,,
25,0,mario.kunasek,600,951,1,2024-04-11 11:59:35,7356577897026440480,,
32,0,mario.kunasek,600,995,1,2024-04-09 21:27:48,7355982149918477600,,
160,6,udo_landbauer,44,2413,12,2024-04-09 15:16:41,7355886533645405473,,
172,9,gudrunkofler,31,4791,16,2024-04-09 10:34:20,7355813765658479905,,
87,14,werner.kogler,95,9981,81,2024-04-08 14:27:46,7355502827487153440,,
39,1,mario.kunasek,46,891,1,2024-04-08 07:14:35,7355391165132295457,,
107,6,werner.kogler,98,3229,4,2024-04-06 07:51:57,7354658627615067425,,
57,1,mario.kunasek,600,778,4,2024-04-05 11:11:19,7354338949013327137,,
2,0,manuelkrautgartner,16,113,0,2024-04-04 15:32:06,7354035065413815584,,
48,0,mario.kunasek,49,440,2,2024-04-04 13:50:11,7354008809305672993,,
56,0,werner.kogler,95,2084,15,2024-04-04 13:02:22,7353996485849025824,,
62,5,mario.kunasek,29,1218,5,2024-04-03 13:12:43,7353628061524315425,,
286,35,werner.kogler,90,10356,9,2024-04-03 12:17:47,7353613913079942432,,
450,34,mario.kunasek,56,10154,34,2024-04-02 13:17:49,7353258303582932256,,
120,6,claudia.klimtweithaler,61,1401,6,2024-04-02 12:48:28,7353250735162772769,,
164,0,claudia.klimtweithaler,71,3066,7,2024-04-01 18:11:30,7352962901772094753,,
75,2,werner.kogler,116,4086,0,2024-04-01 08:17:45,7352809874289347873,,
29,0,peterkraus.wien,8,1065,0,2024-03-31 15:49:46,7352555281399794977,,
198,7,gudrunkofler,64,2070,15,2024-03-30 15:43:43,7352182636837752097,,
88,1,werner.kogler,50,3509,18,2024-03-30 08:16:28,7352067355251395873,,
37,2,gangandreas,15,1195,1,2024-04-27 06:58:48,7362437713666084128,,
17,1,der.gasser,31,854,0,2024-04-26 14:45:07,7362186821834493217,,
317,9,hafenecker,359,3875,32,2024-04-26 08:00:36,7362082558135356704,,
46,0,diegamon,43,1300,9,2024-04-25 20:31:25,7361904994917813537,,
13,0,eligoetze,83,1035,5,2024-04-25 14:55:44,7361818499548728609,,
38,0,lukas_hammer_tugendhat,90,1038,16,2024-04-25 14:08:37,7361806349786729760,,
160,23,peter_hacker,22,9356,4,2024-04-25 12:34:26,7361782079949901088,,
17,4,peter_hacker,13,1513,3,2024-04-25 10:02:01,7361742803543575840,,
57,0,natalie.hangoebl,72,1425,1,2024-04-25 09:39:04,7361736878724320544,,
458,13,hafenecker,375,5440,56,2024-04-25 07:38:05,7361705689372282145,,
160,44,patrickhaslwanter,52,7038,105,2024-04-24 16:25:25,7361470068842138912,,
790,10,gangandreas,11,8308,70,2024-04-23 20:10:06,7361157337014357281,,
552,17,hafenecker,293,7584,31,2024-04-23 07:34:25,7360962558485925153,,
320,9,hafenecker,321,4087,21,2024-04-22 07:31:26,7360590713567857953,,
796,31,hafenecker,353,9760,89,2024-04-21 07:29:28,7360219129652972833,,
32,6,gangandreas,42,1262,0,2024-04-20 18:02:00,7360011061359152417,,
70,0,eligoetze,85,1235,3,2024-04-19 14:29:50,7359585306540002592,,
549,46,patrickhaslwanter,190,9952,47,2024-04-19 09:39:15,7359510350322044192,,
55,3,gangandreas,194,2278,9,2024-04-19 06:30:27,7359461760883019041,,
31,0,eligoetze,79,1064,21,2024-04-18 13:06:41,7359192791181741344,,
228,5,patrickhaslwanter,86,5499,16,2024-04-18 12:03:23,7359176426492366113,,
120,2,diegamon,12,5013,5,2024-04-18 10:28:45,7359152080977759521,,
65,0,natalie.hangoebl,52,2204,0,2024-04-18 08:23:24,7359119772811906336,,
16,3,peter_hacker,13,2597,4,2024-04-17 08:04:39,7358743834034998560,,
362,7,hafenecker,497,4957,41,2024-04-17 06:45:33,7358723447603711264,,
37,3,eligoetze,59,3809,91,2024-04-16 17:04:09,7358511819595517217,,
166,50,gangandreas,23,5282,3,2024-04-16 05:11:12,7358328064037702944,,
419,11,hafenecker,554,6679,20,2024-04-15 11:39:33,7358057072669232416,,
11,0,eligoetze,115,886,0,2024-04-15 07:41:07,7357995584256576801,,
668,26,hafenecker,554,10163,44,2024-04-15 07:16:36,7357989276912504096,,
30,3,gangandreas,18,1360,3,2024-04-14 07:25:35,7357620537780079904,,
45,3,geistlerluca,439,1206,1,2024-04-13 18:04:09,7357414025526856992,,
63,2,gangandreas,87,2104,5,2024-04-12 16:01:27,7357011320106994977,,
211,35,patrickhaslwanter,176,4852,10,2024-04-11 13:42:35,7356604254808739104,,
345,26,hafenecker,591,4225,11,2024-04-11 06:31:28,7356493335491611937,,
3797,598,patrickhaslwanter,69,87334,769,2024-04-10 11:18:35,7356196193254329632,,
63,0,lukas_hammer_tugendhat,62,973,1,2024-04-10 08:04:15,7356146162694409505,,
508,26,patrickhaslwanter,129,9381,34,2024-04-09 13:25:41,7355857738364128544,,
66,1,eligoetze,142,983,4,2024-04-09 11:41:28,7355831059033967904,,
378,13,hafenecker,300,11434,33,2024-04-09 07:39:27,7355768684553440544,,
42,0,eligoetze,94,2170,15,2024-04-08 15:53:29,7355524925894987040,,
432,28,hafenecker,534,5932,30,2024-04-08 07:29:34,7355395036764179745,,
35,0,gangandreas,8,1412,3,2024-04-06 14:58:42,7354768630254456097,,
100,2,gangandreas,26,2860,3,2024-04-05 19:54:47,7354473851461438752,,
2760,621,patrickhaslwanter,165,70091,212,2024-04-05 10:41:51,7354331304709639456,,
25,3,gangandreas,8,989,1,2024-04-05 09:29:17,7354312651591208224,,
356,8,hafenecker,489,6723,36,2024-04-05 07:58:37,7354289281034210593,,
195,11,hafenecker,135,2562,25,2024-04-04 07:56:23,7353917620124470561,,
17,2,geistlerluca,29,184,0,2024-04-03 13:21:15,7353630265119345953,,
277,8,hafenecker,426,3648,41,2024-04-03 07:52:37,7353545533216034081,,
310,12,hafenecker,325,4381,27,2024-04-02 07:44:28,7353172360272284961,,
8,0,mariohaas0,8,805,0,2024-03-31 08:32:17,7352442531801484576,,
31,1,gangandreas,8,1177,0,2024-03-31 06:35:59,7352412486253006113,,
23,1,katrinauer_steyr,30,982,1,2024-04-28 13:05:22,7362903301215489313,,
9,0,katrinauer_steyr,20,340,0,2024-04-26 16:15:23,7362210098346724640,,
9,0,katrinauer_steyr,245,320,0,2024-04-25 21:20:06,7361917530040012065,,
11,0,katrinauer_steyr,10,344,0,2024-04-25 21:15:57,7361916446923967777,,
26,1,helmut.brandstaetter,56,1155,0,2024-04-25 19:20:24,7361885929390263585,,
261,6,andibabler,42,4230,26,2024-04-25 17:28:06,7361857753683463457,,
54,4,joachimaigner27,22,1139,2,2024-04-25 15:51:33,7361832805908679968,,
224,12,joachimaigner27,27,9095,23,2024-04-24 18:33:37,7361503557075438880,,
234,7,andibabler,34,4856,53,2024-04-24 12:04:06,7361403158234516768,,
124,8,andibabler,46,1692,5,2024-04-23 16:00:29,7361093012732120352,,
38,0,helmut.brandstaetter,65,1222,0,2024-04-22 16:09:58,7360724364309908769,,
117,7,helmut.brandstaetter,66,4351,2,2024-04-22 13:22:14,7360681127914294560,,
11,1,katrinauer_steyr,9,399,0,2024-04-21 16:15:54,7360354810689834273,,
54,3,helmut.brandstaetter,46,1268,3,2024-04-21 13:12:47,7360307623826099489,,
64,0,helmut.brandstaetter,28,1655,0,2024-04-20 06:30:50,7359832900973432097,,
9,0,katrinauer_steyr,20,382,0,2024-04-19 20:37:07,7359679955447401761,,
70,5,helmut.brandstaetter,82,2491,0,2024-04-19 17:40:30,7359634050820214048,,
213,14,joachimaigner27,30,4370,15,2024-04-19 17:22:17,7359629743345519905,,
256,8,andibabler,29,5591,37,2024-04-19 13:41:45,7359572915068620064,,
7,0,martinaberthold,15,118,0,2024-04-18 21:32:00,7359323003311738144,,
10,0,katrinauer_steyr,22,381,0,2024-04-18 14:44:32,7359218003784813856,,
152,9,andibabler,49,4536,35,2024-04-18 12:26:27,7359182421134265632,,
9,0,katrinauer_steyr,56,100,0,2024-04-18 11:31:19,7359168214384823585,,
43,2,martinaberthold,17,1256,0,2024-04-18 08:08:16,7359115875040988449,,
39,1,helmut.brandstaetter,35,791,0,2024-04-17 16:54:32,7358880359502728481,,
277,32,andibabler,42,5517,4,2024-04-17 16:29:08,7358873879407791392,,
88,4,helmut.brandstaetter,15,5847,0,2024-04-17 12:36:53,7358813978472074529,,
62,0,helmut.brandstaetter,28,1431,1,2024-04-16 19:21:37,7358547244200529184,,
433,27,andibabler,50,11467,72,2024-04-16 11:21:04,7358423401096088865,,
84,4,cbitschi,28,1296,0,2024-04-15 13:54:30,7358091844934274337,,
217,17,andibabler,11,7454,5,2024-04-15 13:29:45,7358085468715519265,,
67,5,helmut.brandstaetter,55,2171,0,2024-04-15 11:38:29,7358056790832975137,,
8,0,katrinauer_steyr,20,389,0,2024-04-14 10:44:30,7357671816183172384,,
11,0,katrinauer_steyr,25,367,0,2024-04-13 21:19:32,7357464372135955745,,
8,0,katrinauer_steyr,23,349,0,2024-04-13 21:03:05,7357460128846712096,,
7,0,katrinauer_steyr,35,354,0,2024-04-13 16:37:04,7357391585350274336,,
59,3,helmut.brandstaetter,67,1179,0,2024-04-13 08:24:27,7357264605795667232,,
223,8,andibabler,45,4200,17,2024-04-12 14:48:28,7356992500906691872,,
47,2,reinhold_binder,82,1109,1,2024-04-12 10:20:46,7356923499329506592,,
111,7,erwin_angerer,32,2355,9,2024-04-11 07:23:16,7356506695729696033,,
68,4,cbitschi,729,1131,0,2024-04-10 20:42:34,7356341581168872736,,
36,0,helmut.brandstaetter,53,1123,0,2024-04-10 17:40:48,7356294757171072288,,
60,4,helmut.brandstaetter,55,2571,0,2024-04-09 14:11:43,7355869752268426529,,
706,100,joachimaigner27,48,18487,38,2024-04-09 04:55:33,7355726430233218337,,
110,9,helmut.brandstaetter,94,4182,1,2024-04-08 17:39:59,7355552357423402273,,
17,1,katrinauer_steyr,0,443,2,2024-04-07 18:41:45,7355197207223520545,,
11,0,katrinauer_steyr,0,203,0,2024-04-07 18:39:45,7355196686152502560,,
9,0,katrinauer_steyr,25,365,0,2024-04-07 18:37:27,7355196094487350560,,
318,16,andibabler,97,4131,34,2024-04-06 06:04:35,7354630895153827104,,
51,2,reinhold_binder,32,1431,1,2024-04-05 18:06:09,7354445857384697120,,
47,6,helmut.brandstaetter,63,1102,1,2024-04-05 11:01:57,7354336539549175072,,
54,2,martinaberthold,58,987,0,2024-04-04 12:21:57,7353986078568615201,,
32,0,cbitschi,541,796,0,2024-04-03 13:14:03,7353628398343818529,,
10,0,martinaberthold,50,836,0,2024-04-02 08:30:11,7353184173173083424,,
22,2,helmut.brandstaetter,62,700,0,2024-04-01 18:14:42,7352963732365937952,,
19,2,helmut.brandstaetter,96,514,0,2024-03-30 18:29:45,7352225427584191776,,
18,0,martinaberthold,45,1028,0,2024-03-30 18:08:26,7352219930189663521,,
341,18,andibabler,80,9300,0,2024-03-30 16:57:42,7352201698921778464,,
46,3,wienervp,59,2750,16,2024-03-29 16:25:00,7351822187105389856,,
44,1,diegruenenaustria,21,1136,11,2024-03-29 13:47:54,7351781704132037921,,
1533,81,fpoe_at,51,24224,110,2024-03-29 10:15:58,7351727052581588257,,
127,17,diegruenenaustria,48,10797,90,2024-03-29 08:39:20,7351702158695304481,,
36,1,neos_eu,57,1323,22,2024-03-29 08:02:35,7351692678758796576,,
61,2,wienervp,66,3324,18,2024-03-28 17:08:10,7351462226672373024,,
22,0,neos_wien,43,554,0,2024-03-28 15:40:55,7351439753310375200,,
24,0,neos_eu,52,1122,27,2024-03-28 14:20:45,7351419074473250080,,
76,3,diegruenenaustria,21,1692,25,2024-03-28 14:00:31,7351413865541946656,,
240,38,spoe.wien,80,6082,50,2024-03-28 10:20:50,7351357262344047905,,
34,2,diegruenenwien,52,941,9,2024-03-28 09:20:56,7351341829004004640,,
26,1,diegruenenwien,35,1208,19,2024-03-27 15:18:10,7351062791542934817,,
135,3,wienervp,59,6201,56,2024-03-27 14:45:33,7351054391190818080,,
98,3,diegruenenaustria,27,4519,16,2024-03-27 14:00:27,7351042760176160033,,
33,2,neos_eu,0,1150,3,2024-03-27 11:48:19,7351008702213704993,,
1966,200,fpoe_at,43,23742,96,2024-03-27 10:27:12,7350987794455498016,,
605,110,spoe.wien,25,16861,88,2024-03-27 09:57:49,7350980217780964641,,
141,7,diegruenenaustria,74,3964,52,2024-03-27 08:16:13,7350954030392184096,,
48,4,diegruenenaustria,31,1126,14,2024-03-26 14:36:27,7350680970258910497,,
375,6,fpoe_at,49,5703,12,2024-03-26 14:07:31,7350673499658194209,,
25,2,diegruenenwien,51,572,7,2024-03-26 12:34:40,7350649586228153632,,
3703,1393,spoe_at,9,35133,111,2024-03-26 11:31:45,7350633368624598305,,
151,10,diegruenenaustria,25,6165,71,2024-03-26 10:07:46,7350611724958960928,,
231,21,neos_wien,87,3902,30,2024-03-25 15:49:59,7350328824988454177,,
122,19,diegruenenaustria,25,11609,223,2024-03-25 15:35:33,7350325033237024033,,
11,0,wienervp,29,932,0,2024-03-25 15:29:25,7350323520204737825,,
6832,641,fpoe_at,51,75267,216,2024-03-25 12:15:54,7350273642103704865,,
95,4,diegruenenaustria,67,4918,110,2024-03-25 10:23:35,7350244687137082656,,
24,0,wienervp,58,1265,2,2024-03-24 16:48:10,7349972736971640096,,
26,1,neos_eu,10,1342,20,2024-03-24 11:56:40,7349897624486432033,,
136,11,diegruenenaustria,18,8416,104,2024-03-24 08:53:37,7349850434577730848,,
56,2,wienervp,29,3061,24,2024-03-23 17:03:42,7349605652186156321,,
366,22,fpoe_at,127,7540,28,2024-03-23 15:15:16,7349577676270619937,,
532,26,fpoe_at,88,6986,38,2024-03-22 16:51:07,7349231334016945440,,
186,12,wienervp,40,4319,30,2024-03-22 16:29:38,7349225785946852641,,
88,8,neos_eu,44,4406,27,2024-03-22 15:26:34,7349209434188500257,,
29,1,neos_eu,0,1002,3,2024-03-22 10:07:16,7349127228065713440,,
19,1,wienervp,52,1094,1,2024-03-21 18:56:38,7348892588469980448,,
33,2,neos_wien,31,628,0,2024-03-21 16:52:16,7348860535380725024,,
35,0,spoe_at,30,2214,2,2024-03-21 15:37:42,7348841321399864608,,
2521,422,fpoe_at,370,37861,166,2024-03-21 12:17:08,7348789565802564896,,
12,0,neos_wien,70,398,0,2024-03-21 10:22:18,7348760029450882336,,
9,0,diegruenenvorarlberg,50,316,0,2024-03-21 09:27:04,7348745803172711712,,
53,3,neos_eu,49,1291,10,2024-03-21 07:05:57,7348709439127489825,,
21,0,neos_wien,0,622,2,2024-03-20 16:40:40,7348486457515969825,,
27,0,neos_eu,29,830,4,2024-03-20 15:39:00,7348470562299137313,,
693,31,fpoe_at,67,9125,42,2024-03-20 13:24:18,7348435825614408993,,
12,0,neos_eu,50,607,1,2024-03-20 08:06:46,7348353995120872737,,
917,58,fpoe_at,99,11832,80,2024-03-19 15:20:06,7348094353438461216,,
9,1,diegruenenvorarlberg,31,604,0,2024-03-19 14:35:24,7348083096257858848,,
88,1,neos_eu,14,5752,31,2024-03-19 13:18:52,7348063374879575328,,
19,0,neos_eu,22,754,11,2024-03-19 08:16:56,7347985552953675041,,
141,6,diegruenenaustria,59,8905,98,2024-03-18 20:05:46,7347797151503715617,,
1271,237,diegruenenaustria,42,66057,228,2024-03-18 16:32:46,7347742261318339872,,
438,12,fpoe_at,53,5628,16,2024-03-18 15:25:10,7347724716985126176,,
47,8,neos_eu,39,3096,96,2024-03-18 15:01:00,7347718604063853857,,
12,0,diegruenenwien,29,654,1,2024-03-18 13:14:52,7347691239719947552,,
45,4,neos_eu,50,2494,93,2024-03-18 08:28:39,7347617457886022945,,
21,0,neos_wien,59,603,0,2024-03-17 09:15:18,7347258430622600480,,
93,1,neos_eu,37,3753,54,2024-03-17 07:27:13,7347230336000068896,,
30,0,wienervp,25,1235,4,2024-03-16 11:20:35,7346919634181852449,,
24,0,diegruenenaustria,15,1349,8,2024-03-16 09:58:26,7346898450925047073,,
49,0,diegruenenaustria,0,1397,8,2024-03-16 08:17:11,7346872348009581857,,
76,2,neos_eu,73,2126,53,2024-03-16 07:07:59,7346854480165621025,,
40,1,wienervp,33,1280,4,2024-03-15 17:01:22,7346636369797647649,,
90,2,neos_eu,52,6244,185,2024-03-15 15:04:26,7346606224257092896,,
56,8,wienervp,25,4179,6,2024-03-15 14:51:17,7346602847947017505,,
98,11,diegruenenaustria,31,5684,64,2024-03-15 12:02:46,7346559416990272801,,
103,7,diegruenenaustria,64,4206,52,2024-03-15 07:41:56,7346492201582464288,,
33,1,neos_wien,0,1178,1,2024-03-14 15:58:28,7346249073730669856,,
53,2,wienervp,48,1469,1,2024-03-14 15:08:52,7346236298878897441,,
1,0,diegruenenvorarlberg,82,340,5,2024-03-14 14:44:08,7346229921880034593,,
25,0,diegruenenwien,32,585,0,2024-03-14 14:00:39,7346218716419394848,,
62,2,wienervp,23,2276,9,2024-03-13 18:04:55,7345910582974942497,,
26,0,neos_wien,58,478,2,2024-03-13 16:35:58,7345887654946278688,,
3,0,diegruenenvorarlberg,59,319,0,2024-03-13 14:45:39,7345859212775410977,,
618,30,fpoe_at,42,9190,25,2024-03-13 14:38:23,7345857131867950369,,
945,17,diegruenenaustria,30,8344,140,2024-03-13 07:30:38,7345747113139080481,,
20,2,wienervp,35,1027,0,2024-03-12 14:27:59,7345483577573805344,,
8,1,diegruenenvorarlberg,39,323,1,2024-03-12 13:23:45,7345467024753184032,,
8,0,diegruenenvorarlberg,26,330,1,2024-03-11 14:39:16,7345115395570797856,,
54,3,diegruenenwien,29,2438,2,2024-03-11 09:47:51,7345040265339522336,,
22,2,diegruenenaustria,7,1116,6,2024-03-10 07:24:02,7344632110898089249,,
3402,285,fpoe_at,57,42443,228,2024-03-08 15:51:47,7344020849156033824,,
9,0,diegruenenvorarlberg,194,336,1,2024-03-08 14:14:36,7343995795332549921,,
33,0,diegruenenaustria,57,909,4,2024-03-08 14:04:00,7343993069139725600,,
31,1,thomas_waitz,24,788,5,2024-03-29 13:39:23,7351779517469347105,,
139,17,haraldvilimsky,88,1276,10,2024-03-29 08:43:22,7351703212165975329,,
19,0,philip.wohlgemuth,11,402,0,2024-03-28 09:38:51,7351346448148991264,,
208,5,thomas_waitz,38,9572,12,2024-03-27 13:32:04,7351035455858576673,,
30,2,thomas_waitz,121,605,2,2024-03-25 13:30:30,7350292871435537697,,
27,1,marco.triller,37,573,1,2024-03-24 18:30:44,7349999168993119520,,
91,2,haraldvilimsky,19,1466,4,2024-03-24 11:46:24,7349894977234668833,,
142,3,haraldvilimsky,40,1658,7,2024-03-23 16:38:33,7349599174138023200,,
561,23,haraldvilimsky,40,8680,22,2024-03-23 11:05:03,7349513232001846561,,
57,10,marco.triller,56,959,5,2024-03-23 07:20:17,7349455255454715169,,
19,1,thomas_waitz,57,502,2,2024-03-22 13:28:19,7349179058497817888,,
47,8,marco.triller,53,1247,1,2024-03-21 17:03:42,7348863474103045408,,
103,0,haraldvilimsky,13,1188,2,2024-03-21 14:41:12,7348826751960698144,,
13,2,philip.wohlgemuth,77,440,0,2024-03-21 10:33:11,7348762845586214177,,
74,2,haraldvilimsky,16,910,8,2024-03-21 09:45:10,7348750460137884961,,
225,4,tho_weber,31,7004,69,2024-03-21 07:53:59,7348721815532932385,,
14,0,philip.wohlgemuth,11,391,0,2024-03-20 17:03:59,7348492473360010528,,
34,1,thomas_waitz,23,531,6,2024-03-20 13:28:28,7348436922609519905,,
176,22,marco.triller,56,6867,17,2024-03-19 19:19:27,7348156302733888800,,
214,3,haraldvilimsky,48,1804,15,2024-03-19 15:53:22,7348103184566471968,,
71,9,olgavoglauer,35,4353,57,2024-03-19 10:53:54,7348026002813078816,,
51,1,thomas_waitz,70,445,11,2024-03-18 20:50:24,7347808646333615392,,
206,1,haraldvilimsky,29,2460,15,2024-03-18 19:40:14,7347790572599479584,,
105,0,tho_weber,20,3511,0,2024-03-16 10:54:23,7346912887329279264,,
40,3,haraldvilimsky,17,876,1,2024-03-15 18:23:46,7346657604472491296,,
26,0,philip.wohlgemuth,56,2116,5,2024-03-15 17:24:09,7346642243618409761,,
36,1,thomas_waitz,16,932,9,2024-03-15 14:26:25,7346596440614915361,,
52,3,thomas_waitz,20,1544,36,2024-03-13 15:04:42,7345864124720500000,,
75,2,haraldvilimsky,113,857,6,2024-03-13 08:31:35,7345762819851308321,,
46,2,thomas_waitz,31,806,10,2024-03-11 14:33:50,7345114003653299488,,
193,4,haraldvilimsky,28,4499,7,2024-03-09 12:08:44,7344334455273835808,,
100,1,ines.vukajlovic,70,1605,1,2024-03-08 12:36:24,7343970495794040096,,
30,0,philip.wohlgemuth,34,2369,0,2024-03-08 12:27:52,7343968288482938144,,
108,0,tho_weber,40,4164,2,2024-03-08 08:33:40,7343907939213774112,,
586,34,marco.triller,63,10885,68,2024-03-07 18:14:47,7343686606794050848,,
153,3,thomas_waitz,36,3568,18,2024-03-07 10:27:40,7343566230894202144,,
124,8,thomas_waitz,64,8649,68,2024-03-06 14:54:51,7343263996402748704,,
18,0,olgavoglauer,38,727,3,2024-03-05 11:14:03,7342835983336918304,,
48,2,thomas_waitz,50,2292,16,2024-03-04 15:37:01,7342532689473342752,,
24,5,marco.triller,27,956,1,2024-03-03 07:16:49,7342032417139592481,,
76,12,marco.triller,24,2016,8,2024-03-02 14:08:04,7341767599799274784,,
399,11,marco.triller,59,11152,19,2024-03-01 16:44:25,7341436810964389153,,
105,0,thomas_waitz,70,1040,12,2024-03-01 11:44:03,7341359404555537697,,
36,0,olgavoglauer,95,650,5,2024-02-29 12:35:41,7341001611986095392,,
543,39,haraldvilimsky,81,6537,36,2024-02-29 10:45:13,7340973140463357217,,
69,5,rudi_silvan,0,5533,53,2024-03-28 17:08:26,7351462302228434208,,
230,5,yannickshetty,63,3731,30,2024-03-28 10:33:03,7351360409858854177,,
16,0,rudi_silvan,0,512,1,2024-03-27 18:21:37,7351110065627204897,,
43,3,petra.steger,176,833,1,2024-03-26 20:19:23,7350769342730079520,,
257,27,yannickshetty,78,4978,45,2024-03-26 17:31:53,7350726159593786657,,
56,1,yannickshetty,29,1421,0,2024-03-25 21:53:21,7350422454231207201,,
77,5,jakobcschwarz,61,2176,6,2024-03-25 16:54:02,7350345330111647009,,
215,4,yannickshetty,49,3025,14,2024-03-25 10:18:58,7350243510630550817,,
60,5,petra.steger,58,890,2,2024-03-23 16:40:42,7349599718504271137,,
180,6,christophsteinerfpoe,11,10218,10,2024-03-23 16:28:07,7349596488797850913,,
436,66,petra.steger,215,4812,54,2024-03-23 13:52:15,7349556317100526880,,
26,0,rudi_silvan,0,791,1,2024-03-23 10:01:17,7349496788501482785,,
123,4,yannickshetty,71,1432,2,2024-03-22 13:35:28,7349180898656406816,,
23,1,rudi_silvan,176,625,1,2024-03-21 20:05:59,7348910456804805921,,
986,23,yannickshetty,58,8868,43,2024-03-21 16:03:52,7348848058030968096,,
19,0,jakobcschwarz,47,862,0,2024-03-21 15:52:10,7348845039033830688,,
8,0,rudi_silvan,35,331,0,2024-03-21 13:37:17,7348810268014693665,,
1111,8,yannickshetty,40,15151,29,2024-03-21 08:01:31,7348723753750187297,,
8,0,rudi_silvan,26,361,0,2024-03-20 16:03:51,7348476961611713825,,
1170,28,yannickshetty,51,12306,61,2024-03-20 14:37:02,7348454588846066977,,
53,0,petra.steger,25,882,6,2024-03-19 20:11:36,7348169743393738017,,
50,2,christophsteinerfpoe,4,2853,0,2024-03-19 16:34:51,7348113863977585953,,
160,3,yannickshetty,80,3122,9,2024-03-19 15:00:00,7348085164662197537,,
497,12,petra.steger,24,9762,62,2024-03-18 16:38:43,7347743789676596513,,
69,1,petra.steger,34,1397,5,2024-03-18 16:25:30,7347740379887750432,,
1009,17,yannickshetty,84,8684,22,2024-03-17 09:00:00,7347110833463332128,,
76,1,petra.steger,30,1535,2,2024-03-15 23:31:02,7346736757188103457,,
17,0,rudi_silvan,49,524,0,2024-03-15 18:58:27,7346666542140067105,,
119,2,yannickshetty,83,3779,5,2024-03-15 13:33:14,7346582729846263073,,
78,1,yannickshetty,15,1365,1,2024-03-14 15:30:08,7346241770285567265,,
314,2,yannickshetty,9,4926,6,2024-03-14 07:18:55,7346115179333061920,,
180,9,yannickshetty,51,6037,56,2024-03-13 15:14:26,7345866635183394081,,
15,0,jakobcschwarz,57,367,0,2024-03-13 11:08:46,7345803326124002592,,
105,0,yannickshetty,43,2531,21,2024-03-12 17:25:48,7345529410168048928,,
213,15,yannickshetty,23,5117,24,2024-03-11 15:21:54,7345126383024114977,,
536,28,yannickshetty,35,10737,57,2024-03-10 11:45:30,7344699542274690337,,
75,1,yannickshetty,45,1634,1,2024-03-09 14:24:54,7344369542786796833,,
39,0,jakobcschwarz,42,752,0,2024-03-08 21:35:15,7344109341185772832,,
185,5,yannickshetty,32,11522,8,2024-03-07 11:22:09,7343580275256937760,,
93,1,yannickshetty,31,1747,3,2024-03-06 17:59:00,7343311454008839457,,
47,1,rudi_silvan,6,470,1,2024-03-04 16:44:34,7342550098322230560,,
36,0,jakobcschwarz,52,1188,2,2024-03-04 09:19:24,7342435353103453473,,
6,1,rudi_silvan,13,710,0,2024-03-03 19:53:10,7342227625579973920,,
14,0,rudi_silvan,8,919,0,2024-03-03 19:26:09,7342220667527367969,,
92,0,yannickshetty,35,1651,4,2024-03-02 20:43:31,7341869522237820193,,
1679,54,christophsteinerfpoe,72,24735,55,2024-03-01 15:12:33,7341413136194391329,,
13,0,andreas.schieder,97,491,3,2024-03-29 12:58:56,7351769097090141472,,
12,2,ralphschallmeiner,10,647,1,2024-03-29 08:45:51,7351703844910288160,,
16,2,ralphschallmeiner,9,562,2,2024-03-28 11:27:20,7351374397212577057,,
135,8,dieschilling,45,8512,0,2024-03-27 07:58:25,7350949430725512481,,
1604,217,lisa.schuchgubik,43,37437,142,2024-03-26 14:30:51,7350679516014038305,,
13,0,andreas.schieder,24,919,2,2024-03-26 14:11:26,7350674524536311073,,
13,0,andreas.schieder,85,941,5,2024-03-25 09:32:28,7350231508336102689,,
12,1,beatescheiber0,20,1301,0,2024-03-24 11:22:58,7349888927454563617,,
28,8,ralphschallmeiner,15,645,7,2024-03-24 10:29:04,7349875040936054048,,
9,3,beatescheiber0,8,2140,0,2024-03-23 17:07:16,7349606576530967840,,
239,10,ralphschallmeiner,39,10817,157,2024-03-23 10:42:47,7349507498115616033,,
159,8,ralphschallmeiner,12,9542,48,2024-03-22 05:26:55,7349054943707319584,,
123,2,dieschilling,10,6695,9,2024-03-21 15:05:45,7348833078304886048,,
13,0,andreas.schieder,25,955,0,2024-03-21 13:50:08,7348813584417312032,,
56,0,ralphschallmeiner,32,1363,90,2024-03-21 11:05:56,7348771280138603808,,
26,2,ralphschallmeiner,59,900,5,2024-03-20 17:18:57,7348496323504590113,,
1810,204,sebastianschwaighofer,285,38478,151,2024-03-20 15:28:17,7348467809438944544,,
5,0,andreas.schieder,58,900,1,2024-03-20 10:45:20,7348394847922965792,,
10,2,hannes_schwarz,94,853,0,2024-03-19 16:16:12,7348109072677342496,,
26,1,ralphschallmeiner,0,931,4,2024-03-18 20:19:32,7347800703768792352,,
133,3,ralphschallmeiner,6,17169,4,2024-03-18 12:58:27,7347687019453222176,,
20,0,ralphschallmeiner,8,473,4,2024-03-16 06:49:46,7346849761460325665,,
17,1,andreas.schieder,20,1170,5,2024-03-15 22:16:47,7346717641186331936,,
27,0,ralphschallmeiner,26,1189,9,2024-03-14 15:08:50,7346236275944475937,,
70,1,andreas.schieder,31,3384,21,2024-03-12 13:32:14,7345469225902902560,,
13,0,andreas.schieder,36,830,2,2024-03-12 09:43:29,7345410263694200096,,
12,0,beatescheiber0,10,1138,0,2024-03-10 08:45:27,7344653127464848672,,
40,0,renesauerschnig,0,356,1,2024-03-09 20:26:00,7344462595094547745,,
17,0,beatescheiber0,19,976,0,2024-03-09 07:43:37,7344266114190347553,,
856,8,dieschilling,8,28926,5,2024-03-08 08:47:52,7343911606327250208,,
22,0,renesauerschnig,37,140,1,2024-03-08 08:20:51,7343904637436661024,,
19,0,renesauerschnig,31,130,2,2024-03-08 08:20:04,7343904421023190304,,
12,0,renesauerschnig,18,107,1,2024-03-08 08:19:18,7343904235278421281,,
16,0,renesauerschnig,48,99,1,2024-03-08 08:18:10,7343903949453298976,,
8,0,renesauerschnig,22,117,1,2024-03-08 08:17:06,7343903653335518496,,
8,0,renesauerschnig,17,90,0,2024-03-08 08:00:22,7343899354928827680,,
7,0,renesauerschnig,36,82,1,2024-03-08 07:59:50,7343899216705604896,,
7,0,renesauerschnig,26,73,1,2024-03-08 07:58:17,7343898813859482913,,
110,5,lisa.schuchgubik,59,3135,2,2024-03-08 07:18:23,7343888536157867297,,
85,15,ralphschallmeiner,35,11811,9,2024-03-07 13:35:13,7343614567131483425,,
25,2,ralphschallmeiner,22,897,1,2024-03-06 16:57:09,7343295512004644128,,
38,6,ralphschallmeiner,54,580,11,2024-03-06 13:40:27,7343244834817248545,,
27,0,ralphschallmeiner,33,866,18,2024-03-04 15:14:39,7342526921261075745,,
38,1,ralphschallmeiner,59,957,19,2024-03-04 10:27:16,7342452835998584097,,
14,0,andreas.schieder,64,841,2,2024-03-01 17:19:28,7341445841086926113,,
13,0,andreas.schieder,137,939,1,2024-03-01 08:56:09,7341316131161935136,,
32,2,andreas.schieder,66,1093,3,2024-03-01 08:34:38,7341310580034260256,,
734,5,ralphschallmeiner,36,5529,143,2024-02-29 19:55:15,7341114910266461472,,
14711,371,ralphschallmeiner,25,113190,82,2024-02-29 15:54:38,7341052899167980833,,
21,1,ralphschallmeiner,13,684,6,2024-02-29 13:32:16,7341016185707810080,,
21,0,ralphschallmeiner,86,643,9,2024-02-29 11:20:36,7340982246762990880,,
75,1,mario.kunasek,40,1213,10,2024-03-29 10:44:37,7351734350855146784,,
43,1,mario.kunasek,57,482,2,2024-03-28 15:40:32,7351439651434925344,,
54,1,werner.kogler,79,1793,10,2024-03-28 14:02:12,7351414312432307489,,
84,8,fabiennelackner,39,2851,10,2024-03-28 13:47:31,7351410508249042209,,
54,0,maximiliankoellner,14,1426,3,2024-03-28 10:56:51,7351366547958484257,,
81,2,philipkucher,145,1118,9,2024-03-28 06:59:27,7351305345643466016,,
65,2,mario.kunasek,25,982,3,2024-03-27 12:35:08,7351020773710089505,,
245,28,manuelkrautgartner,0,17651,104,2024-03-26 18:21:22,7350738921078197537,,
1017,26,gudrunkofler,27,31742,45,2024-03-25 15:48:31,7350328442962906400,,
48,1,mario.kunasek,135,1105,0,2024-03-24 20:24:35,7350028515263155489,,
114,4,werner.kogler,39,3001,2,2024-03-24 18:11:23,7349994183765036320,,
74,5,maximiliankoellner,42,1603,7,2024-03-22 12:16:04,7349160425298201888,,
161,6,udo_landbauer,46,1598,12,2024-03-22 07:31:56,7349087185959685409,,
510,34,mario.kunasek,50,10439,58,2024-03-21 20:32:42,7348917341146664224,,
2457,250,gudrunkofler,217,29003,161,2024-03-21 17:44:38,7348874033913466144,,
165,44,werner.kogler,87,18116,133,2024-03-21 14:01:00,7348816384702352673,,
193,1,mario.kunasek,104,3270,11,2024-03-21 12:05:18,7348786583094447392,,
145,7,philipkucher,96,2771,9,2024-03-21 06:30:45,7348700368856993057,,
87,1,mario.kunasek,59,1803,5,2024-03-20 13:59:37,7348444945490906401,,
63,0,mario.kunasek,43,1139,6,2024-03-19 19:47:05,7348163418928467232,,
67,9,werner.kogler,26,6732,58,2024-03-19 17:55:14,7348134592143969569,,
61,0,mario.kunasek,56,1193,2,2024-03-18 12:40:18,7347682315407068449,,
26,1,manuelkrautgartner,12,874,3,2024-03-17 17:58:36,7347393299239456033,,
114,16,werner.kogler,37,10399,132,2024-03-17 16:48:12,7347375153799515424,,
150,2,mario.kunasek,19,3827,19,2024-03-15 16:23:20,7346626572201233696,,
132,5,werner.kogler,42,4963,24,2024-03-14 13:57:58,7346218026821258529,,
107,2,mario.kunasek,59,1676,3,2024-03-13 20:40:46,7345950748259159328,,
68,1,manuelkrautgartner,31,1111,5,2024-03-13 17:50:04,7345906674911300896,,
492,10,werner.kogler,70,37590,52,2024-03-12 16:53:49,7345521163323444512,,
114,6,mario.kunasek,82,2083,34,2024-03-12 12:16:53,7345449795579874593,,
81,2,mario.kunasek,49,2265,9,2024-03-11 12:35:50,7345083575584247072,,
22,0,manuelkrautgartner,14,592,1,2024-03-10 18:04:42,7344797272644848929,,
70,0,werner.kogler,89,2755,13,2024-03-10 18:03:11,7344796876811685153,,
231,10,udo_landbauer,51,3612,28,2024-03-08 08:54:31,7343913312628854048,,
209,22,werner.kogler,82,12435,102,2024-03-07 13:58:12,7343620493498420513,,
48,5,mario.kunasek,54,2073,7,2024-03-07 11:52:24,7343588070572231969,,
135,9,werner.kogler,75,4869,19,2024-03-04 17:38:40,7342564041384021280,,
74,2,werner.kogler,41,3780,24,2024-03-02 13:52:23,7341763554531495201,,
146,7,mario.kunasek,57,1854,4,2024-02-29 18:42:42,7341096220728790305,,
36,0,maximiliankoellner,21,1599,0,2024-02-29 16:13:14,7341057698114440480,,
53,7,werner.kogler,60,2696,9,2024-02-29 14:01:15,7341023672762780961,,
153,4,udo_landbauer,42,1818,11,2024-02-29 13:09:33,7341010341318413601,,
236,12,philipkucher,58,7741,36,2024-02-29 07:01:42,7340915517194013985,,
72,5,lukas_hammer_tugendhat,22,1913,54,2024-03-29 14:28:43,7351792216668523809,,
115,9,gangandreas,36,4920,5,2024-03-29 09:10:47,7351710270936436000,,
127,98,patrickhaslwanter,194,12423,11,2024-03-28 12:37:56,7351392595978849569,,
60,1,lukas_hammer_tugendhat,54,976,6,2024-03-28 10:47:55,7351364240231435553,,
22,3,eligoetze,120,2161,2,2024-03-23 14:58:20,7349573339452591392,,
48,0,eligoetze,42,1804,1,2024-03-22 17:11:50,7349236666827083040,,
19,1,der.gasser,45,1973,0,2024-03-22 16:13:00,7349221507240955169,,
3629,1946,patrickhaslwanter,594,117957,254,2024-03-22 10:25:27,7349131813949902113,,
486,20,hafenecker,444,6052,51,2024-03-22 08:20:31,7349099704862493984,,
118,9,gangandreas,12,4521,12,2024-03-21 18:59:52,7348893426303274273,,
48,1,eligoetze,71,877,2,2024-03-21 17:56:27,7348877072175041825,,
4,0,eligoetze,60,32,0,2024-03-21 13:11:31,7348803655602064673,,
306,4,hafenecker,470,3757,25,2024-03-21 08:13:37,7348726861809175841,,
136,4,natalie.hangoebl,88,2665,0,2024-03-20 10:37:02,7348392705522814241,,
196,68,gangandreas,309,17297,7,2024-03-19 16:56:35,7348119465684520225,,
342,95,patrickhaslwanter,89,12740,29,2024-03-18 10:47:14,7347652906570583329,,
539,25,hafenecker,374,8956,42,2024-03-18 09:54:31,7347639575055060257,,
58,1,gangandreas,32,2105,1,2024-03-16 20:46:22,7347065448355106080,,
907,61,patrickhaslwanter,357,16084,45,2024-03-16 16:10:56,7346994117286595873,,
211,1,hafenecker,486,2375,9,2024-03-16 10:40:33,7346909313706757409,,
56,1,gangandreas,19,1591,4,2024-03-15 16:03:27,7346621437932801312,,
106,10,gangandreas,15,3282,1,2024-03-14 18:13:53,7346283966464363808,,
27,0,der.gasser,31,2001,0,2024-03-14 17:45:31,7346276668933180705,,
373,12,hafenecker,487,5743,23,2024-03-13 09:05:32,7345771569551035681,,
368,14,hafenecker,508,6479,33,2024-03-12 09:03:36,7345399988756712736,,
341,8,hafenecker,492,6264,29,2024-03-11 09:00:41,7345028118333132064,,
45,3,gangandreas,23,1780,1,2024-03-10 12:32:47,7344711733400915232,,
374,6,hafenecker,478,4999,15,2024-03-10 08:57:34,7344656260408659232,,
543,17,hafenecker,481,10067,29,2024-03-09 08:55:32,7344284664988732704,,
95,5,diegamon,34,5487,5,2024-03-09 08:43:40,7344281612529437984,,
26,1,lukas_hammer_tugendhat,60,724,0,2024-03-08 14:29:43,7343999685335567649,,
26,1,eligoetze,98,1239,0,2024-03-08 12:29:18,7343968665538268449,,
31,0,eligoetze,112,1927,0,2024-03-07 15:43:13,7343647544850926881,,
175,82,patrickhaslwanter,33,9681,239,2024-03-07 12:25:45,7343596593511271712,,
75,5,lukas_hammer_tugendhat,50,1393,6,2024-03-06 14:02:26,7343250496724962593,,
90,0,diegamon,13,4270,16,2024-03-06 13:59:58,7343249853411118368,,
119,4,patrickhaslwanter,166,3147,7,2024-03-05 17:24:57,7342931559265209633,,
24,0,eligoetze,129,1929,0,2024-03-05 13:58:24,7342878368913788193,,
207,10,hafenecker,347,2674,32,2024-03-05 07:34:26,7342779365786193185,,
136,1,patrickhaslwanter,176,2068,3,2024-03-04 14:14:05,7342511332119317793,,
529,24,hafenecker,292,9308,43,2024-03-04 07:26:24,7342406184999177504,,
8350,549,patrickhaslwanter,173,83241,240,2024-03-01 15:33:57,7341418610885184800,,
403,9,hafenecker,320,5197,26,2024-03-01 08:28:25,7341308978095246624,,
76,4,diegamon,42,3093,54,2024-02-29 21:26:52,7341138525493955873,,
51,4,lukas_hammer_tugendhat,41,1940,6,2024-02-29 14:33:09,7341031908731522337,,
243,3,hafenecker,394,2378,25,2024-02-29 08:25:28,7340937105570352416,,
37,0,helmut.brandstaetter,57,669,0,2024-03-28 16:23:33,7351450739769740576,,
239,10,andibabler,5,4259,3,2024-03-28 15:15:26,7351433174091615520,,
48,2,cbitschi,14,1089,0,2024-03-27 18:55:37,7351118841906253089,,
1952,303,andibabler,0,44391,117,2024-03-27 16:46:47,7351085635555298592,,
34,0,martinaberthold,55,611,0,2024-03-27 13:49:25,7351039922620484896,,
228,13,andibabler,13,4592,10,2024-03-26 10:07:14,7350611589248060704,,
25,1,helmut.brandstaetter,55,860,0,2024-03-26 06:00:00,7350428546197753121,,
137,5,andibabler,42,2536,15,2024-03-25 18:15:38,7350366354920328481,,
223,5,andibabler,38,4493,7,2024-03-25 10:40:27,7350249034675801376,,
80,2,cbitschi,24,1194,4,2024-03-24 05:55:59,7349804521201093921,,
20,0,helmut.brandstaetter,87,541,0,2024-03-23 11:06:40,7349513647548321056,,
508,36,andibabler,25,17589,33,2024-03-22 15:17:47,7349207270154145056,,
61,2,reinhold_binder,62,3168,5,2024-03-22 11:05:32,7349142249504017696,,
32,0,helmut.brandstaetter,74,552,0,2024-03-21 18:37:56,7348887777011830049,,
67,6,cbitschi,35,1327,0,2024-03-21 13:41:56,7348811463009635616,,
42,1,joachimaigner27,38,1344,0,2024-03-21 10:24:06,7348760502803221793,,
244,3,andibabler,13,6452,31,2024-03-20 19:26:50,7348529294651444513,,
404,37,markusabwerzger,126,8925,19,2024-03-20 08:47:14,7348364399297547552,,
5538,649,markusabwerzger,146,117019,197,2024-03-19 12:04:59,7348044338405887264,,
98,5,andibabler,43,1629,13,2024-03-19 05:00:26,7347934889250999584,,
239,6,helmut.brandstaetter,66,6999,1,2024-03-18 17:01:32,7347749680324807968,,
220,5,andibabler,14,3273,7,2024-03-18 15:49:48,7347731188095700257,,
95,1,andibabler,18,2425,5,2024-03-17 19:00:26,7347409230258900257,,
231,15,andibabler,42,5008,21,2024-03-17 13:00:28,7347316475104873760,,
621,27,andibabler,39,21053,128,2024-03-16 13:00:37,7346945418904751393,,
22,0,helmut.brandstaetter,69,564,0,2024-03-15 19:01:28,7346667316911885600,,
346,54,andibabler,0,7554,14,2024-03-15 16:15:31,7346624483710471456,,
113,2,erwin_angerer,50,1242,12,2024-03-15 06:09:22,7346468328405355809,,
59,3,erwin_angerer,81,891,4,2024-03-14 20:43:38,7346322560063229217,,
30,0,helmut.brandstaetter,75,532,0,2024-03-14 20:35:15,7346320318283124000,,
142,4,andibabler,23,4936,10,2024-03-13 18:45:12,7345920955002260768,,
31,0,helmut.brandstaetter,114,899,0,2024-03-12 17:34:02,7345531096731241761,,
2978,222,andibabler,0,52164,47,2024-03-12 12:03:53,7345446454015593761,,
19,0,stephanauerstueger,84,2164,2,2024-03-12 09:37:18,7345408668889877792,,
13,0,helmut.brandstaetter,45,366,0,2024-03-11 15:54:09,7345134671979662625,,
27,0,helmut.brandstaetter,56,617,0,2024-03-10 17:27:39,7344787639762947360,,
12,0,helmut.brandstaetter,98,391,0,2024-03-09 17:32:20,7344417840981658913,,
205,3,andibabler,46,4666,24,2024-03-08 13:31:05,7343984593848110369,,
24,0,helmut.brandstaetter,92,448,0,2024-03-07 18:27:03,7343689778061200672,,
34,1,reinhold_binder,78,754,1,2024-03-07 16:48:55,7343664479147658529,,
200,10,andibabler,29,5856,20,2024-03-07 14:59:19,7343636232490044705,,
44,0,helmut.brandstaetter,72,944,0,2024-03-06 16:28:02,7343288013507644704,,
146,16,andibabler,12,3418,2,2024-03-06 14:46:22,7343261811191434528,,
10,3,helmut.brandstaetter,25,425,0,2024-03-05 16:31:10,7342917733207641377,,
18,0,helmut.brandstaetter,51,907,0,2024-03-04 20:47:33,7342612719897480481,,
20,0,helmut.brandstaetter,99,907,0,2024-03-02 10:40:08,7341714023672565025,,
36,0,helmut.brandstaetter,58,1472,0,2024-03-01 20:10:41,7341489971427085600,,
94,9,joachimaigner27,22,6301,33,2024-03-01 18:08:01,7341458357393362208,,
109,2,andibabler,38,2120,1,2024-03-01 17:23:05,7341446762722381088,,
22,4,helmut.brandstaetter,68,1140,0,2024-03-01 11:15:44,7341352028972600609,,
34,0,reinhold_binder,88,727,0,2024-03-01 10:30:26,7341340430266567969,,
18,2,joachimaigner27,30,1553,9,2024-03-01 06:34:33,7341279639563734305,,
19,0,reinhold_binder,60,583,0,2024-02-29 15:40:38,7341049287314394400,,
1314,33,neos_eu,20,48577,80,2024-02-28 16:41:48,7340693957661297952,,
2720,99,fpoe_at,75,49433,130,2024-02-28 16:30:17,7340690977801112865,,
10,1,wienervp,20,438,0,2024-02-28 12:06:23,7340622970978569505,,
17,0,wienervp,68,913,3,2024-02-28 08:32:58,7340567946470722849,,
22,0,neos_wien,25,1223,2,2024-02-27 16:08:06,7340314208778587424,,
2922,180,fpoe_at,42,40635,165,2024-02-27 11:42:54,7340245818617777441,,
301,9,neos_eu,22,22762,33,2024-02-27 10:43:55,7340230616111238432,,
43,3,diegruenenaustria,12,1157,10,2024-02-27 08:02:38,7340189061325262113,,
57,1,neos_eu,51,3209,91,2024-02-27 08:00:04,7340188376257056032,,
30,1,neos.vlbg,39,1045,1,2024-02-26 13:50:46,7339907714182679840,,
57,6,neos_eu,16,5847,208,2024-02-26 10:35:02,7339857248627264801,,
23,1,neos_wien,87,1127,0,2024-02-25 20:14:04,7339635415130869024,,
33,0,wienervp,61,1538,6,2024-02-24 23:49:13,7339319756773805344,,
55,1,neos_eu,90,2239,110,2024-02-24 08:33:01,7339083637616430368,,
390,8,fpoe_at,44,10377,13,2024-02-23 13:21:42,7338786808035052833,,
22,0,wienervp,58,912,1,2024-02-23 10:09:02,7338737321400945952,,
90,1,spoe_at,15,2638,2,2024-02-23 08:15:50,7338708137240759584,,
44,1,neos_eu,41,3219,100,2024-02-23 08:03:05,7338704857043438881,,
22,2,diegruenenvorarlberg,58,3298,115,2024-02-22 14:17:17,7338430204639038753,,
34,2,diegruenenwien,49,1225,2,2024-02-22 08:51:57,7338346373743447329,,
91,3,neos_eu,34,7935,220,2024-02-22 07:57:14,7338332274938744097,,
23,0,neos_wien,5,637,0,2024-02-22 07:34:16,7338326299439566112,,
15,0,vorarlberger_volkspartei,24,1703,0,2024-02-22 07:09:33,7338319919349632289,,
6,0,diegruenenvorarlberg,74,1398,0,2024-02-21 15:17:37,7338074669142068513,,
28,0,diegruenenaustria,27,756,5,2024-02-21 15:09:21,7338072544366316833,,
6884,297,fpoe_at,43,108953,634,2024-02-21 15:01:21,7338070325642530081,,
50,0,neos_eu,72,3864,191,2024-02-21 10:47:16,7338004992944573728,,
17,0,wienervp,55,1404,7,2024-02-20 09:47:57,7337618630055660832,,
45,2,neos_eu,21,2425,94,2024-02-20 07:52:06,7337588768204967200,,
46,0,neos_wien,13,1348,1,2024-02-19 16:22:19,7337349172061867297,,
61,2,diegruenenaustria,31,5295,42,2024-02-19 12:34:10,7337290373183573281,,
43,2,diegruenenwien,69,3630,33,2024-02-19 12:20:57,7337286963147427104,,
52,1,neos_eu,13,3170,51,2024-02-19 07:55:00,7337218400462163233,,
19,1,wienervp,71,527,5,2024-02-18 14:07:52,7336943447858810145,,
13443,1712,fpoe_at,48,264913,199,2024-02-18 11:28:34,7336902379406675232,,
2602,96,fpoe_at,34,44707,41,2024-02-17 15:46:36,7336597817646943521,,
26,4,neos_wien,88,737,0,2024-02-17 15:33:24,7336594400170069281,,
23,0,diegruenenaustria,17,1258,1,2024-02-17 10:02:54,7336509231090126112,,
74,0,neos_eu,23,3139,10,2024-02-17 08:34:27,7336486413967445280,,
70,1,diegruenenaustria,0,4149,39,2024-02-17 07:41:49,7336472833662422305,,
2801,75,fpoe_at,96,62598,56,2024-02-16 15:20:21,7336219900685471008,,
93,6,diegruenenaustria,21,7654,121,2024-02-16 14:48:55,7336211846644518176,,
59,3,neos_wien,24,2570,6,2024-02-16 13:36:06,7336193083610041632,,
31,0,neos_eu,17,1370,43,2024-02-16 06:54:42,7336089593499946273,,
3528,203,fpoe_at,33,69373,166,2024-02-15 15:38:58,7335853662255713568,,
82,0,diegruenenaustria,12,3550,57,2024-02-15 14:36:34,7335837574285643041,,
838,33,fpoe_at,48,13639,30,2024-02-15 09:16:26,7335754908576091425,,
104,1,neos_eu,39,5224,92,2024-02-15 08:15:32,7335739355354467617,,
61,6,neos_wien,7,4377,2,2024-02-14 16:46:10,7335499902849404193,,
29,3,diegruenenaustria,8,801,1,2024-02-14 13:11:21,7335444539831815456,,
24,0,neos_eu,56,898,2,2024-02-14 10:30:09,7335402988229430560,,
50,0,neos_eu,23,2454,82,2024-02-14 08:03:17,7335365134690290976,,
2911,266,fpoe_at,70,34803,150,2024-02-13 14:27:10,7335092961140608288,,
43,2,diegruenenaustria,43,1378,7,2024-02-13 14:05:41,7335087457605586208,,
40,0,diegruenenaustria,28,1029,15,2024-02-13 14:01:40,7335086412368268576,,
7,0,diegruenenvorarlberg,11,39,0,2024-02-13 13:28:54,7335077965115460897,,
36,0,diegruenenwien,37,1143,13,2024-02-13 09:47:32,7335020916285639969,,
24,6,diegruenenwien,14,1129,9,2024-02-13 08:20:53,7334998557633629473,,
47,1,neos_eu,39,2537,68,2024-02-13 07:54:52,7334991868779826464,,
22,1,neos_wien,7,535,0,2024-02-12 17:05:23,7334762685713665312,,
149,6,diegruenenaustria,0,11253,45,2024-02-12 15:22:27,7334736142685818144,,
1078,105,fpoe_at,29,27967,42,2024-02-12 15:11:48,7334733287992151328,,
99,2,neos_eu,54,4237,98,2024-02-12 11:33:31,7334677140761251104,,
24,0,vorarlberger_volkspartei,11,2085,0,2024-02-12 11:05:42,7334669978651626784,,
60,5,diegruenenaustria,37,5129,129,2024-02-12 10:24:22,7334659328764300577,,
254,4,spoe_at,0,5484,4,2024-02-12 10:15:50,7334657120266128672,,
95,2,neos.vlbg,65,3356,0,2024-02-11 11:07:18,7334299313301966113,,
2186,133,fpoe_at,97,28968,210,2024-02-11 09:27:45,7334273652411632929,,
1536,75,fpoe_at,85,17269,80,2024-02-03 16:41:13,7331416687729741088,,
117,7,diegruenenaustria,47,3330,13,2024-02-03 08:12:33,7331285571597339937,,
764,94,fpoe_at,96,9047,54,2024-02-02 13:03:33,7330989503416405280,,
7,1,vorarlberger_volkspartei,49,57,0,2024-02-02 08:08:35,7330913501684174112,,
247,14,neos_eu,33,12679,258,2024-02-01 19:03:01,7330711066931957024,,
180,11,spoe_at,203,5693,9,2024-02-01 16:25:11,7330670388449463584,,
588,14,fpoe_at,31,7633,10,2024-02-01 14:20:21,7330638216271285537,,
51,2,diegruenenaustria,45,1316,15,2024-02-01 13:44:12,7330628898624949537,,
21,0,diegruenenvorarlberg,39,988,0,2024-02-01 12:44:11,7330613432913300769,,
33,1,diegruenenwien,43,980,8,2024-02-01 09:18:18,7330560364733615392,,
2613,141,wienervp,39,51233,79,2024-02-01 07:17:19,7330529183866653984,,
37,3,neos.vlbg,31,1725,4,2024-02-01 06:24:32,7330515585807240481,,
61,2,neos_eu,21,1512,5,2024-01-31 16:56:53,7330307463218072865,,
25,0,diegruenenwien,24,827,1,2024-01-31 16:09:22,7330295225870454048,,
28,0,neos_wien,0,864,0,2024-01-31 16:01:24,7330293163875159329,,
1600,36,fpoe_at,38,19409,72,2024-01-31 15:40:19,7330287740803681568,,
33,9,vorarlberger_volkspartei,15,3378,3,2024-01-31 15:11:55,7330280374951562529,,
398,18,spoe_at,28,12797,16,2024-01-31 12:09:52,7330233503977590048,,
69,2,neos_eu,22,2823,34,2024-01-31 11:27:04,7330222479408975137,,
7,0,wienervp,73,982,0,2024-01-31 10:14:53,7330203868850130209,,
7,0,vorarlberger_volkspartei,20,1930,0,2024-01-31 09:30:14,7330192351329127713,,
3169,223,fpoe_at,96,65525,126,2024-01-30 15:22:18,7329911993828134176,,
239,2,spoe_at,59,9021,8,2024-01-30 12:08:48,7329862147477900577,,
310,22,neos_eu,19,18253,94,2024-01-30 08:31:25,7329806126914997537,,
14,0,neos.vlbg,35,1116,1,2024-01-30 07:28:34,7329789914793430304,,
156,12,haraldvilimsky,101,1356,14,2024-02-28 08:49:21,7340572177072213280,,
210,34,haraldvilimsky,71,5945,12,2024-02-27 17:49:46,7340340404266585377,,
79,0,thomas_waitz,28,1741,21,2024-02-27 15:01:40,7340297070131154209,,
18,0,olgavoglauer,33,459,3,2024-02-26 15:43:22,7339936739911372065,,
42,1,haraldvilimsky,19,618,5,2024-02-26 15:09:26,7339928000097439008,,
128,6,haraldvilimsky,62,846,9,2024-02-26 12:03:07,7339879968253431072,,
42,1,haraldvilimsky,22,796,2,2024-02-25 10:57:43,7339492028549451040,,
73,2,haraldvilimsky,70,1034,2,2024-02-24 14:48:29,7339180412679327009,,
65,1,haraldvilimsky,10,941,4,2024-02-23 15:43:53,7338823619700624673,,
30,0,chriswiederkehr,85,1322,1,2024-02-23 10:32:09,7338743278629621024,,
210,2,tho_weber,53,8462,45,2024-02-23 07:54:56,7338702751502830881,,
20,1,olgavoglauer,60,660,2,2024-02-22 15:12:24,7338444421286939937,,
30,0,dietomaselli,6,1406,0,2024-02-22 11:11:15,7338382272342625568,,
73,1,haraldvilimsky,0,1406,11,2024-02-22 08:54:41,7338347073516965152,,
54,2,chriswiederkehr,71,1551,1,2024-02-21 15:01:25,7338070491401358624,,
167,13,olgavoglauer,47,8891,31,2024-02-21 11:26:11,7338015024658599201,,
42,0,chriswiederkehr,79,1098,5,2024-02-21 09:51:26,7337990590610574624,,
29,1,chriswiederkehr,56,964,6,2024-02-20 16:32:12,7337722811886144800,,
181,1,thomas_waitz,46,4938,104,2024-02-20 13:35:17,7337677221039050017,,
25,0,marco.triller,48,444,0,2024-02-18 17:39:43,7336998047416585504,,
20,0,chriswiederkehr,88,807,0,2024-02-18 15:56:33,7336971458108820768,,
33,0,marco.triller,38,523,0,2024-02-17 07:50:15,7336475008799165729,,
93,2,haraldvilimsky,41,1161,5,2024-02-16 10:44:25,7336148725783399712,,
58,0,haraldvilimsky,0,1447,7,2024-02-16 07:17:36,7336095503123320096,,
197,7,haraldvilimsky,0,2856,8,2024-02-16 07:10:20,7336093606878481696,,
30,8,marco.triller,11,1096,3,2024-02-15 19:50:18,7335918439246155040,,
123,6,haraldvilimsky,23,1178,12,2024-02-15 19:41:07,7335915905781746976,,
79,1,thomas_waitz,64,1059,11,2024-02-15 15:59:52,7335859051328195873,,
180,6,haraldvilimsky,24,3459,11,2024-02-15 12:37:44,7335806953425276192,,
51,2,joetaucher,84,1329,4,2024-02-15 10:08:28,7335768472825105696,,
63,0,thomas_waitz,37,787,2,2024-02-14 16:26:59,7335494947816197408,,
97,2,tho_weber,21,3243,0,2024-02-14 08:58:15,7335379281792601377,,
918,27,haraldvilimsky,0,17012,77,2024-02-13 22:39:06,7335219756967922976,,
20,0,olgavoglauer,30,626,0,2024-02-13 14:10:31,7335088699513818400,,
29,0,dietomaselli,95,1432,1,2024-02-13 10:50:44,7335037198087032096,,
47,0,thomas_waitz,57,629,9,2024-02-13 10:39:30,7335034298338200864,,
115,1,haraldvilimsky,33,975,5,2024-02-12 12:19:58,7334689115247496481,,
28,0,marco.triller,56,549,0,2024-02-11 06:55:31,7334234315586424096,,
43,0,joetaucher,57,562,7,2024-02-03 08:59:41,7331297732134554913,,
21,2,marco.triller,43,653,1,2024-02-03 06:44:49,7331262833688202528,,
335,10,haraldvilimsky,13,4204,27,2024-02-02 07:13:09,7330899200097488160,,
52,0,marco.triller,59,857,2,2024-02-02 05:21:17,7330870358238612768,,
853,36,haraldvilimsky,27,9139,40,2024-02-01 15:57:05,7330663146216115489,,
36,0,olgavoglauer,20,916,4,2024-02-01 15:13:59,7330652039216762145,,
3800,444,haraldvilimsky,41,33973,109,2024-02-01 13:21:57,7330623169818021152,,
150,118,chriswiederkehr,21,9598,11,2024-01-31 13:35:11,7330255493950229793,,
26,1,olgavoglauer,30,744,2,2024-01-31 11:46:19,7330227434920414496,,
82,0,thomas_waitz,60,1599,8,2024-01-31 10:26:43,7330206910962044193,,
286,5,yannickshetty,87,6451,10,2024-02-28 17:00:00,7340674817428966689,,
110,1,yannickshetty,178,1695,5,2024-02-28 14:44:04,7340663634898504993,,
3285,132,christophsteinerfpoe,138,42218,152,2024-02-27 21:12:09,7340392557576277281,,
93,2,yannickshetty,28,1759,13,2024-02-27 11:11:09,7340237641494973729,,
489,3,yannickshetty,62,20038,132,2024-02-26 17:00:00,7339940055932341537,,
293,7,yannickshetty,10,5676,85,2024-02-26 08:50:11,7339830223573110048,,
752,38,christophsteinerfpoe,42,14689,5,2024-02-23 17:26:10,7338849885870935329,,
27,0,andreas_spanring,0,1423,3,2024-02-23 16:51:44,7338841101681397024,,
127,1,yannickshetty,36,2259,3,2024-02-25 10:25:00,7338798361518132513,,
423,21,yannickshetty,59,13882,94,2024-02-23 15:00:00,7338798141111553312,,
115,5,petra.steger,176,1292,10,2024-02-23 12:37:57,7338775704953244960,,
285,30,andreas_spanring,47,23999,72,2024-02-21 18:23:23,7338122550524038432,,
231,1,yannickshetty,64,3992,10,2024-02-20 10:30:00,7337608285295496480,,
5944,173,christophsteinerfpoe,135,134495,95,2024-02-19 17:50:29,7337371901527854369,,
340,9,petra.steger,14,11741,24,2024-02-17 16:59:08,7336616487521717536,,
5830,659,christophsteinerfpoe,68,94644,151,2024-02-16 18:14:08,7336264743679724833,,
1641,35,yannickshetty,47,28679,128,2024-02-16 13:55:00,7336194020193897761,,
149,4,yannickshetty,28,3846,8,2024-02-15 17:05:00,7335871006315121952,,
1471,34,christophsteinerfpoe,196,28910,56,2024-02-14 22:06:46,7335582519653338400,,
27,1,yannickshetty,340,1596,13,2024-02-14 17:03:06,7335504261356326176,,
690,31,christophsteinerfpoe,135,18547,41,2024-02-13 17:21:10,7335137836309531937,,
106,1,jakobcschwarz,57,3380,91,2024-02-13 11:10:02,7335042175014653216,,
62,0,d_stoegi,29,1789,9,2024-02-12 18:38:37,7334786713572609313,,
21,2,norbert.sieber,29,3005,0,2024-02-02 13:36:51,7330998083695791392,,
16,0,rudi_silvan,0,1158,3,2024-02-02 12:09:30,7330975572195085601,,
927,128,petra.steger,236,11384,107,2024-02-01 13:49:14,7330630202994740512,,
670,44,petra.steger,332,10087,54,2024-01-31 23:53:58,7330414934502739233,,
252,7,yannickshetty,41,6447,64,2024-02-02 14:55:00,7330286518851898657,,
144,3,yannickshetty,26,3826,11,2024-01-31 16:25:00,7330278960917384480,,
73,2,ralphschallmeiner,31,1934,88,2024-02-28 14:44:15,7340663665185541409,,
8658,365,ralphschallmeiner,50,47841,572,2024-02-28 12:09:21,7340623731779325217,,
33,2,andreas.schieder,19,2956,15,2024-02-27 17:08:21,7340329722661981472,,
13,1,andreas.schieder,56,920,2,2024-02-27 09:22:42,7340209685850524960,,
75,0,ralphschallmeiner,36,3062,78,2024-02-26 15:05:58,7339927097806261537,,
21,3,ralphschallmeiner,17,1138,2,2024-02-26 10:13:44,7339851773206646048,,
34,0,ralphschallmeiner,0,669,7,2024-02-25 19:00:03,7339616339113332001,,
12,0,ralphschallmeiner,10,456,0,2024-02-24 20:54:11,7339274665564622112,,
12,0,ralphschallmeiner,8,570,2,2024-02-24 19:05:48,7339246736579366176,,
8,0,ralphschallmeiner,12,452,0,2024-02-23 16:42:52,7338838802095525152,,
40,0,ralphschallmeiner,8,3829,41,2024-02-23 16:08:13,7338829890461994272,,
9,0,hannes_schwarz,23,896,0,2024-02-23 15:31:17,7338820372973899040,,
19,0,ralphschallmeiner,14,571,1,2024-02-22 22:02:00,7338549975506324769,,
13,0,ralphschallmeiner,11,393,5,2024-02-22 14:46:34,7338437771192716576,,
20,0,ralphschallmeiner,12,453,1,2024-02-22 08:37:49,7338342725877632289,,
26,1,andreas.schieder,59,1578,28,2024-02-21 14:18:25,7338059417021189409,,
13,0,ralphschallmeiner,14,435,1,2024-02-21 11:36:20,7338017630621584673,,
57,2,andreas.schieder,25,5096,23,2024-02-20 09:41:34,7337616984181312801,,
29,1,andreas.schieder,38,1237,12,2024-02-19 16:10:48,7337346215052348704,,
12,0,beatescheiber0,21,664,0,2024-02-18 20:45:25,7337045896045104417,,
119,2,ralphschallmeiner,27,10788,3,2024-02-17 20:07:43,7336665097210760481,,
4,1,beatescheiber0,22,491,0,2024-02-16 20:11:04,7336294877015182625,,
79,2,ralphschallmeiner,70,2433,73,2024-02-16 11:14:07,7336156482075102496,,
66,1,ralphschallmeiner,50,6471,100,2024-02-15 15:10:35,7335846340116647201,,
34,0,ralphschallmeiner,38,764,2,2024-02-15 12:57:11,7335811962825198880,,
13,0,beatescheiber0,17,558,0,2024-02-15 09:40:50,7335761339958316321,,
29,2,ralphschallmeiner,29,1217,12,2024-02-15 08:42:34,7335746324928744737,,
7,0,beatescheiber0,10,495,0,2024-02-13 19:08:35,7335165520569847073,,
24,3,ralphschallmeiner,88,737,3,2024-02-13 15:11:05,7335104304056945952,,
10,0,andreas.schieder,110,855,4,2024-02-13 09:34:02,7335017440780373280,,
9,1,andreas.schieder,55,962,2,2024-02-13 09:23:45,7335014783638359328,,
10,0,hannes_schwarz,178,890,0,2024-02-12 13:41:29,7334710124541480225,,
14,0,beatescheiber0,123,481,0,2024-02-11 19:28:25,7334428464176434464,,
15,1,beatescheiber0,10,764,0,2024-02-11 06:45:49,7334231860769197344,,
74,3,ralphschallmeiner,13,1230,3,2024-02-03 19:01:17,7331452787458379041,,
5,0,beatescheiber0,8,193,0,2024-02-03 18:16:51,7331441340699462945,,
26,0,ralphschallmeiner,35,517,0,2024-02-03 09:04:26,7331298954727984416,,
95,2,lisa.schuchgubik,38,2894,0,2024-02-02 18:30:07,7331073660104609056,,
21,0,ralphschallmeiner,40,391,1,2024-02-02 08:35:11,7330920338571709729,,
35,0,ralphschallmeiner,21,448,0,2024-02-02 07:29:50,7330903508704562465,,
60,1,ralphschallmeiner,27,2993,11,2024-02-01 15:32:20,7330656764691598625,,
29,0,ralphschallmeiner,9,705,6,2024-02-01 13:37:20,7330627123272584481,,
1321,4,ralphschallmeiner,62,15707,12,2024-02-01 12:16:25,7330606261030898977,,
11,0,ralphschallmeiner,17,645,1,2024-01-31 22:36:33,7330394977031310624,,
14,1,andreas.schieder,37,872,1,2024-01-31 15:40:54,7330287881237384480,,
51,2,ralphschallmeiner,73,1300,11,2024-01-31 14:23:25,7330267918984432929,,
50,0,ralphschallmeiner,15,904,5,2024-01-31 10:33:44,7330208726999190817,,
17,4,hannes_schwarz,108,469,0,2024-01-30 18:25:27,7329959206486904097,,
2,0,beatescheiber0,18,421,0,2024-01-30 18:20:01,7329957807329922337,,
217,0,ralphschallmeiner,56,6195,127,2024-01-30 16:41:00,7329932290358775072,,
18,0,ralphschallmeiner,5,989,0,2024-01-30 10:39:38,7329839168622693664,,
24,1,manuelkrautgartner,8,537,0,2024-02-28 18:00:35,7340714269324987681,,
104,5,philipkucher,45,2608,28,2024-02-28 07:35:52,7340553215940906272,,
94,0,claudia.klimtweithaler,38,887,3,2024-02-27 18:30:57,7340351012676455712,,
259,11,werner.kogler,56,11952,12,2024-02-27 13:33:41,7340274408851770656,,
29,1,fabiennelackner,15,1390,1,2024-02-26 22:09:51,7340036335643757857,,
236,0,claudia.klimtweithaler,70,3790,13,2024-02-26 17:52:03,7339969908387630368,,
206,13,maximilian_krauss,49,2092,57,2024-02-25 19:38:57,7339626367165680929,,
134,11,manuelkrautgartner,50,3697,15,2024-02-25 18:23:42,7339606964873317665,,
2668,178,udo_landbauer,57,47172,177,2024-02-24 14:22:24,7339173694557703456,,
52,2,maximilian_krauss,39,1072,5,2024-02-22 19:36:07,7338512387479260449,,
95,0,claudia.klimtweithaler,78,1387,6,2024-02-22 14:38:25,7338435665761226017,,
203,30,werner.kogler,81,16144,165,2024-02-22 14:02:04,7338426300366851360,,
1081,46,udo_landbauer,49,19424,125,2024-02-21 10:02:57,7337993572463021344,,
105,7,werner.kogler,38,6171,16,2024-02-20 09:34:46,7337615239279643936,,
44,1,manuelkrautgartner,27,534,0,2024-02-18 16:06:38,7336974051807726880,,
43,1,manuelkrautgartner,16,1530,8,2024-02-17 18:21:53,7336637823090445600,,
132,9,werner.kogler,65,7748,25,2024-02-17 15:20:59,7336591202592083232,,
35,0,manuelkrautgartner,48,611,3,2024-02-16 18:12:01,7336264186642697504,,
2890,49,carinalaschoberluif,60,34141,5,2024-02-15 21:10:09,7335939007223762209,,
28,0,manuelkrautgartner,8,525,0,2024-02-15 19:35:26,7335914605979372833,,
138,9,werner.kogler,30,8859,44,2024-02-15 14:00:47,7335828357902322976,,
58,6,manuelkrautgartner,36,679,2,2024-02-13 18:56:13,7335162330952502560,,
148,25,werner.kogler,73,14798,30,2024-02-13 13:35:25,7335079652580478240,,
84,7,carinalaschoberluif,55,1732,0,2024-02-12 22:13:54,7334842189588991265,,
82,7,manuelkrautgartner,33,3418,9,2024-02-12 18:11:07,7334779617607224608,,
71,0,mario.kunasek,23,1275,1,2024-02-03 21:07:55,7331485412176776480,,
109,2,mario.kunasek,46,1238,6,2024-02-02 10:47:14,7330954382290193696,,
478,27,udo_landbauer,47,7839,53,2024-02-01 18:00:32,7330694963283414304,,
864,23,mario.kunasek,53,10466,52,2024-02-01 14:31:49,7330641167681473824,,
200,10,werner.kogler,91,11580,67,2024-02-01 13:59:54,7330632949919993121,,
151,5,philipkucher,78,3394,24,2024-02-01 07:09:35,7330527193564548384,,
75,13,philipkucher,28,771,1,2024-01-31 18:02:27,7330324362639281441,,
214,11,werner.kogler,41,9573,100,2024-01-31 11:44:26,7330226946242137376,,
171,2,mario.kunasek,56,3550,8,2024-01-31 11:17:41,7330220024839359776,,
57,0,mario.kunasek,58,889,2,2024-01-30 15:40:49,7329916772079979809,,
19,1,diegamon,66,1492,3,2024-02-28 16:37:57,7340692971672636704,,
76,1,diegamon,73,1831,18,2024-02-28 16:32:13,7340691488621350176,,
118,8,gangandreas,87,5833,21,2024-02-27 22:50:17,7340417843751570721,,
50,1,eligoetze,156,1648,0,2024-02-26 16:22:57,7339946942065102112,,
7053,788,patrickhaslwanter,185,97376,412,2024-02-26 11:31:51,7339871720448281888,,
401,20,hafenecker,494,5232,27,2024-02-24 09:36:27,7339100005363502369,,
44,2,gangandreas,6,1698,0,2024-02-23 15:39:10,7338822408540884256,,
14,0,lukas_hammer_tugendhat,38,905,3,2024-02-23 10:33:15,7338743571488476448,,
20,1,der.gasser,47,1864,0,2024-02-22 18:34:48,7338496582368677153,,
29,0,eligoetze,106,457,1,2024-02-22 15:25:09,7338447710275538209,,
61,3,lukas_hammer_tugendhat,38,3618,74,2024-02-22 08:26:06,7338339709589933345,,
88,0,natalie.hangoebl,63,2357,2,2024-02-21 15:29:11,7338077648188493088,,
55,0,diegamon,29,1450,23,2024-02-21 13:41:52,7338049994894626081,,
87,5,patrickhaslwanter,592,1576,0,2024-02-21 11:54:16,7338022152068795680,,
32,1,eligoetze,108,985,1,2024-02-20 12:54:39,7337666752190467360,,
246,10,gangandreas,342,4685,6,2024-02-16 17:24:31,7336251949114838305,,
348,10,hafenecker,346,4099,28,2024-02-16 07:49:25,7336103703486729504,,
14,1,der.gasser,46,2110,1,2024-02-15 14:24:10,7335834378939010337,,
14,0,eligoetze,135,853,0,2024-02-15 10:51:50,7335779649504496929,,
173,1,diegamon,68,11538,4,2024-02-15 10:32:08,7335774571372596512,,
510,23,hafenecker,429,5750,29,2024-02-15 07:47:27,7335732097279216928,,
75,5,gangandreas,12,3094,1,2024-02-13 17:09:04,7335134711829892384,,
21,0,eligoetze,111,1910,0,2024-02-13 13:47:10,7335082682562465056,,
299,7,hafenecker,264,3339,17,2024-02-12 08:23:24,7334628134572002593,,
119,5,gangandreas,182,2671,5,2024-02-11 18:23:40,7334411774772415776,,
26,1,gangandreas,8,1340,0,2024-02-11 11:02:55,7334298189752765729,,
102,3,lukas_hammer_tugendhat,69,3091,33,2024-02-03 07:48:43,7331279415348923680,,
13,0,der.gasser,37,839,1,2024-02-02 17:03:11,7331051268980395296,,
67,1,geistlerluca,72,1394,4,2024-02-02 09:50:48,7330939840529206560,,
10,3,der.gasser,38,362,0,2024-02-01 15:51:43,7330661764641606945,,
182,19,patrickhaslwanter,82,8967,185,2024-02-01 11:34:20,7330595411486461217,,
335,7,hafenecker,256,3587,15,2024-01-31 09:05:24,7330185965027233056,,
229,20,hafenecker,295,3050,10,2024-01-30 09:03:25,7329814359750790433,,
88,12,helmut.brandstaetter,20,6739,0,2024-02-28 15:45:33,7340679468316364064,,
22,1,reinhold_binder,20,944,0,2024-02-27 18:53:25,7340356804414672160,,
186,14,andibabler,13,3653,6,2024-02-26 21:11:31,7340021304424287521,,
22,3,joachimaigner27,73,1097,5,2024-02-24 01:24:57,7338973259943169312,,
123,8,andibabler,43,2440,3,2024-02-23 10:01:47,7338735444806487329,,
1029,117,andibabler,11,31634,23,2024-02-22 14:40:56,7338436313034525984,,
869,49,andibabler,23,24401,35,2024-02-21 18:49:08,7338129188315991328,,
42,2,helmut.brandstaetter,80,1188,0,2024-02-21 10:26:53,7337999724101897504,,
68,6,reinhold_binder,30,1344,5,2024-02-20 14:55:08,7337697797593943328,,
141,4,erwin_angerer,33,1920,4,2024-02-20 14:24:40,7337689953050053921,,
12,1,helmut.brandstaetter,166,976,0,2024-02-20 08:44:50,7337602288338373920,,
15,3,katrinauer_steyr,11,2211,0,2024-02-19 21:15:43,7337424794087902496,,
464,14,andibabler,0,8084,12,2024-02-19 18:06:48,7337376107391470881,,
29,0,reinhold_binder,132,779,0,2024-02-19 11:13:44,7337269647496039712,,
290,13,andibabler,42,6662,18,2024-02-19 09:21:14,7337240640721325344,,
41,1,joachimaigner27,20,1080,1,2024-02-18 17:54:16,7337001795920629024,,
64,1,joachimaigner27,14,1922,0,2024-02-17 18:20:30,7336637461101169953,,
30,0,helmut.brandstaetter,107,1120,0,2024-02-17 16:29:50,7336608788595608865,,
41,1,joachimaigner27,15,1265,0,2024-02-16 17:54:17,7336259623852231969,,
13,1,helmut.brandstaetter,60,1010,0,2024-02-16 09:39:02,7336131842963262753,,
676,26,erwin_angerer,31,13606,20,2024-02-16 06:46:10,7336087400365444384,,
54,5,joachimaigner27,9,1508,5,2024-02-15 19:33:33,7335914126062947616,,
40,0,reinhold_binder,68,666,1,2024-02-15 16:28:51,7335866524260896033,,
228,16,andibabler,33,7285,7,2024-02-15 16:23:18,7335865081701387553,,
44,0,cbitschi,15,1083,1,2024-02-14 17:00:08,7335503503894351137,,
49,4,reinhold_binder,58,1130,1,2024-02-14 13:58:11,7335456609180683552,,
170,8,joachimaigner27,21,4495,23,2024-02-13 18:54:11,7335161814503673120,,
167,0,andibabler,32,3551,9,2024-02-13 17:31:22,7335140458194160928,,
37,0,helmut.brandstaetter,85,680,0,2024-02-12 21:00:10,7334823192281795872,,
54,5,joachimaigner27,15,1350,7,2024-02-12 18:08:32,7334778954034826528,,
102,5,andibabler,8,9147,1,2024-02-11 13:36:31,7334337770493627681,,
142,12,andibabler,62,3174,27,2024-02-02 14:41:23,7331014717906898209,,
22,1,helmut.brandstaetter,35,1348,0,2024-02-02 12:05:17,7330974378928180513,,
125,5,andibabler,49,2594,11,2024-02-01 16:23:50,7330670028414536992,,
18,2,helmut.brandstaetter,49,944,0,2024-02-01 16:14:41,7330667686281661728,,
79,0,cbitschi,55,1275,3,2024-01-31 16:21:52,7330298437101047073,,
20,1,stephanauerstueger,81,2157,0,2024-01-31 14:55:03,7330276072602340640,,
36,1,helmut.brandstaetter,49,3393,0,2024-01-31 11:07:57,7330217548908088608,,
159,4,andibabler,23,5953,6,2024-01-31 10:14:10,7330203681196985633,,
178,3,andibabler,10,3531,10,2024-01-30 13:14:03,7329878952212827425,,
1073,90,neos_wien,81,64637,73,2024-01-29 20:22:50,7329618369492159777,,
111,8,diegruenenaustria,35,7238,92,2024-01-29 15:25:06,7329541632687197473,,
107,1,neos_eu,28,5515,34,2024-01-29 14:53:59,7329533619704220960,,
3166,240,fpoe_at,14,39227,171,2024-01-29 13:22:57,7329510171405831457,,
27,2,wienervp,53,1202,1,2024-01-27 11:53:17,7328744885115178273,,
1733,78,fpoe_at,103,27320,97,2024-01-26 17:49:45,7328465680251014432,,
29,3,spoe_at,14,1141,0,2024-01-26 13:16:43,7328395307757128992,,
52,0,diegruenenaustria,0,2204,10,2024-01-26 09:29:12,7328336669491334432,,
37,0,neos_eu,10,1178,2,2024-01-26 07:16:00,7328302304237554976,,
12,0,wienervp,36,496,1,2024-01-25 13:42:26,7328030851596422433,,
32,0,diegruenenaustria,11,1123,4,2024-01-24 14:02:26,7327664924275084576,,
5,0,neos.vlbg,0,2087,1,2024-01-24 11:58:27,7327632964127362337,,
58,2,spoe_at,0,1860,3,2024-01-24 11:39:13,7327628006673992992,,
361,17,wienervp,33,9481,62,2024-01-23 17:41:57,7327350379090365729,,
322,3,neos_wien,59,17824,32,2024-01-23 16:19:44,7327329218671529248,,
47,1,diegruenenwien,29,1114,2,2024-01-23 16:11:31,7327327096718576928,,
1960,108,fpoe_at,42,28333,143,2024-01-23 11:42:07,7327257700511780129,,
29,0,neos_eu,0,1590,0,2024-01-23 08:02:14,7327200994230635808,,
14,0,neos_eu,46,637,0,2024-01-22 15:50:10,7326950465298500896,,
81,3,spoe_at,38,1817,4,2024-01-22 14:56:54,7326936767561534752,,
162,13,diegruenenaustria,37,9945,47,2024-01-22 13:41:11,7326917256946945313,,
1036,42,fpoe_at,59,16573,42,2024-01-20 14:27:20,7326187003131792673,,
21,0,wienervp,18,983,1,2024-01-20 10:22:11,7326123808589417761,,
24,0,neos_wien,40,1057,0,2024-01-19 17:00:00,7325855251200855328,,
16,0,wienervp,49,1651,8,2024-01-18 14:14:44,7325441580775509280,,
1605,75,fpoe_at,82,23679,105,2024-01-18 11:04:45,7325392598355528993,,
38,0,neos_eu,25,1469,10,2024-01-18 10:35:18,7325384996020079905,,
15,0,diegruenenvorarlberg,8,1111,3,2024-01-18 10:04:18,7325376995334901025,,
13,0,diegruenenvorarlberg,59,806,1,2024-01-17 19:13:45,7325147552012045601,,
29,2,diegruenenaustria,24,1330,14,2024-01-17 12:54:20,7325049759297735969,,
1040,43,fpoe_at,52,13184,62,2024-01-17 12:13:24,7325039225689083168,,
4,0,neos.vlbg,0,883,0,2024-01-17 11:20:05,7325025441700515104,,
47,1,neos_eu,15,1186,3,2024-01-17 10:48:16,7325017284655762720,,
16,0,diegruenenvorarlberg,70,1035,0,2024-01-17 09:02:41,7324990059621518625,,
35,1,spoe_at,44,1705,0,2024-01-16 19:00:29,7324773048832232736,,
20,1,neos_eu,17,953,8,2024-01-16 17:39:06,7324752073738767648,,
101,0,spoe_at,32,2533,6,2024-01-16 16:00:28,7324726657120587040,,
1871,74,fpoe_at,218,20704,56,2024-01-16 15:05:12,7324712395438312737,,
35,1,diegruenenaustria,18,1587,0,2024-01-16 13:01:37,7324680557412011296,,
1209,42,fpoe_at,58,12971,40,2024-01-15 15:35:35,7324349140673072417,,
363,20,fpoe.tirol,25,4680,22,2024-01-15 10:29:32,7324270250235628833,,
36,3,neos_eu,23,1119,2,2024-01-15 10:20:28,7324267917384699168,,
21538,2118,diegruenenaustria,29,764626,1610,2024-01-15 09:00:44,7324247348425837857,,
20,1,neos.vlbg,25,2255,3,2024-01-15 08:06:57,7324233500670905633,,
1457,58,fpoe_at,69,16357,103,2024-01-13 18:31:48,7323652404023414049,,
29,3,diegruenenaustria,0,2133,27,2024-01-13 12:05:47,7323552920115465504,,
246,1,spoe_at,43,5372,0,2024-01-12 14:58:55,7323226455444311328,,
22,3,neos_wien,34,1231,1,2024-01-12 13:16:49,7323200154129943840,,
762,273,diegruenenwien,26,46387,210,2024-01-12 07:42:12,7323113885614083360,,
132,34,diegruenenwien,16,13450,67,2024-01-11 17:31:04,7322894571090873633,,
8,1,diegruenenvorarlberg,93,977,0,2024-01-11 12:04:05,7322810301357821216,,
1314,34,fpoe_at,23,15554,66,2024-01-11 11:40:02,7322804118790081825,,
87,5,diegruenenaustria,63,8909,107,2024-01-11 09:31:29,7322770967858629920,,
36,0,neos_wien,11,2437,0,2024-01-10 17:27:21,7322522534144986400,,
2018,56,fpoe_at,31,27827,137,2024-01-10 13:45:19,7322465185862552864,,
12,0,diegruenenvorarlberg,15,1946,0,2024-01-10 10:33:52,7322415975431703840,,
245,16,diegruenenaustria,0,25379,109,2024-01-10 09:05:48,7322393264693202208,,
40,0,diegruenenaustria,28,2338,11,2024-01-09 10:11:24,7322039056571976993,,
12,0,wienervp,32,1319,6,2024-01-08 16:44:44,7321769372526185760,,
96,0,spoe_at,0,2614,2,2024-01-08 15:57:24,7321757179843710241,,
378,2,fpoe_at,32,5216,6,2024-01-08 14:05:02,7321728204161486112,,
7309,267,neos_eu,35,117219,165,2024-01-08 10:57:32,7321679857560112416,,
77,5,fpoe.tirol,25,2667,11,2024-01-07 17:01:46,7321402686480403744,,
153,5,diegruenenaustria,21,14659,24,2024-01-07 13:33:05,7321348905277328673,,
48,0,neos_eu,8,1909,6,2024-01-05 11:31:07,7320575299521940768,,
20,0,wienervp,25,1035,10,2024-01-05 08:35:01,7320529879995338016,,
5367,665,fpoe_at,92,135595,255,2024-01-04 15:25:25,7320264592544845088,,
59,5,neos_eu,8,2357,12,2024-01-04 09:58:23,7320180305346710816,,
131,3,diegruenenaustria,36,4289,17,2024-01-04 09:54:05,7320179190509227297,,
435,15,fpoe_at,60,6038,12,2024-01-03 14:37:39,7319881086761291040,,
92,7,neos_eu,79,5923,56,2023-12-31 12:28:06,7318734548240436513,,
9,0,neos_wien,0,1135,1,2023-12-31 09:22:54,7318686781824634144,,
72,1,joetaucher,35,2523,2,2024-01-28 21:06:21,7329258451496930592,,
27,0,marco.triller,37,959,4,2024-01-27 16:24:20,7328814729823112480,,
21,0,chriswiederkehr,90,565,0,2024-01-26 23:09:35,7328548068729556256,,
25,1,chriswiederkehr,51,839,0,2024-01-24 09:23:04,7327592915440618785,,
33,0,chriswiederkehr,50,968,0,2024-01-22 18:45:18,7326995640213343520,,
49,1,thomas_waitz,25,1813,5,2024-01-22 18:24:23,7326990174695574816,,
147,2,thomas_waitz,56,2720,19,2024-01-20 11:37:33,7326143238518099232,,
30,0,chriswiederkehr,79,1328,1,2024-01-20 07:55:30,7326085981566815521,,
32,0,chriswiederkehr,15,1222,0,2024-01-18 09:25:36,7325367031467887905,,
128,0,thomas_waitz,70,1225,4,2024-01-18 09:07:33,7325362382526532897,,
38,1,chriswiederkehr,40,1932,9,2024-01-16 14:18:54,7324700457547402529,,
38,0,olgavoglauer,24,2212,2,2024-01-15 14:16:13,7324328690014260513,,
15,0,joetaucher,22,119,0,2024-01-11 17:30:06,7322894333051424032,,
83,3,dietomaselli,20,3962,12,2024-01-11 13:35:38,7322833908754648353,,
4590,152,chriswiederkehr,65,103653,36,2024-01-10 15:59:43,7322499940951870753,,
457,39,chriswiederkehr,11,16694,6,2024-01-09 14:24:55,7322104312652401953,,
180,6,dietomaselli,69,11367,21,2024-01-05 10:29:01,7320559274889923872,,
158,0,tho_weber,20,5278,0,2023-12-31 14:48:53,7318770834791779616,,
17,0,dietomaselli,14,518,1,2023-12-31 08:11:54,7318668408415980833,,
4,0,rudi_silvan,0,523,1,2024-01-26 08:50:16,7328326631158828321,,
10,0,rudi_silvan,0,402,2,2024-01-25 17:09:36,7328084234743205152,,
169,13,michael_stumpf,75,3384,1,2024-01-25 12:40:15,7328014820194651425,,
221,10,yannickshetty,62,6189,76,2024-01-27 13:55:00,7327317830565743905,,
224,2,yannickshetty,13,2619,7,2024-01-23 15:18:57,7327313555575803169,,
1231,33,yannickshetty,69,26889,72,2024-01-22 16:00:00,7326940999236717856,,
12,2,rudi_silvan,0,586,1,2024-01-22 12:00:11,7326891202501004576,,
40,1,jakobcschwarz,67,846,2,2024-01-20 15:39:20,7326205552504081697,,
3,0,rudi_silvan,4,91,1,2024-01-20 10:19:00,7326122986048654625,,
14,0,rudi_silvan,0,434,0,2024-01-20 07:22:01,7326077319569771809,,
532,32,christophsteinerfpoe,205,19021,21,2024-01-19 13:50:51,7325806512692071712,,
186,1,yannickshetty,59,3052,7,2024-01-20 16:50:00,7325461794946845985,,
536,10,yannickshetty,70,23333,58,2024-01-19 16:50:00,7325461134574718241,,
160,0,yannickshetty,69,4124,29,2024-01-18 15:45:00,7325460909239962913,,
314,1,christophsteinerfpoe,48,8205,9,2024-01-17 18:47:44,7325140844174970144,,
453,5,yannickshetty,38,11298,93,2024-01-17 15:53:49,7325096026493275424,,
472,18,yannickshetty,49,16160,36,2024-01-16 16:10:58,7324729345631702305,,
6,0,rudi_silvan,9,401,0,2024-01-14 20:21:12,7324051669661109536,,
284,3,yannickshetty,31,5706,11,2024-01-14 18:32:57,7324023779846327584,,
10,1,rudi_silvan,34,362,1,2024-01-14 13:44:32,7323949452727799073,,
42,1,petra.steger,8,1195,2,2024-01-14 07:43:47,7323856436344180001,,
3,0,rudi_silvan,0,112,0,2024-01-12 07:48:27,7323115513981259041,,
850,43,jakobcschwarz,58,22057,50,2024-01-11 18:40:56,7322912573312093473,,
117,1,yannickshetty,34,2143,7,2024-01-11 11:50:51,7322806894077283617,,
383,7,yannickshetty,0,11512,69,2024-01-02 12:07:11,7319471290694290721,,
12,0,rudi_silvan,0,472,0,2023-12-31 15:20:10,7318778888358726945,,
765,16,yannickshetty,48,14138,18,2024-01-02 17:00:00,7316170382711557408,,
54,3,sebastianschwaighofer,65,1374,1,2024-01-29 13:04:19,7329505343455710496,,
34,1,ralphschallmeiner,55,1054,5,2024-01-29 12:27:33,7329495853461294368,,
212,7,beatescheiber0,57,9860,1,2024-01-28 16:21:26,7329185073641639201,,
135,0,hannes_schwarz,22,8279,2,2024-01-27 17:26:26,7328830736386116897,,
42,0,ralphschallmeiner,61,1535,14,2024-01-25 14:59:29,7328050709335723296,,
214,4,ralphschallmeiner,8,18809,383,2024-01-25 13:38:47,7328029904342207776,,
131,4,ralphschallmeiner,37,3900,22,2024-01-24 13:06:11,7327650428483538208,,
13,3,ralphschallmeiner,60,506,3,2024-01-24 10:47:23,7327614645303250208,,
40,0,ralphschallmeiner,9,1047,2,2024-01-23 16:03:45,7327325094810848544,,
12,0,andreas.schieder,20,807,0,2024-01-22 13:38:20,7326916527163231521,,
22,0,ralphschallmeiner,19,1875,14,2024-01-22 12:40:03,7326901487903280416,,
48,0,ralphschallmeiner,6,1031,4,2024-01-21 17:49:21,7326610145381797153,,
27,1,beatescheiber0,37,2674,0,2024-01-20 18:12:09,7326244928760089888,,
153,0,ralphschallmeiner,6,3919,2,2024-01-20 10:35:24,7326127218722180385,,
11,0,ralphschallmeiner,70,431,0,2024-01-19 18:47:43,7325883009180175649,,
29,2,ralphschallmeiner,6,585,4,2024-01-19 09:44:50,7325743100926692641,,
13,3,ralphschallmeiner,77,527,5,2024-01-18 12:49:59,7325419726954302753,,
20,1,andreas.schieder,72,852,4,2024-01-18 10:01:34,7325376308307889440,,
100,2,ralphschallmeiner,56,1088,23,2024-01-17 16:41:00,7325108185092705569,,
2589,251,lisa.schuchgubik,58,48223,191,2024-01-17 15:44:37,7325093659068681505,,
15,0,ralphschallmeiner,16,437,0,2024-01-17 10:48:03,7325017226292006177,,
12,0,andreas.schieder,29,808,1,2024-01-16 13:18:24,7324684863305420065,,
9,2,ralphschallmeiner,75,431,7,2024-01-15 10:26:24,7324269440890162464,,
18,0,ralphschallmeiner,6,664,1,2024-01-12 14:57:39,7323226130268327200,,
14,0,hannes_schwarz,34,913,1,2024-01-11 15:35:50,7322864871048039712,,
27,1,ralphschallmeiner,49,1081,11,2024-01-11 08:53:32,7322761191233998113,,
7,0,ralphschallmeiner,22,372,2,2024-01-10 10:52:36,7322420804610821408,,
15,2,andreas.schieder,47,1129,1,2024-01-09 16:20:28,7322134207084399905,,
20,0,ralphschallmeiner,10,480,3,2024-01-08 14:38:29,7321736838077533472,,
16,3,ralphschallmeiner,47,964,6,2024-01-08 10:34:12,7321673847709748513,,
11,0,hannes_schwarz,25,884,0,2023-12-31 17:40:33,7318815082157215008,,
6,0,beatescheiber0,284,1031,0,2023-12-31 12:12:22,7318730485167869217,,
33,3,udo_landbauer,14,1341,0,2024-01-29 17:34:09,7329574897385016608,,
127,4,mario.kunasek,49,880,2,2024-01-29 14:33:13,7329528260965027104,,
77,4,philipkucher,50,2656,4,2024-01-29 13:42:50,7329515288091774240,,
67,2,werner.kogler,16,1780,3,2024-01-29 09:28:22,7329449679630994720,,
182,0,carinalaschoberluif,53,5714,0,2024-01-28 16:20:24,7329184810507799841,,
251,17,werner.kogler,49,11991,31,2024-01-27 13:48:35,7328774596834954529,,
61,0,mario.kunasek,56,1051,2,2024-01-26 12:04:36,7328376720023686432,,
28,0,mario.kunasek,22,585,0,2024-01-26 10:41:58,7328355426926464288,,
144,0,mario.kunasek,35,1401,4,2024-01-25 20:05:33,7328129585500015905,,
101,7,philipkucher,79,2282,8,2024-01-25 18:12:09,7328100361653194016,,
38,9,manuelkrautgartner,47,646,2,2024-01-25 16:07:53,7328068344395877665,,
193,7,werner.kogler,49,10335,73,2024-01-25 13:58:37,7328035021128797472,,
67,3,maximilian_krauss,43,1241,4,2024-01-24 18:33:02,7327734647268347168,,
209,5,mario.kunasek,54,2210,10,2024-01-24 13:05:30,7327650251811065121,,
198,3,mario.kunasek,51,2373,20,2024-01-23 12:24:43,7327268651680140577,,
283,20,werner.kogler,69,14909,71,2024-01-22 16:27:10,7326960039854345505,,
83,2,mario.kunasek,58,1514,3,2024-01-22 14:59:39,7326937467972603169,,
332,16,udo_landbauer,69,4262,12,2024-01-21 16:10:15,7326584594235428129,,
704,26,udo_landbauer,76,10410,46,2024-01-20 16:25:05,7326217335742696737,,
635,70,werner.kogler,28,28436,160,2024-01-20 09:55:48,7326117018111937825,,
466,54,mario.kunasek,40,9745,41,2024-01-19 11:23:25,7325768508292451616,,
152,1,mario.kunasek,19,2291,9,2024-01-18 15:37:15,7325462837864811809,,
103,0,gudrunkofler,34,2036,5,2024-01-18 08:19:26,7325349974735179040,,
97,0,mario.kunasek,24,1464,8,2024-01-17 14:36:53,7325076207806991649,,
41,1,mario.kunasek,45,691,4,2024-01-16 06:22:55,7324577754303794465,,
2970,203,mario.kunasek,60,44590,50,2024-01-15 14:04:04,7324325552008088864,,
75,0,mario.kunasek,54,1509,4,2024-01-11 14:52:49,7322853786836421921,,
94,2,mario.kunasek,29,3078,8,2024-01-09 10:47:56,7322048482833894688,,
105,2,mario.kunasek,57,2383,4,2024-01-07 19:54:22,7321447164180237601,,
4,0,florian.krumboeck,22,1920,0,2024-01-06 18:41:39,7321057330479648032,,
125,2,mario.kunasek,54,1569,1,2024-01-05 16:19:42,7320649670609358112,,
36,0,carinalaschoberluif,62,1667,2,2023-12-31 13:09:48,7318745298912726304,,
12,1,eligoetze,167,813,3,2024-01-29 10:53:03,7329471523822030112,,
125,7,geistlerluca,222,2788,5,2024-01-27 14:58:35,7328792633042603296,,
12,2,der.gasser,23,452,0,2024-01-26 11:00:55,7328360303039745312,,
20,1,der.gasser,37,2050,0,2024-01-23 17:33:30,7327348197888773409,,
45,0,patrickhaslwanter,99,881,6,2024-01-23 12:36:07,7327271606261189921,,
543,19,hafenecker,578,5922,58,2024-01-23 08:53:31,7327214214752341280,,
226,15,patrickhaslwanter,110,3087,18,2024-01-22 15:27:00,7326944553238285600,,
55,2,patrickhaslwanter,57,1254,1,2024-01-22 13:10:46,7326909460243287329,,
66,4,diegamon,6,1267,0,2024-01-22 09:38:54,7326854793023016225,,
435,14,hafenecker,570,5293,28,2024-01-20 09:02:30,7326103267430190368,,
38,0,patrickhaslwanter,13,562,1,2024-01-19 10:29:46,7325754657618332960,,
568,22,hafenecker,432,6785,60,2024-01-19 09:00:32,7325731673528716577,,
164,2,diegamon,28,3195,0,2024-01-17 22:24:14,7325196627415665952,,
78,1,natalie.hangoebl,87,898,0,2024-01-17 13:25:23,7325057771722902817,,
29,1,geistlerluca,146,928,0,2024-01-17 08:45:34,7324985645338856737,,
233,8,hafenecker,455,4129,32,2024-01-16 09:13:26,7324621727080713505,,
292,23,patrickhaslwanter,48,5631,13,2024-01-15 16:39:29,7324365627957742880,,
40,3,patrickhaslwanter,55,858,2,2024-01-15 16:38:05,7324365227213065504,,
1281,240,patrickhaslwanter,90,22886,58,2024-01-14 12:35:07,7323931491375893792,,
63,1,diegamon,33,2792,12,2024-01-13 21:00:56,7323690759293652257,,
1031,25,hafenecker,495,18908,96,2024-01-13 13:33:29,7323575514977864993,,
74,12,peter_hacker,142,8545,7,2024-01-12 13:15:59,7323199926823832865,,
54,0,patrickhaslwanter,25,901,1,2024-01-12 11:56:46,7323179505449766177,,
21,0,patrickhaslwanter,25,552,1,2024-01-12 11:54:06,7323178777910021408,,
24,0,patrickhaslwanter,25,554,0,2024-01-12 11:52:28,7323178400728878369,,
72,2,natalie.hangoebl,68,2326,7,2024-01-12 10:09:37,7323151881608482080,,
9,0,gangandreas,24,646,0,2024-01-11 18:27:18,7322909074708761888,,
14,1,der.gasser,45,1955,0,2024-01-11 12:37:06,7322818818701528353,,
32,0,patrickhaslwanter,25,695,0,2024-01-10 11:19:07,7322427623743786273,,
393,22,hafenecker,42,6241,53,2024-01-09 18:48:05,7322172247798582560,,
266,10,hafenecker,505,3494,11,2024-01-09 09:34:30,7322029543487851809,,
13,0,patrickhaslwanter,25,561,1,2024-01-08 09:07:17,7321651420195736865,,
591,49,hafenecker,482,9552,61,2024-01-07 17:28:28,7321409556033178913,,
345,13,hafenecker,542,4673,21,2024-01-06 17:25:32,7321037721026252065,,
33,3,gangandreas,10,1612,1,2024-01-04 10:56:20,7320195247412104480,,
298,11,hafenecker,431,3194,29,2024-01-02 16:13:29,7319534787960655137,,
21,0,geistlerluca,7,539,0,2024-01-01 22:59:11,7319268241681976609,,
221,5,hafenecker,389,2665,13,2024-01-01 16:09:29,7319162666621226272,,
55,5,gangandreas,52,1502,1,2023-12-31 15:22:10,7318779408381119777,,
304,7,hafenecker,432,3271,30,2023-12-31 14:39:13,7318768332209949984,,
15,0,lilli_bethi,31,964,2,2023-12-31 11:00:59,7318712093429992736,,
31,0,helmut.brandstaetter,40,2205,0,2024-01-29 14:44:44,7329531232755371296,,
24,2,joachimaigner27,49,535,3,2024-01-29 14:12:09,7329522842947554593,,
355,28,andibabler,34,16011,59,2024-01-29 10:04:45,7329459061613776160,,
38,0,helmut.brandstaetter,43,1203,0,2024-01-29 07:21:37,7329416995177286945,,
19,0,helmut.brandstaetter,120,415,0,2024-01-28 12:34:41,7329126634664004896,,
242,9,andibabler,41,8223,27,2024-01-28 09:58:26,7329086369039519009,,
22,0,helmut.brandstaetter,55,853,0,2024-01-27 17:39:29,7328834112960105760,,
68,0,reinhold_binder,50,2583,5,2024-01-26 22:57:56,7328545066195143969,,
104,1,cbitschi,72,1319,4,2024-01-25 20:00:39,7328128326143348000,,
55,6,joachimaigner27,36,1287,3,2024-01-25 17:06:18,7328083391184653601,,
522,30,andibabler,52,20401,26,2024-01-25 09:16:46,7327962373866769696,,
103,14,helmut.brandstaetter,51,1691,0,2024-01-24 14:22:25,7327670073903025441,,
142,3,erwin_angerer,29,2239,5,2024-01-24 14:21:29,7327669826082704673,,
80,4,andibabler,57,1332,1,2024-01-23 18:53:04,7327368736745196833,,
17,0,helmut.brandstaetter,88,1040,0,2024-01-23 16:32:07,7327332407051406624,,
15,0,helmut.brandstaetter,88,931,0,2024-01-23 16:28:45,7327331546816351521,,
2114,68,erwin_angerer,24,44939,53,2024-01-22 23:08:38,7327063475425971489,,
17,0,helmut.brandstaetter,83,630,0,2024-01-22 16:37:11,7326962626183875873,,
124,8,andibabler,62,2485,10,2024-01-21 17:29:05,7326604925914336545,,
54,2,cbitschi,69,1133,1,2024-01-21 16:08:58,7326584274876960033,,
34,2,reinhold_binder,13,1249,0,2024-01-19 21:57:17,7325931851963452704,,
117,3,andibabler,58,2531,4,2024-01-19 18:13:43,7325874240941608225,,
117,0,andibabler,34,1984,27,2024-01-18 18:00:40,7325499798864416033,,
208,8,andibabler,85,9569,25,2024-01-18 11:01:09,7325391664397274400,,
22,0,helmut.brandstaetter,141,551,0,2024-01-17 16:23:55,7325103782843452704,,
46,1,helmut.brandstaetter,39,2855,0,2024-01-16 11:31:58,7324657448424344864,,
699,22,andibabler,46,28044,51,2024-01-15 15:39:50,7324350241413631264,,
107,3,markusabwerzger,55,1535,2,2024-01-15 10:26:10,7324269288863403297,,
202,9,cbitschi,34,3664,8,2024-01-14 16:20:07,7323989546108996897,,
194,3,andibabler,17,5846,11,2024-01-14 09:30:23,7323883954568727841,,
544,31,andibabler,54,14348,46,2024-01-13 10:01:10,7323520794766642465,,
250,17,andibabler,67,6497,13,2024-01-12 10:58:11,7323164407154937120,,
87,0,andibabler,19,1579,5,2024-01-11 18:28:10,7322909295270481185,,
216,10,andibabler,8,15601,15,2024-01-11 16:26:38,7322877970408836384,,
29,1,cbitschi,24,778,1,2024-01-09 20:19:04,7322195699074895137,,
128,3,andibabler,10,4719,14,2024-01-09 13:26:42,7322089422650903841,,
208,11,andibabler,47,4541,55,2024-01-03 08:33:04,7319787228966751520,,
205,4,andibabler,261,4660,52,2024-01-01 07:50:55,7319034050235174176,,
25,0,neos_wien,51,711,0,2023-12-30 09:15:47,7318313829048372513,,
91,3,neos_eu,66,4192,77,2023-12-29 16:10:12,7318049599795629344,,
649,34,fpoe_at,41,10989,39,2023-12-29 14:05:08,7318017399423257888,,
52,1,diegruenenaustria,55,5366,60,2023-12-29 08:18:16,7317927996227177760,,
64,1,neos_eu,85,2625,31,2023-12-28 16:52:57,7317689544550370593,,
40,1,neos_eu,34,1409,15,2023-12-28 07:39:23,7317546789328932128,,
61,0,neos_eu,88,1708,18,2023-12-27 16:47:19,7317316987527515425,,
1910,148,fpoe_at,29,31289,54,2023-12-27 15:34:18,7317298193463545120,,
36,0,diegruenenaustria,43,2804,22,2023-12-27 10:57:30,7317226836872678688,,
246,6,fpoe_at,11,5596,13,2023-12-24 09:43:11,7316094467625274656,,
1452,43,fpoe_at,31,29644,34,2023-12-23 09:06:17,7315713863394135329,,
62,1,diegruenenaustria,89,2101,6,2023-12-23 08:01:17,7315697101206310176,,
50,2,diegruenenaustria,44,2345,4,2023-12-22 15:35:46,7315443151911554337,,
122,3,neos_wien,21,4975,1,2023-12-22 14:48:26,7315430966577663264,,
1394,67,fpoe_at,25,19341,102,2023-12-22 11:44:23,7315383526545739041,,
80,1,neos_eu,32,3524,107,2023-12-22 09:29:43,7315348806575377697,,
8,1,wienervp,41,980,1,2023-12-21 18:50:02,7315122149449010464,,
70,8,neos_wien,26,3659,5,2023-12-21 14:55:12,7315061624149183777,,
88,4,diegruenenaustria,49,6285,5,2023-12-21 14:43:54,7315058715160218913,,
20847,1031,fpoe_at,127,398892,624,2023-12-21 11:09:49,7315003534292929825,,
18,0,diegruenenwien,54,607,1,2023-12-21 08:41:09,7314965220068298017,,
19,0,neos_wien,55,474,0,2023-12-20 15:26:19,7314698553891360033,,
5,0,wienervp,57,354,0,2023-12-20 08:21:12,7314588966202772769,,
36,0,neos_wien,54,1218,2,2023-12-19 15:16:08,7314324845414714656,,
903,54,fpoe_at,63,10664,42,2023-12-19 12:25:50,7314280914454859040,,
74,3,diegruenenaustria,54,5170,8,2023-12-19 12:00:45,7314274495680761121,,
6,0,wienervp,51,1050,4,2023-12-18 16:46:00,7313976925926608160,,
1603,95,fpoe_at,77,18730,92,2023-12-18 14:57:13,7313948892675001633,,
73,1,neos_eu,0,2657,5,2023-12-18 10:48:09,7313884690929274145,,
49,0,diegruenenaustria,5,2876,15,2023-12-17 11:55:35,7313530987651157280,,
107,5,neos_eu,66,3944,16,2023-12-17 09:35:47,7313494945594182945,,
84,7,diegruenenaustria,45,8129,18,2023-12-17 07:33:45,7313463451257539872,,
35,1,neos_wien,62,856,6,2023-12-16 12:58:22,7313176085447888161,,
41,0,diegruenenaustria,16,4376,14,2023-12-16 11:39:54,7313155858811096353,,
454,10,spoe_at,43,21644,18,2023-12-16 10:26:01,7313136817539206432,,
55,1,diegruenenaustria,46,5027,52,2023-12-16 07:08:41,7313085901985336609,,
123,2,neos_wien,37,4812,8,2023-12-15 15:39:27,7312846519625878816,,
73,3,diegruenenaustria,12,2817,30,2023-12-15 14:19:24,7312825882677185824,,
2649,203,fpoe_at,37,34100,208,2023-12-15 14:18:29,7312825558302264608,,
202,2,spoe_at,45,8432,19,2023-12-14 18:01:13,7312511966843538721,,
86,11,diegruenenaustria,48,10843,114,2023-12-14 17:55:40,7312510533305912609,,
2290,146,fpoe_at,53,42643,179,2023-12-14 15:54:11,7312479207429262624,,
48,1,neos_eu,16,2023,3,2023-12-14 12:05:23,7312420263042239776,,
23,0,diegruenenvorarlberg,92,425,5,2023-12-14 09:47:32,7312384737442630945,,
99,13,diegruenenaustria,37,21785,359,2023-12-14 09:09:19,7312374877602843937,,
74,0,neos_eu,5,1736,5,2023-12-14 08:23:15,7312363006883564832,,
1899,140,fpoe.tirol,98,29559,114,2023-12-14 05:36:47,7312320087682207008,,
101,3,neos_eu,207,3788,45,2023-12-13 18:35:14,7312149638562204960,,
566,15,neos_wien,65,23424,46,2023-12-13 16:23:13,7312115623813778721,,
107,1,neos_eu,15,2981,24,2023-12-13 15:26:31,7312100996522560800,,
28,0,diegruenenvorarlberg,69,903,7,2023-12-13 14:32:19,7312087041318079777,,
136,10,diegruenenaustria,16,20405,79,2023-12-13 12:34:31,7312056665271045409,,
3752,159,fpoe_at,106,80840,234,2023-12-13 12:03:26,7312048582524292385,,
9,1,vorarlberger_volkspartei,89,330,1,2023-12-13 11:52:26,7312045687758245152,,
548,5,spoe_at,0,13411,18,2023-12-13 09:48:57,7312014018862992673,,
46,2,diegruenenaustria,11,1246,8,2023-12-13 09:46:17,7312013317822876961,,
1235,141,fpoe_at,78,18880,57,2023-12-12 13:42:19,7311703085074730273,,
151,2,neos_eu,49,10637,79,2023-12-12 12:20:17,7311681932901813536,,
2704,85,fpoe_at,45,50160,120,2023-12-11 16:21:21,7311372974387416352,,
106,4,fpoe.tirol,99,1933,3,2023-12-11 16:04:17,7311368566450769185,,
52,0,diegruenenwien,16,2791,6,2023-12-11 10:19:08,7311279581292514592,,
115,1,diegruenenaustria,11,13707,49,2023-12-11 08:49:06,7311256372027460896,,
25,0,wienervp,61,404,1,2023-12-11 07:53:40,7311242106679332129,,
52,0,diegruenenaustria,72,1626,4,2023-12-10 10:56:26,7310918148335602977,,
4210,317,fpoe_at,44,74299,361,2023-12-09 12:38:49,7310573448152059169,,
38,1,diegruenenaustria,50,1229,21,2023-12-09 11:34:46,7310556942148046113,,
83,1,diegruenenaustria,39,5927,71,2023-12-09 07:04:49,7310487331125873953,,
7,0,diegruenenwien,59,192,1,2023-12-08 11:33:55,7310185645597576480,,
9,0,diegruenenwien,51,157,1,2023-12-08 11:29:57,7310184540117421344,,
55,1,neos_eu,27,1434,15,2023-12-07 17:44:42,7309910105972067617,,
511,22,spoe_at,0,10155,19,2023-12-07 15:36:52,7309877167481982241,,
20,0,wienervp,58,324,4,2023-12-07 14:55:07,7309866416616820001,,
56,0,diegruenenaustria,62,1513,53,2023-12-07 07:53:31,7309757747665374496,,
13,1,neos_wien,46,585,1,2023-12-06 16:01:20,7309512396215799072,,
15,2,diegruenenvorarlberg,69,355,0,2023-12-06 13:19:26,7309470669455068449,,
42,0,diegruenenaustria,52,2269,22,2023-12-06 11:07:10,7309436576981945632,,
4,0,vorarlberger_volkspartei,13,911,0,2023-12-06 10:31:44,7309427445155876129,,
47,0,neos_eu,5,1486,17,2023-12-06 09:03:37,7309404736258673953,,
51,0,diegruenenaustria,31,1377,21,2023-12-06 07:16:59,7309377244156284192,,
32,0,neos_eu,18,1186,17,2023-12-05 18:06:34,7309173575582371104,,
19027,1793,fpoe_at,33,342698,848,2023-12-05 15:09:44,7309127971388919073,,
166,39,diegruenenaustria,60,18367,42,2023-12-05 09:34:07,7309041504713051424,,
23,1,neos_wien,81,528,3,2023-12-04 17:57:22,7308800126816980257,,
3082,167,fpoe_at,30,58557,214,2023-12-04 15:46:12,7308766299289636128,,
25,1,neos_eu,0,897,5,2023-12-04 14:57:56,7308753871973666080,,
5,0,neos.vlbg,0,371,0,2023-12-04 10:20:55,7308682472433126689,,
115,7,diegruenenaustria,35,16036,15,2023-12-03 14:39:34,7308378062155042080,,
24,0,diegruenenaustria,10,946,0,2023-12-02 14:43:33,7308008011220503841,,
5,0,wienervp,29,299,2,2023-12-01 16:52:20,7307670097584327969,,
272,15,fpoe_at,123,7831,82,2023-12-01 13:36:15,7307619540639173921,,
45,0,olgavoglauer,21,1055,0,2023-12-29 09:06:21,7317940349425519905,,
46,1,marco.triller,21,974,2,2023-12-27 07:13:06,7317168904273480993,,
1,0,dietomaselli,3,92,0,2023-12-24 19:08:24,7316240131827027233,,
43,1,joetaucher,134,1503,1,2023-12-23 13:18:02,7315778753219530017,,
101,0,tho_weber,20,1723,1,2023-12-22 09:14:35,7315344778479127841,,
15,0,olgavoglauer,18,420,0,2023-12-22 08:14:30,7315329418077949217,,
65,0,chriswiederkehr,51,2161,8,2023-12-21 16:00:41,7315078488640261409,,
59,17,dietomaselli,45,5794,2,2023-12-21 11:06:04,7315002573256232224,,
25,0,marco.triller,52,610,2,2023-12-19 15:02:36,7314321363173461280,,
38,1,dietomaselli,83,1381,11,2023-12-19 11:24:15,7314265087068458272,,
3092,43,thomas_waitz,76,22216,56,2023-12-18 17:08:34,7313982738737007904,,
27,0,dietomaselli,52,630,1,2023-12-16 11:17:13,7313150023615696161,,
78,0,tho_weber,23,1269,0,2023-12-15 08:58:02,7312743060230655265,,
69,1,marco.triller,60,1188,0,2023-12-14 16:45:08,7312492354663894304,,
37,1,olgavoglauer,18,1034,3,2023-12-14 13:24:21,7312440600869997857,,
22,0,dietomaselli,22,579,1,2023-12-11 16:17:13,7311371909935926560,,
108,0,tho_weber,15,6220,0,2023-12-11 09:44:22,7311270635236265248,,
240,18,dietomaselli,60,17104,25,2023-12-09 11:46:23,7310559934943399200,,
23,0,marco.triller,58,455,0,2023-12-08 17:17:36,7310274216538934560,,
77,1,marco.triller,44,935,0,2023-12-06 20:17:06,7309578299657735457,,
55,5,chriswiederkehr,89,1647,4,2023-12-06 16:12:01,7309515143862390048,,
26,0,marco.triller,23,653,1,2023-12-05 14:53:28,7309123809112542496,,
10,0,olgavoglauer,4,80,2,2023-12-04 11:10:04,7308695151575059745,,
105,1,tho_weber,18,1748,1,2023-12-04 09:42:02,7308672442086477089,,
22,2,marco.triller,49,578,0,2023-12-02 15:55:41,7308026596651207969,,
26,0,marco.triller,55,479,0,2023-12-01 21:39:18,7307744056241589536,,
36,0,thomas_waitz,20,772,3,2023-12-01 15:14:29,7307644891385842977,,
13,2,rudi_silvan,42,440,1,2023-12-30 14:28:17,7318394438017928480,,
522,86,andreas_spanring,54,8665,40,2023-12-29 17:24:20,7318068698097421600,,
6,0,rudi_silvan,20,456,0,2023-12-26 12:10:52,7316874682123308321,,
25,0,rudi_silvan,63,746,3,2023-12-24 15:35:06,7316185161299692833,,
154,0,yannickshetty,55,2424,4,2023-12-29 16:30:00,7316166571922181408,,
52,0,yannickshetty,44,1729,8,2023-12-25 16:30:00,7316160492865621280,,
105,4,christophsteinerfpoe,11,5674,5,2023-12-24 12:18:20,7316134460133477665,,
11,0,rudi_silvan,0,1014,1,2023-12-24 09:12:03,7316086443749690657,,
58,3,petra.steger,600,1350,5,2023-12-23 19:54:49,7315881007599668512,,
626,25,yannickshetty,44,14121,65,2023-12-22 16:31:39,7315457556686703904,,
22,0,jakobcschwarz,62,415,1,2023-12-21 10:16:05,7314989693198699808,,
180,2,yannickshetty,128,3259,7,2023-12-20 14:37:11,7314685702799756577,,
69,0,yannickshetty,105,1714,12,2023-12-20 14:37:11,7314685702799740193,,
247,4,yannickshetty,91,3531,14,2023-12-20 14:37:11,7314685702799723809,,
101,2,jakobcschwarz,40,6853,4,2023-12-19 09:50:18,7314240870960696609,,
379,5,yannickshetty,112,12064,21,2023-12-19 09:31:34,7314236045611093280,,
147,20,andreas_spanring,16,4446,13,2023-12-18 10:24:13,7313878530058718496,,
206,1,yannickshetty,31,3703,12,2023-12-17 13:59:19,7313562883734900001,,
36,1,petra.steger,37,305,3,2023-12-15 18:28:28,7312890072863345953,,
821,27,yannickshetty,55,20889,178,2023-12-15 13:52:48,7312818982963154209,,
4048,51,yannickshetty,84,73079,185,2023-12-15 10:06:13,7312760617813822752,,
228,0,yannickshetty,17,4747,7,2023-12-15 09:38:53,7312753587950521632,,
114,2,petra.steger,95,1221,6,2023-12-14 17:48:16,7312508619507961120,,
183,2,yannickshetty,45,5261,21,2023-12-14 17:00:00,7312491793394781472,,
472,24,petra.steger,396,11639,50,2023-12-13 20:09:55,7312174042923027745,,
34,2,rudi_silvan,338,1321,0,2023-12-13 20:07:22,7312173381481172257,,
392,4,yannickshetty,74,5352,48,2023-12-13 18:19:09,7312145503683136801,,
16,0,petra.steger,20,586,1,2023-12-13 17:45:05,7312136719598472481,,
72,6,andreas_spanring,23,751,7,2023-12-13 14:12:38,7312081960665386272,,
108,0,yannickshetty,43,2244,11,2023-12-12 17:51:27,7311767282655546657,,
33,0,petra.steger,0,677,3,2023-12-12 09:36:54,7311639793874504992,,
155,4,yannickshetty,5,2460,1,2023-12-07 12:33:26,7309829887873895712,,
693,15,yannickshetty,48,22726,249,2023-12-06 11:42:23,7309445658551782688,,
363,0,yannickshetty,11,7854,27,2023-12-05 15:39:51,7309135756138777889,,
82,2,petra.steger,249,1010,7,2023-12-05 11:56:05,7309078109070920992,,
709,36,petra.steger,444,7966,64,2023-12-04 19:53:54,7308830146742570273,,
194,2,yannickshetty,0,4522,5,2023-12-01 12:30:53,7307602720779816225,,
22,0,jakobcschwarz,31,498,9,2023-12-01 11:12:39,7307582562463927585,,
82,7,lisa.schuchgubik,41,2611,6,2023-12-28 19:08:48,7317724558595771681,,
9,0,ralphschallmeiner,63,383,1,2023-12-26 16:57:21,7316948516943695136,,
15,0,andreas.schieder,28,842,0,2023-12-23 12:51:20,7315771873223068960,,
8181,297,lisa.schuchgubik,31,128723,290,2023-12-21 18:44:16,7315120657652600097,,
176,4,ralphschallmeiner,6,4186,30,2023-12-21 08:04:52,7314955868078869792,,
15,0,ralphschallmeiner,5,581,6,2023-12-20 19:54:07,7314767572304694561,,
11,1,andreas.schieder,90,331,0,2023-12-20 13:17:29,7314665360676932897,,
4,0,andreas.schieder,79,293,0,2023-12-20 13:11:44,7314663865638325537,,
16,0,andreas.schieder,81,300,0,2023-12-20 13:08:18,7314662982103960865,,
14,0,andreas.schieder,73,334,1,2023-12-19 09:11:32,7314230874256526625,,
19,1,andreas.schieder,198,818,0,2023-12-18 09:50:34,7313869852337376544,,
45,0,ralphschallmeiner,8,680,2,2023-12-18 09:46:45,7313868868345253152,,
9,0,andreas.schieder,34,882,4,2023-12-18 09:44:10,7313868209550069024,,
23,0,andreas.schieder,24,952,2,2023-12-18 09:39:15,7313866933881916704,,
28,0,ralphschallmeiner,6,523,3,2023-12-15 22:17:47,7312949168517942560,,
21,0,ralphschallmeiner,0,444,3,2023-12-15 08:53:06,7312741788215692576,,
30,0,ralphschallmeiner,45,464,4,2023-12-14 15:40:58,7312475805748170017,,
14,2,ralphschallmeiner,13,538,8,2023-12-14 12:50:02,7312431764578913569,,
58,1,ralphschallmeiner,34,1341,7,2023-12-14 10:34:02,7312396713786920225,,
26,2,ralphschallmeiner,58,555,12,2023-12-13 08:01:20,7311986281418853665,,
189,11,sebastianschwaighofer,114,2918,6,2023-12-12 19:58:29,7311800012260920608,,
142,10,lisa.schuchgubik,45,4064,4,2023-12-12 09:44:20,7311641717759823136,,
1,1,schnetzer.sutterl,15,62,0,2023-12-11 10:05:49,7311276160833359136,,
1,0,schnetzer.sutterl,0,369,0,2023-12-11 10:04:38,7311275867596950817,,
10,1,ralphschallmeiner,18,383,0,2023-12-10 18:37:20,7311036929972161825,,
106,6,lisa.schuchgubik,44,3307,8,2023-12-08 19:06:30,7310302276625730849,,
21,1,ralphschallmeiner,45,578,8,2023-12-07 12:16:11,7309825447003491617,,
1,1,schnetzer.sutterl,22,940,0,2023-12-07 09:45:53,7309786713876974880,,
0,1,schnetzer.sutterl,8,55,0,2023-12-06 09:43:11,7309414933131742496,,
135,4,lisa.schuchgubik,30,3097,10,2023-12-04 17:03:43,7308786296246390049,,
8,0,andreas.schieder,89,285,0,2023-12-04 09:21:10,7308667049516010784,,
183,3,fabiennelackner,11,8352,18,2023-12-30 15:59:03,7318417817219501345,,
56,1,fabiennelackner,53,1240,0,2023-12-28 21:01:57,7317753712368241952,,
69,4,mario.kunasek,57,939,7,2023-12-25 18:33:10,7316602123939073312,,
73,0,mario.kunasek,53,745,2,2023-12-24 16:39:00,7316201628237892896,,
7,0,florian.krumboeck,21,328,0,2023-12-24 11:59:50,7316129688223632673,,
48,0,carinalaschoberluif,13,2026,3,2023-12-24 11:14:26,7316117986719354144,,
32,0,florian.krumboeck,59,946,0,2023-12-23 15:44:48,7315816581894786337,,
585,6,gudrunkofler,19,12515,23,2023-12-23 08:37:33,7315706455112371488,,
147,8,gudrunkofler,23,3910,6,2023-12-21 15:24:39,7315069213872262432,,
202,3,gudrunkofler,54,6069,6,2023-12-21 15:08:54,7315065155757329696,,
170,5,gudrunkofler,44,2435,7,2023-12-21 14:59:39,7315062766950255905,,
459,6,gudrunkofler,26,12592,19,2023-12-21 14:51:52,7315060769870155041,,
2032,82,gudrunkofler,349,43209,100,2023-12-21 14:48:02,7315059778818985249,,
85,2,mario.kunasek,57,978,3,2023-12-21 10:12:48,7314988842249915681,,
971,50,gudrunkofler,98,19010,29,2023-12-20 12:20:28,7314650652565654816,,
67,3,maximilian_krauss,55,1320,10,2023-12-19 20:41:51,7314408785466969376,,
83,3,mario.kunasek,37,970,4,2023-12-18 19:19:16,7314016423515295009,,
47,2,manuelkrautgartner,46,489,2,2023-12-18 18:41:55,7314006801769303328,,
90,1,mario.kunasek,57,1175,9,2023-12-18 08:18:49,7313846208215272737,,
67,0,fabiennelackner,12,1283,0,2023-12-17 20:37:15,7313665430541847841,,
47,2,manuelkrautgartner,21,1132,0,2023-12-17 17:34:44,7313618401262341408,,
66,2,manuelkrautgartner,47,756,4,2023-12-16 18:41:17,7313264465103932705,,
69,4,manuelkrautgartner,40,1218,4,2023-12-15 18:47:50,7312895069105720608,,
1497,19,gudrunkofler,19,49094,49,2023-12-15 14:52:29,7312834412477959456,,
55,1,mario.kunasek,21,1178,2,2023-12-15 09:21:22,7312749072446786849,,
137,27,philipkucher,113,7271,66,2023-12-14 11:58:01,7312418361219075360,,
293,9,maximilian_krauss,13,7093,12,2023-12-12 20:57:48,7311815301463674144,,
12,0,mario.kunasek,15,238,0,2023-12-12 11:19:58,7311666366178676001,,
892,105,mario.kunasek,54,19468,98,2023-12-07 10:54:39,7309804428901567777,,
23,1,mario.kunasek,44,557,1,2023-12-06 12:18:44,7309455015624690977,,
49,0,fabiennelackner,7,992,1,2023-12-05 20:16:06,7309206955552296225,,
50,1,philipkucher,45,1428,7,2023-12-05 07:53:39,7309015605292682528,,
271,9,mario.kunasek,54,3919,7,2023-12-04 13:57:01,7308738171091668256,,
28,0,drgudrunkugler,60,1180,1,2023-12-01 17:28:35,7307679450039094560,,
469,15,hafenecker,480,5362,29,2023-12-30 14:50:28,7318400135015173409,,
325,10,hafenecker,444,4399,17,2023-12-28 16:57:27,7317690694041226528,,
246,13,hafenecker,53,2996,25,2023-12-27 20:20:29,7317371940765781280,,
32,0,geistlerluca,133,613,0,2023-12-27 13:49:03,7317271050960620832,,
24,2,geistlerluca,10,1021,3,2023-12-27 11:29:24,7317235062850751776,,
319,11,hafenecker,584,3659,15,2023-12-25 16:46:30,7316574629089381665,,
32,5,gangandreas,19,1440,2,2023-12-23 15:22:20,7315810783605181728,,
335,6,hafenecker,274,4050,12,2023-12-23 14:21:25,7315795081275936032,,
9,4,der.gasser,34,246,0,2023-12-22 16:43:54,7315460716725669152,,
487,11,hafenecker,464,5614,23,2023-12-22 14:16:16,7315422672232500513,,
66,0,diegamon,74,1219,9,2023-12-21 23:05:49,7315188048558378272,,
321,23,hafenecker,467,10359,16,2023-12-21 14:08:30,7315049590615526689,,
477,49,patrickhaslwanter,140,14482,22,2023-12-20 09:35:41,7314608192627936545,,
28,0,eligoetze,132,350,1,2023-12-18 12:23:46,7313909344393760033,,
33,1,lukas_hammer_tugendhat,57,700,2,2023-12-18 11:13:51,7313891316444843296,,
372,40,gangandreas,142,11024,17,2023-12-16 07:09:09,7313086025507605792,,
34,0,lukas_hammer_tugendhat,79,541,2,2023-12-15 15:42:41,7312847353042472225,,
65,2,eligoetze,128,1117,0,2023-12-15 15:35:36,7312845515903765793,,
153,6,patrickhaslwanter,258,2130,7,2023-12-15 09:52:30,7312757056832933153,,
97,4,diegamon,46,3477,15,2023-12-14 19:38:46,7312537098966388000,,
85,1,diegamon,50,3132,101,2023-12-14 13:12:40,7312437598138404128,,
360,10,hafenecker,456,4052,27,2023-12-14 09:48:27,7312384973858671904,,
33,1,lukas_hammer_tugendhat,67,494,5,2023-12-14 07:40:09,7312351897908776225,,
315,5,hafenecker,396,4964,17,2023-12-13 10:43:14,7312028004216032544,,
385,10,hafenecker,46,6271,11,2023-12-12 11:05:26,7311662618693897505,,
43,9,patrickhaslwanter,132,1121,1,2023-12-11 19:05:16,7311415170419395873,,
1247,67,hafenecker,512,23103,148,2023-12-11 13:14:33,7311324823584591137,,
36,0,lukas_hammer_tugendhat,68,483,1,2023-12-09 14:36:18,7310603732641697056,,
37,0,lukas_hammer_tugendhat,53,611,3,2023-12-08 07:55:06,7310129236826803489,,
12,0,lukas_hammer_tugendhat,65,679,1,2023-12-07 19:13:09,7309932909748571424,,
711,47,hafenecker,326,10039,51,2023-12-07 15:40:17,7309878045790227745,,
73,14,patrickhaslwanter,98,1723,3,2023-12-07 10:42:46,7309801359224704289,,
57,0,mariohaas0,54,1345,0,2023-12-06 20:37:17,7309583498363309344,,
327,4,hafenecker,496,4391,17,2023-12-06 07:35:16,7309381961649229088,,
112,2,gangandreas,5,2670,0,2023-12-05 19:17:09,7309191770380733729,,
569,29,patrickhaslwanter,315,8121,34,2023-12-05 16:04:02,7309141960059653408,,
741,21,hafenecker,387,11206,26,2023-12-04 16:48:15,7308782307618376993,,
1029,42,hafenecker,54,20508,63,2023-12-01 12:37:30,7307604432299117856,,
239,22,andibabler,65,6274,17,2023-12-24 17:08:05,7316209122863598880,,
66,1,cbitschi,34,1404,0,2023-12-23 19:06:48,7315868628828704032,,
37,0,stephanauerstueger,135,927,2,2023-12-22 10:32:16,7315364920843980065,,
32,1,cbitschi,9,894,1,2023-12-15 20:34:16,7312922500365552928,,
2171,592,helmut.brandstaetter,63,86944,4,2023-12-15 18:34:06,7312891522901396768,,
182,3,andibabler,27,3539,31,2023-12-15 15:14:23,7312840057302322464,,
169,2,andibabler,21,4105,18,2023-12-14 15:21:23,7312470762290531617,,
102,3,andibabler,30,3189,29,2023-12-14 08:42:43,7312368024755932448,,
388,26,markusabwerzger,98,6148,18,2023-12-14 05:39:07,7312320686532480288,,
36,2,joachimaigner27,18,550,0,2023-12-13 17:52:35,7312138650689506593,,
218,4,joachimaigner27,16,10511,11,2023-12-12 17:55:56,7311768439243230497,,
105,2,cbitschi,14,1551,0,2023-12-12 09:12:03,7311633400912153889,,
43,2,joachimaigner27,18,979,2,2023-12-11 17:59:58,7311398387792760096,,
406,22,markusabwerzger,99,6966,10,2023-12-11 15:56:30,7311366562680786209,,
32,2,helmut.brandstaetter,60,990,0,2023-12-10 10:36:38,7310913001241005344,,
497,114,joachimaigner27,50,7802,24,2023-12-09 20:15:27,7310691132093107489,,
31,3,reinhold_binder,86,1267,0,2023-12-08 21:36:27,7310340917804797217,,
74,4,joachimaigner27,35,592,2,2023-12-08 17:59:54,7310285108773244192,,
17,0,helmut.brandstaetter,7,755,0,2023-12-07 20:43:11,7309956102026775841,,
188,31,joachimaigner27,17,2213,7,2023-12-07 17:30:53,7309906553052613921,,
77,1,andibabler,27,2158,13,2023-12-05 11:59:21,7309078947856174368,,
176,14,erwin_angerer,85,6115,14,2023-12-04 14:35:24,7308748074422127905,,
13,0,katrinauer_steyr,42,408,0,2023-12-03 13:50:24,7308365393167420704,,
16,0,katrinauer_steyr,33,982,0,2023-12-03 13:46:44,7308364443358956832,,
42,1,helmut.brandstaetter,59,1001,1,2023-12-02 07:00:00,7307687181663898913,,
